unix_ts,gaze_timestamp,norm_pos_x,norm_pos_y,confidence,mapped_draw_x,mapped_draw_y,gaze_draw_dist,drawing_index,is_drawing_active
1769356192.826559,2.9175586460000003,0.4496380862067727,0.6374024002640335,1.0,,,,,False
1769356192.830488,2.921487646,0.4507373361026539,0.6375758983470776,1.0,,,,,False
1769356192.838619,2.929618646,0.4506814059089212,0.6370044284396701,1.0,,,,,False
1769356192.842622,2.933621646,0.4505500512964585,0.6369993139196326,1.0,,,,,False
1769356192.846544,2.9375436460000004,0.4505379340227912,0.6369778103298611,1.0,,,,,False
1769356192.85042,2.9414196460000004,0.4508446805617389,0.637111974645544,1.0,,,,,False
1769356192.85849,2.949489646,0.4509795132805319,0.6372457998770255,1.0,,,,,False
1769356192.86259,2.953589646,0.4523519067203297,0.6372646755642362,1.0,,,,,False
1769356192.866417,2.957416646,0.452854689429788,0.6376226919668693,1.0,,,,,False
1769356192.8746421,2.9656416460000004,0.452613353729248,0.6377704761646412,1.0,,,,,False
1769356192.8786411,2.969640646,0.4525479148415958,0.6379894680447049,1.0,,,,,False
1769356192.88503,2.976029646,0.4524356617647059,0.6378741794162326,1.0,,,,,False
1769356192.886379,2.977378646,0.4524453387540929,0.6377613774052373,1.0,,,,,False
1769356192.894385,2.985384646,0.4516800992629107,0.6375182540328415,1.0,,,,,False
1769356192.8983521,2.9893516460000003,0.4516292459824506,0.6370022809063947,1.0,,,,,False
1769356192.9025362,2.993535646,0.4513595524956198,0.6367352803548176,1.0,,,,,False
1769356192.90639,2.997389646,0.4514207278980928,0.6367356476960359,1.0,,,,,False
1769356192.914407,3.0054066460000004,0.4520466187421013,0.6365828337492766,1.0,,,,,False
1769356192.918536,3.009535646,0.4526842061211081,0.6372868573224103,1.0,,,,,False
1769356192.922357,3.013356646,0.4525113105773926,0.6371880142777054,1.0,,,,,False
1769356192.926394,3.0173936460000004,0.4525377890642951,0.6371597855179398,1.0,,,,,False
1769356192.934412,3.025411646,0.4526040133307962,0.6370256494592736,1.0,,,,,False
1769356192.938411,3.029410646,0.4525911387275247,0.6364641260217737,1.0,,,,,False
1769356192.942321,3.0333206460000004,0.4527943274554084,0.636072427255136,1.0,,,,,False
1769356192.946374,3.0373736460000003,0.4533139677608714,0.6361727396647135,1.0,,,,,False
1769356192.954569,3.045568646,0.453809850356158,0.6363033718532987,1.0,,,,,False
1769356192.958384,3.0493836460000003,0.4537527140449075,0.6359832763671875,1.0,,,,,False
1769356192.962608,3.053607646,0.4547355876249425,0.6357152020489728,1.0,,,,,False
1769356192.966397,3.0573966460000004,0.4544723454643698,0.6356681258590133,1.0,,,,,False
1769356192.974389,3.065388646,0.4541774357066435,0.6357217576768663,1.0,,,,,False
1769356192.978568,3.0695676460000003,0.4543040780460133,0.6357859576189959,1.0,,,,,False
1769356192.982407,3.073406646,0.4579367357141831,0.6357956497757523,1.0,,,,,False
1769356192.9865081,3.0775076460000004,0.4577209248262293,0.6358162208839699,1.0,,,,,False
1769356192.994648,3.0856476460000004,0.4578102055717917,0.6356741728606048,1.0,,,,,False
1769356192.998564,3.089563646,0.4576544481165269,0.6358338250054254,1.0,,,,,False
1769356193.002626,3.093625646,0.4574674157535328,0.6358505249023437,1.0,,,,,False
1769356193.006395,3.097394646,0.4574586082907284,0.635410902235243,1.0,,,,,False
1769356193.014597,3.1055966460000004,0.4574370103723862,0.6349338107638889,1.0,,,,,False
1769356193.018663,3.1096626460000003,0.4573263000039493,0.635010019938151,1.0,,,,,False
1769356193.022396,3.1133956460000003,0.4574118221507353,0.6350932368525752,1.0,,,,,False
1769356193.026406,3.1174056460000004,0.4574259589700138,0.6355604666250723,1.0,,,,,False
1769356193.0349371,3.125936646,0.4586403510149787,0.6350461324055989,1.0,,,,,False
1769356193.0385451,3.1295446460000003,0.4585617009331198,0.6352489612720631,1.0,,,,,False
1769356193.042524,3.133523646,0.4584773288053624,0.6344826309769243,1.0,,,,,False
1769356193.04642,3.137419646,0.4584876228781307,0.6346285219545718,1.0,,,,,False
1769356193.054624,3.145623646,0.4607873243444106,0.6350092004846644,1.0,,,,,False
1769356193.0601861,3.151185646,0.4605396214653464,0.6350334167480469,1.0,,,,,False
1769356193.063168,3.1541676460000003,0.4605114319745232,0.6352272598831742,1.0,,,,,False
1769356193.066545,3.1575446460000003,0.4597106260411879,0.6352400885687934,1.0,,,,,False
1769356193.075027,3.166026646,0.4592042810776654,0.6351960923936633,1.0,,,,,False
1769356193.078412,3.1694116460000004,0.4589630014756146,0.6351620426884403,1.0,,,,,False
1769356193.082521,3.173520646,0.4587552687701057,0.6352351153338397,1.0,,,,,False
1769356193.086564,3.1775636460000003,0.458741917329676,0.6356461418999566,1.0,,,,,False
1769356193.094616,3.185615646,0.4585153355317957,0.6354321797688802,1.0,,,,,False
1769356193.098396,3.1893956460000004,0.4578748029821059,0.6355691132722078,1.0,,,,,False
1769356193.1023932,3.1933926460000004,0.4577753684099983,0.635575442843967,1.0,,,,,False
1769356193.1063821,3.197381646,0.4577114161323098,0.6355884975857204,1.0,,,,,False
1769356193.114417,3.205416646,0.457552713506362,0.6370807506419994,1.0,,,,,False
1769356193.118594,3.209593646,0.4568164208356072,0.6387153908058449,1.0,,,,,False
1769356193.122414,3.213413646,0.4552530120400822,0.6390010409884983,1.0,,,,,False
1769356193.126502,3.217501646,0.4543646644143497,0.6393292744954426,1.0,,,,,False
1769356193.134857,3.225856646,0.453862050000359,0.6399459273726852,1.0,,,,,False
1769356193.1384861,3.229485646,0.4531029813429889,0.639585593894676,1.0,,,,,False
1769356193.142417,3.233416646,0.4531163047341739,0.6396862171314381,1.0,,,,,False
1769356193.146384,3.237383646,0.4524816905750948,0.640273595739294,1.0,,,,,False
1769356193.154352,3.245351646,0.4521860795862534,0.6401553401240596,1.0,,,,,False
1769356193.158382,3.249381646,0.452126194449032,0.6402239199037905,1.0,,,,,False
1769356193.162408,3.2534076460000003,0.4515370200662052,0.6402298256202981,1.0,,,,,False
1769356193.166526,3.2575256460000004,0.4509891061221852,0.6405150519476996,1.0,,,,,False
1769356193.1744041,3.265403646,0.4510712062611299,0.6408598158094618,1.0,,,,,False
1769356193.178366,3.269365646,0.4509687423706054,0.6409869158709491,1.0,,,,,False
1769356193.182353,3.273352646,0.4498519055983599,0.6409895437735098,1.0,,,,,False
1769356193.186376,3.2773756460000003,0.4470644558177274,0.6411180566858362,1.0,,,,,False
1769356193.194401,3.2854006460000003,0.4474013552946203,0.6404636524341725,1.0,,,,,False
1769356193.198347,3.2893466460000003,0.4480762201197007,0.6407170331036602,1.0,,,,,False
1769356193.202338,3.2933376460000003,0.4474121542537914,0.6408289026331018,1.0,,,,,False
1769356193.206505,3.297504646,0.4476140527164234,0.6412300109863281,1.0,,,,,False
1769356193.216187,3.3071866460000003,0.4479306725894703,0.6406073676215278,1.0,,,,,False
1769356193.219052,3.310051646,0.4478073400609633,0.6405682316532841,1.0,,,,,False
1769356193.222495,3.313494646,0.4475406478433048,0.6403396323875145,1.0,,,,,False
1769356193.226394,3.317393646,0.4475196950575885,0.6402931213378906,1.0,,,,,False
1769356193.2343981,3.3253976460000003,0.4479333092184627,0.6404149090802228,1.0,,,,,False
1769356193.238603,3.329602646,0.4472669713637408,0.6397693775318287,1.0,,,,,False
1769356193.242584,3.333583646,0.447275862974279,0.6399698328088831,1.0,,,,,False
1769356193.246377,3.337376646,0.4473977088928222,0.640202162000868,1.0,,,,,False
1769356193.254546,3.345545646,0.4470224100000718,0.6400862517180266,1.0,,,,,False
1769356193.2583861,3.349385646,0.447094019721536,0.6401296262387877,1.0,,,,,False
1769356193.262406,3.353405646,0.447052142199348,0.64007893315068,1.0,,,,,False
1769356193.266387,3.357386646,0.4471680136287914,0.6401533056188513,1.0,,,,,False
1769356193.27554,3.366539646,0.447398494271671,0.6397333498354312,1.0,,,,,False
1769356193.278486,3.369485646,0.4479015855228199,0.6397648846661603,1.0,,,,,False
1769356193.282517,3.373516646,0.4483771885142606,0.6400309527361834,1.0,,,,,False
1769356193.286473,3.377472646,0.4484973234288832,0.6395206027560764,1.0,,,,,False
1769356193.2944021,3.385401646,0.448452444637523,0.6388562237774884,1.0,,,,,False
1769356193.2983902,3.389389646,0.448515162748449,0.6387356793438947,1.0,,,,,False
1769356193.302388,3.3933876460000003,0.4483483538908117,0.6386585942021124,1.0,,,,,False
1769356193.306375,3.3973746460000003,0.4478030204772949,0.6381814744737413,1.0,,,,,False
1769356193.314414,3.4054136460000004,0.4477111311519847,0.6375504670319734,1.0,,,,,False
1769356193.3183901,3.409389646,0.4461246378281537,0.6370905840838397,1.0,,,,,False
1769356193.322393,3.413392646,0.4420923345229205,0.6369655185275608,1.0,,,,,False
1769356193.326498,3.417497646,0.4403945978950052,0.6364535013834636,1.0,,,,,False
1769356193.334398,3.4253976460000004,0.4380019131828757,0.6340069523564091,1.0,,,,,False
1769356193.3384001,3.429399646,0.4380981781903435,0.6337687457049335,1.0,,,,,False
1769356193.3425741,3.433573646,0.4383382236256319,0.6337493613914207,1.0,,,,,False
1769356193.346378,3.4373776460000003,0.4388053557452033,0.6335037231445313,1.0,,,,,False
1769356193.354389,3.445388646,0.4388907376457663,0.6332945647063078,1.0,,,,,False
1769356193.358401,3.4494006460000004,0.4392932723550236,0.6334504021538628,1.0,,,,,False
1769356193.362384,3.4533836460000003,0.4395774673013126,0.6337203131781683,1.0,,,,,False
1769356193.3664901,3.4574896460000004,0.439909486209645,0.633963860405816,1.0,,,,,False
1769356193.3747141,3.465713646,0.440038709079518,0.6341114468044705,1.0,,,,,False
1769356193.378678,3.469677646,0.4402625701006721,0.6343951189959491,1.0,,,,,False
1769356193.382412,3.473411646,0.4404881140765022,0.6340797989456741,1.0,,,,,False
1769356193.38639,3.477389646,0.4412444619571461,0.6339944344979745,1.0,,,,,False
1769356193.3943942,3.4853936460000003,0.4416009117575252,0.6338262487340857,1.0,,,,,False
1769356193.398405,3.489404646,0.4417674681719611,0.6337861520272714,1.0,,,,,False
1769356193.402365,3.4933646460000003,0.4419743594001321,0.6334889164677373,1.0,,,,,False
1769356193.406723,3.497722646,0.4430340879103717,0.6331244857222946,1.0,,,,,False
1769356193.4144092,3.505408646,0.4432500951430377,0.6324859054000289,1.0,,,,,False
1769356193.418404,3.5094036460000004,0.4434559485491584,0.6324808191370082,1.0,,,,,False
1769356193.42246,3.5134596460000003,0.4435271936304429,0.6318335639105903,1.0,,,,,False
1769356193.426377,3.517376646,0.443843589109533,0.6302332560221354,1.0,,,,,False
1769356193.43449,3.525489646,0.4464744680068072,0.6294624328613281,1.0,,,,,False
1769356193.438354,3.529353646,0.4462355164920582,0.6284501252350984,1.0,,,,,False
1769356193.442388,3.5333876460000004,0.446619426502901,0.627421287254051,1.0,,,,,False
1769356193.446418,3.537417646,0.4472259914173799,0.6265300892017506,1.0,,,,,False
1769356193.45442,3.545419646,0.4470397444332347,0.6235384340639467,1.0,,,,,False
1769356193.458409,3.5494086460000003,0.4468532450058881,0.6229838618525751,1.0,,,,,False
1769356193.4626172,3.553616646,0.4474119298598346,0.6229154516149451,1.0,,,,,False
1769356193.46642,3.557419646,0.4471907054676729,0.621828121609158,1.0,,,,,False
1769356193.474397,3.5653966460000004,0.4471029674305635,0.6195644237377025,1.0,,,,,False
1769356193.478401,3.569400646,0.4471149164087632,0.617563968234592,1.0,,,,,False
1769356193.482351,3.573350646,0.4470103207756491,0.6171736823187934,1.0,,,,,False
1769356193.486671,3.577670646,0.4469792983111213,0.6170943931297019,1.0,,,,,False
1769356193.49464,3.585639646,0.4478044509887695,0.6169286092122396,1.0,,,,,False
1769356193.498362,3.5893616460000004,0.4478144645690918,0.6167245370370371,1.0,,,,,False
1769356193.502347,3.593346646,0.4477872007033404,0.6166803995768229,1.0,,,,,False
1769356193.5064042,3.597403646,0.4482602231642779,0.6166838469328704,1.0,,,,,False
1769356193.514414,3.605413646,0.4457045162425321,0.6168329026963976,1.0,,,,,False
1769356193.518496,3.609495646,0.4472428490133846,0.6168161462854456,1.0,,,,,False
1769356193.522356,3.613355646,0.4475286427666159,0.6172330503110532,1.0,,,,,False
1769356193.526483,3.617482646,0.4477844799266142,0.6175649854871962,1.0,,,,,False
1769356193.534421,3.625420646,0.4493014391730813,0.6164961073133681,1.0,,,,,False
1769356193.538387,3.629386646,0.4493131357080796,0.6166621455439815,1.0,,,,,False
1769356193.5423791,3.633378646,0.4492754655725816,0.6169748659487124,1.0,,,,,False
1769356193.546389,3.637388646,0.4497605772579418,0.6170161211932147,1.0,,,,,False
1769356193.554389,3.645388646,0.4502917177536908,0.6174671031810619,1.0,,,,,False
1769356193.558644,3.649643646,0.4512231770683737,0.6169328760217737,1.0,,,,,False
1769356193.562509,3.653508646,0.4512933562783634,0.6170818187572338,1.0,,,,,False
1769356193.566412,3.657411646,0.4530220031738281,0.6174360769766348,1.0,,,,,False
1769356193.574568,3.665567646,0.4587994463303509,0.6176812913682725,1.0,,,,,False
1769356193.578411,3.669410646,0.461487517637365,0.617950185139974,1.0,,,,,False
1769356193.582809,3.673808646,0.4631140933317296,0.6182576214825666,1.0,,,,,False
1769356193.587729,3.678728646,0.4637491562787224,0.6185696919759114,1.0,,,,,False
1769356193.594397,3.685396646,0.4640657200532801,0.6191801565664785,1.0,,,,,False
1769356193.598367,3.689366646,0.4639649391174316,0.6193442450629341,1.0,,,,,False
1769356193.60239,3.693389646,0.4636862979215734,0.619164897777416,1.0,,,,,False
1769356193.610486,3.701485646,0.4661136795492733,0.6195235358344184,1.0,,,,,False
1769356193.614496,3.705495646,0.4661532289841595,0.6196950841833044,1.0,,,,,False
1769356193.618516,3.709515646,0.4668034946217256,0.6198342499909577,1.0,,,,,False
1769356193.622373,3.713372646,0.4679900618160472,0.619947984483507,1.0,,,,,False
1769356193.630394,3.721393646,0.4674323025871725,0.6202507866753473,1.0,,,,,False
1769356193.634509,3.725508646,0.4673283520866843,0.6209578902633102,1.0,,,,,False
1769356193.6384912,3.729490646,0.4671635908239028,0.6212364761917679,1.0,,,,,False
1769356193.642501,3.733500646,0.4665081080268411,0.6213370994285301,1.0,,,,,False
1769356193.650417,3.741416646,0.4667448717005112,0.6214877940990307,1.0,,,,,False
1769356193.654395,3.745394646,0.4663369515362908,0.6214238202130353,1.0,,,,,False
1769356193.658543,3.749542646,0.4661386433769675,0.6216840673376013,1.0,,,,,False
1769356193.662394,3.753393646,0.465977107777315,0.6222997312192564,1.0,,,,,False
1769356193.670396,3.761395646,0.4653330971212948,0.6230715716326678,1.0,,,,,False
1769356193.6744092,3.765408646,0.4653905139249913,0.6231145222981771,1.0,,,,,False
1769356193.678643,3.769642646,0.4649942622465245,0.6233358877676505,1.0,,,,,False
1769356193.682419,3.773418646,0.4646956219392664,0.6235429269296151,1.0,,,,,False
1769356193.690681,3.781680646,0.4635792900534237,0.6235403837981047,1.0,,,,,False
1769356193.694349,3.785348646,0.4636286286746754,0.6235310872395834,1.0,,,,,False
1769356193.698421,3.789420646,0.4635818425346823,0.6234952573423033,1.0,,,,,False
1769356193.702372,3.793371646,0.4633815148297478,0.6233625623914931,1.0,,,,,False
1769356193.710392,3.801391646,0.4612815520342658,0.6246677257396557,1.0,,,,,False
1769356193.71438,3.805379646,0.4611582475550034,0.6242418359827112,1.0,,,,,False
1769356193.7183762,3.809375646,0.4617915433995864,0.6241794444896557,1.0,,,,,False
1769356193.722402,3.813401646,0.4637307279250201,0.6246425769947193,1.0,,,,,False
1769356193.730407,3.821406646,0.4644689559936523,0.623393221254702,1.0,,,,,False
1769356193.734349,3.825348646,0.4649536188910989,0.6234351829246239,1.0,,,,,False
1769356193.738677,3.829676646,0.4661215052885167,0.6235766658076534,1.0,,,,,False
1769356193.742387,3.833386646,0.4696189094992244,0.6235550491898147,1.0,,,,,False
1769356193.7506301,3.841629646,0.4692953053642721,0.6232705575448496,1.0,,,,,False
1769356193.754517,3.845516646,0.4689400616814108,0.623312067102503,1.0,,,,,False
1769356193.758395,3.849394646,0.4706572364358341,0.6232736658166955,1.0,,,,,False
1769356193.7625551,3.853554646,0.4701365583083209,0.6231183369954427,1.0,,,,,False
1769356193.770394,3.861393646,0.4713539235732135,0.6226929276077835,1.0,,,,,False
1769356193.774388,3.865387646,0.4708715326645795,0.6223755447952836,1.0,,,,,False
1769356193.778373,3.869372646,0.4705772399902344,0.6221074139630354,1.0,,,,,False
1769356193.782393,3.873392646,0.4703163539662081,0.6215703611020689,1.0,,,,,False
1769356193.790378,3.881377646,0.4695825015797334,0.6212973983199508,1.0,,,,,False
1769356193.794384,3.885383646,0.4693761152379653,0.6213556642885562,1.0,,,,,False
1769356193.7983391,3.889338646,0.469091583700741,0.6211558589228877,1.0,,,,,False
1769356193.802551,3.893550646,0.468780657824348,0.6212085017451534,1.0,,,,,False
1769356193.810408,3.901407646000001,0.46832836375517,0.6213368168583623,1.0,,,,,False
1769356193.814717,3.905716646,0.4684156810536104,0.6211286474157263,1.0,,,,,False
1769356193.8183541,3.909353646000001,0.4682217485764447,0.6211193226001881,1.0,,,,,False
1769356193.822542,3.913541646,0.467998139998492,0.6201967027452258,1.0,,,,,False
1769356193.8303711,3.921370646,0.4670494864968693,0.6193040353280527,1.0,,,,,False
1769356193.834732,3.925731646000001,0.4669361114501953,0.6193502920645255,1.0,,,,,False
1769356193.838325,3.929324646,0.4669272759381462,0.6194301463939526,1.0,,,,,False
1769356193.842406,3.933405646,0.4668154716491699,0.6192219769513165,1.0,,,,,False
1769356193.853795,3.944794646,0.4664888381958008,0.61944580078125,1.0,,,,,False
1769356193.854387,3.945386646,0.4666014278636259,0.619432293927228,1.0,,,,,False
1769356193.85911,3.950109646,0.4666186500998104,0.6194073147243924,1.0,,,,,False
1769356193.862348,3.953347646,0.4665819616878734,0.6193137557418258,1.0,,,,,False
1769356193.870378,3.961377646,0.4663733594557818,0.6189921061197916,1.0,,,,,False
1769356193.874393,3.965392646,0.4663382698507869,0.6190301683213976,1.0,,,,,False
1769356193.8787,3.969699646,0.4667880394879509,0.6190790529604311,1.0,,,,,False
1769356193.8823571,3.973356646,0.4669275564305922,0.6190403973614729,1.0,,,,,False
1769356193.8905602,3.981559646000001,0.4668074776144588,0.619145683006004,1.0,,,,,False
1769356193.894499,3.985498646,0.4670502157772289,0.6191503171567564,1.0,,,,,False
1769356193.898359,3.989358646,0.467311326195212,0.6192114653410735,1.0,,,,,False
1769356193.902393,3.993392646,0.4677060351652257,0.6192736872920284,1.0,,,,,False
1769356193.910376,4.0013756460000005,0.4674693556392894,0.6183486938476562,1.0,,,,,False
1769356193.9147081,4.005707646,0.4675309237311868,0.6184311760796442,1.0,,,,,False
1769356193.91851,4.009509646000001,0.4674629043130314,0.6186802899395978,1.0,,,,,False
1769356193.922389,4.013388646,0.4673155055326574,0.6187508759675202,1.0,,,,,False
1769356193.930573,4.021572646,0.4672321712269502,0.618944153962312,1.0,,,,,False
1769356193.934356,4.025355646,0.4674859888413373,0.6189789100929544,1.0,,,,,False
1769356193.938393,4.029392646000001,0.4670306374044979,0.6188407332808883,1.0,,,,,False
1769356193.942697,4.033696646,0.4669484531178194,0.6189057809335214,1.0,,,,,False
1769356193.950383,4.041382646000001,0.4675398433909696,0.6189735695167824,1.0,,,,,False
1769356193.954543,4.045542646,0.4678728720721076,0.6191442418981481,1.0,,,,,False
1769356193.958527,4.049526646,0.4660323647891773,0.6195607785825377,1.0,,,,,False
1769356193.962403,4.053402646,0.4659951153923483,0.6195825082284433,1.0,,,,,False
1769356193.9704,4.061399646,0.4644216369180118,0.6197800812897859,1.0,,,,,False
1769356193.974594,4.065593646,0.4614830017089844,0.6196886698404949,1.0,,,,,False
1769356193.978382,4.069381646,0.4609127605662626,0.6204807140209057,1.0,,,,,False
1769356193.982415,4.073414646000001,0.4571958429673138,0.6205084058973525,1.0,,,,,False
1769356193.990384,4.081383646,0.451881633085363,0.6215425844545718,1.0,,,,,False
1769356193.994405,4.085404646000001,0.4515461080214556,0.6217871771918403,1.0,,,,,False
1769356193.998625,4.089624646,0.4512270478641285,0.6218107718008536,1.0,,,,,False
1769356194.0026011,4.0936006460000005,0.4509006668539608,0.6218851442690249,1.0,,,,,False
1769356194.010422,4.101421646,0.4516478145823759,0.6219666657624421,1.0,,,,,False
1769356194.015163,4.1061626460000005,0.4517748215619255,0.6217824865270545,1.0,,,,,False
1769356194.018418,4.109417646,0.4508403048795812,0.6218535529242621,1.0,,,,,False
1769356194.022524,4.113523646,0.4506764131433823,0.622191224274812,1.0,,,,,False
1769356194.0305011,4.121500646,0.4501786792979521,0.6226644162778501,1.0,,,,,False
1769356194.03453,4.125529646,0.450269530801212,0.6226599799262154,1.0,,,,,False
1769356194.038557,4.129556646,0.4504609668956083,0.622831302218967,1.0,,,,,False
1769356194.042404,4.1334036460000005,0.4503793155445772,0.6239900942201968,1.0,,,,,False
1769356194.050364,4.141363646,0.4509419553420123,0.6240511576334635,1.0,,,,,False
1769356194.054384,4.145383646,0.4511848898494945,0.6241366916232639,1.0,,,,,False
1769356194.058382,4.149381646,0.4514405867632697,0.6243314107259115,1.0,,,,,False
1769356194.062403,4.153402646,0.4512545361238367,0.625061430754485,1.0,,,,,False
1769356194.070338,4.161337646000001,0.4517724654253791,0.625205965395327,1.0,,,,,False
1769356194.074407,4.165406646,0.4519000894883099,0.62517985591182,1.0,,,,,False
1769356194.078408,4.169407646000001,0.4520056948942296,0.6254309477629485,1.0,,,,,False
1769356194.08238,4.173379646,0.4520516115076401,0.6256199024341724,1.0,,,,,False
1769356194.090403,4.181402646,0.4522847848780015,0.6262077048972801,1.0,,,,,False
1769356194.094916,4.185915646000001,0.4522636637968175,0.6264627809877749,1.0,,,,,False
1769356194.0984051,4.189404646,0.4522528367884019,0.6267636051884404,1.0,,,,,False
1769356194.102401,4.193400646000001,0.452090067021987,0.6270344769513165,1.0,,,,,False
1769356194.110501,4.201500646,0.4521910443025477,0.6289653071650751,1.0,,,,,False
1769356194.1145442,4.205543646000001,0.4518594180836397,0.62896403559932,1.0,,,,,False
1769356194.118524,4.209523646,0.4519781224867877,0.6288952297634549,1.0,,,,,False
1769356194.12235,4.213349646,0.4519983459921444,0.6288486339427807,1.0,,,,,False
1769356194.130399,4.221398646,0.4519496525035185,0.6286171242042824,1.0,,,,,False
1769356194.134636,4.225635646000001,0.4520680764142205,0.6284943474663629,1.0,,,,,False
1769356194.138359,4.2293586460000006,0.4516490487491383,0.6288775691279658,1.0,,,,,False
1769356194.142415,4.233414646,0.4517928011277142,0.6291264286747685,1.0,,,,,False
1769356194.150419,4.2414186460000005,0.4503900864545037,0.6288922345196759,1.0,,,,,False
1769356194.154484,4.245483646,0.4501734621384564,0.6288451018156829,1.0,,,,,False
1769356194.1583622,4.2493616460000005,0.5260610580444336,0.6169358430085359,1.0,,,,,False
1769356194.162388,4.253387646,0.5200190824620864,0.6193553218135127,1.0,,,,,False
1769356194.170406,4.261405646,0.511047924266142,0.622102779812283,1.0,,,,,False
1769356194.1745281,4.265527646000001,0.5062079710118911,0.624572103994864,1.0,,,,,False
1769356194.1783721,4.269371646000001,0.4968354842242072,0.6257292570891204,1.0,,,,,False
1769356194.182547,4.273546646000001,0.4942325143253102,0.6261320891203703,1.0,,,,,False
1769356194.190541,4.281540646,0.4869627672083237,0.6285991527416088,1.0,,,,,False
1769356194.194696,4.285695646000001,0.4856096716488109,0.6290187976978443,1.0,,,,,False
1769356194.198513,4.289512646,0.481938362121582,0.6296503420229311,1.0,,,,,False
1769356194.2023501,4.293349646,0.4792971330530503,0.6305336846245659,1.0,,,,,False
1769356194.210576,4.301575646,0.474895252900965,0.6309427897135417,1.0,,,,,False
1769356194.2149541,4.305953646,0.4712288239422966,0.6315048782913772,1.0,,,,,False
1769356194.218358,4.3093576460000005,0.4691675971536075,0.6314037181712964,1.0,,,,,False
1769356194.222415,4.313414646,0.4642977434046128,0.6307478162977431,1.0,,,,,False
1769356194.230387,4.3213866460000006,0.4626103288987103,0.619749026828342,1.0,,,,,False
1769356194.234546,4.325545646,0.4625142041374655,0.6027880915889033,1.0,,,,,False
1769356194.238411,4.329410646,0.4655263003181009,0.5737598843044704,1.0,,,,,False
1769356194.242409,4.3334086460000005,0.4802758272956399,0.5317355403193721,1.0,,,,,False
1769356194.250396,4.3413956460000005,0.5007971595315373,0.4836180510344329,1.0,,,,,False
1769356194.254474,4.345473646,0.5080424477072323,0.4457540441442419,1.0,,,,,False
1769356194.258392,4.349391646,0.5157494825475356,0.4020686396846065,1.0,,,,,False
1769356194.262408,4.353407646,0.522063367507037,0.3603510538736979,1.0,,,,,False
1769356194.270386,4.361385646,0.5280230466057273,0.3144536336263021,1.0,,,,,False
1769356194.274499,4.365498646000001,0.5369139839621151,0.2918176156503183,1.0,,,,,False
1769356194.278366,4.369365646,0.5400272257187787,0.2624296400282118,1.0,,,,,False
1769356194.282394,4.373393646,0.5498081656063304,0.2471410680700231,1.0,,,,,False
1769356194.290394,4.381393646,0.5562983681173885,0.2215062459309895,1.0,,,,,False
1769356194.294372,4.385371646,0.5615818360272575,0.2100441261574074,1.0,,,,,False
1769356194.298502,4.389501646,0.5577665777767405,0.2003649111147279,1.0,,,,,False
1769356194.302395,4.393394646,0.5614578583661247,0.2035576149269387,1.0,,,,,False
1769356194.3103561,4.401355646,0.5607625736909754,0.2094353569878472,1.0,,,,,False
1769356194.314388,4.405387646,0.5610482832964729,0.2098710801866319,1.0,,,,,False
1769356194.3185291,4.409528646,0.5592274946324965,0.2084930419921875,1.0,,,,,False
1769356194.322537,4.413536646,0.5559746237362132,0.2112045288085937,1.0,,,,,False
1769356194.330514,4.421513646,0.5542538025799919,0.2136502301251447,1.0,,,,,False
1769356194.334846,4.425845646,0.5567191628848805,0.2185658772786458,1.0,,,,,False
1769356194.338412,4.429411646,0.5578783820657169,0.2224186084888599,1.0,,,,,False
1769356194.34237,4.433369646,0.5602914585786707,0.2267943770797164,1.0,,,,,False
1769356194.350375,4.441374646,0.5554259805118337,0.2291048968279803,1.0,,,,,False
1769356194.3548,4.445799646,0.5586173674639534,0.2353517320421007,1.0,,,,,False
1769356194.358573,4.449572646,0.5564355289234835,0.2397568879304108,1.0,,,,,False
1769356194.362402,4.4534016460000005,0.5565492405610926,0.2367669564706308,1.0,,,,,False
1769356194.370395,4.4613946460000005,0.5524686925551471,0.2387462474681713,1.0,,,,,False
1769356194.374408,4.465407646,0.5508326923145968,0.2425892582646123,1.0,,,,,False
1769356194.378401,4.469400646,0.5518520018633675,0.2450533831561053,1.0,,,,,False
1769356194.386416,4.477415646,0.5523778130026424,0.2513953314887153,1.0,,,,,False
1769356194.3903491,4.481348646000001,0.5511000016156364,0.2473882604528356,1.0,,,,,False
1769356194.394512,4.485511646,0.5500548867618337,0.246539815266927,1.0,,,,,False
1769356194.398408,4.489407646,0.5488530888276941,0.2490919325086805,1.0,,,,,False
1769356194.4063911,4.497390646,0.5458678077248966,0.247878180609809,1.0,,,,,False
1769356194.410367,4.501366646,0.5457519643446979,0.2470527931495949,1.0,,,,,False
1769356194.414493,4.505492646,0.5485521765316234,0.2510075321903935,1.0,,,,,False
1769356194.41841,4.509409646,0.5481284085442039,0.2556781344943576,1.0,,,,,False
1769356194.426493,4.517492646,0.5470788619097542,0.2582834314416956,1.0,,,,,False
1769356194.430355,4.521354646000001,0.5468954759485581,0.2638578626844617,1.0,,,,,False
1769356194.434504,4.525503646000001,0.5479076609892004,0.2655032122576678,1.0,,,,,False
1769356194.438396,4.529395646,0.5460012099322151,0.2676800198025173,1.0,,,,,False
1769356194.446352,4.537351646,0.5442513858570772,0.2673463044343172,1.0,,,,,False
1769356194.450601,4.541600646,0.5439287634456859,0.2675361915870949,1.0,,,,,False
1769356194.45452,4.545519646000001,0.5451221466064453,0.263583430537471,1.0,,,,,False
1769356194.458528,4.5495276460000005,0.5511268727919635,0.2608159383138021,1.0,,,,,False
1769356194.4663901,4.557389646,0.5698428995469037,0.2646107426396122,1.0,,,,,False
1769356194.47038,4.561379646000001,0.5871555103975183,0.2591059932002315,1.0,,,,,False
1769356194.47451,4.565509646000001,0.6084754046271829,0.2642367327654803,1.0,,,,,False
1769356194.478534,4.569533646,0.6175762064316693,0.2672856083622685,1.0,,,,,False
1769356194.4864151,4.577414646,0.6318086736342486,0.2644757306134259,1.0,,,,,False
1769356194.490531,4.581530646,0.6362401176901424,0.2696414523654513,1.0,,,,,False
1769356194.494411,4.585410646000001,0.6367728850420784,0.269997321234809,1.0,,,,,False
1769356194.498363,4.5893626460000005,0.6422397389131433,0.2672090883608218,1.0,,,,,False
1769356194.5065022,4.597501646,0.6356893427231732,0.2646061650028934,1.0,,,,,False
1769356194.510657,4.601656646,0.6364284964168773,0.2729856137876157,1.0,,,,,False
1769356194.514396,4.605395646,0.6390320273006663,0.2769000583224826,1.0,,,,,False
1769356194.518419,4.609418646,0.636905221378102,0.2801878187391493,1.0,,,,,False
1769356194.526556,4.6175556460000005,0.6322853424969841,0.284596026385272,1.0,,,,,False
1769356194.530399,4.621398646,0.6293844896204331,0.2860875447591146,1.0,,,,,False
1769356194.534403,4.625402646,0.6269165487850413,0.289842054578993,1.0,,,,,False
1769356194.538631,4.629630646,0.6241042193244485,0.2908988670066551,1.0,,,,,False
1769356194.546399,4.637398646,0.6231922261855182,0.2958262690791378,1.0,,,,,False
1769356194.5503771,4.641376646,0.6184474720674402,0.2968515466760706,1.0,,,,,False
1769356194.554421,4.645420646000001,0.6188884061925551,0.2982272112811053,1.0,,,,,False
1769356194.558415,4.649414646,0.6170344633214614,0.2998214721679687,1.0,,,,,False
1769356194.5664032,4.657402646,0.6127835442038143,0.3004384358723958,1.0,,,,,False
1769356194.570415,4.661414646,0.6117857764748966,0.3005428172923901,1.0,,,,,False
1769356194.574496,4.665495646,0.6126270855174345,0.3003317373770254,1.0,,,,,False
1769356194.5783792,4.669378646,0.6129184610703412,0.3015337343569155,1.0,,,,,False
1769356194.5864031,4.677402646,0.6120614444508272,0.3028401692708333,1.0,,,,,False
1769356194.590387,4.681386646,0.6125390669878792,0.3037386293764468,1.0,,,,,False
1769356194.594562,4.685561646,0.6139947666841394,0.303546651204427,1.0,,,,,False
1769356194.598393,4.689392646,0.6130625219906077,0.3043003223560474,1.0,,,,,False
1769356194.606522,4.697521646,0.6152423409854665,0.3054540563512731,1.0,,,,,False
1769356194.610701,4.701700646,0.615412712097168,0.3059012518988715,1.0,,,,,False
1769356194.614619,4.7056186460000005,0.6150444255155676,0.3062610767505787,1.0,,,,,False
1769356194.618412,4.709411646,0.6160864549524644,0.3065079300491898,1.0,,,,,False
1769356194.6264021,4.717401646,0.6176025727215935,0.3072365654839409,1.0,,,,,False
1769356194.630393,4.721392646,0.6175029418047737,0.3084274291992187,1.0,,,,,False
1769356194.634592,4.725591646000001,0.613854352165671,0.3103811193395543,1.0,,,,,False
1769356194.63853,4.7295296460000005,0.6077073602115407,0.3133786236798321,1.0,,,,,False
1769356194.646404,4.737403646000001,0.563934326171875,0.3217310587565104,1.0,,,,,False
1769356194.650599,4.741598646,0.5271979500265682,0.3218191641348379,1.0,,,,,False
1769356194.6544201,4.745419646,0.4925335715798771,0.3207446063006366,1.0,,,,,False
1769356194.658507,4.749506646,0.4529142379760742,0.3203091656720197,1.0,,,,,False
1769356194.6665711,4.7575706460000005,0.421604829676011,0.3204093650535301,1.0,,,,,False
1769356194.670576,4.761575646000001,0.3969771160798914,0.3206257572880497,1.0,,,,,False
1769356194.674828,4.765827646,0.3849720393910127,0.3205733122649016,1.0,,,,,False
1769356194.678878,4.769877646,0.3644522779128131,0.3168502242476851,1.0,,,,,False
1769356194.686526,4.777525646,0.3380972918342141,0.3111132586443865,1.0,,,,,False
1769356194.6905851,4.781584646000001,0.3235368448145249,0.305254335756655,1.0,,,,,False
1769356194.694559,4.785558646,0.3049333516289206,0.3007377907081886,1.0,,,,,False
1769356194.698389,4.789388646,0.2724370956420898,0.2930078577112268,1.0,,,,,False
1769356194.706402,4.797401646,0.2499538870418773,0.2815924185293692,1.0,,,,,False
1769356194.710421,4.801420646,0.239897559670841,0.277601001880787,1.0,,,,,False
1769356194.7146761,4.805675646,0.2272030465743121,0.2746888337311921,1.0,,,,,False
1769356194.71853,4.8095296460000005,0.2275220506331499,0.2731586032443576,1.0,,,,,False
1769356194.72649,4.817489646,0.2358962788301355,0.272879480432581,1.0,,,,,False
1769356194.730525,4.821524646,0.2388484057258157,0.2758653428819444,1.0,,,,,False
1769356194.734658,4.825657646000001,0.240363177131204,0.2789224130135995,1.0,,,,,False
1769356194.738349,4.829348646000001,0.2338331306681913,0.2808309484411169,1.0,,,,,False
1769356194.7463741,4.8373736460000005,0.2373176462510053,0.283354808666088,1.0,,,,,False
1769356194.750396,4.8413956460000005,0.2442126274108886,0.2850159821686922,1.0,,,,,False
1769356194.7545311,4.845530646,0.2475682426901424,0.2861419677734375,1.0,,,,,False
1769356194.758526,4.849525646,0.2529189726885627,0.2875730726453993,1.0,,,,,False
1769356194.767,4.857999646000001,0.2568182103774127,0.2891317862051504,1.0,,,,,False
1769356194.770375,4.861374646000001,0.2628132315242992,0.2898479885525173,1.0,,,,,False
1769356194.774555,4.8655546460000005,0.265476058511173,0.2907527217158565,1.0,,,,,False
1769356194.778596,4.8695956460000005,0.2711484572466682,0.2944876211660879,1.0,,,,,False
1769356194.786338,4.877337646,0.2742463560665355,0.2973158659758391,1.0,,,,,False
1769356194.790386,4.881385646,0.2825220332426183,0.2987948947482639,1.0,,,,,False
1769356194.794531,4.885530646,0.2845904125886805,0.2990251894350405,1.0,,,,,False
1769356194.7984,4.889399646,0.2853224978727453,0.3018366495768229,1.0,,,,,False
1769356194.806413,4.897412646,0.2879168286043055,0.3021683869538484,1.0,,,,,False
1769356194.810412,4.901411646000001,0.2908950412974638,0.3022440592447917,1.0,,,,,False
1769356194.814543,4.905542646000001,0.2954538850223316,0.302219871238426,1.0,,,,,False
1769356194.818394,4.909393646000001,0.2966171993928797,0.3025012546115451,1.0,,,,,False
1769356194.826363,4.917362646,0.3032132317038143,0.3032132184063947,1.0,,,,,False
1769356194.830413,4.921412646,0.3052031012142406,0.3035909582067418,1.0,,,,,False
1769356194.834924,4.925923646,0.3073915874256807,0.3039266515661168,1.0,,,,,False
1769356194.8384202,4.929419646,0.3066987710840562,0.3036036173502604,1.0,,,,,False
1769356194.846638,4.937637646000001,0.3086927918826832,0.3074220445421006,1.0,,,,,False
1769356194.8504171,4.941416646,0.3084913983064539,0.3101418954354745,1.0,,,,,False
1769356194.8545501,4.945549646,0.306892198674819,0.31538006817853,1.0,,,,,False
1769356194.8583891,4.949388646,0.3072853368871352,0.3305635805483218,1.0,,,,,False
1769356194.866364,4.957363646,0.3089403545155245,0.346167896412037,1.0,,,,,False
1769356194.870387,4.961386646,0.3121327512404498,0.3500703034577546,1.0,,,,,False
1769356194.8744931,4.965492646,0.3175613459418802,0.3552906177662037,1.0,,,,,False
1769356194.878349,4.969348646,0.3193560207591337,0.3578322799117477,1.0,,,,,False
1769356194.886421,4.977420646000001,0.3211854766396915,0.3567202532732928,1.0,,,,,False
1769356194.890407,4.981406646,0.3206661729251637,0.3574422200520833,1.0,,,,,False
1769356194.894555,4.985554646000001,0.3216352462768554,0.356032477484809,1.0,,,,,False
1769356194.898385,4.989384646,0.3233567967134363,0.3600519250940394,1.0,,,,,False
1769356194.9063811,4.997380646,0.3236320719999425,0.3603413899739583,1.0,,,,,False
1769356194.9103332,5.001332646000001,0.3258610613205853,0.3593062224211516,1.0,,,,,False
1769356194.9144201,5.005419646,0.3240713792688706,0.3603758070203993,1.0,,,,,False
1769356194.9184191,5.009418646,0.3263465656953699,0.3597817314995659,1.0,,,,,False
1769356194.9263551,5.017354646,0.3244196667390711,0.3607465955946181,1.0,,,,,False
1769356194.930496,5.021495646,0.3246838345247156,0.3594893844039352,1.0,,,,,False
1769356194.9346461,5.025645646,0.3243808465845444,0.3592749701605903,1.0,,,,,False
1769356194.938626,5.029625646,0.3256944768569049,0.3593301843713831,1.0,,,,,False
1769356194.946382,5.037381646,0.3257596072028665,0.3614647194191261,1.0,,,,,False
1769356194.950378,5.041377646,0.3272056018604952,0.3616960313585069,1.0,,,,,False
1769356194.9544091,5.045408646,0.3280389449175666,0.3636665061668113,1.0,,,,,False
1769356194.958559,5.049558646,0.3272962850682875,0.3632326479311343,1.0,,,,,False
1769356194.966556,5.057555646,0.3286505586960736,0.3630663836443866,1.0,,,,,False
1769356194.970539,5.061538646000001,0.329010991489186,0.3615541811342593,1.0,,,,,False
1769356194.977941,5.068940646000001,0.3283109384424546,0.3624884146231192,1.0,,,,,False
1769356194.97876,5.0697596460000005,0.3285657377804027,0.3620841132269965,1.0,,,,,False
1769356194.986506,5.0775056460000005,0.3303546625025132,0.3576887907805266,1.0,,,,,False
1769356194.990575,5.081574646,0.3305848626529469,0.3563901548032407,1.0,,,,,False
1769356194.994386,5.085385646000001,0.3305790564593147,0.3549641361942998,1.0,,,,,False
1769356194.998359,5.089358646,0.3304200733409208,0.3540909943757233,1.0,,,,,False
1769356195.006393,5.097392646,0.3312316501841825,0.3534951669198495,1.0,,,,,False
1769356195.010392,5.101391646000001,0.3308114164015826,0.3528868498625579,1.0,,,,,False
1769356195.014688,5.105687646000001,0.3311038017272949,0.353162920916522,1.0,,,,,False
1769356195.018352,5.109351646,0.3317910923677332,0.352934886791088,1.0,,,,,False
1769356195.026384,5.117383646,0.3325639893026912,0.3533187866210937,1.0,,,,,False
1769356195.030417,5.121416646,0.3325488146613626,0.3528684828016493,1.0,,,,,False
1769356195.034899,5.125898646,0.3315262233509737,0.3523460105613426,1.0,,,,,False
1769356195.038358,5.129357646,0.3300104421727797,0.3517145792643229,1.0,,,,,False
1769356195.046397,5.137396646,0.3287315368652344,0.3512695877640336,1.0,,,,,False
1769356195.050414,5.141413646,0.3282819916220272,0.3507842452437789,1.0,,,,,False
1769356195.054649,5.145648646000001,0.3278307914733886,0.3509520919234664,1.0,,,,,False
1769356195.058363,5.149362646,0.3275015494402717,0.3505401046187789,1.0,,,,,False
1769356195.066395,5.157394646,0.32321938346414,0.3498524418583623,1.0,,,,,False
1769356195.070386,5.161385646,0.3232631122364717,0.3509150187174479,1.0,,,,,False
1769356195.0758522,5.1668516460000005,0.3234003291410558,0.350918126989294,1.0,,,,,False
1769356195.080045,5.171044646,0.3236619163961971,0.3508263481987848,1.0,,,,,False
1769356195.0866501,5.177649646,0.3235661282258875,0.3510784007884838,1.0,,,,,False
1769356195.090533,5.181532646,0.3235720466164982,0.3512024490921586,1.0,,,,,False
1769356195.094485,5.185484646,0.3224718149970559,0.3510909469039351,1.0,,,,,False
1769356195.098421,5.189420646,0.3217234050526338,0.3514491328486689,1.0,,,,,False
1769356195.106421,5.197420646,0.3173445252811207,0.3508086593062789,1.0,,,,,False
1769356195.1105251,5.201524646,0.3167272455552045,0.3505606757269965,1.0,,,,,False
1769356195.114576,5.205575646000001,0.3162124577690573,0.3512127911603009,1.0,,,,,False
1769356195.118588,5.209587646,0.3155074961045209,0.3513415301287615,1.0,,,,,False
1769356195.126415,5.217414646,0.315495350781609,0.3530860053168403,1.0,,,,,False
1769356195.130412,5.221411646,0.3123543402727912,0.352784107349537,1.0,,,,,False
1769356195.136086,5.227085646,0.3096170986399931,0.3524032027633101,1.0,,,,,False
1769356195.13858,5.229579646,0.3096729166367474,0.3522238272207755,1.0,,,,,False
1769356195.146419,5.237418646,0.3062226632062126,0.3521132857711226,1.0,,,,,False
1769356195.150408,5.241407646000001,0.3060177354251637,0.35189208984375,1.0,,,,,False
1769356195.154364,5.245363646,0.3046752144308651,0.3523762455692998,1.0,,,,,False
1769356195.162419,5.253418646,0.3040185535655302,0.3531811749493634,1.0,,,,,False
1769356195.166402,5.257401646,0.3025270910824046,0.3529290093315972,1.0,,,,,False
1769356195.17038,5.261379646,0.3012431930093204,0.3525291725441262,1.0,,,,,False
1769356195.1746612,5.265660646000001,0.299922129687141,0.3523066202799479,1.0,,,,,False
1769356195.182369,5.273368646000001,0.2970967292785644,0.3542727435076678,1.0,,,,,False
1769356195.186417,5.277416646000001,0.2971637950224035,0.3557649400499132,1.0,,,,,False
1769356195.190401,5.281400646000001,0.2992939388050752,0.355409918891059,1.0,,,,,False
1769356195.194397,5.285396646000001,0.2999508801628561,0.355055914984809,1.0,,,,,False
1769356195.202421,5.293420646,0.3259052669300752,0.3550459685149016,1.0,,,,,False
1769356195.206412,5.2974116460000005,0.3439786854912253,0.3553076284903067,1.0,,,,,False
1769356195.210407,5.301406646,0.3651008325464585,0.3566113507306134,1.0,,,,,False
1769356195.214399,5.305398646,0.3994062648100011,0.3575874611183449,1.0,,,,,False
1769356195.2223861,5.313385646,0.4293723386876723,0.3580925835503472,1.0,,,,,False
1769356195.226535,5.317534646,0.4471525023965275,0.3576574820059317,1.0,,,,,False
1769356195.230389,5.321388646,0.4801287931554457,0.3573727077907986,1.0,,,,,False
1769356195.234417,5.325416646000001,0.5054198433371151,0.3564811989113137,1.0,,,,,False
1769356195.242548,5.333547646,0.5307140911326689,0.3561214305736401,1.0,,,,,False
1769356195.246414,5.337413646,0.5500433304730583,0.3550574973777488,1.0,,,,,False
1769356195.25051,5.341509646,0.5615761700798484,0.354957354510272,1.0,,,,,False
1769356195.254404,5.345403646,0.5755266301772174,0.3578577677408854,1.0,,,,,False
1769356195.262396,5.353395646,0.5822893591488109,0.3633781715675637,1.0,,,,,False
1769356195.266508,5.357507646,0.5958564982694738,0.3634263780381944,1.0,,,,,False
1769356195.2705631,5.361562646,0.6044456257539637,0.3659729569046586,1.0,,,,,False
1769356195.27441,5.365409646000001,0.5864694819730871,0.3711509987160012,1.0,,,,,False
1769356195.282658,5.373657646000001,0.5913409064797794,0.3709482828776042,1.0,,,,,False
1769356195.286408,5.377407646,0.5883985407212201,0.3716001722547742,1.0,,,,,False
1769356195.290652,5.381651646,0.5834694469676298,0.3720666390878183,1.0,,,,,False
1769356195.2945,5.385499646,0.5794251385857078,0.371631368001302,1.0,,,,,False
1769356195.3024,5.393399646000001,0.584858726052677,0.3723249082212094,1.0,,,,,False
1769356195.306397,5.397396646000001,0.5867626526776482,0.3715758712203414,1.0,,,,,False
1769356195.3103971,5.401396646,0.587865436778349,0.3709459092881945,1.0,,,,,False
1769356195.314394,5.405393646,0.5802157906924977,0.3699027167426215,1.0,,,,,False
1769356195.3223531,5.413352646000001,0.5729644999784582,0.3682873761212384,1.0,,,,,False
1769356195.326383,5.417382646,0.567661397597369,0.3681150648328993,1.0,,,,,False
1769356195.33058,5.4215796460000005,0.5649348427267635,0.3685435542353877,1.0,,,,,False
1769356195.334398,5.425397646,0.5605260063620174,0.3681726526331018,1.0,,,,,False
1769356195.34234,5.433339646,0.5571889877319336,0.3676494457103588,1.0,,,,,False
1769356195.346842,5.437841646000001,0.5539328631232766,0.3676078513816551,1.0,,,,,False
1769356195.350517,5.441516646,0.5499997419469497,0.3672514173719617,1.0,,,,,False
1769356195.354403,5.445402646000001,0.5532308466294232,0.3674971969039352,1.0,,,,,False
1769356195.362413,5.453412646,0.5473710228415096,0.3665233470775463,1.0,,,,,False
1769356195.3664021,5.457401646,0.546750405255486,0.3661812676323784,1.0,,,,,False
1769356195.370527,5.461526646,0.5488831015194163,0.3661771986219618,1.0,,,,,False
1769356195.374368,5.465367646000001,0.5472398645737592,0.3659835250289351,1.0,,,,,False
1769356195.382525,5.473524646,0.5441110835355871,0.3660310533311631,1.0,,,,,False
1769356195.386405,5.477404646,0.5445951013004079,0.3660497029622396,1.0,,,,,False
1769356195.390832,5.481831646000001,0.5432542913100299,0.3657180220992476,1.0,,,,,False
1769356195.394404,5.485403646,0.5435352325439453,0.3659248634620949,1.0,,,,,False
1769356195.402591,5.493590646,0.543392910676844,0.3654665911639178,1.0,,,,,False
1769356195.406418,5.497417646000001,0.5434563019696403,0.3652724089445891,1.0,,,,,False
1769356195.410572,5.501571646,0.5424212848438936,0.3657848216869213,1.0,,,,,False
1769356195.4145231,5.505522646,0.5428754021139706,0.3662467108832465,1.0,,,,,False
1769356195.422511,5.513510646,0.5453945047715131,0.3658415617766204,1.0,,,,,False
1769356195.426404,5.517403646,0.5445967842550838,0.3656947948314525,1.0,,,,,False
1769356195.430389,5.521388646,0.5423588472254136,0.3663304646809896,1.0,,,,,False
1769356195.434412,5.525411646,0.5425807728486902,0.3667627970377604,1.0,,,,,False
1769356195.442595,5.533594646,0.5399952495799345,0.3663909912109375,1.0,,,,,False
1769356195.446583,5.537582646000001,0.5379647647633272,0.3662326388888889,1.0,,,,,False
1769356195.450551,5.541550646,0.5417331807753619,0.3654313264069734,1.0,,,,,False
1769356195.454368,5.545367646000001,0.5445648642147288,0.3643768310546875,1.0,,,,,False
1769356195.462409,5.553408646,0.5549958172966453,0.3585687142831307,1.0,,,,,False
1769356195.4663951,5.5573946460000005,0.5623923469992245,0.356982026276765,1.0,,,,,False
1769356195.470556,5.561555646,0.5684772940242991,0.3555208559389468,1.0,,,,,False
1769356195.474867,5.565866646,0.5765537935144761,0.3550364741572627,1.0,,,,,False
1769356195.4824111,5.573410646,0.5821833891027114,0.3476820769133391,1.0,,,,,False
1769356195.4864101,5.577409646,0.5848652895759133,0.3466159396701389,1.0,,,,,False
1769356195.490902,5.581901646,0.5848265255198759,0.3470585575810185,1.0,,,,,False
1769356195.49458,5.585579646,0.5811563940609202,0.3475116305881076,1.0,,,,,False
1769356195.502616,5.593615646,0.5795332403743968,0.3481733534071181,1.0,,,,,False
1769356195.50638,5.597379646,0.5822466121000403,0.3485441419813367,1.0,,,,,False
1769356195.5103722,5.6013716460000005,0.5811043907614315,0.3488593207465278,1.0,,,,,False
1769356195.51437,5.605369646000001,0.5793236564187443,0.3495472095630787,1.0,,,,,False
1769356195.522409,5.613408646000001,0.5752447352689856,0.3501226354528356,1.0,,,,,False
1769356195.526413,5.617412646,0.5768318176269531,0.3503917552806713,1.0,,,,,False
1769356195.530563,5.621562646,0.5784901450662052,0.3509764494719328,1.0,,,,,False
1769356195.534501,5.625500646000001,0.5776396919699276,0.352320240162037,1.0,,,,,False
1769356195.542474,5.633473646000001,0.5771784501917222,0.352877468532986,1.0,,,,,False
1769356195.546564,5.637563646,0.5772356145522174,0.3530691076208043,1.0,,,,,False
1769356195.55039,5.641389646,0.575862772324506,0.3536892361111111,1.0,,,,,False
1769356195.554492,5.645491646,0.575372247134938,0.3539421364113136,1.0,,,,,False
1769356195.56258,5.653579646000001,0.5752950556137982,0.3563038013599536,1.0,,,,,False
1769356195.566623,5.657622646,0.5748469408820657,0.3563424004448785,1.0,,,,,False
1769356195.570597,5.6615966460000005,0.5775753470028148,0.3562827781394676,1.0,,,,,False
1769356195.574728,5.665727646000001,0.5778073703541475,0.3565077605070891,1.0,,,,,False
1769356195.582367,5.673366646000001,0.5808236739214729,0.3568101105866609,1.0,,,,,False
1769356195.5863872,5.677386646,0.5787785473991843,0.3578053792317708,1.0,,,,,False
1769356195.5904071,5.681406646,0.5801311941707835,0.3582161797417534,1.0,,,,,False
1769356195.594392,5.685391646,0.5796793208402746,0.3582124498155382,1.0,,,,,False
1769356195.60234,5.693339646,0.5785236358642578,0.3584831520363136,1.0,,,,,False
1769356195.606414,5.697413646,0.577208911671358,0.3591742621527778,1.0,,,,,False
1769356195.610389,5.701388646000001,0.5742035473094267,0.3590734411168981,1.0,,,,,False
1769356195.614594,5.7055936460000005,0.5741319095387178,0.3594607317889178,1.0,,,,,False
1769356195.622515,5.713514646,0.5714241476619945,0.3592483520507812,1.0,,,,,False
1769356195.626384,5.717383646,0.5712263443890739,0.35941162109375,1.0,,,,,False
1769356195.630408,5.721407646,0.5723453970516429,0.359893798828125,1.0,,,,,False
1769356195.634418,5.725417646,0.5722541809082031,0.359952629937066,1.0,,,,,False
1769356195.642498,5.733497646,0.5717955757589901,0.3599460177951389,1.0,,,,,False
1769356195.6468,5.737799646,0.5714470919440774,0.3606982195818865,1.0,,,,,False
1769356195.650535,5.741534646000001,0.5708733726950252,0.3607372142650463,1.0,,,,,False
1769356195.6544151,5.745414646,0.5719585979686064,0.3607222380461516,1.0,,,,,False
1769356195.662583,5.753582646000001,0.5699073567109949,0.3606497305410879,1.0,,,,,False
1769356195.666398,5.757397646,0.5693713356466854,0.3607566550925926,1.0,,,,,False
1769356195.670388,5.761387646,0.5686174841488109,0.3604573002567998,1.0,,,,,False
1769356195.6744,5.7653996460000005,0.5699362474329331,0.3604888350875289,1.0,,,,,False
1769356195.68241,5.773409646,0.5688799128812903,0.3599022759331597,1.0,,,,,False
1769356195.686567,5.777566646,0.5689924464506262,0.3595919573748553,1.0,,,,,False
1769356195.690534,5.781533646000001,0.5689815633437213,0.3595256664134838,1.0,,,,,False
1769356195.694736,5.785735646,0.5699750675874597,0.3593301278573495,1.0,,,,,False
1769356195.702964,5.793963646000001,0.5685424243702608,0.3584751270435474,1.0,,,,,False
1769356195.706497,5.797496646,0.568331381853889,0.3580943354853877,1.0,,,,,False
1769356195.710391,5.801390646000001,0.5683775509105009,0.3585895679615162,1.0,,,,,False
1769356195.714715,5.805714646,0.5679616367115694,0.3585906417281539,1.0,,,,,False
1769356195.722541,5.813540646000001,0.5673556047327378,0.358475183557581,1.0,,,,,False
1769356195.726501,5.817500646,0.5674167520859662,0.3584003589771412,1.0,,,,,False
1769356195.7304041,5.821403646,0.5670938491821289,0.3584396927445022,1.0,,,,,False
1769356195.734584,5.825583646,0.5689171622781193,0.3586920279043691,1.0,,,,,False
1769356195.74253,5.833529646000001,0.5681150099810433,0.3583413583260996,1.0,,,,,False
1769356195.746401,5.837400646000001,0.5679627586813534,0.3583472357855902,1.0,,,,,False
1769356195.750339,5.8413386460000005,0.5680656994090361,0.3586259629991319,1.0,,,,,False
1769356195.754394,5.845393646000001,0.5680043276618508,0.3586073698820891,1.0,,,,,False
1769356195.762415,5.853414646,0.5681224710801068,0.3586907280815972,1.0,,,,,False
1769356195.766522,5.857521646,0.5677724165074965,0.3586633752893519,1.0,,,,,False
1769356195.770549,5.861548646,0.5680556577794692,0.3599957501446759,1.0,,,,,False
1769356195.774502,5.865501646,0.5682897567749023,0.3601479424370659,1.0,,,,,False
1769356195.782401,5.873400646,0.56775042589973,0.3607080530237269,1.0,,,,,False
1769356195.786374,5.877373646000001,0.5681172539206112,0.3606274074978298,1.0,,,,,False
1769356195.790383,5.8813826460000005,0.5678296369664809,0.3605916341145833,1.0,,,,,False
1769356195.7945151,5.885514646000001,0.5675789889167336,0.3605543348524306,1.0,,,,,False
1769356195.80239,5.893389646,0.5677930607515222,0.3605234216760706,1.0,,,,,False
1769356195.8065271,5.897526646,0.5680541431202608,0.3606194390190972,1.0,,,,,False
1769356195.810403,5.901402646,0.5682636709774241,0.3603594179506655,1.0,,,,,False
1769356195.814421,5.9054206460000005,0.569097967708812,0.360521161114728,1.0,,,,,False
1769356195.822395,5.913394646,0.5687296250287224,0.3604608606409143,1.0,,,,,False
1769356195.826337,5.917336646000001,0.5682876250323128,0.3601865415219907,1.0,,,,,False
1769356195.830554,5.921553646,0.5680804533116958,0.3599308720341435,1.0,,,,,False
1769356195.8343961,5.925395646,0.5681236491483801,0.3599245989764178,1.0,,,,,False
1769356195.842389,5.933388646,0.5677375232472139,0.3599002979419849,1.0,,,,,False
1769356195.84661,5.937609646,0.569109692293055,0.3609225802951389,1.0,,,,,False
1769356195.850684,5.941683646,0.5688763225779814,0.3611576786747685,1.0,,,,,False
1769356195.854623,5.945622646,0.5687113369212431,0.3612831963433159,1.0,,,,,False
1769356195.862571,5.953570646,0.5685931935029871,0.3609594839590567,1.0,,,,,False
1769356195.866413,5.957412646000001,0.5684194003834444,0.3609815809461806,1.0,,,,,False
1769356195.8704,5.961399646,0.5684652889476103,0.3609621966326678,1.0,,,,,False
1769356195.87453,5.965529646,0.5682897567749023,0.3609979135018808,1.0,,,,,False
1769356195.882364,5.973363646,0.5681419372558594,0.3608306319625289,1.0,,,,,False
1769356195.886409,5.977408646000001,0.5688992107615751,0.3609977439597801,1.0,,,,,False
1769356195.8905191,5.9815186460000005,0.5687617133645451,0.3609814679181135,1.0,,,,,False
1769356195.894553,5.985552646,0.5686023375567268,0.3604057594581886,1.0,,,,,False
1769356195.902342,5.993341646,0.5697061314302332,0.360896979437934,1.0,,,,,False
1769356195.906395,5.997394646,0.5706257539636949,0.3606020326967593,1.0,,,,,False
1769356195.910381,6.001380646,0.5704245847814223,0.3606011284722222,1.0,,,,,False
1769356195.9183722,6.009371646,0.5700670691097484,0.359493566442419,1.0,,,,,False
1769356195.922382,6.013381646,0.5697112924912396,0.3595282095449942,1.0,,,,,False
1769356195.926403,6.017402646000001,0.5679799809175379,0.3576683327003761,1.0,,,,,False
1769356195.930416,6.021415646,0.5676012600169462,0.3553159925672743,1.0,,,,,False
1769356195.938349,6.029348646000001,0.560946688932531,0.3545797277379918,1.0,,,,,False
1769356195.942385,6.033384646,0.5573281680836397,0.3521176938657407,1.0,,,,,False
1769356195.946419,6.037418646000001,0.5573552636539235,0.3417135168004919,1.0,,,,,False
1769356195.950511,6.041510646000001,0.5591903574326459,0.3331528840241609,1.0,,,,,False
1769356195.958664,6.049663646,0.5624814314000747,0.3315497504340278,1.0,,,,,False
1769356195.9624941,6.053493646000001,0.5611102721270393,0.3317968863028067,1.0,,,,,False
1769356195.966388,6.0573876460000005,0.553283971898696,0.3217920939127604,1.0,,,,,False
1769356195.970536,6.061535646,0.5432981042300954,0.3122544465241609,1.0,,,,,False
1769356195.978411,6.069410646000001,0.5347308551563936,0.2862943861219618,1.0,,,,,False
1769356195.982397,6.073396646,0.5127623501945945,0.2690177634910301,1.0,,,,,False
1769356195.986491,6.077490646,0.5135839686674231,0.2768426400643807,1.0,,,,,False
1769356195.9904,6.081399646,0.4951479294720818,0.288372802734375,1.0,,,,,False
1769356195.998404,6.089403646,0.4941374834846048,0.2863753142180266,1.0,,,,,False
1769356196.002547,6.093546646,0.4512873537400189,0.2880068743670428,1.0,,,,,False
1769356196.006582,6.097581646,0.4439193781684427,0.2671584517867477,1.0,,,,,False
1769356196.010514,6.101513646000001,0.3530171057757209,0.2430213645652488,1.0,,,,,False
1769356196.0185761,6.109575646000001,0.3621661242316751,0.2345983434606481,1.0,,,,,False
1769356196.0223951,6.113394646000001,0.3354816436767578,0.2411575882523148,1.0,,,,,False
1769356196.026419,6.117418646,0.3517955331241383,0.2343666359230324,1.0,,,,,False
1769356196.030383,6.121382646000001,0.3867126633139217,0.2248829029224537,1.0,,,,,False
1769356196.040013,6.131012646,0.4031499974867877,0.2299713134765625,1.0,,,,,False
1769356196.042504,6.133503646,0.4118881225585937,0.2340081108940972,1.0,,,,,False
1769356196.046412,6.137411646,0.4319462495691636,0.2497633192274305,1.0,,,,,False
1769356196.050492,6.141491646,0.4383419261259191,0.2603226273148148,1.0,,,,,False
1769356196.058409,6.149408646,0.5161868263693417,0.2663302951388888,1.0,,,,,False
1769356196.062374,6.153373646,0.548949353835162,0.2730398107458044,1.0,,,,,False
1769356196.066361,6.157360646000001,0.5578965579762178,0.2715714631257233,1.0,,,,,False
1769356196.070406,6.161405646,0.559139700496898,0.2738115663881655,1.0,,,,,False
1769356196.078389,6.169388646000001,0.5208556231330422,0.2813382184063947,1.0,,,,,False
1769356196.082489,6.173488646,0.5187170365277458,0.283077155219184,1.0,,,,,False
1769356196.086386,6.177385646,0.5092072206384995,0.2854736893265336,1.0,,,,,False
1769356196.090594,6.1815936460000005,0.5286841112024644,0.2876285129123264,1.0,,,,,False
1769356196.0984921,6.1894916460000005,0.5364093780517578,0.29031982421875,1.0,,,,,False
1769356196.102739,6.193738646000001,0.5644823523128734,0.2916516339337384,1.0,,,,,False
1769356196.106547,6.197546646,0.5645036136402803,0.3051833541304977,1.0,,,,,False
1769356196.11039,6.201389646,0.5583892149083755,0.3244509096498842,1.0,,,,,False
1769356196.118387,6.2093866460000005,0.5507199904497933,0.3532740840205439,1.0,,,,,False
1769356196.122414,6.213413646,0.5482243369607365,0.3649854871961805,1.0,,,,,False
1769356196.126502,6.2175016460000005,0.5468717462876264,0.3782450923213252,1.0,,,,,False
1769356196.130989,6.221988646000001,0.545808848212747,0.3893003110532407,1.0,,,,,False
1769356196.138418,6.229417646000001,0.5444354450001436,0.3883606522171585,1.0,,,,,False
1769356196.142364,6.233363646000001,0.5438907847684973,0.3872749046043113,1.0,,,,,False
1769356196.146482,6.237481646,0.5427588855519014,0.3861520837854456,1.0,,,,,False
1769356196.150384,6.241383646,0.544947624206543,0.3866100169994213,1.0,,,,,False
1769356196.158395,6.249394646000001,0.5445190878475413,0.3921811704282407,1.0,,,,,False
1769356196.16235,6.253349646,0.5445508395924288,0.3951070714879918,1.0,,,,,False
1769356196.166393,6.257392646,0.5436642029706169,0.4004339147497107,1.0,,,,,False
1769356196.170612,6.261611646,0.5443210601806641,0.4023199575918692,1.0,,,,,False
1769356196.178411,6.269410646000001,0.5455806956571692,0.4039864434136284,1.0,,,,,False
1769356196.1823611,6.273360646,0.5455779468311983,0.4051106205692998,1.0,,,,,False
1769356196.1864061,6.277405646,0.5458045286290786,0.4075386895073785,1.0,,,,,False
1769356196.1904001,6.281399646000001,0.5446611292221967,0.4096145064742477,1.0,,,,,False
1769356196.198349,6.2893486460000005,0.5429873746984145,0.4089807581018518,1.0,,,,,False
1769356196.20238,6.293379646,0.5426376006182503,0.4087991219979745,1.0,,,,,False
1769356196.206523,6.297522646,0.5420386370490579,0.4131431297019675,1.0,,,,,False
1769356196.21063,6.301629646,0.5420825060676125,0.4123963532624422,1.0,,,,,False
1769356196.218395,6.309394646,0.5417542738073012,0.4104196053964121,1.0,,,,,False
1769356196.2264102,6.317409646000001,0.5411758983836454,0.4143196953667535,1.0,,,,,False
1769356196.230402,6.321401646,0.5413388083962833,0.4135701497395833,1.0,,,,,False
1769356196.238344,6.329343646000001,0.5460101856904871,0.4122139259620949,1.0,,,,,False
1769356196.242474,6.333473646000001,0.5466453327852137,0.410028076171875,1.0,,,,,False
1769356196.246391,6.337390646,0.5475771286908317,0.404924237286603,1.0,,,,,False
1769356196.250415,6.3414146460000005,0.5521546532126034,0.4029681170428241,1.0,,,,,False
1769356196.258418,6.349417646,0.5529788522159352,0.4014801025390625,1.0,,,,,False
1769356196.262396,6.353395646,0.5531571893131032,0.3999573884186921,1.0,,,,,False
1769356196.266375,6.357374646,0.5530467313878676,0.3984187938548901,1.0,,,,,False
1769356196.270391,6.361390646,0.5536231433644014,0.3951568603515625,1.0,,,,,False
1769356196.278399,6.3693986460000005,0.553065299987793,0.3959129050925926,1.0,,,,,False
1769356196.2824001,6.373399646,0.5539563122917625,0.3960966322157118,1.0,,,,,False
1769356196.286648,6.377647646000001,0.5530023574829102,0.3941283049406828,1.0,,,,,False
1769356196.290468,6.381467646000001,0.552056256462546,0.3957533659758391,1.0,,,,,False
1769356196.298603,6.389602646,0.5524917490342084,0.3964308562102141,1.0,,,,,False
1769356196.302664,6.393663646,0.5517896764418658,0.3957132975260417,1.0,,,,,False
1769356196.30637,6.3973696460000005,0.5511350631713867,0.3946140430591724,1.0,,,,,False
1769356196.3103771,6.401376646,0.5511296777164235,0.3937759399414062,1.0,,,,,False
1769356196.318388,6.409387646000001,0.5526956670424518,0.3923121134440104,1.0,,,,,False
1769356196.322384,6.413383646000001,0.5522293203017291,0.3931192468713831,1.0,,,,,False
1769356196.32654,6.417539646000001,0.5539270288803998,0.3918722647207754,1.0,,,,,False
1769356196.331458,6.422457646000001,0.5538419274722829,0.3914216783311631,1.0,,,,,False
1769356196.338373,6.429372646,0.553914462818819,0.3900999281141493,1.0,,,,,False
1769356196.342398,6.433397646,0.5533950469073128,0.3901544076425057,1.0,,,,,False
1769356196.346396,6.437395646000001,0.5539487950942096,0.3901775218822337,1.0,,,,,False
1769356196.350322,6.4413216460000005,0.5551776325001436,0.3896233452690972,1.0,,,,,False
1769356196.358498,6.449497646,0.5562766019035789,0.3891953079788773,1.0,,,,,False
1769356196.362469,6.453468646,0.5556196324965533,0.3896122685185185,1.0,,,,,False
1769356196.366365,6.457364646,0.5549862805534812,0.389240010579427,1.0,,,,,False
1769356196.370619,6.461618646000001,0.5543763777788948,0.3890585440176505,1.0,,,,,False
1769356196.378421,6.4694206460000006,0.5551935644710765,0.388150476526331,1.0,,,,,False
1769356196.3825622,6.473561646,0.5547934700460995,0.3883289478443287,1.0,,,,,False
1769356196.386621,6.477620646,0.5543625214520622,0.3885467529296875,1.0,,,,,False
1769356196.390537,6.481536646,0.5540210499482996,0.3882722642686632,1.0,,,,,False
1769356196.398536,6.489535646,0.5537636139813591,0.3875960173430266,1.0,,,,,False
1769356196.4025671,6.4935666460000006,0.5531827702241785,0.3872247766565393,1.0,,,,,False
1769356196.406534,6.497533646000001,0.5480184555053711,0.3853980735496238,1.0,,,,,False
1769356196.410474,6.501473646,0.5416980631211225,0.3837302879050925,1.0,,,,,False
1769356196.418319,6.5093186460000005,0.5257931877585018,0.3804141009295428,1.0,,,,,False
1769356196.4225361,6.513535646,0.5184119729434743,0.3785404911747685,1.0,,,,,False
1769356196.426389,6.517388646000001,0.5159783082849839,0.372964929651331,1.0,,,,,False
1769356196.430362,6.521361646000001,0.5133340498980354,0.3727771335177952,1.0,,,,,False
1769356196.43842,6.529419646,0.5092659557566923,0.3724045930085359,1.0,,,,,False
1769356196.4424121,6.533411646,0.507231263553395,0.3708800139250578,1.0,,,,,False
1769356196.446504,6.537503646,0.5096063613891602,0.3701937640154803,1.0,,,,,False
1769356196.450397,6.541396646000001,0.5087193881764132,0.3694442749023437,1.0,,,,,False
1769356196.458403,6.549402646000001,0.5106076072244083,0.3694188435872395,1.0,,,,,False
1769356196.4625971,6.553596646000001,0.5070685779347139,0.3683381822374132,1.0,,,,,False
1769356196.466561,6.557560646000001,0.5063515270457548,0.3670863963939526,1.0,,,,,False
1769356196.470413,6.561412646000001,0.5062394422643325,0.3673648975513599,1.0,,,,,False
1769356196.478648,6.569647646000001,0.5072993110207951,0.3668580796983507,1.0,,,,,False
1769356196.482361,6.573360646,0.5057252996108111,0.3666327582465277,1.0,,,,,False
1769356196.486537,6.577536646,0.5046267789952895,0.3668245668764467,1.0,,,,,False
1769356196.49038,6.581379646,0.5037102418787339,0.3667945014105902,1.0,,,,,False
1769356196.498392,6.589391646,0.5058900047751034,0.3660133079246238,1.0,,,,,False
1769356196.502417,6.5934166460000005,0.5061577067655676,0.3662237096715857,1.0,,,,,False
1769356196.506386,6.597385646,0.5066616955925437,0.3657691107855902,1.0,,,,,False
1769356196.510405,6.601404646000001,0.5057544708251953,0.3659887243200231,1.0,,,,,False
1769356196.518414,6.609413646,0.5046290229348576,0.3664551911530671,1.0,,,,,False
1769356196.5223591,6.613358646,0.5036129109999713,0.3664867824978298,1.0,,,,,False
1769356196.526417,6.617416646000001,0.5029406267053941,0.3646254928023726,1.0,,,,,False
1769356196.530406,6.621405646,0.5029595879947438,0.3622675577799479,1.0,,,,,False
1769356196.538418,6.629417646,0.5028200710521025,0.3624283967194733,1.0,,,,,False
1769356196.542363,6.633362646,0.5030105254229378,0.3612089369032117,1.0,,,,,False
1769356196.546402,6.637401646000001,0.5030002033009249,0.3615550288447627,1.0,,,,,False
1769356196.550412,6.641411646000001,0.5032052432789522,0.362037037037037,1.0,,,,,False
1769356196.558365,6.649364646,0.5034428203807157,0.3624102557146991,1.0,,,,,False
1769356196.562413,6.6534126460000005,0.5041018654318417,0.362382733380353,1.0,,,,,False
1769356196.566494,6.657493646000001,0.503010581521427,0.362741145381221,1.0,,,,,False
1769356196.570403,6.661402646,0.5024609846227309,0.3628250122070312,1.0,,,,,False
1769356196.578483,6.6694826460000005,0.5046917410457835,0.363112951208044,1.0,,,,,False
1769356196.58252,6.673519646000001,0.5045862758860868,0.3633860835322627,1.0,,,,,False
1769356196.586493,6.677492646,0.5051357605878044,0.3623788904260706,1.0,,,,,False
1769356196.590385,6.681384646000001,0.5056528764612535,0.3623628969545718,1.0,,,,,False
1769356196.598507,6.689506646000001,0.5029226190903607,0.3628777963143808,1.0,,,,,False
1769356196.602502,6.6935016460000005,0.5021052080042222,0.3631305270724826,1.0,,,,,False
1769356196.606415,6.697414646,0.4992413240320542,0.3628818088107639,1.0,,,,,False
1769356196.610395,6.701394646000001,0.4919793185065774,0.3627899735062211,1.0,,,,,False
1769356196.618421,6.709420646000001,0.4867541930254768,0.3631809375904224,1.0,,,,,False
1769356196.622345,6.713344646,0.4831107644473805,0.3630091349283854,1.0,,,,,False
1769356196.626662,6.717661646000001,0.4799570195815142,0.3632290310329861,1.0,,,,,False
1769356196.630398,6.721397646000001,0.4782359740313361,0.3636008933738426,1.0,,,,,False
1769356196.638369,6.729368646,0.4771791906917796,0.3638814290364583,1.0,,,,,False
1769356196.643099,6.7340986460000005,0.4786406124339384,0.3640051382559317,1.0,,,,,False
1769356196.6464071,6.737406646,0.4753646289601045,0.3637006406430845,1.0,,,,,False
1769356196.650469,6.741468646,0.4756043939029469,0.363730310510706,1.0,,,,,False
1769356196.658408,6.749407646000001,0.4748464472153607,0.3639654654043692,1.0,,,,,False
1769356196.662405,6.753404646000001,0.4746044944314396,0.3640910961009838,1.0,,,,,False
1769356196.666549,6.757548646,0.4746042139389935,0.364186265733507,1.0,,,,,False
1769356196.670399,6.761398646000001,0.4756449531106388,0.3640028211805556,1.0,,,,,False
1769356196.678415,6.769414646,0.4764134463141946,0.3632048430266203,1.0,,,,,False
1769356196.682666,6.773665646,0.4750282063203699,0.3632648609302662,1.0,,,,,False
1769356196.686404,6.777403646000001,0.4753603093764361,0.363369694462529,1.0,,,,,False
1769356196.690418,6.781417646,0.4747306038351619,0.3629757351345486,1.0,,,,,False
1769356196.698487,6.789486646,0.4739513958201689,0.3633280436197916,1.0,,,,,False
1769356196.702537,6.793536646000001,0.4750093572279986,0.3636206732855902,1.0,,,,,False
1769356196.706502,6.797501646000001,0.4741131277645335,0.363357600459346,1.0,,,,,False
1769356196.714405,6.805404646,0.4717046513276942,0.3635679456922743,1.0,,,,,False
1769356196.718491,6.809490646,0.471469991347369,0.3635880646882233,1.0,,,,,False
1769356196.722415,6.813414646,0.4729235032025505,0.3632761072229455,1.0,,,,,False
1769356196.726387,6.817386646,0.474283779368681,0.3632563273111979,1.0,,,,,False
1769356196.734478,6.825477646,0.4735461403341854,0.3632805718315972,1.0,,,,,False
1769356196.739487,6.830486646000001,0.4738674163818359,0.3631538673683449,1.0,,,,,False
1769356196.742407,6.833406646,0.4745428421918083,0.3632190845630787,1.0,,,,,False
1769356196.7463582,6.837357646,0.4735058616189396,0.362578045880353,1.0,,,,,False
1769356196.754677,6.845676646,0.472629659316119,0.3627514309353299,1.0,,,,,False
1769356196.7585762,6.849575646000001,0.4727444929235121,0.3623040658456308,1.0,,,,,False
1769356196.762782,6.853781646000001,0.4725906708661248,0.3620647289134838,1.0,,,,,False
1769356196.766558,6.857557646,0.4722879634183995,0.3616165161132812,1.0,,,,,False
1769356196.774564,6.865563646,0.4725713729858398,0.3621406837745949,1.0,,,,,False
1769356196.7802331,6.871232646,0.472842721378102,0.3618338125723379,1.0,,,,,False
1769356196.783025,6.8740246460000005,0.4729694478652056,0.3619129887333623,1.0,,,,,False
1769356196.786528,6.877527646000001,0.4728775024414062,0.3619981553819444,1.0,,,,,False
1769356196.794648,6.885647646000001,0.4742164611816406,0.3620807788990162,1.0,,,,,False
1769356196.798667,6.889666646,0.4750390333287856,0.3620115492078993,1.0,,,,,False
1769356196.802793,6.8937926460000005,0.4803725410910213,0.3635569819697627,1.0,,,,,False
1769356196.8063421,6.897341646,0.4884906656601849,0.3679901123046875,1.0,,,,,False
1769356196.814419,6.905418646,0.508574317483341,0.371690594708478,1.0,,,,,False
1769356196.818378,6.909377646,0.5256889567655676,0.374281989203559,1.0,,,,,False
1769356196.822415,6.9134146460000006,0.5386122535256779,0.3755289713541666,1.0,,,,,False
1769356196.826421,6.917420646,0.553705608143526,0.3767522176106771,1.0,,,,,False
1769356196.834503,6.925502646000001,0.5615025127635282,0.3783928200050637,1.0,,,,,False
1769356196.838733,6.929732646000001,0.5615077860215131,0.3790406968858507,1.0,,,,,False
1769356196.8425632,6.933562646,0.5619594349580652,0.3788062201605903,1.0,,,,,False
1769356196.846414,6.937413646,0.5619335735545439,0.3794090553566261,1.0,,,,,False
1769356196.854505,6.945504646000001,0.5664419286391315,0.3812584771050347,1.0,,,,,False
1769356196.858421,6.949420646,0.5626956154318417,0.382226166901765,1.0,,,,,False
1769356196.862566,6.953565646,0.5623674953685087,0.381683349609375,1.0,,,,,False
1769356196.866475,6.9574746460000005,0.5623557707842659,0.3832702071578414,1.0,,,,,False
1769356196.8745441,6.965543646,0.5596108717076919,0.3830678869176793,1.0,,,,,False
1769356196.878509,6.969508646,0.5593251621021944,0.3827988801179108,1.0,,,,,False
1769356196.882504,6.973503646,0.5586622462553137,0.382633689597801,1.0,,,,,False
1769356196.886405,6.977404646,0.5584278106689453,0.3825905128761574,1.0,,,,,False
1769356196.894588,6.985587646000001,0.5606833065257353,0.3823650218822337,1.0,,,,,False
1769356196.898411,6.9894106460000005,0.5600285249597886,0.3821391918041088,1.0,,,,,False
1769356196.902395,6.9933946460000005,0.5584449207081514,0.3823870058412905,1.0,,,,,False
1769356196.906418,6.997417646000001,0.5575672598446116,0.382867940266927,1.0,,,,,False
1769356196.914522,7.005521646,0.558630999396829,0.3834548385054976,1.0,,,,,False
1769356196.918696,7.009695646000001,0.5584030151367188,0.3832139756944445,1.0,,,,,False
1769356196.922545,7.013544646000001,0.5595065285177792,0.3828804863823785,1.0,,,,,False
1769356196.926351,7.017350646000001,0.5585820254157571,0.3840658682364004,1.0,,,,,False
1769356196.9352481,7.026247646000001,0.5533597048591165,0.383828791865596,1.0,,,,,False
1769356196.938837,7.029836646000001,0.5536727905273438,0.3837656091760706,1.0,,,,,False
1769356196.942545,7.033544646,0.5534624211928424,0.3844363177264178,1.0,,,,,False
1769356196.946492,7.037491646,0.5521720437442555,0.3854020295319733,1.0,,,,,False
1769356196.954603,7.045602646000001,0.5501611933988684,0.3860427856445312,1.0,,,,,False
1769356196.958614,7.049613646,0.5497945336734548,0.3862117060908565,1.0,,,,,False
1769356196.962558,7.053557646000001,0.5487406113568474,0.3858348705150463,1.0,,,,,False
1769356196.966852,7.0578516460000005,0.5482576033648323,0.385501155146846,1.0,,,,,False
1769356196.974415,7.065414646000001,0.5490463481229895,0.3848743014865451,1.0,,,,,False
1769356196.9786081,7.069607646000001,0.5489718493293313,0.3846994470666955,1.0,,,,,False
1769356196.982397,7.073396646000001,0.549354777616613,0.3850201076931423,1.0,,,,,False
1769356196.986409,7.077408646,0.5483333363252527,0.3853823061342593,1.0,,,,,False
1769356196.99482,7.085819646,0.5463500864365521,0.3867822717737268,1.0,,,,,False
1769356196.9985921,7.089591646000001,0.5457097221823299,0.387136388708044,1.0,,,,,False
1769356197.0025501,7.0935496460000005,0.5454785964068245,0.3873795120804398,1.0,,,,,False
1769356197.006542,7.097541646000001,0.5447761311250574,0.3890929045500578,1.0,,,,,False
1769356197.014587,7.105586646000001,0.5455445121316349,0.3896624529803241,1.0,,,,,False
1769356197.018771,7.109770646,0.5448767718146829,0.3904421771014178,1.0,,,,,False
1769356197.022484,7.113483646000001,0.5443483801449046,0.3900069060149016,1.0,,,,,False
1769356197.0264142,7.117413646,0.5450771556181067,0.3898908261899595,1.0,,,,,False
1769356197.034418,7.125417646000001,0.5447689505184398,0.3896020394784433,1.0,,,,,False
1769356197.038486,7.129485646,0.544911777271944,0.3912242748119213,1.0,,,,,False
1769356197.042496,7.133495646,0.54443780113669,0.3915748313621238,1.0,,,,,False
1769356197.046418,7.137417646,0.5444232155294979,0.3914339418764467,1.0,,,,,False
1769356197.054481,7.145480646,0.544226141536937,0.39170571786386,1.0,,,,,False
1769356197.0585392,7.149538646000001,0.5438985263600069,0.3914124665436921,1.0,,,,,False
1769356197.062421,7.153420646000001,0.5436024946324965,0.3912794890227141,1.0,,,,,False
1769356197.066405,7.157404646000001,0.5433464050292969,0.390883947301794,1.0,,,,,False
1769356197.074541,7.165540646,0.5434103012084961,0.3911946049442998,1.0,,,,,False
1769356197.078494,7.169493646,0.5431423187255859,0.39195477520978,1.0,,,,,False
1769356197.0823472,7.173346646000001,0.5421088723575368,0.3916864465784143,1.0,,,,,False
1769356197.086415,7.177414646000001,0.5419495526482078,0.3914809050383391,1.0,,,,,False
1769356197.094626,7.185625646,0.5416159910314223,0.3915974934895833,1.0,,,,,False
1769356197.098376,7.189375646,0.5412308188045726,0.3913923475477431,1.0,,,,,False
1769356197.10261,7.1936096460000005,0.541117275462431,0.3910931622540509,1.0,,,,,False
1769356197.1064022,7.197401646,0.5410254983340993,0.3907009548611111,1.0,,,,,False
1769356197.1161602,7.207159646,0.5421579024370979,0.3905643039279514,1.0,,,,,False
1769356197.11882,7.209819646000001,0.5425621481502757,0.391395851417824,1.0,,,,,False
1769356197.122633,7.213632646000001,0.5423882428337546,0.391667401349103,1.0,,,,,False
1769356197.126364,7.217363646000001,0.5422287548289579,0.3914274427625868,1.0,,,,,False
1769356197.1347451,7.225744646000001,0.5419047299553367,0.3937484741210937,1.0,,,,,False
1769356197.138411,7.229410646000001,0.5419055714326746,0.3934989646629051,1.0,,,,,False
1769356197.14255,7.233549646,0.5426736158483169,0.3933191935221354,1.0,,,,,False
1769356197.146667,7.237666646,0.5425192889045266,0.393272625958478,1.0,,,,,False
1769356197.154584,7.245583646,0.5435180103077608,0.3931166472258391,1.0,,,,,False
1769356197.1584911,7.249490646000001,0.5433396171121037,0.3929702758789062,1.0,,,,,False
1769356197.1624742,7.253473646000001,0.5432674744549919,0.3929170396592881,1.0,,,,,False
1769356197.1664991,7.257498646,0.5433523514691521,0.3930414835611979,1.0,,,,,False
1769356197.174544,7.265543646,0.5447329913868624,0.393583001030816,1.0,,,,,False
1769356197.178417,7.269416646000001,0.5447838727165671,0.3933974089445891,1.0,,,,,False
1769356197.1825101,7.273509646000001,0.5445777107687557,0.3946638884367766,1.0,,,,,False
1769356197.1864,7.277399646,0.545649808995864,0.3956916526511863,1.0,,,,,False
1769356197.194577,7.285576646000001,0.5452213848338407,0.3965243304217303,1.0,,,,,False
1769356197.198518,7.289517646,0.54503973792581,0.3962508590133101,1.0,,,,,False
1769356197.202408,7.293407646,0.5448643740485696,0.3960059271918402,1.0,,,,,False
1769356197.206578,7.297577646000001,0.5453914754530963,0.3963975129304109,1.0,,,,,False
1769356197.2145011,7.305500646,0.5450442819034352,0.3966513174551505,1.0,,,,,False
1769356197.218399,7.309398646000001,0.5451034097110524,0.3963539406105324,1.0,,,,,False
1769356197.222629,7.313628646000001,0.5450119130751666,0.3960999665436922,1.0,,,,,False
1769356197.226421,7.317420646,0.5451336467967314,0.3962261058666088,1.0,,,,,False
1769356197.234507,7.325506646000001,0.5458187215468463,0.3957917955186631,1.0,,,,,False
1769356197.238509,7.329508646000001,0.5457213345695945,0.396461260760272,1.0,,,,,False
1769356197.242883,7.333882646,0.5455827713012695,0.3961892587167245,1.0,,,,,False
1769356197.246573,7.337572646000001,0.5448900671566234,0.3966337415907118,1.0,,,,,False
1769356197.25457,7.345569646,0.5456737069522634,0.3966926292136863,1.0,,,,,False
1769356197.2584012,7.349400646,0.5456179450539982,0.3964885005244503,1.0,,,,,False
1769356197.262502,7.353501646000001,0.5455125359927907,0.3963502671983506,1.0,,,,,False
1769356197.266558,7.357557646,0.54546838648179,0.3961688006365741,1.0,,,,,False
1769356197.274493,7.365492646000001,0.5473861694335938,0.396034523292824,1.0,,,,,False
1769356197.2790241,7.370023646000001,0.5514275045955882,0.3959028455946181,1.0,,,,,False
1769356197.282473,7.373472646000001,0.5527749342076919,0.3966153745298032,1.0,,,,,False
1769356197.286516,7.377515646000001,0.5531455769258387,0.3966682151511863,1.0,,,,,False
1769356197.2944992,7.385498646,0.5523668176987592,0.3966072365089699,1.0,,,,,False
1769356197.298516,7.389515646,0.5526099485509536,0.3964453238028067,1.0,,,,,False
1769356197.302521,7.393520646000001,0.5527560290168313,0.3978682906539351,1.0,,,,,False
1769356197.306411,7.397410646000001,0.5526216170367073,0.3982978538230614,1.0,,,,,False
1769356197.314467,7.405466646000001,0.5530754538143382,0.3986831099898726,1.0,,,,,False
1769356197.3184981,7.409497646,0.5526877571554745,0.3984531543872974,1.0,,,,,False
1769356197.322519,7.413518646000001,0.5523488100837258,0.3988436663592303,1.0,,,,,False
1769356197.32657,7.417569646,0.5523850497077493,0.3987064502857349,1.0,,,,,False
1769356197.334611,7.425610646000001,0.551812957314884,0.3988143355758101,1.0,,,,,False
1769356197.3384202,7.429419646,0.5524230844834271,0.3986823753074363,1.0,,,,,False
1769356197.342608,7.433607646,0.5524912441478056,0.399284193250868,1.0,,,,,False
1769356197.346682,7.437681646000001,0.5522722356459674,0.3991455078125,1.0,,,,,False
1769356197.354492,7.445491646000001,0.5517970814424402,0.3987648292824074,1.0,,,,,False
1769356197.358592,7.449591646000001,0.5516733281752643,0.3985870926468461,1.0,,,,,False
1769356197.362526,7.453525646,0.551477824940401,0.3982954802336516,1.0,,,,,False
1769356197.3664951,7.457494646000001,0.5518152573529411,0.3987403021918403,1.0,,,,,False
1769356197.3746061,7.465605646,0.5514776566449333,0.3984470508716724,1.0,,,,,False
1769356197.3790681,7.470067646,0.5519267811494715,0.3983109650788483,1.0,,,,,False
1769356197.382376,7.473375646,0.5517872642068302,0.3982163040726273,1.0,,,,,False
1769356197.3864,7.477399646,0.5517403097713695,0.3981269553855613,1.0,,,,,False
1769356197.394486,7.485485646000001,0.5522016076480641,0.3979756108036747,1.0,,,,,False
1769356197.398641,7.489640646000001,0.5520765080171472,0.3980650160047743,1.0,,,,,False
1769356197.402534,7.493533646,0.5519147199742934,0.3978682341399016,1.0,,,,,False
1769356197.4079762,7.498975646000001,0.5535985722261316,0.3977604618778935,1.0,,,,,False
1769356197.41454,7.505539646000001,0.5546266892377067,0.3977279663085937,1.0,,,,,False
1769356197.418415,7.509414646000001,0.5543681313009823,0.3976798728660301,1.0,,,,,False
1769356197.422525,7.513524646,0.5538766524370979,0.3974131831416377,1.0,,,,,False
1769356197.4265141,7.517513646,0.5535312540390912,0.3975510208695023,1.0,,,,,False
1769356197.4344912,7.525490646000001,0.5531511306762695,0.3973874692563657,1.0,,,,,False
1769356197.43854,7.529539646000001,0.553013801574707,0.3972925821940104,1.0,,,,,False
1769356197.442514,7.533513646,0.5528736675486845,0.396791359230324,1.0,,,,,False
1769356197.44642,7.537419646,0.5527171527638155,0.3958759449146412,1.0,,,,,False
1769356197.454626,7.545625646,0.5524332944084617,0.3960310759367766,1.0,,,,,False
1769356197.458533,7.549532646,0.552309653338264,0.3959899337203414,1.0,,,,,False
1769356197.462418,7.553417646000001,0.5521866293514476,0.3950037073206018,1.0,,,,,False
1769356197.473687,7.564686646,0.5524438409244313,0.3952716968677662,1.0,,,,,False
1769356197.4745,7.565499646,0.5524222430060891,0.3952693797923901,1.0,,,,,False
1769356197.4785671,7.569566646,0.5528467963723576,0.3953057183159723,1.0,,,,,False
1769356197.482415,7.573414646000001,0.553015765021829,0.3951115926106771,1.0,,,,,False
1769356197.490413,7.581412646,0.5527613583733054,0.3945157651548032,1.0,,,,,False
1769356197.4944131,7.585412646000001,0.5525870603673598,0.3945489388925057,1.0,,,,,False
1769356197.498483,7.589482646,0.552897060618681,0.3946688616717303,1.0,,,,,False
1769356197.5024211,7.593420646,0.5527815538294175,0.3944852475766782,1.0,,,,,False
1769356197.51039,7.601389646,0.5525955873377183,0.394914471661603,1.0,,,,,False
1769356197.514481,7.605480646,0.5524040670955882,0.3949117024739583,1.0,,,,,False
1769356197.518419,7.609418646000001,0.5519144955803367,0.3946833857783565,1.0,,,,,False
1769356197.522489,7.613488646,0.5520364536958582,0.3946241025571469,1.0,,,,,False
1769356197.530546,7.621545646,0.5525512134327608,0.3946021185980902,1.0,,,,,False
1769356197.535222,7.626221646,0.5525192933924058,0.3947454381872106,1.0,,,,,False
1769356197.538372,7.629371646,0.5525021272547105,0.3947556672272858,1.0,,,,,False
1769356197.54238,7.633379646000001,0.5524808659273035,0.3946990401656539,1.0,,,,,False
1769356197.550395,7.641394646,0.5487886316636029,0.39429852520978,1.0,,,,,False
1769356197.554364,7.645363646000001,0.544429666855756,0.3942169189453125,1.0,,,,,False
1769356197.558473,7.649472646,0.5406217575073242,0.3948611789279513,1.0,,,,,False
1769356197.563564,7.654563646000001,0.5365291483262006,0.3947054262514468,1.0,,,,,False
1769356197.570375,7.661374646,0.5344618068021887,0.3949731332284433,1.0,,,,,False
1769356197.5744221,7.665421646,0.5344883413875804,0.3946750782154224,1.0,,,,,False
1769356197.57853,7.669529646000001,0.5344895755543428,0.3943439059787326,1.0,,,,,False
1769356197.582495,7.673494646000001,0.5339597814223346,0.394225169994213,1.0,,,,,False
1769356197.5904,7.681399646000001,0.5339604546042049,0.3936720106336805,1.0,,,,,False
1769356197.5944211,7.685420646000001,0.5324734519509708,0.3932057698567708,1.0,,,,,False
1769356197.599006,7.690005646,0.530120288624483,0.3928437409577546,1.0,,,,,False
1769356197.6026042,7.693603646000001,0.5304355060352999,0.3924873069480613,1.0,,,,,False
1769356197.610517,7.701516646000001,0.5309231702019187,0.3920380768952546,1.0,,,,,False
1769356197.615163,7.706162646,0.5314729914945715,0.3912003693757233,1.0,,,,,False
1769356197.618415,7.709414646000001,0.5315051359288833,0.391044842755353,1.0,,,,,False
1769356197.622389,7.713388646,0.5319229013779584,0.3905878137659143,1.0,,,,,False
1769356197.630642,7.721641646,0.5288408503812903,0.3903352525499132,1.0,,,,,False
1769356197.6343532,7.725352646,0.5283118977266199,0.3903102733470776,1.0,,,,,False
1769356197.6385481,7.729547646,0.5288593628827263,0.3903965137622974,1.0,,,,,False
1769356197.642508,7.733507646,0.5287563099580652,0.3905323734989873,1.0,,,,,False
1769356197.650367,7.741366646,0.5266940172980813,0.3893569381148727,1.0,,,,,False
1769356197.654403,7.745402646,0.5268755520091337,0.3894409744827836,1.0,,,,,False
1769356197.658411,7.749410646,0.5274930841782514,0.3894844902886285,1.0,,,,,False
1769356197.663497,7.754496646000001,0.5259178946999943,0.389543886537905,1.0,,,,,False
1769356197.670536,7.761535646,0.5241676218369428,0.3886874728732639,1.0,,,,,False
1769356197.674418,7.765417646,0.5244938345516429,0.3887636537905092,1.0,,,,,False
1769356197.6789281,7.769927646,0.5254086887135225,0.3886396054868345,1.0,,,,,False
1769356197.682364,7.773363646000001,0.5249739815207088,0.3887097394024884,1.0,,,,,False
1769356197.690506,7.781505646,0.5239513621610754,0.3888739691840277,1.0,,,,,False
1769356197.694408,7.785407646,0.5246554542990292,0.3889495849609374,1.0,,,,,False
1769356197.698367,7.789366646,0.5252723132862764,0.3890185885959201,1.0,,,,,False
1769356197.702352,7.793351646,0.5253487194285673,0.3885549474645544,1.0,,,,,False
1769356197.710408,7.801407646,0.5252899843103745,0.3887134693287036,1.0,,,,,False
1769356197.71454,7.805539646000001,0.5248917411355412,0.3881820678710937,1.0,,,,,False
1769356197.718401,7.809400646,0.524025468265309,0.3878315678349248,1.0,,,,,False
1769356197.722495,7.813494646,0.5243492126464844,0.3878683019567419,1.0,,,,,False
1769356197.730495,7.821494646,0.5238230088177849,0.3885518391927083,1.0,,,,,False
1769356197.734771,7.825770646,0.5243953256046071,0.3893559773763021,1.0,,,,,False
1769356197.738358,7.829357646,0.5245794969446519,0.3894102308485243,1.0,,,,,False
1769356197.7424982,7.833497646,0.5238883074592141,0.3890056468822338,1.0,,,,,False
1769356197.750395,7.841394646,0.5246617373298196,0.3892040676540799,1.0,,,,,False
1769356197.7544181,7.845417646,0.5248989217421588,0.3886915418836806,1.0,,,,,False
1769356197.75861,7.849609646,0.5251641553990981,0.3887419524016203,1.0,,,,,False
1769356197.76255,7.853549646,0.5254847582648782,0.3885733145254629,1.0,,,,,False
1769356197.77041,7.861409646,0.5259381462545956,0.3882889924225984,1.0,,,,,False
1769356197.774336,7.865335646,0.5261366788078757,0.3883943345811632,1.0,,,,,False
1769356197.7784011,7.869400646000001,0.5263354918536018,0.3880122997142651,1.0,,,,,False
1769356197.782409,7.873408646000001,0.5265685810762293,0.3880110564055266,1.0,,,,,False
1769356197.790487,7.881486646000001,0.5274189780740177,0.3885544388382523,1.0,,,,,False
1769356197.7946382,7.885637646,0.527518160202924,0.3885942812319155,1.0,,,,,False
1769356197.7985501,7.889549646000001,0.5275984932394588,0.3885252775969329,1.0,,,,,False
1769356197.802396,7.893395646,0.5279994852402631,0.3891650729709202,1.0,,,,,False
1769356197.810533,7.901532646000001,0.5281091016881606,0.3892370153356481,1.0,,,,,False
1769356197.8144941,7.905493646000001,0.5282429526833927,0.3892202306676794,1.0,,,,,False
1769356197.818854,7.909853646,0.5283557106466854,0.3890033863208911,1.0,,,,,False
1769356197.822494,7.913493646000001,0.5277706034043256,0.389005364312066,1.0,,,,,False
1769356197.830718,7.921717646,0.5279085495892692,0.3885113751446759,1.0,,,,,False
1769356197.834518,7.925517646,0.5280186148250804,0.388305268464265,1.0,,,,,False
1769356197.8384202,7.929419646,0.5276832019581514,0.3877279210973668,1.0,,,,,False
1769356197.842537,7.933536646,0.5277191049912396,0.3873967488606771,1.0,,,,,False
1769356197.850527,7.941526646000001,0.5279480429256663,0.3868850142867477,1.0,,,,,False
1769356197.854712,7.945711646,0.5282695994657629,0.3865240591543691,1.0,,,,,False
1769356197.858409,7.949408646,0.5279575235703412,0.3851253933376736,1.0,,,,,False
1769356197.862528,7.953527646,0.5277439005234662,0.3852639092339409,1.0,,,,,False
1769356197.87049,7.961489646,0.5278154260971967,0.3841023197880497,1.0,,,,,False
1769356197.874411,7.965410646,0.5282295451444738,0.3841899165400753,1.0,,,,,False
1769356197.8783991,7.969398646,0.5283406201530906,0.3843289410626447,1.0,,,,,False
1769356197.882395,7.973394646000001,0.5284073212567497,0.384592126916956,1.0,,,,,False
1769356197.892067,7.983066646,0.528887524324305,0.3844241106951678,1.0,,,,,False
1769356197.894721,7.985720646000001,0.5291864731732536,0.3843785603841145,1.0,,,,,False
1769356197.898633,7.989632646,0.5288414113661822,0.3842932241934317,1.0,,,,,False
1769356197.902522,7.993521646,0.529074556687299,0.3844005443431713,1.0,,,,,False
1769356197.910331,8.001330646000001,0.5290217680089614,0.3856085318106191,1.0,,,,,False
1769356197.914412,8.005411646,0.5290372511919808,0.3848344590928819,1.0,,,,,False
1769356197.9183831,8.009382646,0.5290990156285903,0.3846522578486689,1.0,,,,,False
1769356197.922384,8.013383646000001,0.5291147232055664,0.3847252174660012,1.0,,,,,False
1769356197.931943,8.022942646,0.5268947376924402,0.383713220666956,1.0,,,,,False
1769356197.934685,8.025684646,0.5265825496000403,0.383396233452691,1.0,,,,,False
1769356197.938417,8.029416646000001,0.5260047912597656,0.3813153302228009,1.0,,,,,False
1769356197.942508,8.033507646,0.525657148922191,0.3805408053927951,1.0,,,,,False
1769356197.950393,8.041392646,0.5254287719726562,0.3791199860749421,1.0,,,,,False
1769356197.954392,8.045391646,0.5215229707605699,0.3779796459056713,1.0,,,,,False
1769356197.9583921,8.049391646,0.5069617664112764,0.3782233909324363,1.0,,,,,False
1769356197.962397,8.053396646000001,0.4855192408842199,0.3737432409215856,1.0,,,,,False
1769356197.970665,8.061664646,0.4540353101842543,0.3671955815067997,1.0,,,,,False
1769356197.974589,8.065588646,0.4372086524963379,0.3582451149269386,1.0,,,,,False
1769356197.978794,8.069793646,0.4230909628026625,0.3564919930917245,1.0,,,,,False
1769356197.982654,8.073653646,0.4225095861098346,0.3539995546694154,1.0,,,,,False
1769356197.990503,8.081502646,0.4167773583356072,0.3492276792173032,1.0,,,,,False
1769356197.9944642,8.085463646000001,0.4190943661858053,0.3474549470124422,1.0,,,,,False
1769356197.9986851,8.089684646,0.4227491547079647,0.346405933521412,1.0,,,,,False
1769356198.002396,8.093395646000001,0.4198626069461598,0.3463652434172454,1.0,,,,,False
1769356198.010386,8.101385646,0.4238438606262207,0.3433134290907118,1.0,,,,,False
1769356198.01441,8.105409646,0.4203815179712632,0.3443797923900463,1.0,,,,,False
1769356198.018346,8.109345646000001,0.4214584967669318,0.344402284975405,1.0,,,,,False
1769356198.022416,8.113415646,0.419371436623966,0.3438262374312789,1.0,,,,,False
1769356198.03054,8.121539646,0.4259255353142233,0.3452063666449653,1.0,,,,,False
1769356198.034396,8.125395646000001,0.4266109466552734,0.3448755334924769,1.0,,,,,False
1769356198.038378,8.129377646,0.4257365114548627,0.3445621066623263,1.0,,,,,False
1769356198.0424051,8.133404646,0.4280337165383732,0.3455709951895255,1.0,,,,,False
1769356198.050362,8.141361646,0.4319665852714987,0.3427200317382812,1.0,,,,,False
1769356198.054351,8.145350646,0.4259503588956945,0.3423602634006076,1.0,,,,,False
1769356198.058389,8.149388646,0.4260748694924747,0.3430275245949074,1.0,,,,,False
1769356198.0625181,8.153517646000001,0.4273535223568187,0.3431007102683738,1.0,,,,,False
1769356198.070379,8.161378646000001,0.4249099282657398,0.3437761659975404,1.0,,,,,False
1769356198.074618,8.165617646000001,0.4202414400437299,0.3448519671404803,1.0,,,,,False
1769356198.078536,8.169535646,0.4196112296160529,0.3438826949508101,1.0,,,,,False
1769356198.082421,8.173420646,0.4197531587937299,0.3442074811017072,1.0,,,,,False
1769356198.090421,8.181420646000001,0.4225045372458065,0.3441375167281539,1.0,,,,,False
1769356198.0945911,8.185590646,0.4245462417602539,0.3446247242115162,1.0,,,,,False
1769356198.098536,8.189535646000001,0.4238864393795238,0.3456798412181713,1.0,,,,,False
1769356198.102495,8.193494646000001,0.4229273796081543,0.3459073667173032,1.0,,,,,False
1769356198.110512,8.201511646,0.4235789635602165,0.3450375027126736,1.0,,,,,False
1769356198.114551,8.205550646,0.4209372576545266,0.3448897750289351,1.0,,,,,False
1769356198.118536,8.209535646,0.4235945589402142,0.3449172408492477,1.0,,,,,False
1769356198.1225,8.213499646,0.423342788920683,0.3453022144458911,1.0,,,,,False
1769356198.130718,8.221717646,0.425297596875359,0.3470065646701389,1.0,,,,,False
1769356198.134368,8.225367646,0.4244956409229952,0.3471320258246527,1.0,,,,,False
1769356198.138413,8.229412646,0.4251804632299086,0.346626959906684,1.0,,,,,False
1769356198.14242,8.233419646,0.4252573462093578,0.3454286363389757,1.0,,,,,False
1769356198.15034,8.241339646,0.4185602244208841,0.3375233402958623,1.0,,,,,False
1769356198.1545131,8.245512646,0.4062095249400419,0.3264682345920139,1.0,,,,,False
1769356198.158502,8.249501646,0.3936002114239861,0.3069575557002315,1.0,,,,,False
1769356198.162499,8.253498646,0.3773524059968836,0.2823365388093171,1.0,,,,,False
1769356198.170626,8.261625646,0.3708358652451459,0.2590661508065682,1.0,,,,,False
1769356198.1746361,8.265635646,0.3655131283928366,0.244130622016059,1.0,,,,,False
1769356198.1789072,8.269906646,0.3622021114124971,0.2391600432219328,1.0,,,,,False
1769356198.1823611,8.273360646,0.3665202926186954,0.241677912959346,1.0,,,,,False
1769356198.190411,8.281410646000001,0.3669643682592055,0.2493388988353587,1.0,,,,,False
1769356198.194583,8.285582646,0.3697731635149787,0.2481018066406249,1.0,,,,,False
1769356198.198508,8.289507646,0.3710285074570599,0.2446858723958332,1.0,,,,,False
1769356198.2025201,8.293519646,0.3698317583869485,0.2428330598054109,1.0,,,,,False
1769356198.210407,8.301406646,0.3675222677343032,0.2406880131474247,1.0,,,,,False
1769356198.214553,8.305552646,0.3672402325798483,0.2362746627242476,1.0,,,,,False
1769356198.218396,8.309395646,0.3651977987850414,0.238348388671875,1.0,,,,,False
1769356198.226404,8.317403646,0.3655207297381233,0.2388621012369791,1.0,,,,,False
1769356198.231932,8.322931646,0.3640203756444594,0.240909661187066,1.0,,,,,False
1769356198.234564,8.325563646,0.3650059139027315,0.23923989755136,1.0,,,,,False
1769356198.238544,8.329543646000001,0.3681102920981014,0.2383005212854456,1.0,,,,,False
1769356198.246624,8.337623646,0.3667600014630486,0.2418921576605902,1.0,,,,,False
1769356198.250565,8.341564646,0.3663170197430779,0.2425607751916956,1.0,,,,,False
1769356198.2546751,8.345674646,0.3673634248621323,0.2419785111038773,1.0,,,,,False
1769356198.258593,8.349592646000001,0.3708115745993221,0.2385702627676504,1.0,,,,,False
1769356198.266577,8.357576646,0.3709969801061293,0.2403529979564526,1.0,,,,,False
1769356198.2703931,8.361392646,0.3718741921817555,0.2401505646882233,1.0,,,,,False
1769356198.2746701,8.365669646,0.3725050477420582,0.2434926350911458,1.0,,,,,False
1769356198.278404,8.369403646,0.3729106117697323,0.2424465603298611,1.0,,,,,False
1769356198.286614,8.377613646,0.3722848892211914,0.2434672037760417,1.0,,,,,False
1769356198.290508,8.381507646000001,0.3723436804378734,0.242990564416956,1.0,,,,,False
1769356198.294403,8.385402646000001,0.3698887825012207,0.2455011438440393,1.0,,,,,False
1769356198.298362,8.389361646000001,0.3708895514993107,0.2441819367585358,1.0,,,,,False
1769356198.306619,8.397618646,0.3732212010551901,0.2468555591724537,1.0,,,,,False
1769356198.310394,8.401393646,0.3744957867790671,0.2489779437029803,1.0,,,,,False
1769356198.314611,8.405610646000001,0.3739441142362706,0.2485367951569733,1.0,,,,,False
1769356198.318418,8.409417646000001,0.3741795034969554,0.2486000343605324,1.0,,,,,False
1769356198.326402,8.417401646,0.3731083589441636,0.2450471666124132,1.0,,,,,False
1769356198.330492,8.421491646,0.3732063069063074,0.2445892333984375,1.0,,,,,False
1769356198.3344162,8.425415646000001,0.3732079337624943,0.2414454142252604,1.0,,,,,False
1769356198.33863,8.429629646,0.3723544513477999,0.2430416531032986,1.0,,,,,False
1769356198.347523,8.438522646000001,0.3733185599831974,0.2471866183810763,1.0,,,,,False
1769356198.350374,8.441373646,0.3739582791047938,0.2484356350368923,1.0,,,,,False
1769356198.354995,8.445994646,0.3744154256932875,0.2466239081488714,1.0,,,,,False
1769356198.358342,8.449341646,0.3745989799499511,0.2482206556532118,1.0,,,,,False
1769356198.366383,8.457382646000001,0.3738583676955279,0.2447607534903066,1.0,,,,,False
1769356198.370547,8.461546646,0.373480432173785,0.2464885005244502,1.0,,,,,False
1769356198.3745542,8.465553646,0.3741878341226017,0.2466428403501157,1.0,,,,,False
1769356198.378508,8.469507646,0.3750086391673368,0.2454357571072049,1.0,,,,,False
1769356198.386651,8.477650646,0.3757749445298138,0.249882733380353,1.0,,,,,False
1769356198.390376,8.481375646,0.3763098155750948,0.2493164062499999,1.0,,,,,False
1769356198.394387,8.485386646,0.3766660409815171,0.2491183810763888,1.0,,,,,False
1769356198.398493,8.489492646,0.3775556227740119,0.2462244104456018,1.0,,,,,False
1769356198.4064171,8.497416646000001,0.3787870968089384,0.2415768658673321,1.0,,,,,False
1769356198.410526,8.501525646000001,0.3812945590299718,0.2398340861002604,1.0,,,,,False
1769356198.414498,8.505497646,0.383482904995189,0.240541359230324,1.0,,,,,False
1769356198.418747,8.509746646,0.3879892124849207,0.2383296260127314,1.0,,,,,False
1769356198.426403,8.517402646,0.393682928646312,0.2352637396918402,1.0,,,,,False
1769356198.430389,8.521388646,0.3935397372526281,0.2368122807255497,1.0,,,,,False
1769356198.434525,8.525524646000001,0.3946484116946949,0.2382576836480034,1.0,,,,,False
1769356198.438518,8.529517646,0.3950469914604635,0.2388236151801215,1.0,,,,,False
1769356198.446489,8.537488646,0.3950174556058995,0.2386517560040509,1.0,,,,,False
1769356198.450498,8.541497646,0.3949969235588522,0.2375499584056712,1.0,,,,,False
1769356198.454708,8.545707646,0.39501953125,0.2383873833550347,1.0,,,,,False
1769356198.458585,8.549584646000001,0.3961456242729635,0.2380518595377604,1.0,,,,,False
1769356198.466367,8.557366646,0.3969126589158002,0.2397686428493923,1.0,,,,,False
1769356198.470505,8.561504646000001,0.3970546722412109,0.2392155400028934,1.0,,,,,False
1769356198.474706,8.565705646000001,0.3970764384550206,0.2407442446108217,1.0,,,,,False
1769356198.478488,8.569487646,0.3973735360538258,0.241172620985243,1.0,,,,,False
1769356198.486411,8.577410646,0.3972319434670841,0.2414311726888021,1.0,,,,,False
1769356198.4905531,8.581552646,0.3976895949419807,0.2421220002350983,1.0,,,,,False
1769356198.4944081,8.585407646,0.3981669930850758,0.242979657208478,1.0,,,,,False
1769356198.498771,8.589770646,0.3980118527131922,0.2419452243381076,1.0,,,,,False
1769356198.506391,8.597390646000001,0.3980200991911046,0.2420886569552951,1.0,,,,,False
1769356198.51039,8.601389646000001,0.3988245515262379,0.2423178213614004,1.0,,,,,False
1769356198.514583,8.605582646,0.3986937578986673,0.2423210991753472,1.0,,,,,False
1769356198.518392,8.609391646,0.3987615529228659,0.2421703762478299,1.0,,,,,False
1769356198.526421,8.617420646000001,0.3980899137609145,0.242452155219184,1.0,,,,,False
1769356198.530525,8.621524646000001,0.3980096648721134,0.2424032705801504,1.0,,,,,False
1769356198.534964,8.625963646,0.3979195145999684,0.2426908704969618,1.0,,,,,False
1769356198.538582,8.629581646,0.3982013534097111,0.2418442337601273,1.0,,,,,False
1769356198.546416,8.637415646000001,0.3983563254861271,0.2423781783492476,1.0,,,,,False
1769356198.5505722,8.641571646000001,0.3981917605680578,0.2429105970594618,1.0,,,,,False
1769356198.554617,8.645616646,0.398104471318862,0.2410377785011573,1.0,,,,,False
1769356198.558945,8.649944646,0.3981795591466567,0.2402799818250868,1.0,,,,,False
1769356198.566503,8.657502646000001,0.3979712935055003,0.2413686681676794,1.0,,,,,False
1769356198.5704901,8.661489646,0.3990033374113195,0.2418473985460069,1.0,,,,,False
1769356198.574639,8.665638646,0.3995277460883645,0.2423509950991029,1.0,,,,,False
1769356198.578404,8.669403646000001,0.3993745972128475,0.2427646213107639,1.0,,,,,False
1769356198.586396,8.677395646,0.3992233837352079,0.2435825489185474,1.0,,,,,False
1769356198.590404,8.681403646,0.3992799310123219,0.2428234524197048,1.0,,,,,False
1769356198.594409,8.685408646,0.4012239119585822,0.2431971232096353,1.0,,,,,False
1769356198.598346,8.689345646000001,0.4033249125761144,0.2438999317310474,1.0,,,,,False
1769356198.606408,8.697407646,0.4095502741196576,0.2580880059136284,1.0,,,,,False
1769356198.61042,8.701419646,0.4171343691208783,0.2772943567346644,1.0,,,,,False
1769356198.614836,8.705835646,0.4355444627649644,0.2993818495008681,1.0,,,,,False
1769356198.6183321,8.709331646,0.4521149186527027,0.3263687698929398,1.0,,,,,False
1769356198.6263871,8.717386646000001,0.4776931650498334,0.3539002029984085,1.0,,,,,False
1769356198.630414,8.721413646,0.4914705052095301,0.3812628286856192,1.0,,,,,False
1769356198.634507,8.725506646000001,0.5124317617977366,0.3910617404513888,1.0,,,,,False
1769356198.638416,8.729415646000001,0.5275914248298196,0.3909600717050058,1.0,,,,,False
1769356198.646537,8.737536646,0.5478216620052562,0.3931624801070602,1.0,,,,,False
1769356198.650509,8.741508646,0.5488397373872644,0.3958717063621239,1.0,,,,,False
1769356198.654653,8.745652646,0.5441858067232019,0.397794426812066,1.0,,,,,False
1769356198.6584141,8.749413646,0.5434512531056124,0.3952238859953704,1.0,,,,,False
1769356198.666376,8.757375646,0.535367348614861,0.3977889449508102,1.0,,,,,False
1769356198.670381,8.761380646000001,0.5373195760390338,0.396341394495081,1.0,,,,,False
1769356198.674519,8.765518646,0.5396085626938764,0.399468994140625,1.0,,,,,False
1769356198.678509,8.769508646,0.5453952901503619,0.3987512094003183,1.0,,,,,False
1769356198.686498,8.777497646,0.5471377653234145,0.4012576633029514,1.0,,,,,False
1769356198.690412,8.781411646,0.5474942712222829,0.3992441813151042,1.0,,,,,False
1769356198.694606,8.785605646,0.5476510664995979,0.401985846625434,1.0,,,,,False
1769356198.698632,8.789631646,0.5430693345911363,0.4000409161603009,1.0,,,,,False
1769356198.706406,8.797405646000001,0.5419865776510799,0.3962304009331597,1.0,,,,,False
1769356198.710557,8.801556646,0.534582586849437,0.3977557712131077,1.0,,,,,False
1769356198.7154121,8.806411646,0.5383672714233398,0.3979991206416378,1.0,,,,,False
1769356198.718611,8.809610646000001,0.5354405010447782,0.3980591385452835,1.0,,,,,False
1769356198.726491,8.817490646000001,0.5365502413581399,0.3968938191731771,1.0,,,,,False
1769356198.731007,8.822006646,0.5374247046077952,0.3976246586552372,1.0,,,,,False
1769356198.73442,8.825419646,0.5385369132546818,0.3972267998589409,1.0,,,,,False
1769356198.738594,8.829593646000001,0.5389973696540383,0.3935878047236689,1.0,,,,,False
1769356198.746386,8.837385646000001,0.5370496862074908,0.3930612634729455,1.0,,,,,False
1769356198.750533,8.841532646000001,0.5393978567684398,0.3933638961226852,1.0,,,,,False
1769356198.754512,8.845511646,0.5373983944163603,0.3948345043041088,1.0,,,,,False
1769356198.7585,8.849499646,0.53948553870706,0.3939620971679687,1.0,,,,,False
1769356198.7663991,8.857398646,0.5365618537454044,0.3936982896592882,1.0,,,,,False
1769356198.770525,8.861524646000001,0.5405785616706399,0.3953415482132523,1.0,,,,,False
1769356198.774417,8.865416646,0.5389670764698702,0.3956231576425058,1.0,,,,,False
1769356198.779316,8.870315646,0.5375789193546071,0.3941853276005498,1.0,,,,,False
1769356198.7863941,8.877393646,0.5385426353005802,0.3951220477068865,1.0,,,,,False
1769356198.790388,8.881387646,0.539245885961196,0.3956974170826099,1.0,,,,,False
1769356198.7944171,8.885416646000001,0.5422522039974437,0.394544756854022,1.0,,,,,False
1769356198.798484,8.889483646,0.5428101595710305,0.3937789916992187,1.0,,,,,False
1769356198.80642,8.897419646000001,0.5434122085571289,0.3943375198929398,1.0,,,,,False
1769356198.810416,8.901415646,0.5400857925415039,0.3975227638527199,1.0,,,,,False
1769356198.814646,8.905645646,0.5401445837581859,0.3937370017722801,1.0,,,,,False
1769356198.818577,8.909576646000001,0.5419925801894244,0.393578705964265,1.0,,,,,False
1769356198.826334,8.917333646000001,0.5421807906206917,0.3936494050202546,1.0,,,,,False
1769356198.830395,8.921394646000001,0.542015412274529,0.3931170428240741,1.0,,,,,False
1769356198.834582,8.925581646000001,0.541121202356675,0.3940975613064236,1.0,,,,,False
1769356198.838414,8.929413646,0.540702595430262,0.3935428760669849,1.0,,,,,False
1769356198.846582,8.937581646,0.5430420146268957,0.3940806070963542,1.0,,,,,False
1769356198.850403,8.941402646,0.5415959077722886,0.3924458256474248,1.0,,,,,False
1769356198.854523,8.945522646,0.543029504663804,0.3924600106698496,1.0,,,,,False
1769356198.858476,8.949475646,0.543578260085162,0.3911085340711805,1.0,,,,,False
1769356198.866381,8.957380646,0.546439900117762,0.3920827794958044,1.0,,,,,False
1769356198.870961,8.961960646000001,0.5568388770608341,0.3954776340060764,1.0,,,,,False
1769356198.874419,8.965418646,0.5594677083632525,0.3971626564308449,1.0,,,,,False
1769356198.878487,8.969486646,0.5602008595186121,0.3969163117585359,1.0,,,,,False
1769356198.8864791,8.977478646,0.5642899344949162,0.4001250090422453,1.0,,,,,False
1769356198.8904831,8.981482646,0.5636653339161593,0.4012377703631365,1.0,,,,,False
1769356198.894416,8.985415646,0.5636600045596852,0.4001098067672164,1.0,,,,,False
1769356198.89834,8.989339646000001,0.5669756496653837,0.401552101417824,1.0,,,,,False
1769356198.906383,8.997382646,0.5703188391292796,0.4017892908166955,1.0,,,,,False
1769356198.910393,9.001392646000001,0.566414384280934,0.4019570809823495,1.0,,,,,False
1769356198.914485,9.005484646000001,0.5669566322775448,0.4003024631076388,1.0,,,,,False
1769356198.918366,9.009365646,0.5677114374497357,0.4012267501265915,1.0,,,,,False
1769356198.9265192,9.017518646,0.5651112724752987,0.4025127834743923,1.0,,,,,False
1769356198.930551,9.021550646,0.5650667302748736,0.4029731467918113,1.0,,,,,False
1769356198.934416,9.025415646,0.5621233547435087,0.4014225147388599,1.0,,,,,False
1769356198.93836,9.029359646,0.5633202160105986,0.3994767930772569,1.0,,,,,False
1769356198.946402,9.037401646,0.5622124391443589,0.3924961231372974,1.0,,,,,False
1769356198.950479,9.041478646,0.5597263784969554,0.3789078889069733,1.0,,,,,False
1769356198.954602,9.045601646,0.5480319191427792,0.3655161539713542,1.0,,,,,False
1769356198.958551,9.049550646,0.5181062922758215,0.3457316080729167,1.0,,,,,False
1769356198.967837,9.058836646,0.4689358823439654,0.3164554172092013,1.0,,,,,False
1769356198.970702,9.061701646,0.4490111855899586,0.3004767523871527,1.0,,,,,False
1769356198.974659,9.065658646,0.4273867046131807,0.279366217719184,1.0,,,,,False
1769356198.978524,9.069523646,0.4075813293457031,0.2592361450195313,1.0,,,,,False
1769356198.9863741,9.077373646,0.4087293849271886,0.2511653193721065,1.0,,,,,False
1769356198.99049,9.081489646,0.4090841517728917,0.2470704820421007,1.0,,,,,False
1769356198.994585,9.085584646,0.4153272684882669,0.245760260687934,1.0,,,,,False
1769356199.002546,9.093545646,0.4198358760160558,0.2469069869429977,1.0,,,,,False
1769356199.006539,9.097538646,0.4203717568341423,0.2416490908022279,1.0,,,,,False
1769356199.010503,9.101502646,0.4165714207817526,0.242279956958912,1.0,,,,,False
1769356199.0144901,9.105489646,0.4180572734159581,0.2475830078124999,1.0,,,,,False
1769356199.022419,9.113418646,0.420630230623133,0.2537010475441261,1.0,,,,,False
1769356199.026411,9.117410646,0.4207632681902717,0.2478561966507523,1.0,,,,,False
1769356199.030333,9.121332646,0.4181600177989286,0.2495361893265335,1.0,,,,,False
1769356199.0345151,9.125514646,0.4156983599943273,0.2490531638816551,1.0,,,,,False
1769356199.042414,9.133413646,0.4184110304888557,0.2487617210105613,1.0,,,,,False
1769356199.046363,9.137362646,0.4174975507399615,0.2453505904586227,1.0,,,,,False
1769356199.0505111,9.141510646,0.4166617954478544,0.2448540016456887,1.0,,,,,False
1769356199.057878,9.148877646,0.4172626663656795,0.2451685587565104,1.0,,,,,False
1769356199.0624201,9.153419646,0.4225428805631749,0.2472773799189814,1.0,,,,,False
1769356199.066538,9.157537646,0.4154739660375258,0.2490865636754918,1.0,,,,,False
1769356199.070396,9.161395646,0.4155561222749598,0.2523410938404224,1.0,,,,,False
1769356199.074578,9.165577646,0.4158168400035185,0.2516581782588252,1.0,,,,,False
1769356199.082402,9.173401646,0.4126915651209214,0.2536706995081018,1.0,,,,,False
1769356199.086383,9.177382646,0.4148833611432244,0.2532867431640625,1.0,,,,,False
1769356199.090415,9.181414646,0.4175837180193733,0.2553951687282986,1.0,,,,,False
1769356199.09458,9.185579646,0.4119689324322869,0.2574248702437789,1.0,,,,,False
1769356199.102399,9.193398646,0.4167818462147432,0.2582850138346354,1.0,,,,,False
1769356199.106481,9.197480646,0.4163007455713609,0.2581255312319155,1.0,,,,,False
1769356199.1103911,9.201390646,0.4160729576559627,0.2552916915328415,1.0,,,,,False
1769356199.114391,9.205390646,0.4165769184336942,0.2572790075231481,1.0,,,,,False
1769356199.1225421,9.213541646,0.4163103384130141,0.2550159030490451,1.0,,,,,False
1769356199.126414,9.217413646,0.4189649189219755,0.254666589807581,1.0,,,,,False
1769356199.130599,9.221598646,0.4181831023272346,0.2562066537362558,1.0,,,,,False
1769356199.134404,9.225403646,0.4196701891282025,0.2572944923683449,1.0,,,,,False
1769356199.142399,9.233398646,0.4186922802644617,0.2595190542715567,1.0,,,,,False
1769356199.146519,9.237518646,0.4190107794368968,0.2574580439814815,1.0,,,,,False
1769356199.150396,9.241395646,0.4204819342669318,0.2583704065393518,1.0,,,,,False
1769356199.154385,9.245384646,0.4207185015958898,0.2586144906503183,1.0,,,,,False
1769356199.162491,9.253490646,0.4194011968724868,0.2599173651801215,1.0,,,,,False
1769356199.1663961,9.257395646,0.420223404379452,0.2573154590747974,1.0,,,,,False
1769356199.1704211,9.261420646,0.418857546413646,0.2551059864185474,1.0,,,,,False
1769356199.174402,9.265401646,0.4154135199154125,0.2532589947735821,1.0,,,,,False
1769356199.182339,9.273338646,0.4127218022066004,0.2507347389503761,1.0,,,,,False
1769356199.186498,9.277497646,0.4145394213059369,0.2488184045862268,1.0,,,,,False
1769356199.190498,9.281497646,0.4130447892581715,0.2498127124927661,1.0,,,,,False
1769356199.194394,9.285393646,0.4097240952884449,0.2474158958152488,1.0,,,,,False
1769356199.2024891,9.293488646,0.4064850526697495,0.2461218374746817,1.0,,,,,False
1769356199.2066631,9.297662646,0.4081671658684225,0.248879157172309,1.0,,,,,False
1769356199.21076,9.301759646,0.4108391088597914,0.2459401448567708,1.0,,,,,False
1769356199.214395,9.305394646,0.4113934180315803,0.248526453088831,1.0,,,,,False
1769356199.222554,9.313553646,0.4128649375017951,0.248027773256655,1.0,,,,,False
1769356199.226651,9.317650646,0.4136382551754222,0.2482322410300925,1.0,,,,,False
1769356199.230389,9.321388646,0.4119073362911449,0.249094984266493,1.0,,,,,False
1769356199.234502,9.325501646,0.4131354724659639,0.2503423620153356,1.0,,,,,False
1769356199.242512,9.333511646,0.4139090986812816,0.2459034107349537,1.0,,,,,False
1769356199.246494,9.337493646,0.4142074023976045,0.2466833043981481,1.0,,,,,False
1769356199.250811,9.341810646,0.4125139012056238,0.2480462533456308,1.0,,,,,False
1769356199.254499,9.345498646,0.4135763785418342,0.2496611418547454,1.0,,,,,False
1769356199.262594,9.353593646,0.4088211059570312,0.2459434791847511,1.0,,,,,False
1769356199.266499,9.357498646,0.4088780739728142,0.2480465924298321,1.0,,,,,False
1769356199.270381,9.361380646,0.4087455693413229,0.247308858235677,1.0,,,,,False
1769356199.274416,9.365415646,0.4083430065828211,0.2463395860460069,1.0,,,,,False
1769356199.2825081,9.373507646,0.4088462100309484,0.2487658465350115,1.0,,,,,False
1769356199.286382,9.377381646,0.4103748377631692,0.2499076560691551,1.0,,,,,False
1769356199.290546,9.381545646,0.4103403091430664,0.2492197672526042,1.0,,,,,False
1769356199.294532,9.385531646,0.4085843422833611,0.2502656724717882,1.0,,,,,False
1769356199.302362,9.393361646,0.4081385556389303,0.249932070131655,1.0,,,,,False
1769356199.30638,9.397379646,0.4093152494991527,0.2497545030381944,1.0,,,,,False
1769356199.310463,9.401462646,0.4099343243767233,0.2497763174551505,1.0,,,,,False
1769356199.314408,9.405407646,0.4104018491857192,0.2491426821108218,1.0,,,,,False
1769356199.322501,9.413500646,0.4114217477686265,0.2499295270001447,1.0,,,,,False
1769356199.3264182,9.417417646,0.411052339217242,0.2501550745081018,1.0,,,,,False
1769356199.33042,9.421419646,0.4103526788599351,0.2486512925889756,1.0,,,,,False
1769356199.334418,9.425417646,0.4106058513416963,0.2488593772605613,1.0,,,,,False
1769356199.342521,9.433520646,0.4091056374942555,0.2473671807183159,1.0,,,,,False
1769356199.3464,9.437399646,0.4090049126568962,0.2482998318142361,1.0,,,,,False
1769356199.350387,9.441386646,0.4090568879071404,0.2478249443901909,1.0,,,,,False
1769356199.354387,9.445386646,0.4098348898046157,0.2486690379955151,1.0,,,,,False
1769356199.362385,9.453384646,0.4107256496653837,0.2494809186017071,1.0,,,,,False
1769356199.366862,9.457861646,0.4105425722458783,0.2468445389359085,1.0,,,,,False
1769356199.370404,9.461403646,0.4087101992438821,0.2475474039713542,1.0,,,,,False
1769356199.3744051,9.465404646,0.4089881111593807,0.2475188078703704,1.0,,,,,False
1769356199.38259,9.473589646,0.4071581503924201,0.2483087610315393,1.0,,,,,False
1769356199.386393,9.477392646,0.4075796183417825,0.2488858823423032,1.0,,,,,False
1769356199.390386,9.481385646,0.4075675571666044,0.2493720160590278,1.0,,,,,False
1769356199.394553,9.485552646,0.4077648555531221,0.2495170875831887,1.0,,,,,False
1769356199.402717,9.493716646,0.4082781847785501,0.2503024631076389,1.0,,,,,False
1769356199.407136,9.498135646,0.408547233132755,0.2506363480179397,1.0,,,,,False
1769356199.410419,9.501418646,0.4087116858538459,0.2508955778899016,1.0,,,,,False
1769356199.414889,9.505888646,0.4088834594277775,0.2497353447808159,1.0,,,,,False
1769356199.422576,9.513575646,0.4096407048842486,0.247253926595052,1.0,,,,,False
1769356199.426392,9.517391646,0.4093859055463005,0.2475230464228877,1.0,,,,,False
1769356199.4343832,9.525382646,0.4095825307509478,0.2475293194806134,1.0,,,,,False
1769356199.4428132,9.533812646,0.4098923346575568,0.2481545907479745,1.0,,,,,False
1769356199.446543,9.537542646,0.4101707514594583,0.2484933923791956,1.0,,,,,False
1769356199.450397,9.541396646,0.4101141480838551,0.2487834223994502,1.0,,,,,False
1769356199.4545221,9.545521646,0.4050604595857508,0.2490658230251736,1.0,,,,,False
1769356199.462418,9.553417646,0.3891180262846105,0.2547106142397279,1.0,,,,,False
1769356199.466483,9.557482646,0.3688195733463063,0.2596611870659722,1.0,,,,,False
1769356199.470401,9.561400646,0.3460344146279728,0.2640194928204572,1.0,,,,,False
1769356199.474418,9.565417646,0.3203086011550006,0.2678030508535879,1.0,,,,,False
1769356199.482346,9.573345646,0.2727555106667911,0.2735712687174479,1.0,,,,,False
1769356199.4863691,9.577368646,0.2518272680394789,0.2738571732132523,1.0,,,,,False
1769356199.490395,9.581394646,0.240294708925135,0.2739202428747106,1.0,,,,,False
1769356199.494479,9.585478646,0.2243343661813175,0.2733724523473668,1.0,,,,,False
1769356199.502383,9.593382646,0.2122302195605109,0.2722113150137442,1.0,,,,,False
1769356199.506411,9.597410646,0.2062180883744183,0.2708585385923032,1.0,,,,,False
1769356199.510546,9.601545646,0.2165245308595545,0.2705983479817708,1.0,,,,,False
1769356199.514529,9.605528646,0.2100424486048081,0.2704292014793114,1.0,,,,,False
1769356199.522779,9.613778646,0.2186591344721177,0.2701776575159144,1.0,,,,,False
1769356199.526566,9.617565646,0.2181720593396355,0.2700368810583043,1.0,,,,,False
1769356199.530545,9.621544646,0.2233638763427734,0.2696632102683738,1.0,,,,,False
1769356199.534571,9.625570646,0.2242113281698788,0.2687918203848379,1.0,,,,,False
1769356199.542548,9.633547646,0.2251284122467041,0.2668633920175057,1.0,,,,,False
1769356199.546403,9.637402646,0.2249687839956844,0.2666982580114294,1.0,,,,,False
1769356199.550513,9.641512646,0.2298282314749325,0.2665090490270544,1.0,,,,,False
1769356199.554728,9.645727646,0.2268604390761431,0.2657629507559317,1.0,,,,,False
1769356199.562525,9.653524646,0.2295792383306166,0.2651716444227431,1.0,,,,,False
1769356199.566541,9.657540646,0.2316325692569508,0.2643635502567998,1.0,,,,,False
1769356199.5705361,9.661535646,0.2326937282786649,0.264301836932147,1.0,,,,,False
1769356199.574546,9.665545646,0.2331978433272417,0.2639969437210648,1.0,,,,,False
1769356199.582541,9.673540646,0.2316798182094798,0.2628768920898437,1.0,,,,,False
1769356199.5865371,9.677536646,0.2354099610272575,0.2640724464699074,1.0,,,,,False
1769356199.590418,9.681417646,0.2359548176036161,0.2640547575774016,1.0,,,,,False
1769356199.594415,9.685414646,0.2363489655887379,0.2643763224283854,1.0,,,,,False
1769356199.602494,9.693493646,0.2436809259302476,0.2676727294921874,1.0,,,,,False
1769356199.606581,9.697580646,0.2475492533515481,0.2700507835105613,1.0,,,,,False
1769356199.610572,9.701571646,0.2501034736633301,0.2718562373408565,1.0,,,,,False
1769356199.61452,9.705519646,0.2523072747623219,0.2725283022280093,1.0,,,,,False
1769356199.622497,9.713496646,0.2599490390104406,0.271839678729022,1.0,,,,,False
1769356199.6264122,9.717411646,0.2611137838924632,0.2722440931532118,1.0,,,,,False
1769356199.630516,9.721515646,0.2666808577144847,0.2756983439127604,1.0,,,,,False
1769356199.634844,9.725843646,0.2705744855544146,0.2783002500180844,1.0,,,,,False
1769356199.642569,9.733568646,0.2751780678244198,0.280440436469184,1.0,,,,,False
1769356199.646507,9.737506646,0.2716670036315918,0.2794881750036169,1.0,,,,,False
1769356199.65053,9.741529646,0.2616548818700454,0.2735231752748842,1.0,,,,,False
1769356199.654671,9.745670646,0.2551760673522949,0.2680161087601272,1.0,,,,,False
1769356199.662393,9.753392646,0.2533404967364143,0.2633604261610243,1.0,,,,,False
1769356199.666563,9.757562646,0.2548175138585707,0.2606527822989004,1.0,,,,,False
1769356199.670394,9.761393646,0.2570564045625574,0.2575598257559317,1.0,,,,,False
1769356199.674418,9.765417646,0.2598393945132984,0.2559604786060474,1.0,,,,,False
1769356199.68279,9.773789646,0.2666283495285931,0.2564173945674189,1.0,,,,,False
1769356199.686412,9.777411646,0.2689033957088695,0.2566267225477431,1.0,,,,,False
1769356199.690402,9.781401646,0.269783945644603,0.2595900924117477,1.0,,,,,False
1769356199.694521,9.785520646,0.2811415616203757,0.2615273934823495,1.0,,,,,False
1769356199.702809,9.793808646,0.2952616915983312,0.2633410418475116,1.0,,,,,False
1769356199.706553,9.797552646,0.3009359135347254,0.2642757839626736,1.0,,,,,False
1769356199.710704,9.801703646,0.3089261615977567,0.2644642017505787,1.0,,,,,False
1769356199.7144082,9.805407646,0.3162284177892348,0.2648640950520833,1.0,,,,,False
1769356199.722508,9.813507646,0.3241199325112736,0.2650544343171296,1.0,,,,,False
1769356199.7264102,9.817409646,0.3296391262727625,0.2687801219798901,1.0,,,,,False
1769356199.730514,9.821513646,0.3317152191610897,0.2695956759982638,1.0,,,,,False
1769356199.734576,9.825575646,0.3374119365916532,0.2740394874855324,1.0,,,,,False
1769356199.742729,9.833728646,0.3415256107554716,0.2795852661132812,1.0,,,,,False
1769356199.7468991,9.837898646,0.3419208526611328,0.2819620768229166,1.0,,,,,False
1769356199.750497,9.841496646,0.3423403571633732,0.2837557192201967,1.0,,,,,False
1769356199.75842,9.849419646,0.3486786449656767,0.2847537570529513,1.0,,,,,False
1769356199.762511,9.853510646,0.3496892592486213,0.2868004692925348,1.0,,,,,False
1769356199.76641,9.857409646,0.3498227736529182,0.2879201253255208,1.0,,,,,False
1769356199.770384,9.861383646,0.353180492625517,0.2877367938006365,1.0,,,,,False
1769356199.7785501,9.869549646,0.3590614935931037,0.2921845612702546,1.0,,,,,False
1769356199.782331,9.873330646,0.3608102237477022,0.2908134743019387,1.0,,,,,False
1769356199.786417,9.877416646,0.3605528999777401,0.2903566148546007,1.0,,,,,False
1769356199.7905312,9.881530646,0.3620158924775965,0.2893844604492187,1.0,,,,,False
1769356199.798369,9.889368646,0.3643996294806985,0.2909931889286747,1.0,,,,,False
1769356199.8025591,9.893558646,0.3644370752222398,0.2896254362883391,1.0,,,,,False
1769356199.806492,9.897491646,0.3644781954148236,0.2886853253399885,1.0,,,,,False
1769356199.811059,9.902058646,0.3647596415351419,0.2875858448169849,1.0,,,,,False
1769356199.818368,9.909367646,0.3662728702320772,0.2862820660626447,1.0,,,,,False
1769356199.8225172,9.913516646,0.368113125071806,0.2860824019820601,1.0,,,,,False
1769356199.826527,9.917526646,0.3672650842105641,0.2869420369466146,1.0,,,,,False
1769356199.830394,9.921393646,0.3707528955796185,0.2888803552698206,1.0,,,,,False
1769356199.838363,9.929362646,0.3719537959379308,0.2946866070782696,1.0,,,,,False
1769356199.842385,9.933384646,0.371948101941277,0.3013384218569155,1.0,,,,,False
1769356199.846534,9.937533646,0.3760488734525792,0.3217871771918402,1.0,,,,,False
1769356199.850526,9.941525646,0.3797569555394789,0.3467549641927083,1.0,,,,,False
1769356199.858926,9.949925646,0.3832667294670553,0.3692286173502604,1.0,,,,,False
1769356199.862402,9.953401646,0.3889253840726964,0.379548023365162,1.0,,,,,False
1769356199.8664181,9.957417646,0.3898727753583123,0.381222986291956,1.0,,,,,False
1769356199.870387,9.961386646,0.394964246188893,0.384814057526765,1.0,,,,,False
1769356199.878402,9.969401646,0.3962117924409754,0.3857709531430845,1.0,,,,,False
1769356199.8826861,9.973685646,0.3961242226993336,0.3875028822157118,1.0,,,,,False
1769356199.8864121,9.977411646,0.3967511233161477,0.3860308046694155,1.0,,,,,False
1769356199.8905811,9.981580646,0.3972486888661104,0.388214111328125,1.0,,,,,False
1769356199.898421,9.989420646,0.393381820005529,0.3924232200339989,1.0,,,,,False
1769356199.902399,9.993398646,0.3964073517743279,0.392643059624566,1.0,,,,,False
1769356199.906407,9.997406646,0.3976023617912741,0.3931550767686632,1.0,,,,,False
1769356199.910386,10.001385646,0.400511994081385,0.3924630059136285,1.0,,,,,False
1769356199.9183412,10.009340646,0.397352050332462,0.3965077152958622,1.0,,,,,False
1769356199.9225152,10.013514646,0.397658207837273,0.393985041865596,1.0,,,,,False
1769356199.926405,10.017404646,0.3995230338152717,0.3960939195421007,1.0,,,,,False
1769356199.930563,10.021562646,0.3988996954525218,0.3922705756293403,1.0,,,,,False
1769356199.938479,10.029478646,0.4000276116763844,0.3899742974175347,1.0,,,,,False
1769356199.94242,10.033419646,0.4004387294544893,0.3904648957429109,1.0,,,,,False
1769356199.9472752,10.038274646,0.4001986279207117,0.3920879222728588,1.0,,,,,False
1769356199.95033,10.041329646,0.4003091138951918,0.3918195936414931,1.0,,,,,False
1769356199.95839,10.049389646,0.3999550202313591,0.3930418791594329,1.0,,,,,False
1769356199.962403,10.053402646,0.4006137286915499,0.3969490898980035,1.0,,,,,False
1769356199.9663851,10.057384646,0.4003625196569106,0.397965833875868,1.0,,,,,False
1769356199.970541,10.061540646,0.3999563104966107,0.3980106495044849,1.0,,,,,False
1769356199.978607,10.069606646,0.4002744169796214,0.3957239786783854,1.0,,,,,False
1769356199.982413,10.073412646,0.3993614982156193,0.397132251880787,1.0,,,,,False
1769356199.986418,10.077417646,0.3978703442741843,0.3954885412145543,1.0,,,,,False
1769356199.990643,10.081642646,0.3955984115600586,0.3962680392795139,1.0,,,,,False
1769356199.9984,10.089399646,0.3935085745418773,0.3981414794921875,1.0,,,,,False
1769356200.002584,10.093583646,0.3942818361170151,0.3996284202293113,1.0,,,,,False
1769356200.006778,10.097777646,0.3926216013291302,0.4005394264503762,1.0,,,,,False
1769356200.010494,10.101493646,0.3925990497364717,0.4001430935329861,1.0,,,,,False
1769356200.0188441,10.109843646,0.3915258575888241,0.4035715173791956,1.0,,,,,False
1769356200.023423,10.114422646,0.3908428865320542,0.4010339242440682,1.0,,,,,False
1769356200.026523,10.117522646,0.3900660907520967,0.4000905354817708,1.0,,,,,False
1769356200.030508,10.121507646,0.3882700134726131,0.398109718605324,1.0,,,,,False
1769356200.038404,10.129403646,0.3840048172894646,0.3929673936631944,1.0,,,,,False
1769356200.042499,10.133498646,0.3799383219550638,0.3938032362196181,1.0,,,,,False
1769356200.0463831,10.137382646,0.3770183394936954,0.3908363059714989,1.0,,,,,False
1769356200.050414,10.141413646,0.3731812869801241,0.3899309511537905,1.0,,,,,False
1769356200.058399,10.149398646,0.3671861536362591,0.3897642912688078,1.0,,,,,False
1769356200.0625,10.153499646,0.3664227934444652,0.3886459915726273,1.0,,,,,False
1769356200.066509,10.157508646,0.366026850307689,0.3886197125470196,1.0,,,,,False
1769356200.070504,10.161503646,0.364290153279024,0.3893455787941261,1.0,,,,,False
1769356200.078543,10.169542646,0.3637855193194221,0.3898629082573784,1.0,,,,,False
1769356200.082374,10.173373646,0.3625890226925121,0.3890658343279803,1.0,,,,,False
1769356200.086742,10.177741646,0.3625133177813361,0.3898682770905671,1.0,,,,,False
1769356200.090838,10.181837646,0.3617410379297593,0.3901021321614583,1.0,,,,,False
1769356200.098361,10.189360646,0.3614120202905991,0.3911226625795717,1.0,,,,,False
1769356200.1024091,10.193408646,0.3607699450324563,0.3913210268373842,1.0,,,,,False
1769356200.106529,10.197528646,0.3603185765883502,0.3914635552300347,1.0,,,,,False
1769356200.110512,10.201511646,0.3581432735218721,0.3926127681025753,1.0,,,,,False
1769356200.118586,10.209585646,0.3560160749098834,0.3914923773871528,1.0,,,,,False
1769356200.122553,10.213552646,0.3556014790254481,0.3913657859519676,1.0,,,,,False
1769356200.126535,10.217534646,0.3561541052425609,0.3903771294487848,1.0,,,,,False
1769356200.130646,10.221645646,0.3546763868892894,0.3896630746346933,1.0,,,,,False
1769356200.138396,10.229395646,0.3527743395637063,0.3896468551070602,1.0,,,,,False
1769356200.1425211,10.233520646,0.3529396618113798,0.3897902312102141,1.0,,,,,False
1769356200.146529,10.237528646,0.3535810638876522,0.3889938919632523,1.0,,,,,False
1769356200.15051,10.241509646,0.3539949304917279,0.3882113421404803,1.0,,,,,False
1769356200.1586561,10.249655646,0.354887934292064,0.3881820113570602,1.0,,,,,False
1769356200.162555,10.253554646,0.354772034813376,0.3881334658022279,1.0,,,,,False
1769356200.166539,10.257538646,0.3543983627768123,0.3876364248770254,1.0,,,,,False
1769356200.170546,10.261545646,0.3534101598403033,0.3877627902560764,1.0,,,,,False
1769356200.178513,10.269512646,0.3537812232971191,0.3867856061017072,1.0,,,,,False
1769356200.182754,10.273753646,0.3536498125861673,0.3865759955512152,1.0,,,,,False
1769356200.186405,10.277404646,0.3528986818650189,0.3861239397967303,1.0,,,,,False
1769356200.1903641,10.281363646,0.3528745034161736,0.386807194462529,1.0,,,,,False
1769356200.198411,10.289410646,0.351317938636331,0.3865976969401041,1.0,,,,,False
1769356200.202471,10.293470646,0.3517005022834329,0.3870215521918403,1.0,,,,,False
1769356200.206365,10.297364646,0.350621083203484,0.3865732263635706,1.0,,,,,False
1769356200.210419,10.301418646,0.350132381214815,0.3864909419307002,1.0,,,,,False
1769356200.218415,10.309414646,0.3489359406863941,0.3868421201352719,1.0,,,,,False
1769356200.222413,10.313412646000002,0.3487379971672507,0.3883826926902488,1.0,,,,,False
1769356200.226377,10.317376646,0.3480785033282111,0.388243329083478,1.0,,,,,False
1769356200.230396,10.321395646,0.3481052903568043,0.3877974898726851,1.0,,,,,False
1769356200.238406,10.329405646,0.3473124223596909,0.3878505000361689,1.0,,,,,False
1769356200.242381,10.333380646,0.3468144641203038,0.3877575344509548,1.0,,,,,False
1769356200.246418,10.337417646,0.3447195221396053,0.3874500415943287,1.0,,,,,False
1769356200.2503421,10.341341646,0.3445337519926183,0.3874078256112557,1.0,,,,,False
1769356200.25839,10.349389646,0.3439852490144617,0.3871880425347223,1.0,,,,,False
1769356200.262515,10.353514646,0.3435078508713666,0.3871518735532407,1.0,,,,,False
1769356200.266403,10.357402646,0.3401254485635197,0.3869957817925347,1.0,,,,,False
1769356200.270571,10.361570646,0.34003246531767,0.3870830394603588,1.0,,,,,False
1769356200.27839,10.369389646,0.3386524985818302,0.386876537181713,1.0,,,,,False
1769356200.282623,10.373622646,0.3371708813835593,0.3870981852213542,1.0,,,,,False
1769356200.286551,10.377550646,0.3355448947233312,0.3869147406684028,1.0,,,,,False
1769356200.290412,10.381411646,0.3307980649611529,0.3867247970015914,1.0,,,,,False
1769356200.298336,10.389335646,0.3312345673056209,0.3866905494972511,1.0,,,,,False
1769356200.302519,10.393518646,0.3302302641027114,0.3864924112955729,1.0,,,,,False
1769356200.306514,10.397513646,0.331181526184082,0.3863636158130786,1.0,,,,,False
1769356200.3104,10.401399646,0.3325919824488023,0.3857918633355035,1.0,,,,,False
1769356200.3184001,10.409399646,0.3390477124382468,0.3855055632414641,1.0,,,,,False
1769356200.322483,10.413482646,0.3517215111676384,0.3867968523943865,1.0,,,,,False
1769356200.326572,10.417571646,0.3723734126371495,0.3882280137803819,1.0,,,,,False
1769356200.330383,10.421382646,0.4001718689413631,0.3893846865053529,1.0,,,,,False
1769356200.338386,10.429385646,0.4343297902275534,0.3934215404369213,1.0,,,,,False
1769356200.34242,10.433419646,0.4523218659793629,0.3983807033962674,1.0,,,,,False
1769356200.346473,10.437472646,0.477872511919807,0.4006500244140625,1.0,,,,,False
1769356200.350505,10.441504646,0.4990038591272691,0.4037572790075231,1.0,,,,,False
1769356200.3583891,10.449388646,0.5295861188103171,0.4016413935908565,1.0,,,,,False
1769356200.362373,10.453372646,0.5534773994894588,0.400633861400463,1.0,,,,,False
1769356200.366527,10.457526646,0.5755922093110926,0.3997073138201678,1.0,,,,,False
1769356200.3704991,10.461498646,0.5915259753956514,0.3988910816333911,1.0,,,,,False
1769356200.378412,10.469411646,0.6112050449146944,0.3959897641782407,1.0,,,,,False
1769356200.38236,10.473359646,0.6233403822954964,0.3957268608940972,1.0,,,,,False
1769356200.3863971,10.477396646,0.6419429218067843,0.3952748051396122,1.0,,,,,False
1769356200.390404,10.481403646,0.6489743625416475,0.3958017419885706,1.0,,,,,False
1769356200.398363,10.489362646,0.6468882841222426,0.3954342312282985,1.0,,,,,False
1769356200.4023771,10.493376646000002,0.6371587304507985,0.3956240053530092,1.0,,,,,False
1769356200.406503,10.497502646,0.6283935659071979,0.3953319973415798,1.0,,,,,False
1769356200.410412,10.501411646,0.62664374183206,0.3961244936342593,1.0,,,,,False
1769356200.4184031,10.509402646,0.6209312887752757,0.3957031815140336,1.0,,,,,False
1769356200.4223402,10.513339646,0.6178007686839384,0.3953803733543113,1.0,,,,,False
1769356200.426402,10.517401646,0.6084508895874023,0.3951792399088542,1.0,,,,,False
1769356200.4306471,10.521646646,0.6009343091179343,0.3956146240234375,1.0,,,,,False
1769356200.4383461,10.529345646,0.5882536944221047,0.3950253521954572,1.0,,,,,False
1769356200.442519,10.533518646,0.5860815048217773,0.3947791770652488,1.0,,,,,False
1769356200.4464161,10.537415646,0.580049851361443,0.3950537222403066,1.0,,,,,False
1769356200.450618,10.541617646,0.57727471519919,0.3948068689416956,1.0,,,,,False
1769356200.459853,10.550852646,0.5705911972943474,0.394295416937934,1.0,,,,,False
1769356200.46248,10.553479646,0.5687920065487132,0.3941765114113137,1.0,,,,,False
1769356200.466468,10.557467646,0.5653049805585075,0.393999452944155,1.0,,,,,False
1769356200.470396,10.561395646,0.5592996933880974,0.3938186645507813,1.0,,,,,False
1769356200.4785001,10.569499646,0.555776876561782,0.3938537032515914,1.0,,,,,False
1769356200.482418,10.573417646,0.5543451309204102,0.3931554158528646,1.0,,,,,False
1769356200.48654,10.577539646,0.5492534637451172,0.3930558381257234,1.0,,,,,False
1769356200.49049,10.581489646,0.5454111099243164,0.3927200882523148,1.0,,,,,False
1769356200.498595,10.589594646,0.5461323681999656,0.3929136488172743,1.0,,,,,False
1769356200.5025,10.593499646,0.5443825441248277,0.3929163049768518,1.0,,,,,False
1769356200.506509,10.597508646,0.5390920639038086,0.3928157099971064,1.0,,,,,False
1769356200.514364,10.605363646,0.5356713463278377,0.3925115514684606,1.0,,,,,False
1769356200.518405,10.609404646000002,0.5334526510799632,0.392749532063802,1.0,,,,,False
1769356200.52242,10.613419646,0.5307918436387006,0.392788244176794,1.0,,,,,False
1769356200.526421,10.617420646,0.5279271742876839,0.3926955046477141,1.0,,,,,False
1769356200.534485,10.625484646,0.5242273106294519,0.3930066144024884,1.0,,,,,False
1769356200.538593,10.629592646,0.5227313322179458,0.3932162814670139,1.0,,,,,False
1769356200.542542,10.633541646,0.5263759388643152,0.394512939453125,1.0,,,,,False
1769356200.54642,10.637419646,0.5329826579374426,0.3945919460720486,1.0,,,,,False
1769356200.5543401,10.645339646,0.5499212601605583,0.3994532832392939,1.0,,,,,False
1769356200.559617,10.650616646,0.5582631616031423,0.3991783424660011,1.0,,,,,False
1769356200.562403,10.653402646,0.5633776608635398,0.4003942418981481,1.0,,,,,False
1769356200.566493,10.657492646,0.5668697918162626,0.4005111129195602,1.0,,,,,False
1769356200.574824,10.665823646000002,0.5733165740966797,0.4012451171875,1.0,,,,,False
1769356200.578412,10.669411646,0.571651907528148,0.4016794275354456,1.0,,,,,False
1769356200.582371,10.673370646,0.5712771135218003,0.4029054994936343,1.0,,,,,False
1769356200.5864952,10.677494646,0.5738708832684685,0.4028882627133969,1.0,,,,,False
1769356200.594528,10.685527646,0.5671322205487419,0.4034404048213252,1.0,,,,,False
1769356200.598354,10.689353646,0.5650010950425092,0.4045657687717013,1.0,,,,,False
1769356200.602613,10.693612646,0.5639448726878447,0.4044423421223958,1.0,,,,,False
1769356200.6063972,10.697396646,0.563599474289838,0.4044937133789062,1.0,,,,,False
1769356200.614566,10.705565646,0.5653297199922449,0.4041458129882812,1.0,,,,,False
1769356200.618418,10.709417646,0.5627620921415442,0.4040916725441261,1.0,,,,,False
1769356200.622673,10.713672646,0.5633218989652746,0.4042584454571759,1.0,,,,,False
1769356200.626502,10.717501646,0.5610661787145278,0.4038971512405961,1.0,,,,,False
1769356200.634399,10.725398646,0.5597226759966683,0.4034799646448206,1.0,,,,,False
1769356200.6383832,10.729382646,0.5603436301736271,0.4032532303421585,1.0,,,,,False
1769356200.6424131,10.733412646,0.5598040749044979,0.4029703776041666,1.0,,,,,False
1769356200.6463351,10.737334646,0.5594844818115234,0.4035046047634548,1.0,,,,,False
1769356200.654632,10.745631646,0.5570291631362018,0.403659905327691,1.0,,,,,False
1769356200.658508,10.749507646,0.5577670826631433,0.4033915766963252,1.0,,,,,False
1769356200.662381,10.753380646,0.5587391011855182,0.4033356843171296,1.0,,,,,False
1769356200.666398,10.757397646,0.5576441708733054,0.4031103628653066,1.0,,,,,False
1769356200.6747231,10.765722646,0.5607847325942096,0.4029652913411458,1.0,,,,,False
1769356200.678494,10.769493646,0.5626474829281077,0.4027760823567708,1.0,,,,,False
1769356200.682394,10.773393646,0.561433006735409,0.4029444376627604,1.0,,,,,False
1769356200.686563,10.777562646,0.5628147686229032,0.4028059782805266,1.0,,,,,False
1769356200.694536,10.785535646,0.5611820781932157,0.4028728343822337,1.0,,,,,False
1769356200.698728,10.789727646,0.5604071897618911,0.4029460200557002,1.0,,,,,False
1769356200.703198,10.794197646,0.5590474745806526,0.4030791106047453,1.0,,,,,False
1769356200.7065392,10.797538646,0.5604531344245461,0.4029478850188078,1.0,,,,,False
1769356200.714715,10.805714646,0.5598548440372243,0.403974292896412,1.0,,,,,False
1769356200.718379,10.809378646,0.5603069978601792,0.4038734718605324,1.0,,,,,False
1769356200.722404,10.813403646,0.559478479273179,0.4036975436740451,1.0,,,,,False
1769356200.726519,10.817518646,0.5595676197725183,0.4035309403030961,1.0,,,,,False
1769356200.73439,10.825389646,0.5589964810539695,0.4032909252025463,1.0,,,,,False
1769356200.738414,10.829413646,0.559758747325224,0.4034045184100115,1.0,,,,,False
1769356200.742337,10.833336646,0.5593199449426988,0.4031799881546586,1.0,,,,,False
1769356200.746413,10.837412646,0.5590458477244657,0.4030793366608796,1.0,,,,,False
1769356200.75442,10.845419646,0.5588053535012638,0.4032155354817708,1.0,,,,,False
1769356200.758353,10.849352646,0.5585494882920209,0.4031241522894965,1.0,,,,,False
1769356200.762521,10.853520646000002,0.5586278017829446,0.4031204788773148,1.0,,,,,False
1769356200.766388,10.857387646,0.5586096258724437,0.4030917132342303,1.0,,,,,False
1769356200.774415,10.865414646,0.558679412393009,0.4015852186414931,1.0,,,,,False
1769356200.7785602,10.869559646,0.5585255903356215,0.4016086154513889,1.0,,,,,False
1769356200.782422,10.873421646,0.5579380708582261,0.401102136682581,1.0,,,,,False
1769356200.786406,10.877405646,0.5575964871574851,0.4010578861942997,1.0,,,,,False
1769356200.794552,10.885551646,0.5588516908533433,0.3999329178421585,1.0,,,,,False
1769356200.798396,10.889395646,0.5583082647884593,0.3999068083586516,1.0,,,,,False
1769356200.802556,10.893555646,0.5588279050939223,0.3999221236617477,1.0,,,,,False
1769356200.8064,10.897399646,0.5583229625926298,0.3997156778971354,1.0,,,,,False
1769356200.814694,10.905693646,0.5579500198364258,0.3990896719473379,1.0,,,,,False
1769356200.818587,10.909586646,0.5580190209781423,0.3989853470413773,1.0,,,,,False
1769356200.8223941,10.913393646,0.5577702241785386,0.3990060876916956,1.0,,,,,False
1769356200.826551,10.917550646,0.5574386260088753,0.3987722326208044,1.0,,,,,False
1769356200.834507,10.925506646,0.5590416403377757,0.3987924081307871,1.0,,,,,False
1769356200.83836,10.929359646,0.5586531022015739,0.3975031534830729,1.0,,,,,False
1769356200.842557,10.933556646,0.5582622079288259,0.3973300509982639,1.0,,,,,False
1769356200.84655,10.937549646,0.5579692055197323,0.3973514133029514,1.0,,,,,False
1769356200.854532,10.945531646,0.5577264112584731,0.3974219993308738,1.0,,,,,False
1769356200.858568,10.949567646,0.5589905907126034,0.3973346286349826,1.0,,,,,False
1769356200.8624,10.953399646,0.5588767107795266,0.3972443192093461,1.0,,,,,False
1769356200.866405,10.957404646,0.5598362193388098,0.3971697206850405,1.0,,,,,False
1769356200.874489,10.965488646,0.5592515608843636,0.3975952713577836,1.0,,,,,False
1769356200.878402,10.969401646,0.5592824711519129,0.3973509046766493,1.0,,,,,False
1769356200.882525,10.973524646,0.5590383866254021,0.3966613204390914,1.0,,,,,False
1769356200.8869581,10.977957646,0.5590493258307961,0.3968821772822627,1.0,,,,,False
1769356200.8946211,10.985620646,0.5592049991383272,0.3973751491970486,1.0,,,,,False
1769356200.89841,10.989409646,0.5585127998800838,0.3973861129195601,1.0,,,,,False
1769356200.902364,10.993363646,0.558772367589614,0.3973049022533276,1.0,,,,,False
1769356200.9065251,10.997524646,0.5585975085987764,0.3973908600983796,1.0,,,,,False
1769356200.914405,11.005404646,0.5583075355080998,0.3976565325701678,1.0,,,,,False
1769356200.9183261,11.009325646,0.5583887100219727,0.397557689525463,1.0,,,,,False
1769356200.92241,11.013409646,0.5586074380313649,0.3975939150209779,1.0,,,,,False
1769356200.9263911,11.017390646,0.5576888252707088,0.3974570945457175,1.0,,,,,False
1769356200.934482,11.025481646,0.556579309351304,0.3974110921223958,1.0,,,,,False
1769356200.938404,11.029403646,0.5560830621158376,0.3974190040870949,1.0,,,,,False
1769356200.942604,11.033603646,0.5559834872975069,0.3972330164026331,1.0,,,,,False
1769356200.946364,11.037363646,0.5560710009406594,0.3966458921079282,1.0,,,,,False
1769356200.954482,11.045481646,0.5552603777717141,0.3967155739113136,1.0,,,,,False
1769356200.958411,11.049410646,0.5554301878985237,0.3971278437861689,1.0,,,,,False
1769356200.962515,11.053514646,0.555153117460363,0.3972943341290509,1.0,,,,,False
1769356200.9665601,11.057559646,0.5549699558931238,0.3973739624023438,1.0,,,,,False
1769356200.974623,11.065622646,0.555017022525563,0.3973340069806134,1.0,,,,,False
1769356200.978413,11.069412646,0.5549416822545669,0.3974442658600984,1.0,,,,,False
1769356200.982574,11.073573646,0.5548819934620577,0.3976594147858796,1.0,,,,,False
1769356200.986538,11.077537646,0.5548417147468118,0.3981520476164641,1.0,,,,,False
1769356200.994627,11.085626646,0.5543600531185374,0.3970663000036168,1.0,,,,,False
1769356200.998394,11.089393646,0.5544900894165039,0.3970779418945312,1.0,,,,,False
1769356201.0023491,11.093348646,0.5541385762831744,0.3970930876555266,1.0,,,,,False
1769356201.006504,11.097503646,0.5545319949879366,0.3968892415364583,1.0,,,,,False
1769356201.014585,11.105584646,0.5544288859647863,0.3964500144675925,1.0,,,,,False
1769356201.018397,11.109396646,0.5539262996000403,0.3964896308051215,1.0,,,,,False
1769356201.022515,11.113514646,0.5539359485401827,0.3963237621166088,1.0,,,,,False
1769356201.026401,11.117400646,0.5538838891422048,0.3962301748770255,1.0,,,,,False
1769356201.034403,11.125402646,0.5540693507475012,0.3956418072735822,1.0,,,,,False
1769356201.038367,11.129366646,0.5539980495677275,0.3950191921657986,1.0,,,,,False
1769356201.042783,11.133782646,0.5537919437184053,0.3955479939778645,1.0,,,,,False
1769356201.0465372,11.137536646,0.5538578594432157,0.3955396299008969,1.0,,,,,False
1769356201.054526,11.145525646,0.5530974444221047,0.3951197306315104,1.0,,,,,False
1769356201.058374,11.149373646,0.5537714677698472,0.3956552576135705,1.0,,,,,False
1769356201.062484,11.153483646000002,0.5541000927195829,0.3954609058521412,1.0,,,,,False
1769356201.066385,11.157384646,0.5540051740758559,0.3954958315248842,1.0,,,,,False
1769356201.074356,11.165355646,0.5537349476533777,0.3945897420247396,1.0,,,,,False
1769356201.078412,11.169411646,0.5537392672370461,0.3944852475766782,1.0,,,,,False
1769356201.082643,11.173642646,0.5535282247206744,0.3945703577112268,1.0,,,,,False
1769356201.086512,11.177511646,0.5533465217141544,0.3944820262767651,1.0,,,,,False
1769356201.094944,11.185943646,0.5539191750919118,0.3949240225332754,1.0,,,,,False
1769356201.098578,11.189577646,0.5536842346191406,0.3949365121346933,1.0,,,,,False
1769356201.10242,11.193419646,0.5538500617532169,0.3949671427408854,1.0,,,,,False
1769356201.106403,11.197402646,0.5538288565242991,0.3950044420030382,1.0,,,,,False
1769356201.114393,11.205392646,0.5542428633745979,0.3941013477466725,1.0,,,,,False
1769356201.118386,11.209385646,0.5542647978838753,0.3939689918800636,1.0,,,,,False
1769356201.122384,11.213383646,0.5542984008789062,0.3936485007957175,1.0,,,,,False
1769356201.126404,11.217403646,0.5539218678193933,0.3932354397243923,1.0,,,,,False
1769356201.138421,11.229420646,0.5543216256534352,0.3927815190067998,1.0,,,,,False
1769356201.142537,11.233536646,0.5544554766486672,0.3928185922128183,1.0,,,,,False
1769356201.1464171,11.237416646000002,0.5543300965253044,0.3924422652633101,1.0,,,,,False
1769356201.154412,11.245411646,0.5551456002628102,0.3923709445529514,1.0,,,,,False
1769356201.158561,11.249560646,0.5551087996538948,0.3924332795319734,1.0,,,,,False
1769356201.1626492,11.253648646,0.5548151240629309,0.3925854153103298,1.0,,,,,False
1769356201.1664171,11.257416646,0.5547622231876149,0.3922211823640046,1.0,,,,,False
1769356201.1745331,11.265532646,0.5550470352172852,0.3913180315936053,1.0,,,,,False
1769356201.17854,11.269539646,0.5549935733570772,0.3915358366789641,1.0,,,,,False
1769356201.182827,11.273826646,0.5550114687751321,0.3914775707103588,1.0,,,,,False
1769356201.186527,11.277526646,0.5552011938656077,0.3915006284360532,1.0,,,,,False
1769356201.194623,11.285622646,0.5557482663322898,0.3915004588939526,1.0,,,,,False
1769356201.198492,11.289491646,0.5560547323787913,0.3910364786783854,1.0,,,,,False
1769356201.202589,11.293588646,0.5561550364774817,0.3907631202980324,1.0,,,,,False
1769356201.206666,11.297665646,0.5569065318388098,0.3904134679723668,1.0,,,,,False
1769356201.214379,11.305378646,0.5568928438074449,0.39056396484375,1.0,,,,,False
1769356201.2183921,11.309391646,0.5569923625272863,0.3906551784939236,1.0,,,,,False
1769356201.222388,11.313387646,0.5573168922873104,0.3906859221281828,1.0,,,,,False
1769356201.22652,11.317519646,0.5574504066916073,0.3898400200737847,1.0,,,,,False
1769356201.234544,11.325543646,0.557226629818187,0.3899492617006654,1.0,,,,,False
1769356201.2387311,11.329730646000002,0.5575000538545496,0.3899743539315683,1.0,,,,,False
1769356201.242718,11.333717646,0.5590531966265511,0.3900694670500578,1.0,,,,,False
1769356201.246598,11.337597646,0.5593629724839154,0.3901631108036747,1.0,,,,,False
1769356201.254579,11.345578646,0.5606181200812844,0.390315924750434,1.0,,,,,False
1769356201.258531,11.349530646,0.560497901018928,0.3897498801902488,1.0,,,,,False
1769356201.262422,11.353421646,0.5603887894574333,0.3898980599862558,1.0,,,,,False
1769356201.266501,11.357500646,0.560124397277832,0.3901532208478009,1.0,,,,,False
1769356201.274555,11.365554646,0.560780917896944,0.3899293687608507,1.0,,,,,False
1769356201.278512,11.369511646,0.5606612037209904,0.3901533903899016,1.0,,,,,False
1769356201.2825491,11.373548646,0.5607380025527057,0.3900461832682291,1.0,,,,,False
1769356201.290548,11.381547646,0.5599816827213063,0.3920605129665798,1.0,,,,,False
1769356201.294565,11.385564646,0.5596025130328011,0.3925839459454572,1.0,,,,,False
1769356201.298593,11.389592646,0.5595984178430894,0.3929967244466146,1.0,,,,,False
1769356201.302361,11.393360646,0.5594123391544118,0.3934594613534433,1.0,,,,,False
1769356201.310409,11.401408646,0.5579941693474265,0.3938540423357928,1.0,,,,,False
1769356201.314541,11.405540646,0.5579618566176471,0.3958482530381945,1.0,,,,,False
1769356201.318388,11.409387646,0.5578076418708352,0.3963166978624132,1.0,,,,,False
1769356201.322385,11.413384646,0.5580895928775563,0.3967156869393807,1.0,,,,,False
1769356201.330384,11.421383646,0.5567179848166073,0.3988072148075809,1.0,,,,,False
1769356201.334598,11.425597646,0.5576105117797852,0.398656322337963,1.0,,,,,False
1769356201.33862,11.429619646,0.5573453903198242,0.4003173828124999,1.0,,,,,False
1769356201.342407,11.433406646,0.557211202733657,0.4004644323278357,1.0,,,,,False
1769356201.3503962,11.441395646,0.5564914591172162,0.4003703364619502,1.0,,,,,False
1769356201.354593,11.445592646,0.556699696709128,0.400302971733941,1.0,,,,,False
1769356201.358508,11.449507646,0.556608985452091,0.4001511750397859,1.0,,,,,False
1769356201.362499,11.453498646,0.5565799264346852,0.4000086466471354,1.0,,,,,False
1769356201.370512,11.461511646,0.5570539025699391,0.4049995139793113,1.0,,,,,False
1769356201.374563,11.465562646,0.5574672923368567,0.4048087791160301,1.0,,,,,False
1769356201.3785431,11.469542646,0.5577123866361731,0.4044946176034433,1.0,,,,,False
1769356201.382797,11.473796646,0.5577864366419175,0.4041456999602141,1.0,,,,,False
1769356201.3903902,11.481389646,0.5577203526216394,0.4036357173213252,1.0,,,,,False
1769356201.394722,11.485721646,0.5579022239236271,0.4034481472439236,1.0,,,,,False
1769356201.398389,11.489388646,0.5577545727000517,0.403159417046441,1.0,,,,,False
1769356201.402398,11.493397646,0.5577038596658146,0.4029424596715856,1.0,,,,,False
1769356201.410512,11.501511646,0.5549585118013269,0.4006889060691551,1.0,,,,,False
1769356201.414401,11.505400646,0.5543062546673942,0.398678136754919,1.0,,,,,False
1769356201.418553,11.509552646,0.548748633440803,0.3955262925889756,1.0,,,,,False
1769356201.422381,11.513380646,0.535769686979406,0.3925680089879919,1.0,,,,,False
1769356201.430393,11.521392646,0.5086805680218864,0.3869987205222801,1.0,,,,,False
1769356201.4343991,11.525398646,0.4941446079927332,0.380750415943287,1.0,,,,,False
1769356201.438497,11.529496646,0.4858613855698529,0.3727253666630498,1.0,,,,,False
1769356201.442826,11.533825646,0.4801613863776712,0.3688665319372106,1.0,,,,,False
1769356201.450814,11.541813646,0.4810856089872472,0.3650092230902777,1.0,,,,,False
1769356201.454417,11.545416646,0.4853847728056066,0.3646425600405092,1.0,,,,,False
1769356201.4585161,11.549515646,0.4867638980641084,0.3636944806134259,1.0,,,,,False
1769356201.462408,11.553407646,0.4861301534316119,0.3643303765190973,1.0,,,,,False
1769356201.470406,11.561405646,0.4895304511575138,0.3625594527633101,1.0,,,,,False
1769356201.474416,11.565415646,0.4894358130062328,0.3617011176215278,1.0,,,,,False
1769356201.478416,11.569415646,0.4913711547851562,0.3613372237594039,1.0,,,,,False
1769356201.483023,11.574022646,0.4901212804457721,0.3588594789858217,1.0,,,,,False
1769356201.4904191,11.581418646,0.4917164970846737,0.3621333369502315,1.0,,,,,False
1769356201.494375,11.585374646,0.4900717454798081,0.3613127531828703,1.0,,,,,False
1769356201.4983912,11.589390646,0.492526559268727,0.3624155680338542,1.0,,,,,False
1769356201.502327,11.593326646,0.4924623264985926,0.3626559222186053,1.0,,,,,False
1769356201.5105422,11.601541646,0.4929892035091625,0.3634133232964409,1.0,,,,,False
1769356201.5146031,11.605602646,0.4942276898552389,0.3624494199399595,1.0,,,,,False
1769356201.518363,11.609362646,0.4958393994499655,0.362217938458478,1.0,,,,,False
1769356201.522567,11.613566646,0.4963987574857824,0.3615445172345196,1.0,,,,,False
1769356201.530586,11.621585646000002,0.4928016101612764,0.3632623743127894,1.0,,,,,False
1769356201.5348442,11.625843646,0.4952229892506319,0.3636193169487847,1.0,,,,,False
1769356201.5387042,11.629703646,0.494303310618681,0.3637338708948205,1.0,,,,,False
1769356201.542502,11.633501646,0.4960589689366957,0.3640003910771122,1.0,,,,,False
1769356201.5503771,11.641376646,0.4956923653097713,0.3642974288375289,1.0,,,,,False
1769356201.554378,11.645377646,0.4961835636812098,0.364883479365596,1.0,,,,,False
1769356201.558332,11.649331646,0.4961173674639533,0.3656510529694734,1.0,,,,,False
1769356201.562421,11.653420646,0.4970712661743164,0.3648909957320602,1.0,,,,,False
1769356201.570509,11.661508646,0.49952153598561,0.3648264001916956,1.0,,,,,False
1769356201.574556,11.665555646,0.498529826893526,0.3644044099030671,1.0,,,,,False
1769356201.578353,11.669352646,0.4984827041625976,0.3638697306315104,1.0,,,,,False
1769356201.5823371,11.673336646,0.4982580858118394,0.3628445095486111,1.0,,,,,False
1769356201.590408,11.681407646,0.496363078846651,0.3639489633065683,1.0,,,,,False
1769356201.594496,11.685495646,0.4968938266529756,0.364549085828993,1.0,,,,,False
1769356201.598614,11.689613646000002,0.4976430219762465,0.3657658329716435,1.0,,,,,False
1769356201.60236,11.693359646,0.4976176093606388,0.3756180374710648,1.0,,,,,False
1769356201.610508,11.701507646,0.4917119531070484,0.3957039161964699,1.0,,,,,False
1769356201.61452,11.705519646,0.4918173060697667,0.4091378671151621,1.0,,,,,False
1769356201.618693,11.709692646,0.4900054370655733,0.4238193653247974,1.0,,,,,False
1769356201.622667,11.713666646,0.4844836066750919,0.4389207062897858,1.0,,,,,False
1769356201.631156,11.722155646,0.4802118189194623,0.4442058421947338,1.0,,,,,False
1769356201.634401,11.725400646,0.4820958866792567,0.4439119692201967,1.0,,,,,False
1769356201.638339,11.729338646,0.4838471693151137,0.4439552589699074,1.0,,,,,False
1769356201.642399,11.733398646,0.4854670692892635,0.4466193305121527,1.0,,,,,False
1769356201.650628,11.741627646,0.4869983336504768,0.4472669813368055,1.0,,,,,False
1769356201.654719,11.745718646,0.4875834408928366,0.449066162109375,1.0,,,,,False
1769356201.658493,11.749492646,0.4885274101706112,0.4497164125795717,1.0,,,,,False
1769356201.662406,11.753405646,0.4885483349070829,0.4461621319806134,1.0,,,,,False
1769356201.670387,11.761386646,0.4900534012738396,0.4462847109194154,1.0,,,,,False
1769356201.674566,11.765565646,0.4890680874095243,0.4454081782588253,1.0,,,,,False
1769356201.678555,11.769554646,0.4896389456356273,0.4454971878616898,1.0,,,,,False
1769356201.682662,11.773661646,0.4905600828282973,0.4463683516890914,1.0,,,,,False
1769356201.6905181,11.781517646,0.491549155291389,0.4456155282479745,1.0,,,,,False
1769356201.694746,11.785745646,0.4922653647030101,0.4463221232096354,1.0,,,,,False
1769356201.699105,11.790104646,0.4922155492446002,0.4451518871166088,1.0,,,,,False
1769356201.702569,11.793568646,0.4925944945391486,0.4465352941442418,1.0,,,,,False
1769356201.7106361,11.801635646,0.4929765252506031,0.4468939322012442,1.0,,,,,False
1769356201.714571,11.805570646,0.4930367750280043,0.4443025942201968,1.0,,,,,False
1769356201.718645,11.809644646,0.4924288917990291,0.4459907249168113,1.0,,,,,False
1769356201.722565,11.813564646,0.4927041109870462,0.4473714757848669,1.0,,,,,False
1769356201.730576,11.821575646,0.4921862097347484,0.4476797033239293,1.0,,,,,False
1769356201.734477,11.825476646,0.4921853121589212,0.4468358922887732,1.0,,,,,False
1769356201.738353,11.829352646,0.4925268958596622,0.4480714586046007,1.0,,,,,False
1769356201.742415,11.833414646,0.4929144803215475,0.4482723659939236,1.0,,,,,False
1769356201.750474,11.841473646,0.4935303295359892,0.4467719749168113,1.0,,,,,False
1769356201.7545521,11.845551646,0.4937326767865349,0.4450002599645544,1.0,,,,,False
1769356201.758387,11.849386646,0.4939660465016084,0.4436586168077256,1.0,,,,,False
1769356201.762417,11.853416646,0.4941667668959674,0.4439402262369791,1.0,,,,,False
1769356201.7703722,11.861371646,0.4931151446174173,0.4413234004267939,1.0,,,,,False
1769356201.7745101,11.865509646,0.4931535720825195,0.4417965359157986,1.0,,,,,False
1769356201.778412,11.869411646,0.4934076982385972,0.4411352086950231,1.0,,,,,False
1769356201.782516,11.873515646,0.4936124577241785,0.4415933679651331,1.0,,,,,False
1769356201.790642,11.881641646,0.4938073438756606,0.4409822817201967,1.0,,,,,False
1769356201.794397,11.885396646,0.493725159588982,0.442493184407552,1.0,,,,,False
1769356201.798365,11.889364646,0.4937745823579676,0.4429323549623842,1.0,,,,,False
1769356201.80235,11.893349646,0.4939217286951401,0.4432212547019676,1.0,,,,,False
1769356201.810375,11.901374646,0.4938917160034179,0.4418407864040798,1.0,,,,,False
1769356201.814408,11.905407646,0.4940480063943302,0.4411446465386285,1.0,,,,,False
1769356201.818414,11.909413646,0.4943626067217658,0.4428381460684317,1.0,,,,,False
1769356201.822413,11.913412646,0.4949166354011087,0.4429987024377894,1.0,,,,,False
1769356201.8305311,11.921530646,0.4951091093175551,0.4413563481083622,1.0,,,,,False
1769356201.834534,11.925533646,0.4952265234554515,0.4412929958767361,1.0,,,,,False
1769356201.838413,11.929412646,0.4953050052418428,0.4420096503363715,1.0,,,,,False
1769356201.842412,11.933411646,0.495057274313534,0.4411326090494791,1.0,,,,,False
1769356201.850616,11.941615646,0.4952615289127125,0.4403051305700232,1.0,,,,,False
1769356201.8546062,11.945605646,0.4953396180096794,0.4397990473994502,1.0,,,,,False
1769356201.85848,11.949479646,0.4955566630643956,0.4401304456922743,1.0,,,,,False
1769356201.862648,11.953647646,0.49554303113152,0.4394878246166088,1.0,,,,,False
1769356201.870528,11.961527646,0.4952556385713465,0.4384879218207465,1.0,,,,,False
1769356201.874566,11.965565646,0.495029561659869,0.4380875198929398,1.0,,,,,False
1769356201.878562,11.969561646,0.4959321863511029,0.4376708984374999,1.0,,,,,False
1769356201.882376,11.973375646,0.4968087813433479,0.4374267012984664,1.0,,,,,False
1769356201.890561,11.981560646,0.4966983234181124,0.4361885918511284,1.0,,,,,False
1769356201.894717,11.985716646,0.4967209872077493,0.4358903672960069,1.0,,,,,False
1769356201.898375,11.989374646,0.4965930826523724,0.4368583961769386,1.0,,,,,False
1769356201.902371,11.993370646,0.4966723498176126,0.437481689453125,1.0,,,,,False
1769356201.910398,12.001397646,0.4963304295259363,0.4374761510778356,1.0,,,,,False
1769356201.91449,12.005489646,0.4942815444048713,0.4371574684425636,1.0,,,,,False
1769356201.918382,12.009381646,0.4943776972153607,0.4342231467918113,1.0,,,,,False
1769356201.922391,12.013390646,0.4932509029612821,0.424249776204427,1.0,,,,,False
1769356201.930563,12.021562646,0.4926954718197093,0.4041094179506654,1.0,,,,,False
1769356201.934865,12.025864646,0.491987060098087,0.3908836082175926,1.0,,,,,False
1769356201.938365,12.029364646,0.4869002734913545,0.381342456958912,1.0,,,,,False
1769356201.942365,12.033364646,0.483892609091366,0.3816563359013309,1.0,,,,,False
1769356201.950417,12.041416646,0.4801333932315602,0.3614163999204283,1.0,,,,,False
1769356201.9545531,12.045552646,0.4741259743185604,0.3468700267650463,1.0,,,,,False
1769356201.958349,12.049348646,0.4341245258555692,0.3306060225875289,1.0,,,,,False
1769356201.962588,12.053587646,0.3875027824850643,0.3255099261248553,1.0,,,,,False
1769356201.970534,12.061533646,0.3586361548479865,0.3121646457248264,1.0,,,,,False
1769356201.974581,12.065580646,0.336585521697998,0.2851267496744791,1.0,,,,,False
1769356201.97862,12.069619646,0.3333597183227539,0.2725539595992476,1.0,,,,,False
1769356201.9826272,12.073626646,0.3263718100155101,0.286509535047743,1.0,,,,,False
1769356201.990484,12.081483646,0.3522370843326344,0.2884996202256944,1.0,,,,,False
1769356201.994402,12.085401646,0.3547722592073328,0.3040704797815393,1.0,,,,,False
1769356201.998388,12.089387646,0.3320853008943445,0.2933283487955729,1.0,,,,,False
1769356202.002384,12.093383646,0.3391658839057473,0.282885346589265,1.0,,,,,False
1769356202.010389,12.101388646,0.3568265578326057,0.2613693802445023,1.0,,,,,False
1769356202.014404,12.105403646,0.3765312643612132,0.2708589907045717,1.0,,,,,False
1769356202.0184171,12.109416646,0.3901910501367905,0.267456958912037,1.0,,,,,False
1769356202.022408,12.113407646,0.3634209352381089,0.2691565619574653,1.0,,,,,False
1769356202.030401,12.121400646,0.3591185177073759,0.2761371188693576,1.0,,,,,False
1769356202.034521,12.125520646,0.3436969308292164,0.2629102918836805,1.0,,,,,False
1769356202.038397,12.129396646,0.3550682628855985,0.2739639282226562,1.0,,,,,False
1769356202.046415,12.137414646000002,0.3723002321579877,0.2630001491970486,1.0,,,,,False
1769356202.051254,12.142253646,0.3856341979082893,0.2484230324074073,1.0,,,,,False
1769356202.054483,12.145482646,0.3913817405700683,0.2370904993127893,1.0,,,,,False
1769356202.058479,12.149478646,0.3699387943043428,0.2254153781467014,1.0,,,,,False
1769356202.0663931,12.157392646,0.352790916667265,0.1996327152958622,1.0,,,,,False
1769356202.070411,12.161410646,0.3686655829934513,0.1948959915726272,1.0,,,,,False
1769356202.074508,12.165507646,0.372798667234533,0.1938921327944155,1.0,,,,,False
1769356202.078391,12.169390646,0.363308682161219,0.1989178692853009,1.0,,,,,False
1769356202.0866141,12.177613646,0.3744758437661564,0.2066739682798032,1.0,,,,,False
1769356202.0905201,12.181519646,0.3810782432556152,0.1974957501446759,1.0,,,,,False
1769356202.094501,12.185500646,0.3759517108692842,0.197419117115162,1.0,,,,,False
1769356202.098392,12.189391646,0.4009313583374023,0.2185643513997396,1.0,,,,,False
1769356202.106609,12.197608646,0.4394800522748162,0.234620949074074,1.0,,,,,False
1769356202.110533,12.201532646,0.5005531311035156,0.2452722620081018,1.0,,,,,False
1769356202.1143641,12.205363646,0.5609055126414579,0.2441782633463541,1.0,,,,,False
1769356202.118486,12.209485646,0.5228498683256262,0.256832433629919,1.0,,,,,False
1769356202.126375,12.217374646,0.5063732932595646,0.2627822875976562,1.0,,,,,False
1769356202.130711,12.221710646,0.4956593232996323,0.2652795297128183,1.0,,,,,False
1769356202.134844,12.225843646,0.4856488844927619,0.2710158171477141,1.0,,,,,False
1769356202.138789,12.229788646,0.4810593548943014,0.2742676911530671,1.0,,,,,False
1769356202.146357,12.237356646,0.4720843820010914,0.2759500009042245,1.0,,,,,False
1769356202.150389,12.241388646,0.4694410492392147,0.2768663194444444,1.0,,,,,False
1769356202.1546412,12.245640646,0.4692291371962603,0.2825935081199363,1.0,,,,,False
1769356202.158421,12.249420646,0.5078980501960305,0.2872294108072917,1.0,,,,,False
1769356202.166413,12.257412646,0.5182562996359432,0.3047535649052373,1.0,,,,,False
1769356202.170562,12.261561646,0.5109236661125632,0.3360503585250289,1.0,,,,,False
1769356202.17457,12.265569646,0.5120618483599495,0.3462619922779224,1.0,,,,,False
1769356202.178562,12.269561646,0.5007189582375919,0.3715561478226273,1.0,,,,,False
1769356202.18667,12.277669646,0.4949255550608915,0.3928525571469907,1.0,,,,,False
1769356202.190386,12.281385646,0.4966236002304974,0.3964396158854166,1.0,,,,,False
1769356202.194402,12.285401646,0.4963253806619083,0.4090602168330439,1.0,,,,,False
1769356202.198345,12.289344646,0.5014134014354032,0.4118830362955729,1.0,,,,,False
1769356202.206382,12.297381646000002,0.5086985756369198,0.4141794275354455,1.0,,,,,False
1769356202.21041,12.301409646000002,0.5079564487232882,0.4118819625289351,1.0,,,,,False
1769356202.2147582,12.305757646,0.5023630927590763,0.414036277488426,1.0,,,,,False
1769356202.218532,12.309531646,0.4992566950180951,0.410932696307147,1.0,,,,,False
1769356202.226414,12.317413646,0.4967275507309857,0.4150836520724826,1.0,,,,,False
1769356202.230386,12.321385646,0.495456807753619,0.4279841670283565,1.0,,,,,False
1769356202.23442,12.325419646,0.4922066295848173,0.433561932599103,1.0,,,,,False
1769356202.238348,12.329347646,0.4907342686372645,0.4333339549877025,1.0,,,,,False
1769356202.246319,12.337318646,0.4869493596694049,0.4369606865776909,1.0,,,,,False
1769356202.250582,12.341581646000002,0.4862132913926068,0.4380710177951389,1.0,,,,,False
1769356202.254748,12.345747646,0.4848755107206456,0.4319896556712963,1.0,,,,,False
1769356202.258517,12.349516646,0.4836169972139246,0.4288043551974826,1.0,,,,,False
1769356202.266591,12.357590646,0.4842786788940429,0.4259936297381366,1.0,,,,,False
1769356202.270397,12.361396646,0.4833935569314396,0.4278635660807292,1.0,,,,,False
1769356202.2751641,12.366163646,0.4906686334049,0.4231514259620949,1.0,,,,,False
1769356202.2785401,12.369539646000002,0.4896450042724609,0.4204020747432002,1.0,,,,,False
1769356202.2865021,12.377501646,0.4889855665319106,0.4167605364764178,1.0,,,,,False
1769356202.29059,12.381589646,0.4897402595071232,0.4173001889829282,1.0,,,,,False
1769356202.294588,12.385587646,0.4908892126644359,0.4146058259186921,1.0,,,,,False
1769356202.298515,12.389514646,0.4932460784912109,0.4159618801540798,1.0,,,,,False
1769356202.306524,12.397523646000002,0.4904104120591107,0.4155137238679108,1.0,,,,,False
1769356202.310359,12.401358646,0.4931034200331744,0.416464685510706,1.0,,,,,False
1769356202.315347,12.406346646,0.4937130423153148,0.4170461584020544,1.0,,,,,False
1769356202.31855,12.409549646,0.4930309968836167,0.4159858986183449,1.0,,,,,False
1769356202.326421,12.417420646,0.4923302706550149,0.4146635832609954,1.0,,,,,False
1769356202.330596,12.421595646,0.4909800922169405,0.4148464061595776,1.0,,,,,False
1769356202.334664,12.425663646,0.4914467194501091,0.4112466317635995,1.0,,,,,False
1769356202.3385181,12.429517646,0.4906885483685662,0.4110700254087095,1.0,,,,,False
1769356202.346487,12.437486646,0.4901382782879998,0.4118968822337963,1.0,,,,,False
1769356202.350415,12.441414646,0.4892697614781996,0.4122167516637731,1.0,,,,,False
1769356202.35435,12.445349646,0.4887074302224552,0.4111612955729167,1.0,,,,,False
1769356202.358401,12.449400646,0.4884303036858053,0.4108512030707465,1.0,,,,,False
1769356202.36653,12.457529646,0.4881143008961397,0.4103535404911748,1.0,,,,,False
1769356202.370364,12.461363646,0.4875585892621208,0.4104106196650752,1.0,,,,,False
1769356202.374653,12.465652646,0.4871686486636891,0.4088942916304977,1.0,,,,,False
1769356202.378398,12.469397646,0.4876450370339786,0.4093908804434317,1.0,,,,,False
1769356202.3863811,12.477380646,0.4869242836447323,0.4074453283239294,1.0,,,,,False
1769356202.390419,12.481418646000002,0.4865144841811236,0.4072608100043402,1.0,,,,,False
1769356202.394588,12.485587646,0.487486670998966,0.4066715946903935,1.0,,,,,False
1769356202.3985581,12.489557646000002,0.4874761805814855,0.4079770688657407,1.0,,,,,False
1769356202.406408,12.497407646,0.4878355475033031,0.4058151810257523,1.0,,,,,False
1769356202.410413,12.501412646,0.4879075218649471,0.4060555352105035,1.0,,,,,False
1769356202.414715,12.505714646,0.488660924574908,0.4066194322374131,1.0,,,,,False
1769356202.419076,12.510075646,0.4891237932093003,0.4071139300311053,1.0,,,,,False
1769356202.426407,12.517406646,0.4886359607472139,0.4058091340241608,1.0,,,,,False
1769356202.430557,12.521556646,0.4882811939015108,0.4065446076569734,1.0,,,,,False
1769356202.434582,12.525581646,0.4881878460154814,0.4070180822301794,1.0,,,,,False
1769356202.438419,12.529418646000002,0.4880914688110351,0.4070839210792824,1.0,,,,,False
1769356202.446369,12.537368646,0.487850077012006,0.4072803073459201,1.0,,,,,False
1769356202.450388,12.541387646,0.4879094853120692,0.4069532606336805,1.0,,,,,False
1769356202.4546301,12.545629646,0.4883919884176815,0.4070761221426504,1.0,,,,,False
1769356202.458653,12.549652646,0.488161704119514,0.4067637125651041,1.0,,,,,False
1769356202.466403,12.557402646000002,0.4880688050213982,0.4054615162037037,1.0,,,,,False
1769356202.470403,12.561402646,0.4881808898028205,0.4054495917426215,1.0,,,,,False
1769356202.4748821,12.565881646,0.4881113837747013,0.4050303141276041,1.0,,,,,False
1769356202.4785151,12.569514646,0.4880179797901827,0.4046071935583044,1.0,,,,,False
1769356202.4867,12.577699646,0.4879415736478917,0.4059992472330729,1.0,,,,,False
1769356202.4905272,12.581526646,0.4882505641264074,0.4058783637152777,1.0,,,,,False
1769356202.494787,12.585786646,0.4880386240342084,0.4059151543511284,1.0,,,,,False
1769356202.498583,12.589582646,0.4882887671975529,0.4064383612738715,1.0,,,,,False
1769356202.5064,12.597399646,0.4887525895062615,0.4055376406069155,1.0,,,,,False
1769356202.510556,12.601555646,0.4892613467048196,0.4055554425274884,1.0,,,,,False
1769356202.514579,12.605578646,0.4911883859073414,0.4052907307942708,1.0,,,,,False
1769356202.5185251,12.609524646,0.4913084366742302,0.4049062093098958,1.0,,,,,False
1769356202.526501,12.617500646000002,0.4916761061724494,0.4052660906756365,1.0,,,,,False
1769356202.531441,12.622440646,0.491673750035903,0.4062597769278067,1.0,,,,,False
1769356202.534524,12.625523646,0.4915349062751321,0.4059548272026909,1.0,,,,,False
1769356202.53852,12.629519646,0.4917875738704906,0.4064347443757233,1.0,,,,,False
1769356202.546411,12.637410646,0.4932701447430779,0.4062568947120949,1.0,,,,,False
1769356202.5505311,12.641530646,0.4929285049438476,0.4059032298900463,1.0,,,,,False
1769356202.554518,12.645517646,0.494022201089298,0.4056829947012442,1.0,,,,,False
1769356202.558371,12.649370646,0.4944573570700252,0.4054363674587673,1.0,,,,,False
1769356202.566574,12.657573646,0.4936434801887063,0.4050696478949652,1.0,,,,,False
1769356202.570568,12.661567646,0.4933256261488971,0.4047954983181423,1.0,,,,,False
1769356202.574538,12.665537646,0.4931463914759019,0.4048042014793113,1.0,,,,,False
1769356202.5783641,12.669363646,0.4928920409258674,0.4045953821252893,1.0,,,,,False
1769356202.586514,12.677513646,0.4924473482019761,0.4042245935510706,1.0,,,,,False
1769356202.590922,12.681921646,0.4922306397381951,0.4038191618742766,1.0,,,,,False
1769356202.594418,12.685417646,0.49261755101821,0.4037770024052373,1.0,,,,,False
1769356202.598396,12.689395646,0.4924586800967945,0.4038738109447338,1.0,,,,,False
1769356202.606381,12.697380646,0.4924543044146369,0.402514252839265,1.0,,,,,False
1769356202.6103961,12.701395646,0.492285223568187,0.402414901168258,1.0,,,,,False
1769356202.614847,12.705846646,0.4920870837043313,0.4021941008391203,1.0,,,,,False
1769356202.618411,12.709410646,0.4922005148494945,0.4021342524775753,1.0,,,,,False
1769356202.626396,12.717395646,0.4918705435360179,0.4023207487883391,1.0,,,,,False
1769356202.630501,12.721500646,0.4919769062715418,0.4060035988136574,1.0,,,,,False
1769356202.634414,12.725413646000002,0.4917926788330078,0.4198983086480035,1.0,,,,,False
1769356202.638354,12.729353646000002,0.4916255614336799,0.4388360482675058,1.0,,,,,False
1769356202.646574,12.737573646,0.4879810108857996,0.4704280146846065,1.0,,,,,False
1769356202.650404,12.741403646,0.4866186029770795,0.4930000022605613,1.0,,,,,False
1769356202.654563,12.745562646000002,0.4830349192899816,0.5167171902126736,1.0,,,,,False
1769356202.658472,12.749471646,0.4729166591868681,0.5405254505298756,1.0,,,,,False
1769356202.666395,12.757394646000002,0.457278896780575,0.5578985426161025,1.0,,,,,False
1769356202.670492,12.761491646,0.4454765039331773,0.5790129767523872,1.0,,,,,False
1769356202.674617,12.765616646000002,0.4322752952575683,0.6387724417227285,1.0,,,,,False
1769356202.6785522,12.769551646,0.4089701035443474,0.6795597782841436,1.0,,,,,False
1769356202.686497,12.777496646,0.4052798607770134,0.6289349308720342,1.0,,,,,False
1769356202.690524,12.781523646,0.3843522913315716,0.6373186464662906,1.0,,,,,False
1769356202.694561,12.785560646,0.358829189749325,0.6433458116319444,1.0,,,,,False
1769356202.69851,12.789509646,0.3254852855906767,0.6536796287254051,1.0,,,,,False
1769356202.706505,12.797504646,0.36563881705789,0.674048501473886,1.0,,,,,False
1769356202.710536,12.801535646,0.3557392288656795,0.6819444727014612,1.0,,,,,False
1769356202.714741,12.805740646,0.370669028338264,0.7410912972909434,1.0,,,,,False
1769356202.718527,12.809526646,0.3609094058766084,0.7790861200403284,1.0,,,,,False
1769356202.7265391,12.817538646,0.3685300490435432,0.8119207170274523,1.0,,,,,False
1769356202.7305532,12.821552646,0.37887503119076,0.8147950631600839,1.0,,,,,False
1769356202.734638,12.825637646,0.3907592997831456,0.7842574366816768,1.0,,,,,False
1769356202.739442,12.830441646,0.3980862112606273,0.7692817546703197,1.0,,,,,False
1769356202.746536,12.837535646,0.4025385239545037,0.756728419551143,1.0,,,,,False
1769356202.7504091,12.841408646,0.4032247767728917,0.7538835313585069,1.0,,,,,False
1769356202.7545521,12.845551646,0.4036586424883674,0.7557717782479745,1.0,,,,,False
1769356202.7584891,12.849488646,0.40493564044728,0.7600471496582031,1.0,,,,,False
1769356202.766614,12.857613646,0.4095817734213436,0.7677335809778284,1.0,,,,,False
1769356202.77059,12.861589646,0.409704937654383,0.7690114621762876,1.0,,,,,False
1769356202.774611,12.865610646,0.4074189522687126,0.7720119476318359,1.0,,,,,False
1769356202.7788281,12.869827646,0.4070294604581945,0.7772217362015336,1.0,,,,,False
1769356202.786786,12.877785646,0.408552983227898,0.7740855040373625,1.0,,,,,False
1769356202.790527,12.881526646,0.4067844222573673,0.773405173972801,1.0,,,,,False
1769356202.794569,12.885568646,0.4084875723894904,0.7731643535472729,1.0,,,,,False
1769356202.802339,12.893338646,0.4106474203221938,0.7744037063033493,1.0,,,,,False
1769356202.8065531,12.897552646,0.409915475284352,0.77621174565068,1.0,,,,,False
1769356202.8104131,12.901412646,0.4105710422291475,0.7731806719744647,1.0,,,,,False
1769356202.8145661,12.905565646,0.411341386682847,0.7740196369312428,1.0,,,,,False
1769356202.822386,12.913385646,0.4133145668927361,0.7730064674660011,1.0,,,,,False
1769356202.828535,12.919534646,0.415171370786779,0.7728472815619575,1.0,,,,,False
1769356202.830391,12.921390646,0.4155833019929774,0.7725572374131944,1.0,,,,,False
1769356202.834395,12.925394646,0.4166733797858743,0.7739582909478082,1.0,,,,,False
1769356202.842504,12.933503646,0.4181249281939338,0.7752648812753182,1.0,,,,,False
1769356202.846738,12.937737646,0.4183986046734978,0.772576649983724,1.0,,,,,False
1769356202.850496,12.941495646000002,0.4185350642484777,0.771390293262623,1.0,,,,,False
1769356202.854486,12.945485646000002,0.418515401728013,0.7721834959807219,1.0,,,,,False
1769356202.862497,12.953496646,0.4194236082189223,0.7752525612160012,1.0,,,,,False
1769356202.8665001,12.957499646,0.4190481410307042,0.7743388564498337,1.0,,,,,False
1769356202.870383,12.961382646,0.4193895844852223,0.7764919422290943,1.0,,,,,False
1769356202.874388,12.965387646,0.4197221082799575,0.7746040768093533,1.0,,,,,False
1769356202.882679,12.973678646000002,0.4194940398721134,0.7720824912742332,1.0,,,,,False
1769356202.886548,12.977547646,0.4194331449620864,0.7735286006221065,1.0,,,,,False
1769356202.890506,12.981505646,0.4191318399765912,0.7707918520326967,1.0,,,,,False
1769356202.894411,12.985410646,0.4189118778004366,0.772424825032552,1.0,,,,,False
1769356202.902663,12.993662646,0.4187096427468693,0.7762125509756583,1.0,,,,,False
1769356202.90674,12.997739646,0.4186790971194996,0.7755363323070384,1.0,,,,,False
1769356202.910414,13.001413646,0.4178775338565602,0.7734795040554471,1.0,,,,,False
1769356202.91441,13.005409646,0.4178037362940171,0.771866946750217,1.0,,,,,False
1769356202.922416,13.013415646,0.418487829320571,0.7723584210431134,1.0,,,,,False
1769356202.9266021,13.017601646,0.4179093697491814,0.7740933312310113,1.0,,,,,False
1769356202.930506,13.021505646,0.4175242536208209,0.7735091597945603,1.0,,,,,False
1769356202.934567,13.025566646,0.4177914507248822,0.7739401640715422,1.0,,,,,False
1769356202.942394,13.033393646,0.4164617762846105,0.770558915314851,1.0,,,,,False
1769356202.946513,13.037512646,0.4113543734830968,0.7720057452166522,1.0,,,,,False
1769356202.950377,13.041376646000002,0.4050695194917567,0.7704381165681062,1.0,,,,,False
1769356202.954397,13.045396646,0.3984564051908605,0.7697011453134042,1.0,,,,,False
1769356202.962414,13.053413646,0.3909928097444422,0.7695583202220775,1.0,,,,,False
1769356202.966343,13.057342646,0.3896966261022231,0.7711093054877387,1.0,,,,,False
1769356202.9705331,13.061532646000002,0.3897599332472857,0.7716290509259259,1.0,,,,,False
1769356202.97453,13.065529646000002,0.3891697210424086,0.7717535654703775,1.0,,,,,False
1769356202.982414,13.073413646,0.3870795474332921,0.77087279425727,1.0,,,,,False
1769356202.986613,13.077612646,0.3868642133824965,0.7712566517017506,1.0,,,,,False
1769356202.990408,13.081407646,0.3861184120178222,0.7708504429569951,1.0,,,,,False
1769356202.9946191,13.085618646,0.3876558752620921,0.7703376063594112,1.0,,,,,False
1769356203.0025392,13.093538646,0.3880361108218922,0.7696364650019893,1.0,,,,,False
1769356203.006395,13.097394646,0.3885811076444738,0.7709469971833406,1.0,,,,,False
1769356203.010548,13.101547646,0.3884509030510397,0.7691565478289569,1.0,,,,,False
1769356203.014576,13.105575646,0.3890256320728975,0.768517162181713,1.0,,,,,False
1769356203.022387,13.113386646,0.3898830694310805,0.7664491441514757,1.0,,,,,False
1769356203.026499,13.117498646,0.3901947245878331,0.7656878859908492,1.0,,,,,False
1769356203.03052,13.121519646,0.3888156273785759,0.7656550513373481,1.0,,,,,False
1769356203.034498,13.125497646,0.3889034215141745,0.7667722348813657,1.0,,,,,False
1769356203.0424972,13.133496646,0.3879018110387465,0.7686064543547454,1.0,,,,,False
1769356203.046495,13.137494646,0.3871677062090705,0.7667837213586878,1.0,,,,,False
1769356203.050575,13.141574646,0.3884611690745634,0.7662700794361256,1.0,,,,,False
1769356203.054593,13.145592646,0.3877021004171932,0.7674369812011719,1.0,,,,,False
1769356203.062536,13.153535646000002,0.3882976419785443,0.7657986676251447,1.0,,,,,False
1769356203.0665731,13.157572646,0.3885691867155187,0.7654446778474031,1.0,,,,,False
1769356203.070415,13.161414646,0.388731367447797,0.7648986251265915,1.0,,,,,False
1769356203.074554,13.165553646,0.3885532827938304,0.7647715957076462,1.0,,,,,False
1769356203.082408,13.173407646,0.3879918210646685,0.7672111087375217,1.0,,,,,False
1769356203.0865471,13.177546646,0.3873172647812787,0.7665638393825955,1.0,,,,,False
1769356203.090601,13.181600646,0.3872700579026166,0.7661562036584925,1.0,,,,,False
1769356203.094506,13.185505646,0.3870959562413832,0.7657083158139829,1.0,,,,,False
1769356203.102341,13.193340646,0.3872706188875086,0.7653078008581091,1.0,,,,,False
1769356203.106493,13.197492646,0.3880778200486127,0.765811538696289,1.0,,,,,False
1769356203.110532,13.201531646,0.3875340854420381,0.7654670150191696,1.0,,,,,False
1769356203.114398,13.205397646000002,0.3877208373125861,0.7648656209309896,1.0,,,,,False
1769356203.122356,13.213355646,0.3878893010756549,0.7665425759774667,1.0,,,,,False
1769356203.126389,13.217388646000002,0.3883725054123822,0.7660257127549913,1.0,,,,,False
1769356203.130647,13.221646646,0.3883486916037166,0.766280025906033,1.0,,,,,False
1769356203.134507,13.225506646,0.3889585943783031,0.7652671531394676,1.0,,,,,False
1769356203.142357,13.233356646,0.3886601223665125,0.7644573776810257,1.0,,,,,False
1769356203.146909,13.237908646,0.3880735004649442,0.763464751066985,1.0,,,,,False
1769356203.150649,13.241648646000002,0.3880880299736471,0.7635262807210287,1.0,,,,,False
1769356203.154417,13.245416646,0.3883348352768841,0.7647353560836228,1.0,,,,,False
1769356203.162477,13.253476646,0.3879392287310432,0.767798501473886,1.0,,,,,False
1769356203.166501,13.257500646,0.3879037183873793,0.7673941576922382,1.0,,,,,False
1769356203.170644,13.261643646,0.3871891358319451,0.7715366222240306,1.0,,,,,False
1769356203.174525,13.265524646,0.3853552481707404,0.7747028350830079,1.0,,,,,False
1769356203.182405,13.273404646,0.3794952841366039,0.7854236320213035,1.0,,,,,False
1769356203.186408,13.277407646,0.3777818118824678,0.7886796456796151,1.0,,,,,False
1769356203.190478,13.281477646,0.3770200785468606,0.7897191365559896,1.0,,,,,False
1769356203.194384,13.285383646,0.3774777019725126,0.789483967533818,1.0,,,,,False
1769356203.202564,13.293563646,0.3778512618120979,0.7900330154984085,1.0,,,,,False
1769356203.206587,13.297586646,0.3772976819206686,0.7883130250153718,1.0,,,,,False
1769356203.210383,13.301382646,0.3760478917290182,0.7883019341362847,1.0,,,,,False
1769356203.2144032,13.305402646,0.3743837019976447,0.789909588849103,1.0,,,,,False
1769356203.222389,13.313388646000002,0.3751764577977797,0.7878916281240957,1.0,,,,,False
1769356203.226325,13.317324646,0.3754354645224178,0.7878941429985894,1.0,,,,,False
1769356203.230403,13.321402646,0.3762952299679027,0.7888573540581597,1.0,,,,,False
1769356203.234489,13.325488646,0.3762329886941349,0.7889196749086733,1.0,,,,,False
1769356203.244251,13.335250646,0.3755582921645221,0.7871958132143374,1.0,,,,,False
1769356203.246476,13.337475646,0.3756609243505141,0.7869853690818505,1.0,,,,,False
1769356203.250571,13.341570646,0.3757333194508272,0.7868655452021847,1.0,,,,,False
1769356203.254684,13.345683646,0.375547212712905,0.7887033957022208,1.0,,,,,False
1769356203.262392,13.353391646,0.3751247910892262,0.7898123281973379,1.0,,,,,False
1769356203.266388,13.357387646,0.37488914938534,0.7888015181929977,1.0,,,,,False
1769356203.270495,13.361494646,0.3754705260781681,0.7891239872685185,1.0,,,,,False
1769356203.2743921,13.365391646,0.3753148247213924,0.7888994428846572,1.0,,,,,False
1769356203.282403,13.373402646,0.3753980748793658,0.7899815594708478,1.0,,,,,False
1769356203.286377,13.377376646,0.3756031148573931,0.789146395082827,1.0,,,,,False
1769356203.2904131,13.381412646,0.3740522160249598,0.7886003706190321,1.0,,,,,False
1769356203.294662,13.385661646,0.3728186382966883,0.7885458910906756,1.0,,,,,False
1769356203.302687,13.393686646,0.3715160874759449,0.7875902387830946,1.0,,,,,False
1769356203.3066092,13.397608646,0.3718365500955021,0.7871598844174985,1.0,,,,,False
1769356203.3106241,13.401623646,0.3721624823177562,0.7876087188720703,1.0,,,,,False
1769356203.314416,13.405415646000002,0.3718348951900707,0.788812001546224,1.0,,,,,False
1769356203.322412,13.413411646,0.3716979587779325,0.788269297281901,1.0,,,,,False
1769356203.32642,13.417419646,0.372290106380687,0.7883255004882812,1.0,,,,,False
1769356203.3305202,13.421519646,0.3714343800264246,0.7880186292860243,1.0,,,,,False
1769356203.334387,13.425386646000002,0.3717002868652344,0.7885308866147642,1.0,,,,,False
1769356203.342407,13.433406646000002,0.3726292217479032,0.7881064944797092,1.0,,,,,False
1769356203.3463721,13.437371646,0.3730899025412166,0.788284103958695,1.0,,,,,False
1769356203.350354,13.441353646,0.3728367300594554,0.7883296118842231,1.0,,,,,False
1769356203.3546011,13.445600646,0.3729848861694336,0.7880729816578053,1.0,,,,,False
1769356203.362397,13.453396646000002,0.3724270147435805,0.7885802516230831,1.0,,,,,False
1769356203.366514,13.457513646,0.3726700614480411,0.7882675029613353,1.0,,,,,False
1769356203.370413,13.461412646,0.3726605527541217,0.787797518129702,1.0,,,,,False
1769356203.3757231,13.466722646,0.3722423946156221,0.7879426602964048,1.0,,,,,False
1769356203.38254,13.473539646,0.3721162291134105,0.7872567918565538,1.0,,,,,False
1769356203.386543,13.477542646000002,0.37237548828125,0.7873432441993996,1.0,,,,,False
1769356203.390418,13.481417646,0.3726247058195226,0.787814853809498,1.0,,,,,False
1769356203.39499,13.485989646,0.3728950724882238,0.788252936469184,1.0,,,,,False
1769356203.402348,13.493347646,0.371822805965648,0.7881432568585431,1.0,,,,,False
1769356203.406557,13.497556646,0.3721413892858168,0.7882921430799696,1.0,,,,,False
1769356203.410418,13.501417646,0.3724138035493738,0.7888146577058015,1.0,,,,,False
1769356203.415275,13.506274646,0.3725478228400735,0.788344489203559,1.0,,,,,False
1769356203.422609,13.513608646000002,0.3706802199868595,0.7886849438702619,1.0,,,,,False
1769356203.426387,13.517386646,0.3707247902365291,0.7896455552842883,1.0,,,,,False
1769356203.430492,13.521491646,0.3706989568822524,0.7899464359989873,1.0,,,,,False
1769356203.434607,13.525606646,0.3710064327015596,0.7899185745804398,1.0,,,,,False
1769356203.4423501,13.533349646,0.3715060458463781,0.7902221397117333,1.0,,,,,False
1769356203.446578,13.537577646,0.3716768937952378,0.7904156861481844,1.0,,,,,False
1769356203.4506931,13.541692646,0.3711775330936207,0.7900337219238281,1.0,,,,,False
1769356203.454931,13.545930646,0.3713224074419807,0.7898683618616175,1.0,,,,,False
1769356203.462412,13.553411646,0.3712266753701603,0.7907766554090712,1.0,,,,,False
1769356203.466417,13.557416646,0.3714375215418198,0.7904210267243562,1.0,,,,,False
1769356203.470825,13.561824646000002,0.3715926338644588,0.7903164475052444,1.0,,,,,False
1769356203.474407,13.565406646,0.3717016051797306,0.7902880633318866,1.0,,,,,False
1769356203.482399,13.573398646,0.371033556321088,0.7900813491256149,1.0,,,,,False
1769356203.486507,13.577506646000002,0.3714533974142635,0.7907850901285807,1.0,,,,,False
1769356203.490696,13.581695646,0.3715737286735983,0.7904837714301215,1.0,,,,,False
1769356203.494478,13.585477646,0.3717218006358427,0.7902320720531322,1.0,,,,,False
1769356203.502543,13.593542646,0.3718351476332721,0.7897942578351056,1.0,,,,,False
1769356203.50647,13.597469646,0.3719035316916073,0.7895993974473741,1.0,,,,,False
1769356203.510488,13.601487646,0.3714088832630831,0.789416433263708,1.0,,,,,False
1769356203.514467,13.605466646,0.3713566275203929,0.7892505504466869,1.0,,,,,False
1769356203.522348,13.613347646,0.3711827502531163,0.7894726929841218,1.0,,,,,False
1769356203.5265222,13.617521646,0.3713236696579877,0.7893881479899089,1.0,,,,,False
1769356203.5303931,13.621392646,0.3707777191610897,0.7892844447383174,1.0,,,,,False
1769356203.534519,13.625518646000002,0.3703657038071576,0.7891554797137226,1.0,,,,,False
1769356203.542392,13.633391646000002,0.3697440203498391,0.7889126106544777,1.0,,,,,False
1769356203.546391,13.637390646,0.3698913630317239,0.7887334611680772,1.0,,,,,False
1769356203.550406,13.641405646,0.3700358446906595,0.7883288348162616,1.0,,,,,False
1769356203.554406,13.645405646,0.3700789002811207,0.7882217407226563,1.0,,,,,False
1769356203.562387,13.653386646,0.3703457327450023,0.7857625042950666,1.0,,,,,False
1769356203.5665581,13.657557646,0.3704701311448041,0.7855582060637297,1.0,,,,,False
1769356203.570488,13.661487646,0.3705877135781681,0.7855302881311488,1.0,,,,,False
1769356203.5786161,13.669615646,0.3704075532801011,0.7854451073540581,1.0,,,,,False
1769356203.582366,13.673365646,0.3705315309412339,0.7852899904604311,1.0,,,,,False
1769356203.586558,13.677557646,0.3704315073349896,0.7853541197600188,1.0,,,,,False
1769356203.590576,13.681575646,0.3705383469076717,0.7847132647479023,1.0,,,,,False
1769356203.598373,13.689372646,0.3705548679127413,0.7845026934588397,1.0,,,,,False
1769356203.602421,13.693420646000002,0.3709932215073529,0.7844448654739945,1.0,,,,,False
1769356203.6064692,13.697468646,0.3710258427788229,0.7840626045509621,1.0,,,,,False
1769356203.6104171,13.701416646,0.3708626242244945,0.7835484116165726,1.0,,,,,False
1769356203.618654,13.709653646,0.3709629002739401,0.7836720360649957,1.0,,,,,False
1769356203.622517,13.713516646,0.3709974008447984,0.7833173398618345,1.0,,,,,False
1769356203.626494,13.717493646,0.3710191670586081,0.7831793043348525,1.0,,,,,False
1769356203.630485,13.721484646,0.3710605116451488,0.7831239629674841,1.0,,,,,False
1769356203.638387,13.729386646,0.3703433766084559,0.7819719526502822,1.0,,,,,False
1769356203.642385,13.733384646,0.3705430591807646,0.7819821110478153,1.0,,,,,False
1769356203.646346,13.737345646,0.370730203740737,0.7820054654721861,1.0,,,,,False
1769356203.650767,13.741766646,0.3710121547474581,0.7820374382866754,1.0,,,,,False
1769356203.658497,13.749496646,0.3705330456004423,0.782357011017976,1.0,,,,,False
1769356203.662475,13.753474646,0.3710459540872013,0.7823559089943215,1.0,,,,,False
1769356203.666495,13.757494646,0.3719001377330106,0.7826629073531539,1.0,,,,,False
1769356203.6703691,13.761368646,0.3722423946156221,0.7828528510199653,1.0,,,,,False
1769356203.6783571,13.769356646,0.3721908681532916,0.783382076687283,1.0,,,,,False
1769356203.68255,13.773549646,0.3722090721130371,0.7844513222023293,1.0,,,,,False
1769356203.6864011,13.777400646,0.3714865235721363,0.7865135616726345,1.0,,,,,False
1769356203.690543,13.781542646,0.3710667946759392,0.7878145994963469,1.0,,,,,False
1769356203.698838,13.789837646,0.3711482216330135,0.7922209139223452,1.0,,,,,False
1769356203.702334,13.793333646,0.3709483707652372,0.7929914545129847,1.0,,,,,False
1769356203.706404,13.797403646,0.3706026638255399,0.7926718111391421,1.0,,,,,False
1769356203.710623,13.801622646,0.3700296738568474,0.7924881546585648,1.0,,,,,False
1769356203.7183561,13.809355646,0.3693309391246122,0.7940003712972006,1.0,,,,,False
1769356203.722385,13.813384646,0.3688667241264792,0.7941555447048612,1.0,,,,,False
1769356203.72695,13.817949646,0.3687735725851619,0.7939240490948712,1.0,,,,,False
1769356203.731334,13.822333646,0.3688608898836024,0.7943057166205512,1.0,,,,,False
1769356203.73857,13.829569646,0.3689779113320743,0.7939358887849031,1.0,,,,,False
1769356203.742511,13.833510646,0.3688740730285644,0.7940408212167245,1.0,,,,,False
1769356203.7465181,13.837517646,0.3689502828261431,0.7937742727774161,1.0,,,,,False
1769356203.750505,13.841504646,0.3692702405592974,0.7941145579020182,1.0,,,,,False
1769356203.758383,13.849382646,0.3684372621424058,0.7941860481544777,1.0,,,,,False
1769356203.762356,13.853355646,0.367194372064927,0.7939620265254268,1.0,,,,,False
1769356203.7663631,13.857362646,0.3675011466531193,0.7938310835096571,1.0,,,,,False
1769356203.770499,13.861498646,0.3675317764282226,0.7945039113362631,1.0,,,,,False
1769356203.778405,13.869404646,0.3673060922061695,0.7949117589879919,1.0,,,,,False
1769356203.782345,13.873344646,0.3673321219051585,0.7946808002613209,1.0,,,,,False
1769356203.786497,13.877496646,0.3673189107109518,0.7945158075403285,1.0,,,,,False
1769356203.790395,13.881394646,0.3674167745253619,0.7944501241048177,1.0,,,,,False
1769356203.798408,13.889407646,0.3673938021940343,0.7940902709960938,1.0,,,,,False
1769356203.8024771,13.893476646000002,0.3675304300644818,0.7942401744701244,1.0,,,,,False
1769356203.8064032,13.897402646000002,0.3671358332914464,0.7940843511510778,1.0,,,,,False
1769356203.810388,13.901387646000002,0.3672298263101017,0.7939614896421079,1.0,,,,,False
1769356203.818346,13.909345646,0.3673893143148983,0.7939940134684245,1.0,,,,,False
1769356203.822367,13.913366646,0.3673813483294318,0.7938623075132016,1.0,,,,,False
1769356203.826348,13.917347646,0.3674241795259363,0.7937296549479167,1.0,,,,,False
1769356203.830369,13.921368646,0.3675697551054113,0.7940531836615669,1.0,,,,,False
1769356203.838385,13.929384646,0.367312936221852,0.7943009694417318,1.0,,,,,False
1769356203.842372,13.933371646,0.3673880240496467,0.7942005016185619,1.0,,,,,False
1769356203.84639,13.937389646000002,0.3673849105834961,0.7943827452483001,1.0,,,,,False
1769356203.850398,13.941397646,0.3674549775965073,0.7945951391149451,1.0,,,,,False
1769356203.858391,13.949390646,0.367649190566119,0.7946690877278646,1.0,,,,,False
1769356203.862371,13.953370646000002,0.3676596248851103,0.7948670422589337,1.0,,,,,False
1769356203.866419,13.957418646,0.3676785300759708,0.7948451854564526,1.0,,,,,False
1769356203.870385,13.961384646,0.3682219841900994,0.7947329627143012,1.0,,,,,False
1769356203.878395,13.969394646,0.368296651279225,0.7945630391438803,1.0,,,,,False
1769356203.8824031,13.973402646,0.3681064774008358,0.7947324823450159,1.0,,,,,False
1769356203.886356,13.977355646,0.3687988730037914,0.7950884783709491,1.0,,,,,False
1769356203.890672,13.981671646,0.3691346505109001,0.795029534233941,1.0,,,,,False
1769356203.8985631,13.989562646,0.3719796292922076,0.7948234416820384,1.0,,,,,False
1769356203.902373,13.993372646,0.373145580291748,0.7947928675898799,1.0,,,,,False
1769356203.90663,13.997629646,0.3743087544160731,0.7947035330313224,1.0,,,,,False
1769356203.9104002,14.001399646,0.3742627256056842,0.7943612275300203,1.0,,,,,False
1769356203.9183521,14.009351646,0.3748179323533002,0.7938223520914713,1.0,,,,,False
1769356203.922516,14.013515646,0.3756649634417365,0.7942002331769025,1.0,,,,,False
1769356203.92651,14.017509646,0.3756872906404383,0.7946894610369647,1.0,,,,,False
1769356203.930509,14.021508646,0.3763862497666302,0.7947231716579861,1.0,,,,,False
1769356203.938854,14.029853646,0.3763513565063476,0.7950387036358868,1.0,,,,,False
1769356203.942413,14.033412646,0.3772662948159611,0.7950233742042824,1.0,,,,,False
1769356203.946413,14.037412646000002,0.3774866496815401,0.7949488463225188,1.0,,,,,False
1769356203.950418,14.041417646,0.3782351157244514,0.7956106680410879,1.0,,,,,False
1769356203.958395,14.049394646,0.3782562368056353,0.7961960545292607,1.0,,,,,False
1769356203.963804,14.054803646000002,0.3785987461314481,0.7960594742386429,1.0,,,,,False
1769356203.966581,14.057580646000002,0.3784681488485897,0.7959886056405526,1.0,,,,,False
1769356203.97041,14.061409646,0.3783339051639332,0.7960864455611618,1.0,,,,,False
1769356203.97853,14.069529646,0.3780909145579618,0.7960472954644098,1.0,,,,,False
1769356203.982363,14.073362646,0.3779613550971536,0.79599038583261,1.0,,,,,False
1769356203.98634,14.077339646,0.3781596352072323,0.7959139929877387,1.0,,,,,False
1769356203.990407,14.081406646,0.3780177621280445,0.7958606437400535,1.0,,,,,False
1769356203.99839,14.089389646,0.3777708446278291,0.7957679465964989,1.0,,,,,False
1769356204.002374,14.093373646000002,0.3777995951035443,0.7959376299822772,1.0,,,,,False
1769356204.006607,14.097606646,0.3776791235979865,0.7960242377387152,1.0,,,,,False
1769356204.01056,14.101559646,0.3775762950672823,0.7959542309796368,1.0,,,,,False
1769356204.0184011,14.109400646,0.3777826253105612,0.7955402939407914,1.0,,,,,False
1769356204.02237,14.113369646,0.3777087716495289,0.7954806575068721,1.0,,,,,False
1769356204.02632,14.117319646,0.3784860442666447,0.7956668571189598,1.0,,,,,False
1769356204.0304132,14.121412646,0.378669963163488,0.7957219300446687,1.0,,,,,False
1769356204.038398,14.129397646,0.3785059592303108,0.7967640205665871,1.0,,,,,False
1769356204.043102,14.134101646,0.3784128637874828,0.7966886308458117,1.0,,,,,False
1769356204.046755,14.137754646,0.3784244481255026,0.7967037483497902,1.0,,,,,False
1769356204.051441,14.142440646,0.3780522907481474,0.7966146257188584,1.0,,,,,False
1769356204.05841,14.149409646,0.3781267334433162,0.7964974721272786,1.0,,,,,False
1769356204.062417,14.153416646,0.3797636032104492,0.7965153023048683,1.0,,,,,False
1769356204.066392,14.157391646,0.3833672018612132,0.7964184231228298,1.0,,,,,False
1769356204.070417,14.161416646,0.3865649279426126,0.7963542655662255,1.0,,,,,False
1769356204.078375,14.169374646,0.3940624349257525,0.7962541650842737,1.0,,,,,False
1769356204.08242,14.173419646,0.3964770260979147,0.7963598321985316,1.0,,,,,False
1769356204.086502,14.177501646,0.399838924407959,0.7964206271701388,1.0,,,,,False
1769356204.09041,14.181409646,0.4000766698051901,0.7965297416404442,1.0,,,,,False
1769356204.098418,14.189417646,0.3993862376493566,0.7962477083559389,1.0,,,,,False
1769356204.102404,14.193403646,0.3986660171957576,0.7961761050754124,1.0,,,,,False
1769356204.106388,14.197387646,0.3999076170079848,0.7961684898093895,1.0,,,,,False
1769356204.110366,14.201365646,0.3998615601483513,0.7958041014494719,1.0,,,,,False
1769356204.11849,14.209489646000002,0.3998653187471278,0.795786158243815,1.0,,,,,False
1769356204.122502,14.213501646,0.3998523599961224,0.7957916401050709,1.0,,,,,False
1769356204.126368,14.217367646,0.3996180085574879,0.7957397602222585,1.0,,,,,False
1769356204.130418,14.221417646,0.3989044077256146,0.795781566478588,1.0,,,,,False
1769356204.138478,14.229477646,0.4024229049682617,0.7956274244520399,1.0,,,,,False
1769356204.142368,14.233367646,0.401610626893885,0.7956617143419054,1.0,,,,,False
1769356204.1464992,14.237498646,0.4008255285375258,0.7951884234393085,1.0,,,,,False
1769356204.150502,14.241501646,0.4012485111460966,0.7949088061297381,1.0,,,,,False
1769356204.1585531,14.249552646,0.4018597883336684,0.7952069882993344,1.0,,,,,False
1769356204.162416,14.253415646,0.4022458300871007,0.7948590031376591,1.0,,,,,False
1769356204.1665452,14.257544646,0.4022477654849781,0.7948458071108218,1.0,,,,,False
1769356204.17051,14.261509646,0.4019325200249167,0.7944847813359013,1.0,,,,,False
1769356204.178564,14.269563646000002,0.4028021588045008,0.7938092690927011,1.0,,,,,False
1769356204.182416,14.273415646,0.4026975912206313,0.7935247350622107,1.0,,,,,False
1769356204.186508,14.277507646,0.4018422856050379,0.7933868973343461,1.0,,,,,False
1769356204.190396,14.281395646000002,0.4014836479635799,0.7933914749710649,1.0,,,,,False
1769356204.198416,14.289415646,0.4002969405230354,0.7931572101734303,1.0,,,,,False
1769356204.202512,14.293511646,0.4001277755288517,0.793278333875868,1.0,,,,,False
1769356204.206404,14.297403646,0.4010438638574937,0.7932699839274089,1.0,,,,,False
1769356204.210422,14.301421646,0.4009708236245548,0.7932710294370298,1.0,,,,,False
1769356204.218828,14.309827646,0.4014363288879394,0.793235100640191,1.0,,,,,False
1769356204.222554,14.313553646,0.4014903236837948,0.7929951703106916,1.0,,,,,False
1769356204.226538,14.317537646000002,0.4023955850040211,0.7924131746645326,1.0,,,,,False
1769356204.2305222,14.321521646,0.4024335075827205,0.7923637107566551,1.0,,,,,False
1769356204.23842,14.329419646000002,0.4017250958610983,0.7919900964807581,1.0,,,,,False
1769356204.242419,14.333418646,0.4017488535712747,0.7923556857638889,1.0,,,,,False
1769356204.2465851,14.337584646000002,0.4026566954220043,0.792161927399812,1.0,,,,,False
1769356204.251015,14.342014646,0.4034241508035099,0.7929279468677662,1.0,,,,,False
1769356204.25855,14.349549646000002,0.4034547525293687,0.793060557047526,1.0,,,,,False
1769356204.262374,14.353373646,0.4030559203203986,0.7932030713116681,1.0,,,,,False
1769356204.266415,14.357414646,0.4038106693941004,0.79357137326841,1.0,,,,,False
1769356204.2704,14.361399646,0.4035482967601103,0.7934987951208043,1.0,,,,,False
1769356204.278377,14.369376646,0.4040653004365809,0.7934354570176867,1.0,,,,,False
1769356204.282336,14.373335646,0.4046420490040499,0.7933854986120153,1.0,,,,,False
1769356204.286537,14.377536646,0.4043168460621553,0.7933314288104022,1.0,,,,,False
1769356204.290607,14.381606646000002,0.4052856669706456,0.7925655082420067,1.0,,,,,False
1769356204.298583,14.389582646,0.4062995910644531,0.7923486638952184,1.0,,,,,False
1769356204.302373,14.393372646,0.4091705995447495,0.7923711282235605,1.0,,,,,False
1769356204.306783,14.397782646,0.4096228094661937,0.7921044384991681,1.0,,,,,False
1769356204.3105571,14.401556646,0.411619551041547,0.7920977133291739,1.0,,,,,False
1769356204.318552,14.409551646,0.4143190944896024,0.7916946976273148,1.0,,,,,False
1769356204.3223631,14.413362646,0.4149081286262063,0.7917258651168257,1.0,,,,,False
1769356204.3266041,14.417603646000002,0.4155070921953986,0.7916054337112992,1.0,,,,,False
1769356204.330422,14.421421646,0.4156329211066751,0.7911814936885128,1.0,,,,,False
1769356204.338505,14.429504646000002,0.4147925096399644,0.7911371301721644,1.0,,,,,False
1769356204.3425791,14.433578646,0.4157813296598546,0.791504485518844,1.0,,,,,False
1769356204.346386,14.437385646,0.41510570750517,0.7911387973361546,1.0,,,,,False
1769356204.354471,14.445470646,0.4156656545751235,0.7911948168719256,1.0,,,,,False
1769356204.358325,14.449324646,0.4150515163646024,0.7911076863606771,1.0,,,,,False
1769356204.362512,14.453511646,0.4145374298095703,0.7911980381718389,1.0,,,,,False
1769356204.366498,14.457497646,0.415161834043615,0.7908234207718461,1.0,,,,,False
1769356204.374634,14.465633646,0.4153486139634076,0.7905029438160084,1.0,,,,,False
1769356204.378544,14.469543646000002,0.4158544259912827,0.7905088071469908,1.0,,,,,False
1769356204.382411,14.473410646,0.415898323059082,0.7910635206434462,1.0,,,,,False
1769356204.386418,14.477417646,0.4155244266285616,0.791082763671875,1.0,,,,,False
1769356204.394395,14.485394646,0.4160909372217515,0.7911335274025246,1.0,,,,,False
1769356204.3984041,14.489403646,0.4156652899349437,0.7905560104935258,1.0,,,,,False
1769356204.402508,14.493507646,0.4159525983473834,0.7906026345712167,1.0,,,,,False
1769356204.407078,14.498077646,0.4165522631476907,0.7906296482792607,1.0,,,,,False
1769356204.414622,14.505621646000002,0.4158448892481187,0.79068928471318,1.0,,,,,False
1769356204.418685,14.509684646,0.4155265583711512,0.7909376780192057,1.0,,,,,False
1769356204.422418,14.513417646,0.4156632423400879,0.791017433449074,1.0,,,,,False
1769356204.426512,14.517511646,0.415628433227539,0.7910612459535952,1.0,,,,,False
1769356204.43466,14.525659646,0.4157674733330221,0.790982112178096,1.0,,,,,False
1769356204.438508,14.529507646,0.4159766645992503,0.7911255165382668,1.0,,,,,False
1769356204.442493,14.533492646,0.4157283726860495,0.7909132074426721,1.0,,,,,False
1769356204.446991,14.537990646,0.4163706723381491,0.7910343735306351,1.0,,,,,False
1769356204.4547281,14.545727646,0.4158442160662483,0.7909684357819734,1.0,,,,,False
1769356204.458405,14.549404646,0.4157550475176643,0.7905022939046225,1.0,,,,,False
1769356204.46258,14.553579646,0.4156476750093348,0.7900390483714916,1.0,,,,,False
1769356204.466586,14.557585646,0.415510991040398,0.7898616225631149,1.0,,,,,False
1769356204.474525,14.565524646,0.4150067217209759,0.789351964879919,1.0,,,,,False
1769356204.478528,14.569527646,0.4149319424348719,0.7890629097267433,1.0,,,,,False
1769356204.482601,14.573600646,0.4148497020497041,0.7888583289252387,1.0,,,,,False
1769356204.486509,14.577508646,0.4148029439589556,0.7888418974699798,1.0,,,,,False
1769356204.4945521,14.585551646,0.4144224279067096,0.7889292257803457,1.0,,,,,False
1769356204.498596,14.589595646,0.4144473917344037,0.7893119529441551,1.0,,,,,False
1769356204.502665,14.593664646,0.4143508181852453,0.7899713021737558,1.0,,,,,False
1769356204.5065022,14.597501646,0.4151336445527918,0.7900875091552735,1.0,,,,,False
1769356204.514406,14.605405646,0.4147823277641745,0.7901356873688874,1.0,,,,,False
1769356204.518587,14.609586646,0.4153190220103544,0.7897634294297959,1.0,,,,,False
1769356204.522536,14.613535646,0.415137066560633,0.7886468675401476,1.0,,,,,False
1769356204.526571,14.617570646,0.4150007752811207,0.7782201413755063,1.0,,,,,False
1769356204.534409,14.625408646,0.4156812780043658,0.7633199055989583,1.0,,,,,False
1769356204.53849,14.629489646,0.4181284063002642,0.738301510281033,1.0,,,,,False
1769356204.542413,14.633412646,0.4249483276815975,0.7041941324869792,1.0,,,,,False
1769356204.546525,14.637524646,0.4365381914026597,0.6488762184425636,1.0,,,,,False
1769356204.554652,14.645651646,0.4494084750904756,0.6009835984971788,1.0,,,,,False
1769356204.558551,14.649550646000002,0.4571802475873162,0.5659066942003038,1.0,,,,,False
1769356204.562562,14.653561646000002,0.4678698147044462,0.5284013536241319,1.0,,,,,False
1769356204.566541,14.657540646,0.4750062157126034,0.489626227484809,1.0,,,,,False
1769356204.574743,14.665742646000002,0.4814642737893497,0.4489161738642939,1.0,,,,,False
1769356204.578835,14.669834646000002,0.4918939927045037,0.4341257731119792,1.0,,,,,False
1769356204.582345,14.673344646,0.5059462715597713,0.4148120456271701,1.0,,,,,False
1769356204.586635,14.677634646,0.5086891510907341,0.4023400200737848,1.0,,,,,False
1769356204.594394,14.685393646,0.5147909837610581,0.3961099130135995,1.0,,,,,False
1769356204.598342,14.689341646,0.5131977305692785,0.3902066266095196,1.0,,,,,False
1769356204.602371,14.693370646000002,0.5130595038918888,0.3903326529043692,1.0,,,,,False
1769356204.6066082,14.697607646000002,0.5101181479061351,0.3895380655924479,1.0,,,,,False
1769356204.614975,14.705974646,0.5062617694630343,0.3854591087058738,1.0,,,,,False
1769356204.6183941,14.709393646,0.5103661593268899,0.3938789650245949,1.0,,,,,False
1769356204.622648,14.713647646,0.5082524804507985,0.3924307929144965,1.0,,,,,False
1769356204.626655,14.717654646000002,0.5080321255852195,0.3925187287507233,1.0,,,,,False
1769356204.634396,14.725395646,0.5115579717299518,0.3928217004846643,1.0,,,,,False
1769356204.638497,14.729496646,0.5087612376493567,0.3923044840494791,1.0,,,,,False
1769356204.642406,14.733405646,0.509637664346134,0.3849406489619502,1.0,,,,,False
1769356204.646367,14.737366646000002,0.5098864050472484,0.3864105224609375,1.0,,,,,False
1769356204.654494,14.745493646000002,0.5105359694536995,0.3922581990559896,1.0,,,,,False
1769356204.658488,14.749487646,0.5106281953699449,0.3924178512008102,1.0,,,,,False
1769356204.6623461,14.753345646,0.5103205512551701,0.3940119425455729,1.0,,,,,False
1769356204.666496,14.757495646,0.5096955579869887,0.3892842610677083,1.0,,,,,False
1769356204.674379,14.765378646,0.5105718724867877,0.39312094229239,1.0,,,,,False
1769356204.678384,14.769383646,0.5095077963436351,0.3899105495876735,1.0,,,,,False
1769356204.682404,14.773403646,0.5102394328397863,0.3885303638599536,1.0,,,,,False
1769356204.686477,14.777476646,0.5095208672916188,0.3886469523111979,1.0,,,,,False
1769356204.694421,14.785420646,0.5105251424452838,0.3870456271701389,1.0,,,,,False
1769356204.698642,14.789641646000002,0.510462760925293,0.3884153578016492,1.0,,,,,False
1769356204.702415,14.793414646,0.5090596816119026,0.3878723709671585,1.0,,,,,False
1769356204.70663,14.797629646,0.5075720618752873,0.3871601246021412,1.0,,,,,False
1769356204.7145371,14.805536646,0.5091633516199449,0.3888678091543692,1.0,,,,,False
1769356204.718698,14.809697646,0.5093652500825769,0.392285551848235,1.0,,,,,False
1769356204.722512,14.813511646,0.510345178491929,0.3911862408673322,1.0,,,,,False
1769356204.7265291,14.817528646,0.5098037158741671,0.390431382921007,1.0,,,,,False
1769356204.7345421,14.825541646,0.5105815214269301,0.3820626152886285,1.0,,,,,False
1769356204.738578,14.829577646,0.5093483644373277,0.379842687536169,1.0,,,,,False
1769356204.7423701,14.833369646,0.5084960039924172,0.3823442812319155,1.0,,,,,False
1769356204.746412,14.837411646,0.509245984694537,0.3857886985496238,1.0,,,,,False
1769356204.7546031,14.845602646,0.5097564809462604,0.3810915911639178,1.0,,,,,False
1769356204.758382,14.849381646,0.5079209383796243,0.3873119778103299,1.0,,,,,False
1769356204.762523,14.853522646,0.5078058803782743,0.3846858271846065,1.0,,,,,False
1769356204.766562,14.857561646,0.5093183517456055,0.382814704047309,1.0,,,,,False
1769356204.774905,14.865904646,0.5109400468714097,0.3846961692527488,1.0,,,,,False
1769356204.778572,14.869571646,0.5111410477582146,0.3843560112847222,1.0,,,,,False
1769356204.78252,14.873519646,0.510619556202608,0.3879382098162616,1.0,,,,,False
1769356204.7863882,14.877387646,0.5101901222677792,0.384854069462529,1.0,,,,,False
1769356204.794565,14.885564646,0.5076480753281537,0.385341559516059,1.0,,,,,False
1769356204.7987092,14.889708646,0.50738665636848,0.387710119176794,1.0,,,,,False
1769356204.802534,14.893533646000002,0.5078180537504309,0.3885352240668402,1.0,,,,,False
1769356204.8066971,14.897696646000002,0.5078389223884133,0.388350988317419,1.0,,,,,False
1769356204.814667,14.905666646,0.5070934295654297,0.38682782208478,1.0,,,,,False
1769356204.8185601,14.909559646000002,0.5069544736076804,0.3872470996997974,1.0,,,,,False
1769356204.822534,14.913533646,0.5075450224034926,0.3856619940863715,1.0,,,,,False
1769356204.826705,14.917704646,0.5072178560144761,0.3875343040183738,1.0,,,,,False
1769356204.8344,14.925399646,0.5060041652006262,0.3864835951063368,1.0,,,,,False
1769356204.838341,14.929340646000002,0.5073529972749597,0.3874858714916088,1.0,,,,,False
1769356204.8424041,14.933403646,0.507470074821921,0.3888131600839121,1.0,,,,,False
1769356204.846467,14.937466646,0.5076143601361442,0.3865030924479167,1.0,,,,,False
1769356204.85459,14.945589646,0.5095127330106848,0.3922148527922453,1.0,,,,,False
1769356204.858405,14.949404646,0.5092057620777803,0.3883239746093749,1.0,,,,,False
1769356204.862566,14.953565646,0.5096171883975759,0.3875890096028646,1.0,,,,,False
1769356204.866388,14.957387646,0.5091995912439683,0.3905770195855035,1.0,,,,,False
1769356204.874555,14.965554646,0.5083294475779814,0.3909335666232638,1.0,,,,,False
1769356204.87842,14.969419646,0.5090090807746438,0.3910447862413194,1.0,,,,,False
1769356204.882388,14.973387646,0.5095677656285903,0.3902875547055845,1.0,,,,,False
1769356204.886524,14.977523646000002,0.5092590556425207,0.3892161051432291,1.0,,,,,False
1769356204.894531,14.985530646,0.5086221694946289,0.3898092199254919,1.0,,,,,False
1769356204.898593,14.989592646,0.5081806182861328,0.3904131288881655,1.0,,,,,False
1769356204.902395,14.993394646,0.5096201055190143,0.3926580358434606,1.0,,,,,False
1769356204.906549,14.997548646,0.5093434277702781,0.3904505411783854,1.0,,,,,False
1769356204.914388,15.005387646,0.5086815216962028,0.3915248729564525,1.0,,,,,False
1769356204.918843,15.009842646,0.508087999680463,0.3870790269639756,1.0,,,,,False
1769356204.92236,15.013359646,0.5090138491462258,0.3879866423430266,1.0,,,,,False
1769356204.926513,15.017512646,0.5085400974049288,0.3887467560944734,1.0,,,,,False
1769356204.934506,15.025505646,0.5090554742252126,0.3899295948169849,1.0,,,,,False
1769356204.9383821,15.029381646,0.5087612376493567,0.3906269779911747,1.0,,,,,False
1769356204.942488,15.033487646,0.5082951714010799,0.3896928575303819,1.0,,,,,False
1769356204.946577,15.037576646000002,0.509941437665154,0.3905463324652778,1.0,,,,,False
1769356204.9545121,15.045511646,0.5113119798548081,0.3893925419560184,1.0,,,,,False
1769356204.958476,15.049475646,0.5110889883602366,0.3887523509837963,1.0,,,,,False
1769356204.9623861,15.053385646,0.5114743849810433,0.3902312102141203,1.0,,,,,False
1769356204.966532,15.057531646,0.5111586626838235,0.391071065266927,1.0,,,,,False
1769356204.97441,15.065409646,0.5132775026209214,0.3906301427770544,1.0,,,,,False
1769356204.9783812,15.069380646,0.5126948637120864,0.3902400829173901,1.0,,,,,False
1769356204.982395,15.073394646,0.5127813114839441,0.3897787588614004,1.0,,,,,False
1769356204.986399,15.077398646,0.5122401854571175,0.3901115134910301,1.0,,,,,False
1769356204.9944181,15.085417646000002,0.512184367460363,0.3919420030381945,1.0,,,,,False
1769356204.998536,15.089535646000002,0.5120289185467888,0.3909275196216725,1.0,,,,,False
1769356205.00267,15.093669646,0.5117890975054573,0.3923860337999132,1.0,,,,,False
1769356205.006617,15.097616646,0.5114186791812673,0.392535909016927,1.0,,,,,False
1769356205.014537,15.105536646,0.51153564453125,0.3921377111364293,1.0,,,,,False
1769356205.018382,15.109381646,0.5121973262113684,0.3913365681966145,1.0,,,,,False
1769356205.022548,15.113547646,0.5122439440558938,0.3923867684823495,1.0,,,,,False
1769356205.0265892,15.117588646000002,0.5126399432911593,0.3929028546368635,1.0,,,,,False
1769356205.034929,15.125928646,0.5122674493228688,0.3925161291051794,1.0,,,,,False
1769356205.0384161,15.129415646000002,0.5119975033928367,0.3924877025462963,1.0,,,,,False
1769356205.042395,15.133394646,0.5126872904160443,0.3928178010163483,1.0,,,,,False
1769356205.046513,15.137512646,0.5129650901345646,0.3924474645543981,1.0,,,,,False
1769356205.054492,15.145491646000002,0.5123910903930664,0.3942241527416088,1.0,,,,,False
1769356205.058397,15.149396646,0.5123115988338695,0.3940725255895544,1.0,,,,,False
1769356205.062413,15.153412646,0.5121599646175609,0.3948949178059896,1.0,,,,,False
1769356205.066416,15.157415646,0.5119160483865177,0.3946935583043981,1.0,,,,,False
1769356205.075377,15.166376646000002,0.5115156173706055,0.3951276425962094,1.0,,,,,False
1769356205.078577,15.169576646,0.5121510449577781,0.3950325859917535,1.0,,,,,False
1769356205.0825431,15.173542646,0.5119833665735581,0.3943906995985243,1.0,,,,,False
1769356205.08657,15.177569646,0.5117936975815717,0.3941580878363715,1.0,,,,,False
1769356205.094549,15.185548646,0.5114546944113338,0.3924454300491898,1.0,,,,,False
1769356205.098718,15.189717646,0.5117177402271944,0.3929572776511864,1.0,,,,,False
1769356205.1025732,15.193572646000002,0.5115627401015338,0.393453527379919,1.0,,,,,False
1769356205.1064,15.197399646,0.5112895965576172,0.3931045532226562,1.0,,,,,False
1769356205.114614,15.205613646000002,0.5109802133896771,0.3927392465096933,1.0,,,,,False
1769356205.118546,15.209545646,0.5108825459199793,0.3927370424623843,1.0,,,,,False
1769356205.122392,15.213391646000002,0.5108496722053079,0.3928625601309317,1.0,,,,,False
1769356205.1305401,15.221539646,0.5106418834013098,0.3936718976056134,1.0,,,,,False
1769356205.134522,15.225521646,0.5106465395759133,0.3927837230541088,1.0,,,,,False
1769356205.138539,15.229538646000002,0.5103709276984719,0.3931394788953993,1.0,,,,,False
1769356205.142366,15.233365646,0.5102758407592773,0.3926711470992476,1.0,,,,,False
1769356205.1503952,15.241394646000002,0.5097256267772001,0.3918502242476852,1.0,,,,,False
1769356205.154419,15.245418646,0.5051950005924001,0.38876953125,1.0,,,,,False
1769356205.158516,15.249515646,0.4930364384370692,0.3831884878653067,1.0,,,,,False
1769356205.162358,15.253357646,0.4656095504760742,0.3703448260271991,1.0,,,,,False
1769356205.170535,15.261534646,0.4217072374680463,0.3480989244249132,1.0,,,,,False
1769356205.17456,15.265559646000002,0.3996935171239516,0.3433463202582465,1.0,,,,,False
1769356205.1795301,15.270529646000002,0.3708577997544232,0.3405385900426794,1.0,,,,,False
1769356205.182503,15.273502646,0.3515779270845301,0.3372071442780671,1.0,,,,,False
1769356205.190401,15.281400646000002,0.3254030171562643,0.3311899820963542,1.0,,,,,False
1769356205.194631,15.285630646,0.310818447786219,0.3224207560221354,1.0,,,,,False
1769356205.198484,15.289483646,0.2946194760939654,0.3107649061414931,1.0,,,,,False
1769356205.202354,15.293353646000002,0.2697657416848575,0.298512437608507,1.0,,,,,False
1769356205.210503,15.301502646,0.2389353864333208,0.2888380262586806,1.0,,,,,False
1769356205.2150621,15.306061646000002,0.2341829327976002,0.2853971128110533,1.0,,,,,False
1769356205.218621,15.309620646,0.2096253423129811,0.2875934176974826,1.0,,,,,False
1769356205.222536,15.313535646000002,0.2057737743153291,0.2814682006835938,1.0,,,,,False
1769356205.2304091,15.321408646,0.198662799947402,0.2752644291630497,1.0,,,,,False
1769356205.234623,15.325622646,0.2048292721019071,0.2772118462456597,1.0,,,,,False
1769356205.238415,15.329414646000002,0.2070638852960923,0.2754688969364872,1.0,,,,,False
1769356205.2424061,15.333405646,0.2015089287477381,0.274301599573206,1.0,,,,,False
1769356205.250502,15.341501646,0.2057504233191995,0.2789355807834202,1.0,,,,,False
1769356205.254388,15.345387646,0.2045376581304213,0.2784557766384549,1.0,,,,,False
1769356205.258415,15.349414646,0.2068037145278033,0.2762993706597222,1.0,,,,,False
1769356205.262389,15.353388646,0.2056176101460176,0.2786391646773727,1.0,,,,,False
1769356205.270581,15.361580646,0.2043060134438907,0.2834760312680845,1.0,,,,,False
1769356205.274535,15.365534646,0.20534067995408,0.2755436084888599,1.0,,,,,False
1769356205.278417,15.369416646,0.2024132083444034,0.2766294126157407,1.0,,,,,False
1769356205.282517,15.373516646,0.1993710994720459,0.2768135918511285,1.0,,,,,False
1769356205.29055,15.381549646000002,0.2054442517897662,0.2803818314163773,1.0,,,,,False
1769356205.294586,15.385585646,0.201213191537296,0.2719715824833623,1.0,,,,,False
1769356205.298528,15.389527646,0.2038025154786951,0.2706653736255787,1.0,,,,,False
1769356205.302489,15.393488646000002,0.2029522306778851,0.2714103981300636,1.0,,,,,False
1769356205.310412,15.401411646,0.1989243451286764,0.2755252414279514,1.0,,,,,False
1769356205.314673,15.405672646,0.2003527529099408,0.2747072007921006,1.0,,,,,False
1769356205.318669,15.409668646,0.2008426049176384,0.2748267279730902,1.0,,,,,False
1769356205.322535,15.413534646,0.201598419862635,0.2765463369864004,1.0,,,,,False
1769356205.330589,15.421588646000002,0.199755822910982,0.2780715942382812,1.0,,,,,False
1769356205.334539,15.425538646,0.2025747860179227,0.278211353443287,1.0,,,,,False
1769356205.338655,15.429654646,0.2040777066174675,0.2804501568829571,1.0,,,,,False
1769356205.342398,15.433397646,0.2014529564801384,0.2793905752676504,1.0,,,,,False
1769356205.350394,15.441393646000002,0.203398536233341,0.2778036612051504,1.0,,,,,False
1769356205.354418,15.445417646,0.2035219388849595,0.2779303656684028,1.0,,,,,False
1769356205.358499,15.449498646,0.2014317232019761,0.2788309167932581,1.0,,,,,False
1769356205.362516,15.453515646,0.1996405685649198,0.2762759173357928,1.0,,,,,False
1769356205.370497,15.461496646,0.1978465108310475,0.2721392031069155,1.0,,,,,False
1769356205.374574,15.465573646,0.1896717688616584,0.2611765543619792,1.0,,,,,False
1769356205.378766,15.469765646,0.1738465253044577,0.257254480432581,1.0,,,,,False
1769356205.382508,15.473507646000002,0.1670381041134105,0.253785083912037,1.0,,,,,False
1769356205.390606,15.481605646,0.1578871222103343,0.2489690144856771,1.0,,,,,False
1769356205.394381,15.485380646,0.1517368905684527,0.2472663596824363,1.0,,,,,False
1769356205.39838,15.489379646000002,0.1462240359362434,0.2422065452293113,1.0,,,,,False
1769356205.4023972,15.493396646,0.1522277383243336,0.2422632853190104,1.0,,,,,False
1769356205.410556,15.501555646000002,0.1548846328959745,0.2422801265010127,1.0,,,,,False
1769356205.414416,15.505415646,0.1512104763704187,0.2426393296983506,1.0,,,,,False
1769356205.418605,15.509604646,0.1521122455596923,0.2409457171404803,1.0,,,,,False
1769356205.422419,15.513418646000002,0.1502635478973388,0.239337271231192,1.0,,,,,False
1769356205.430483,15.521482646,0.1472864431493422,0.2369992291485821,1.0,,,,,False
1769356205.4344041,15.525403646,0.1491211582632625,0.2394686098451968,1.0,,,,,False
1769356205.43834,15.529339646,0.1512913563672234,0.2389497545030382,1.0,,,,,False
1769356205.442482,15.533481646,0.1544501220478731,0.2389971132631655,1.0,,,,,False
1769356205.450628,15.541627646,0.1537475024952608,0.2395068698459201,1.0,,,,,False
1769356205.455452,15.546451646,0.1529394177829518,0.2413096675166377,1.0,,,,,False
1769356205.459417,15.550416646,0.150916436139275,0.243661951135706,1.0,,,,,False
1769356205.462547,15.553546646,0.1481203752405503,0.2420713071469907,1.0,,,,,False
1769356205.470532,15.561531646,0.1485799200394574,0.2419282136140046,1.0,,,,,False
1769356205.474574,15.565573646,0.15182985978968,0.2441458808051215,1.0,,,,,False
1769356205.478641,15.569640646000002,0.1488701315487132,0.2423264114945023,1.0,,,,,False
1769356205.482386,15.573385646,0.1467231862685259,0.2427529229058159,1.0,,,,,False
1769356205.490845,15.581844646,0.1508569577161003,0.2419058905707465,1.0,,,,,False
1769356205.494404,15.585403646,0.1528810893788057,0.2413145842375579,1.0,,,,,False
1769356205.498352,15.589351646,0.1509294930626364,0.2414372196903935,1.0,,,,,False
1769356205.502365,15.593364646,0.1495192752164953,0.2384294297960069,1.0,,,,,False
1769356205.51049,15.601489646,0.1507410722620347,0.2380692093460648,1.0,,,,,False
1769356205.5144072,15.605406646,0.1514389374676872,0.2404023912217882,1.0,,,,,False
1769356205.518352,15.609351646,0.1504113954656264,0.2414792096173321,1.0,,,,,False
1769356205.522361,15.613360646,0.150866803000955,0.2413896913881654,1.0,,,,,False
1769356205.530694,15.621693646,0.1502922422745648,0.2401957194010416,1.0,,,,,False
1769356205.53457,15.625569646,0.1494598248425652,0.2409553810402199,1.0,,,,,False
1769356205.538368,15.629367646,0.1486887791577507,0.2424892284252026,1.0,,,,,False
1769356205.542362,15.633361646,0.1500626732321346,0.2422576339156539,1.0,,,,,False
1769356205.550384,15.641383646,0.1515459453358369,0.2422492698386863,1.0,,,,,False
1769356205.554474,15.645473646,0.1503032235538258,0.242676685474537,1.0,,,,,False
1769356205.5584002,15.649399646,0.1495353474336511,0.2417426215277778,1.0,,,,,False
1769356205.562421,15.653420646,0.151063554427203,0.2403237802010995,1.0,,,,,False
1769356205.57064,15.661639646,0.1509587203755098,0.241965173791956,1.0,,,,,False
1769356205.574533,15.665532646,0.1502368590411018,0.2422731187608506,1.0,,,,,False
1769356205.5785182,15.669517646,0.1496154841254739,0.2430964152018229,1.0,,,,,False
1769356205.58257,15.673569646,0.1527437182033763,0.244584486219618,1.0,,,,,False
1769356205.590393,15.681392646,0.1578265638912425,0.248490736219618,1.0,,,,,False
1769356205.594574,15.685573646000002,0.1593371559591854,0.2493676644784432,1.0,,,,,False
1769356205.5989301,15.689929646,0.1627311846789191,0.2506043045609085,1.0,,,,,False
1769356205.602413,15.693412646,0.165011630338781,0.2514129073531539,1.0,,,,,False
1769356205.6103961,15.701395646000002,0.1677581001730526,0.257602776421441,1.0,,,,,False
1769356205.61472,15.705719646,0.1693981114555807,0.2617188630280671,1.0,,,,,False
1769356205.6184042,15.709403646,0.1705938367282643,0.2628837868019387,1.0,,,,,False
1769356205.62238,15.713379646000002,0.1717732513652128,0.2648864180953414,1.0,,,,,False
1769356205.630533,15.721532646000002,0.171784288742963,0.2691983258282696,1.0,,,,,False
1769356205.634546,15.725545646,0.1727115266463335,0.2701920120804398,1.0,,,,,False
1769356205.638681,15.729680646,0.1733602916493135,0.2708210697880497,1.0,,,,,False
1769356205.64254,15.733539646,0.1740625325371237,0.2707060637297453,1.0,,,,,False
1769356205.650526,15.741525646,0.1735172131482292,0.2717565465856482,1.0,,,,,False
1769356205.654778,15.745777646,0.1740888707778033,0.2716862431278934,1.0,,,,,False
1769356205.658575,15.749574646,0.1742498734418083,0.2730932730215567,1.0,,,,,False
1769356205.6625772,15.753576646,0.1747820517596076,0.2734053435149016,1.0,,,,,False
1769356205.672393,15.763392646000002,0.1758212061489329,0.2741531937210648,1.0,,,,,False
1769356205.674496,15.765495646000002,0.176024226581349,0.273984216760706,1.0,,,,,False
1769356205.678503,15.769502646,0.1763111423043643,0.274155115198206,1.0,,,,,False
1769356205.682492,15.773491646000002,0.176021982641781,0.274477810329861,1.0,,,,,False
1769356205.690496,15.781495646000002,0.1760701572193819,0.2741583930121527,1.0,,,,,False
1769356205.694573,15.785572646,0.1756162923925063,0.274360430682147,1.0,,,,,False
1769356205.698538,15.789537646,0.1757865232579848,0.2749065257884838,1.0,,,,,False
1769356205.702614,15.793613646,0.1758790436912985,0.2746767962420428,1.0,,,,,False
1769356205.710406,15.801405646,0.1763971973867977,0.2749076560691551,1.0,,,,,False
1769356205.714407,15.805406646000002,0.1763263870688045,0.2744961208767361,1.0,,,,,False
1769356205.718612,15.809611646,0.1767136910382439,0.2743322301793981,1.0,,,,,False
1769356205.722407,15.813406646,0.1760345767526065,0.274135109230324,1.0,,,,,False
1769356205.730582,15.821581646,0.1764964215895708,0.2738173308195891,1.0,,,,,False
1769356205.734412,15.825411646,0.1762995579663445,0.2757683082863137,1.0,,,,,False
1769356205.738612,15.829611646000002,0.1765054674709544,0.2754954585322627,1.0,,,,,False
1769356205.742539,15.833538646,0.1766701445860021,0.2780679773401331,1.0,,,,,False
1769356205.750581,15.841580646,0.175193940891939,0.2961469297055845,1.0,,,,,False
1769356205.754391,15.845390646,0.172567044987398,0.3081030951605903,1.0,,,,,False
1769356205.758503,15.849502646,0.1675619798548081,0.3328522293655961,1.0,,,,,False
1769356205.762341,15.853340646,0.1663517531226663,0.350470874927662,1.0,,,,,False
1769356205.770561,15.861560646,0.1656413499046774,0.35995443838614,1.0,,,,,False
1769356205.77458,15.865579646,0.1642376675325281,0.3583281905562789,1.0,,,,,False
1769356205.778704,15.869703646,0.1645428994122673,0.353754566333912,1.0,,,,,False
1769356205.78236,15.873359646,0.1652477909536922,0.3536401254159432,1.0,,,,,False
1769356205.790417,15.881416646000002,0.1664172761580523,0.3532379150390625,1.0,,,,,False
1769356205.794523,15.885522646000002,0.165396956836476,0.3553881609881365,1.0,,,,,False
1769356205.798357,15.889356646,0.1658248480628518,0.3556136519820602,1.0,,,,,False
1769356205.802356,15.893355646000002,0.165164218229406,0.3583916558159722,1.0,,,,,False
1769356205.810502,15.901501646000002,0.1640022081487319,0.3581638477466724,1.0,,,,,False
1769356205.81486,15.905859646,0.1642637252807617,0.3607338799370659,1.0,,,,,False
1769356205.81848,15.909479646,0.1642599105834961,0.3578821818033854,1.0,,,,,False
1769356205.82255,15.913549646000002,0.1641868563259349,0.3560958297164351,1.0,,,,,False
1769356205.8303921,15.921391646000002,0.1628290204440846,0.3531762017144098,1.0,,,,,False
1769356205.8345861,15.925585646000002,0.161969731835758,0.3515776457609953,1.0,,,,,False
1769356205.838345,15.929344646,0.1623942992266486,0.3557089346426504,1.0,,,,,False
1769356205.842385,15.933384646,0.1626793636995203,0.3539081714771411,1.0,,,,,False
1769356205.850419,15.941418646,0.1628061462851131,0.3543338351779513,1.0,,,,,False
1769356205.854585,15.945584646,0.1625582470613367,0.3542950100368923,1.0,,,,,False
1769356205.858498,15.949497646,0.1615533127504236,0.3553946601019965,1.0,,,,,False
1769356205.862411,15.953410646000002,0.1611432888928581,0.3558221322518807,1.0,,,,,False
1769356205.870399,15.961398646,0.1618115481208352,0.3542174162688078,1.0,,,,,False
1769356205.874602,15.965601646,0.1611492774065803,0.3557172987196181,1.0,,,,,False
1769356205.878496,15.969495646,0.1615679684807272,0.3550748471860532,1.0,,,,,False
1769356205.886387,15.977386646,0.1623635712791891,0.3519323278356481,1.0,,,,,False
1769356205.890518,15.981517646,0.1644686390371883,0.3536175198025173,1.0,,,,,False
1769356205.895241,15.986240646,0.1760305657106287,0.3618017126012731,1.0,,,,,False
1769356205.898617,15.989616646000002,0.1923630377825568,0.3630088523582175,1.0,,,,,False
1769356205.906491,15.997490646,0.2308468538172104,0.3769775390625,1.0,,,,,False
1769356205.910409,16.001408646,0.2581454164841595,0.3844480161313657,1.0,,,,,False
1769356205.914414,16.005413646,0.2928601713741527,0.3922991152162904,1.0,,,,,False
1769356205.918421,16.009420646000002,0.3319787979125976,0.3925875063295717,1.0,,,,,False
1769356205.926413,16.017412646,0.3705970820258645,0.3969710173430266,1.0,,,,,False
1769356205.930524,16.021523646000002,0.3939430573407341,0.4063557942708333,1.0,,,,,False
1769356205.9345431,16.025542646,0.4211597723119399,0.4117608529550057,1.0,,,,,False
1769356205.9385211,16.029520646,0.4367123491623822,0.4117743032949942,1.0,,,,,False
1769356205.9464211,16.037420646,0.4470465043011833,0.4112077501085069,1.0,,,,,False
1769356205.95039,16.041389646000003,0.4432596038369572,0.4112399631076389,1.0,,,,,False
1769356205.954394,16.045393646,0.4413055532118853,0.4122212162724248,1.0,,,,,False
1769356205.958342,16.049341646000002,0.4402346050038057,0.4133707682291666,1.0,,,,,False
1769356205.966409,16.057408646000003,0.4424097397748162,0.405718202944155,1.0,,,,,False
1769356205.9705431,16.061542646,0.4430220828336828,0.4081266049985532,1.0,,,,,False
1769356205.9744132,16.065412646000002,0.4442235722261317,0.4077065927010995,1.0,,,,,False
1769356205.9785821,16.069581646,0.4469997742596794,0.4078911110206886,1.0,,,,,False
1769356205.98636,16.077359646,0.4489521419300752,0.4073084513346354,1.0,,,,,False
1769356205.990362,16.081361646,0.448400946224437,0.4061429059063947,1.0,,,,,False
1769356205.994369,16.085368646000003,0.4469281084397259,0.4050020005967881,1.0,,,,,False
1769356205.998418,16.089417646,0.4502750284531537,0.4062609072084779,1.0,,,,,False
1769356206.006403,16.097402646000003,0.4473402359906365,0.4070880466037326,1.0,,,,,False
1769356206.010421,16.101420646,0.4519184056450339,0.4063029536494502,1.0,,,,,False
1769356206.014415,16.105414646,0.4490379445693072,0.4045318603515625,1.0,,,,,False
1769356206.018554,16.109553646000002,0.4516075639163746,0.4049908108181423,1.0,,,,,False
1769356206.026596,16.117595646,0.4519723162931554,0.4043780291521991,1.0,,,,,False
1769356206.030387,16.121386646,0.4501209820018095,0.4023721200448495,1.0,,,,,False
1769356206.0344071,16.125406646000002,0.4531940572402056,0.4020536634657118,1.0,,,,,False
1769356206.038415,16.129414646,0.4540159562054802,0.4030003865559896,1.0,,,,,False
1769356206.046417,16.137416646000002,0.4545920035418342,0.4028839111328125,1.0,,,,,False
1769356206.050514,16.141513646,0.4514013178208295,0.4036051997432002,1.0,,,,,False
1769356206.054742,16.145741646,0.4523264099569881,0.4025640982168692,1.0,,,,,False
1769356206.0585601,16.149559646,0.4517249219557818,0.4015496148003472,1.0,,,,,False
1769356206.06656,16.157559646,0.4496342154110179,0.4029879534686053,1.0,,,,,False
1769356206.0704021,16.161401646,0.451230245478013,0.402421400282118,1.0,,,,,False
1769356206.074412,16.165411646000003,0.4512232892653521,0.4015298348885995,1.0,,,,,False
1769356206.078411,16.169410646,0.4520271245171042,0.4020871197735821,1.0,,,,,False
1769356206.0865471,16.177546646,0.4558983129613539,0.4025518911856192,1.0,,,,,False
1769356206.0906382,16.181637646000002,0.4518004024730009,0.4011007238317419,1.0,,,,,False
1769356206.0944111,16.185410646,0.4486591675702263,0.4013188114872685,1.0,,,,,False
1769356206.0983691,16.189368646000002,0.4536981302149155,0.4009279039171006,1.0,,,,,False
1769356206.106409,16.197408646,0.4598772105048684,0.3999632658781828,1.0,,,,,False
1769356206.110524,16.201523646000002,0.4565031107734231,0.4001062463831019,1.0,,,,,False
1769356206.114615,16.205614646,0.4566788112415987,0.399517031069155,1.0,,,,,False
1769356206.1183631,16.209362646000002,0.4565873426549575,0.3992368910047743,1.0,,,,,False
1769356206.126399,16.217398646,0.456759957706227,0.3987041332103588,1.0,,,,,False
1769356206.130523,16.221522646,0.4552010928883272,0.4000904789677373,1.0,,,,,False
1769356206.134404,16.225403646,0.4545798301696777,0.3995120013201678,1.0,,,,,False
1769356206.138644,16.229643646,0.4564886373632094,0.3992817631474248,1.0,,,,,False
1769356206.146395,16.237394646000002,0.4578438366160673,0.3989963107638888,1.0,,,,,False
1769356206.150556,16.241555646000002,0.4597843675052418,0.3987734194155092,1.0,,,,,False
1769356206.1545382,16.245537646000002,0.4629698641159955,0.3981762356228299,1.0,,,,,False
1769356206.158526,16.249525646000002,0.4628171640283921,0.3974400838216145,1.0,,,,,False
1769356206.166403,16.257402646000003,0.4605675585129681,0.3978630348488137,1.0,,,,,False
1769356206.171022,16.262021646,0.4591872551861931,0.3986467149522569,1.0,,,,,False
1769356206.174626,16.265625646,0.4610371028675752,0.3990349663628472,1.0,,,,,False
1769356206.179016,16.270015646,0.4568886476404526,0.3985651652018229,1.0,,,,,False
1769356206.186412,16.277411646,0.4617405498729032,0.397732487431279,1.0,,,,,False
1769356206.190402,16.281401646000003,0.4617608014275046,0.3977107860423901,1.0,,,,,False
1769356206.194681,16.285680646,0.4627814292907715,0.397168872974537,1.0,,,,,False
1769356206.198386,16.289385646,0.4625393362606273,0.396873700177228,1.0,,,,,False
1769356206.206521,16.297520646000002,0.4645338058471679,0.3960961235894097,1.0,,,,,False
1769356206.210607,16.301606646,0.463771287132712,0.396469568323206,1.0,,,,,False
1769356206.2145112,16.305510646000002,0.4617809407851275,0.3961380570023148,1.0,,,,,False
1769356206.21883,16.309829646,0.4610948282129624,0.3958050763165509,1.0,,,,,False
1769356206.22651,16.317509646,0.4590152572183048,0.3957504272460937,1.0,,,,,False
1769356206.2305532,16.321552646,0.4591922479517319,0.3954951533564814,1.0,,,,,False
1769356206.234587,16.325586646,0.4588239613701315,0.3950232611762152,1.0,,,,,False
1769356206.2384222,16.329421646,0.4588345639845904,0.3951133445457175,1.0,,,,,False
1769356206.246543,16.337542646,0.4591646194458008,0.3959060103804976,1.0,,,,,False
1769356206.250385,16.341384646,0.4610320259543026,0.3958153618706597,1.0,,,,,False
1769356206.254523,16.345522646000003,0.461495090933407,0.3960036666304977,1.0,,,,,False
1769356206.25856,16.349559646,0.4613373980802648,0.3961404871057581,1.0,,,,,False
1769356206.266366,16.357365646,0.4640621017007267,0.3990155820493345,1.0,,,,,False
1769356206.2704751,16.361474646,0.4702351514030905,0.4010239212601273,1.0,,,,,False
1769356206.274719,16.365718646,0.4760147543514476,0.4025888513635706,1.0,,,,,False
1769356206.278516,16.369515646,0.4801818062277401,0.4041527077003761,1.0,,,,,False
1769356206.286504,16.377503646,0.4899907392614028,0.4092143871166088,1.0,,,,,False
1769356206.29088,16.381879646,0.4934672187356388,0.4112880000361689,1.0,,,,,False
1769356206.2946742,16.385673646,0.4938806646010455,0.4120542173032407,1.0,,,,,False
1769356206.299484,16.390483646,0.4953832626342773,0.4124114990234375,1.0,,,,,False
1769356206.306401,16.397400646,0.4943732654347139,0.4123665703667535,1.0,,,,,False
1769356206.310398,16.401397646,0.4915137010462144,0.4111663818359374,1.0,,,,,False
1769356206.3144782,16.405477646,0.4928683673634249,0.4107981929072627,1.0,,,,,False
1769356206.318408,16.409407646000002,0.4927331139059627,0.4102567319516782,1.0,,,,,False
1769356206.32672,16.417719646000002,0.4934982412001666,0.4097041377314815,1.0,,,,,False
1769356206.330583,16.421582646,0.4932995403514189,0.4095724600332754,1.0,,,,,False
1769356206.334567,16.425566646,0.4945066676420324,0.4097854614257812,1.0,,,,,False
1769356206.338418,16.429417646,0.4915035472196691,0.4091017546477141,1.0,,,,,False
1769356206.346374,16.437373646,0.4911371118882123,0.4083797878689236,1.0,,,,,False
1769356206.350418,16.441417646,0.4918462528901942,0.4088316175672742,1.0,,,,,False
1769356206.354502,16.445501646,0.4920907862046185,0.4089392768012152,1.0,,,,,False
1769356206.358551,16.449550646000002,0.4898545321296243,0.4084926463939525,1.0,,,,,False
1769356206.366507,16.457506646000002,0.4893348357256721,0.4083421495225694,1.0,,,,,False
1769356206.3705401,16.461539646000002,0.4899603899787454,0.407983002839265,1.0,,,,,False
1769356206.374478,16.465477646,0.4894693038042854,0.4081793325918692,1.0,,,,,False
1769356206.378771,16.469770646,0.4905944712021771,0.4077611852575231,1.0,,,,,False
1769356206.38639,16.477389646000002,0.4907650667078355,0.4071344446252893,1.0,,,,,False
1769356206.390706,16.481705646,0.4896838244269876,0.4068107887550637,1.0,,,,,False
1769356206.394989,16.485988646000003,0.4878071616677677,0.406624518500434,1.0,,,,,False
1769356206.398489,16.489488646,0.4900645648731905,0.4064468948929398,1.0,,,,,False
1769356206.406415,16.497414646,0.4911657221177045,0.4059843275282118,1.0,,,,,False
1769356206.4105601,16.501559646,0.491069849799661,0.4057577062536168,1.0,,,,,False
1769356206.414405,16.505404646000002,0.4909868801341337,0.4056190773292824,1.0,,,,,False
1769356206.418507,16.509506646000002,0.4917049407958984,0.4054238778573495,1.0,,,,,False
1769356206.4264061,16.517405646,0.4898288390215705,0.4053469622576678,1.0,,,,,False
1769356206.4304202,16.521419646000002,0.4886448243085076,0.4053019770869502,1.0,,,,,False
1769356206.434395,16.525394646000002,0.4873612908756031,0.4051502934208623,1.0,,,,,False
1769356206.438396,16.529395646,0.4887741874246036,0.4050417864764178,1.0,,,,,False
1769356206.446667,16.537666646,0.4897880554199219,0.404935144495081,1.0,,,,,False
1769356206.4505491,16.541548646000003,0.4891628377577838,0.404133775499132,1.0,,,,,False
1769356206.4546201,16.545619646000002,0.4888144661398494,0.4040413185402199,1.0,,,,,False
1769356206.4583821,16.549381646,0.488106278812184,0.4039568300600404,1.0,,,,,False
1769356206.4663951,16.557394646000002,0.4870231291827033,0.4037907353153935,1.0,,,,,False
1769356206.470544,16.561543646,0.487035639145795,0.4037442807798033,1.0,,,,,False
1769356206.4745831,16.565582646,0.4866957944982192,0.4042960272894965,1.0,,,,,False
1769356206.478552,16.569551646,0.4871673022999483,0.4046799271195023,1.0,,,,,False
1769356206.486524,16.577523646,0.4867547540103688,0.4050660309968171,1.0,,,,,False
1769356206.490483,16.581482646,0.4868160696590648,0.4050915188259548,1.0,,,,,False
1769356206.494564,16.585563646,0.4875594307394588,0.4051293267144097,1.0,,,,,False
1769356206.498678,16.589677646000002,0.488704849691952,0.4051903053566261,1.0,,,,,False
1769356206.506793,16.597792646000002,0.4879304100485409,0.4057473076714409,1.0,,,,,False
1769356206.510508,16.601507646,0.4893465042114258,0.405647051775897,1.0,,,,,False
1769356206.514414,16.605413646000002,0.4892439000746783,0.4056809036820022,1.0,,,,,False
1769356206.518418,16.609417646,0.4894055198220646,0.4056109958224826,1.0,,,,,False
1769356206.52641,16.617409646000002,0.4902903051937328,0.4077303851092303,1.0,,,,,False
1769356206.530386,16.621385646,0.4910828085506664,0.4075679072627315,1.0,,,,,False
1769356206.534584,16.625583646000003,0.4910219977883732,0.4078392876519097,1.0,,,,,False
1769356206.538494,16.629493646,0.4909666846780216,0.4076840436017072,1.0,,,,,False
1769356206.5464091,16.637408646,0.4912900924682617,0.4088942916304977,1.0,,,,,False
1769356206.550407,16.641406646,0.4911180945003734,0.4087597882306134,1.0,,,,,False
1769356206.554583,16.645582646,0.4909819434670841,0.4092248987268518,1.0,,,,,False
1769356206.55842,16.649419646000002,0.4915618896484375,0.4090411716037326,1.0,,,,,False
1769356206.566641,16.657640646,0.4915547090418198,0.4094797205041955,1.0,,,,,False
1769356206.570422,16.661421646,0.4932881523581112,0.4093874896014178,1.0,,,,,False
1769356206.5745351,16.665534646,0.4933034111471737,0.4093896371346933,1.0,,,,,False
1769356206.578892,16.669891646,0.4939990324132582,0.4094576235170717,1.0,,,,,False
1769356206.586421,16.677420646,0.4949887219597311,0.4092408921983507,1.0,,,,,False
1769356206.5903811,16.681380646,0.4943143059225643,0.4095269097222223,1.0,,,,,False
1769356206.5944781,16.685477646000002,0.4957436954273897,0.4106933593749999,1.0,,,,,False
1769356206.598484,16.689483646,0.4958980784696691,0.4105098017939814,1.0,,,,,False
1769356206.6065311,16.697530646,0.4981310227338005,0.4106828477647569,1.0,,,,,False
1769356206.610414,16.701413646000002,0.498014674467199,0.4105955900969329,1.0,,,,,False
1769356206.614483,16.705482646,0.4977230184218463,0.4107987580475983,1.0,,,,,False
1769356206.6186361,16.709635646000002,0.497753479901482,0.4110632437246817,1.0,,,,,False
1769356206.627188,16.718187646,0.4977719924029182,0.4113384670681423,1.0,,,,,False
1769356206.6303492,16.721348646000003,0.4985602883731617,0.4123892890082465,1.0,,,,,False
1769356206.6344872,16.725486646,0.4995468925027286,0.4129401878074363,1.0,,,,,False
1769356206.642364,16.733363646,0.5005656971650965,0.4129211990921585,1.0,,,,,False
1769356206.646414,16.737413646,0.5033919951495003,0.4132288049768519,1.0,,,,,False
1769356206.650783,16.741782646,0.5052189546472886,0.4129940456814236,1.0,,,,,False
1769356206.654364,16.745363646,0.5064327015596277,0.4131830286096644,1.0,,,,,False
1769356206.662421,16.753420646000002,0.5055686726289637,0.4130786471896701,1.0,,,,,False
1769356206.666503,16.757502646000002,0.5055292914895451,0.4135029545536748,1.0,,,,,False
1769356206.670415,16.761414646000002,0.5055199791403377,0.4151317455150463,1.0,,,,,False
1769356206.67442,16.765419646,0.5068456986371208,0.4170793321397569,1.0,,,,,False
1769356206.682385,16.773384646,0.5095290576710421,0.4171357896592882,1.0,,,,,False
1769356206.686664,16.777663646,0.5094363268683938,0.4168563277633101,1.0,,,,,False
1769356206.6904821,16.781481646,0.5093108906465418,0.4166887071397569,1.0,,,,,False
1769356206.694492,16.785491646,0.5083740458768957,0.416661297833478,1.0,,,,,False
1769356206.702388,16.793387646,0.5073355506448185,0.4176089251482928,1.0,,,,,False
1769356206.706554,16.797553646,0.5083249596988454,0.4173046535915798,1.0,,,,,False
1769356206.710385,16.801384646000002,0.507566395927878,0.4185796101888021,1.0,,,,,False
1769356206.714549,16.805548646000002,0.507531670963063,0.4182240804036458,1.0,,,,,False
1769356206.722695,16.813694646000002,0.5078691033756032,0.4176090381763599,1.0,,,,,False
1769356206.726413,16.817412646,0.5083871729233685,0.4174238982024016,1.0,,,,,False
1769356206.730621,16.821620646,0.509560136234059,0.417441643608941,1.0,,,,,False
1769356206.73461,16.825609646,0.5094443489523495,0.417244240089699,1.0,,,,,False
1769356206.7424161,16.833415646000002,0.5100085314582375,0.4193166097005208,1.0,,,,,False
1769356206.746414,16.837413646,0.5103942085714901,0.4197509765625,1.0,,,,,False
1769356206.75037,16.841369646,0.5096791772281423,0.4197241323965567,1.0,,,,,False
1769356206.754415,16.845414646000002,0.5093419131110696,0.4193980464228877,1.0,,,,,False
1769356206.762504,16.853503646,0.5090031343347886,0.4202437224211516,1.0,,,,,False
1769356206.7663682,16.857367646,0.5087805355296415,0.4202924375180845,1.0,,,,,False
1769356206.7705271,16.861526646,0.5102545794318704,0.4204120777271412,1.0,,,,,False
1769356206.774413,16.865412646,0.5097044776467716,0.420306905110677,1.0,,,,,False
1769356206.782412,16.873411646,0.510287789737477,0.420409252025463,1.0,,,,,False
1769356206.786417,16.877416646,0.5104800392599667,0.4209265249746817,1.0,,,,,False
1769356206.790886,16.881885646,0.5102887995102826,0.4206407335069444,1.0,,,,,False
1769356206.794372,16.885371646,0.5105100519516889,0.4207992553710937,1.0,,,,,False
1769356206.802393,16.893392646000002,0.5108391817878274,0.4204949273003472,1.0,,,,,False
1769356206.807779,16.898778646,0.5121113272274241,0.420766364203559,1.0,,,,,False
1769356206.810534,16.901533646,0.5117317087510053,0.4207400851779513,1.0,,,,,False
1769356206.81439,16.905389646,0.511232993182014,0.4210480301468461,1.0,,,,,False
1769356206.822362,16.913361646000002,0.5109911525950712,0.420619484230324,1.0,,,,,False
1769356206.826476,16.917475646,0.510778595419491,0.4204914234302662,1.0,,,,,False
1769356206.830384,16.921383646000002,0.5104967005112592,0.4203336362485532,1.0,,,,,False
1769356206.8344111,16.925410646,0.5108441184548771,0.4206704033745659,1.0,,,,,False
1769356206.842371,16.933370646,0.5110391168033376,0.420625587745949,1.0,,,,,False
1769356206.8465312,16.937530646000003,0.5110024844898897,0.4211387916847512,1.0,,,,,False
1769356206.8504171,16.941416646,0.5108756458058077,0.4209924768518518,1.0,,,,,False
1769356206.854387,16.945386646,0.5112016902250403,0.4206728899920428,1.0,,,,,False
1769356206.862386,16.953385646,0.5111498552210191,0.4203595761899594,1.0,,,,,False
1769356206.866398,16.957397646,0.5111973706413718,0.4202159175166378,1.0,,,,,False
1769356206.870377,16.961376646,0.511023577521829,0.420475090874566,1.0,,,,,False
1769356206.874412,16.965411646,0.5119101580451516,0.4204476250542535,1.0,,,,,False
1769356206.882375,16.973374646,0.5116044773774988,0.4202804000289352,1.0,,,,,False
1769356206.886388,16.977387646,0.5115585888133329,0.4205733122649016,1.0,,,,,False
1769356206.890413,16.981412646000003,0.5118474960327148,0.4204451949508102,1.0,,,,,False
1769356206.89455,16.985549646000003,0.5116761151482078,0.4203259503399884,1.0,,,,,False
1769356206.9024,16.993399646,0.5116960301118738,0.4201089929651331,1.0,,,,,False
1769356206.9064171,16.997416646,0.5117388893576229,0.4191667344835069,1.0,,,,,False
1769356206.91037,17.001369646,0.511632526622099,0.4190949616608797,1.0,,,,,False
1769356206.914406,17.005405646,0.5117503334494198,0.4194044890227141,1.0,,,,,False
1769356206.92241,17.013409646,0.5115029391120461,0.4193754973234953,1.0,,,,,False
1769356206.926671,17.017670646000003,0.5113537732292625,0.4194381713867188,1.0,,,,,False
1769356206.930535,17.021534646000003,0.5113742491778206,0.4191847059461805,1.0,0.41282251759186867,0.3990228013029316,0.10059297290284733,1.0,True
1769356206.934392,17.025391646000003,0.5112472982967601,0.4192339861834491,1.0,0.41282251759186867,0.3990228013029316,0.10047850243251251,1.0,True
1769356206.94241,17.033409646000003,0.5112991333007812,0.4202785915798611,1.0,0.41282251759186867,0.3990228013029316,0.10074449097483028,1.0,True
1769356206.9466531,17.037652646,0.5111869363223805,0.4201950638382523,1.0,0.41282251759186867,0.3990228013029316,0.10061721310519399,1.0,True
1769356206.950551,17.041550646,0.5115286883185891,0.4201281512225115,1.0,0.41282251759186867,0.3990228013029316,0.10093732676646631,1.0,True
1769356206.954376,17.045375646,0.5122399610631606,0.4206204449688947,1.0,0.41282251759186867,0.3990228013029316,0.10173635671818333,1.0,True
1769356206.9623501,17.053349646,0.5119194703943589,0.4204429909035011,1.0,0.41282251759186867,0.3990228013029316,0.10138555408569472,1.0,True
1769356206.966603,17.057602646,0.5117426479563993,0.4200355812355324,1.0,0.41282251759186867,0.3990228013029316,0.10112729162709568,1.0,True
1769356206.971187,17.062186646,0.5118160247802734,0.4199231748227719,1.0,0.41282251759186867,0.3990228013029316,0.10117578800646719,1.0,True
1769356206.974412,17.065411646,0.5117156084846047,0.4204999570493345,1.0,0.41282251759186867,0.3990228013029316,0.10119837768103897,1.0,True
1769356206.983118,17.074117646,0.5113395242130055,0.4203986273871527,1.0,0.41282251759186867,0.3990228013029316,0.10080935737505718,1.0,True
1769356206.986516,17.077515646000002,0.5113211239085478,0.4201387193467881,1.0,0.4175136825645035,0.40879478827361565,0.09449085047616618,1.0,True
1769356206.990545,17.081544646,0.5114907096414005,0.4199554443359374,1.0,0.4175136825645035,0.40879478827361565,0.09463742315782525,1.0,True
1769356206.994525,17.085524646,0.511383056640625,0.4200186835394965,1.0,0.4175136825645035,0.40879478827361565,0.09453800936333646,1.0,True
1769356207.00233,17.093329646,0.51117364098044,0.4201972113715277,1.0,0.4175136825645035,0.40879478827361565,0.09435148680852232,1.0,True
1769356207.007349,17.098348646,0.5110472510842716,0.4203705399124711,1.0,0.4175136825645035,0.40879478827361565,0.0942471562756491,1.0,True
1769356207.010619,17.101618646000002,0.5109695546767291,0.4202594333224826,1.0,0.4175136825645035,0.40879478827361565,0.09415645553201957,1.0,True
1769356207.014395,17.105394646,0.5113578123204848,0.4202002066153066,1.0,0.4175136825645035,0.40879478827361565,0.09453467224889733,1.0,True
1769356207.0223331,17.113332646,0.5112966088687673,0.4203976666485821,1.0,0.4175136825645035,0.40879478827361565,0.09449795792912793,1.0,True
1769356207.026391,17.117390646,0.5117720996632296,0.4205038565176504,1.0,0.4175136825645035,0.40879478827361565,0.09498290095117581,1.0,True
1769356207.030487,17.121486646,0.5116661296171301,0.4201306943540219,1.0,0.4175136825645035,0.40879478827361565,0.09483241034931805,1.0,True
1769356207.034387,17.125386646000003,0.5115528106689453,0.4201937075014468,1.0,0.4175136825645035,0.40879478827361565,0.09472746684149343,1.0,True
1769356207.042383,17.133382646,0.5114591261919808,0.4207777235243055,1.0,,,,,False
1769356207.0464191,17.137418646,0.5112568350399241,0.4207146538628472,1.0,,,,,False
1769356207.050412,17.141411646,0.5110986933988684,0.4206547489872685,1.0,,,,,False
1769356207.054405,17.145404646,0.5110991982852712,0.420427675600405,1.0,,,,,False
1769356207.062416,17.153415646000003,0.509774320265826,0.4199544835973668,1.0,,,,,False
1769356207.0663931,17.157392646,0.5097435782937443,0.4195037276656539,1.0,,,,,False
1769356207.070406,17.161405646000002,0.5097047581392176,0.4195109614619502,1.0,,,,,False
1769356207.074373,17.165372646,0.5103767058428597,0.4194578382703993,1.0,,,,,False
1769356207.082736,17.173735646,0.5106327954460593,0.4188636497214988,1.0,,,,,False
1769356207.086386,17.177385646,0.5105902166927562,0.4192352294921875,1.0,,,,,False
1769356207.090778,17.181777646,0.5106379565070657,0.4196033619068287,1.0,,,,,False
1769356207.09442,17.185419646,0.5109319125904757,0.4198243882921006,1.0,,,,,False
1769356207.102355,17.193354646,0.5104146845200482,0.4195734659830729,1.0,,,,,False
1769356207.106383,17.197382646,0.5103796229642981,0.4197307445384838,1.0,,,,,False
1769356207.110563,17.201562646000003,0.5101748634787167,0.419573183412905,1.0,,,,,False
1769356207.114634,17.205633646000003,0.5107637293198529,0.4196713482892071,1.0,,,,,False
1769356207.122409,17.213408646,0.5108395744772518,0.4196054529260706,1.0,,,,,False
1769356207.126491,17.217490646,0.5109313516055837,0.4197393346715856,1.0,,,,,False
1769356207.130523,17.221522646,0.5106098511639763,0.4199032253689236,1.0,,,,,False
1769356207.134682,17.225681646,0.5117016399607939,0.4201322767469618,1.0,,,,,False
1769356207.14261,17.233609646,0.5118066563325769,0.420124986436632,1.0,,,,,False
1769356207.146393,17.237392646,0.5117440504186294,0.4200625384295428,1.0,,,,,False
1769356207.15052,17.241519646,0.511509614832261,0.420394049750434,1.0,,,,,False
1769356207.154731,17.245730646000002,0.5108313840978286,0.4202734488028067,1.0,,,,,False
1769356207.162512,17.253511646,0.5107502095839557,0.4202102661132812,1.0,,,,,False
1769356207.1665452,17.257544646,0.5112878014059627,0.4200268780743634,1.0,,,,,False
1769356207.170494,17.261493646,0.5111895729513729,0.4203546029550058,1.0,,,,,False
1769356207.174546,17.265545646,0.511393154368681,0.4203177558051215,1.0,,,,,False
1769356207.182542,17.273541646,0.5116066652185777,0.4197867499457465,1.0,,,,,False
1769356207.186546,17.277545646,0.5114231109619141,0.4193519874855324,1.0,,,,,False
1769356207.19073,17.281729646000002,0.5114247939165901,0.4193450927734374,1.0,,,,,False
1769356207.19494,17.285939646000003,0.5115745768827551,0.4193135579427083,1.0,,,,,False
1769356207.202814,17.293813646,0.5114578359267291,0.4187414663809317,1.0,,,,,False
1769356207.206511,17.297510646000003,0.5113040699678308,0.4187453093352141,1.0,,,,,False
1769356207.2103992,17.301398646000003,0.5111609627218807,0.4185463234230324,1.0,,,,,False
1769356207.2145581,17.305557646,0.5108512990614947,0.4185810230396412,1.0,,,,,False
1769356207.222407,17.313406646,0.5112832013298484,0.4188832035771123,1.0,,,,,False
1769356207.2263381,17.317337646000002,0.5109127830056583,0.4184268527560764,1.0,,,,,False
1769356207.230552,17.321551646,0.5116050944608801,0.4183975784866898,1.0,,,,,False
1769356207.234579,17.325578646,0.5111786337459788,0.4181770607277199,1.0,,,,,False
1769356207.242357,17.333356646000002,0.5111960803761202,0.4179838392469618,1.0,,,,,False
1769356207.246484,17.337483646000003,0.5109131195965935,0.4179901688187211,1.0,,,,,False
1769356207.250578,17.341577646,0.5108441745533663,0.4179719147858796,1.0,,,,,False
1769356207.254512,17.345511646000002,0.5105072470272288,0.4182132862232349,1.0,,,,,False
1769356207.2624052,17.353404646,0.5083908193251666,0.4181554158528645,1.0,,,,,False
1769356207.266372,17.357371646,0.5085945129394531,0.4181775693540219,1.0,,,,,False
1769356207.271711,17.362710646,0.5086318745332605,0.4183041607892072,1.0,,,,,False
1769356207.276516,17.367515646,0.5082839517032399,0.4182981703016493,1.0,,,,,False
1769356207.282367,17.373366646,0.5082560146556181,0.4183198716905382,1.0,,,,,False
1769356207.2865531,17.377552646,0.5081174513872933,0.4179311681676794,1.0,,,,,False
1769356207.29068,17.381679646000002,0.5082953957950368,0.4176606920030382,1.0,,,,,False
1769356207.2945151,17.385514646,0.5080273011151482,0.417839276349103,1.0,,,,,False
1769356207.302381,17.393380646,0.508400187772863,0.4184876618561921,1.0,,,,,False
1769356207.306534,17.397533646,0.5084360908059513,0.4185749760380497,1.0,,,,,False
1769356207.3107781,17.401777646,0.5087783476885628,0.4186041937934027,1.0,,,,,False
1769356207.31456,17.405559646,0.5088122311760398,0.4189519811559606,1.0,,,,,False
1769356207.322523,17.413522646,0.5091263827155618,0.4189448603877315,1.0,,,,,False
1769356207.3265111,17.417510646,0.5092308942009421,0.4192723592122396,1.0,,,,,False
1769356207.330528,17.421527646,0.5093826967127183,0.419133617259838,1.0,,,,,False
1769356207.334547,17.425546646,0.5099055346320657,0.4193232783564815,1.0,,,,,False
1769356207.342561,17.433560646,0.5101618486292222,0.419242689344618,1.0,,,,,False
1769356207.347103,17.438102646,0.5101868685554055,0.4192307648835358,1.0,,,,,False
1769356207.350416,17.441415646,0.5101664487053367,0.4191192626953125,1.0,,,,,False
1769356207.354371,17.445370646,0.5108443428488338,0.4187697233977141,1.0,,,,,False
1769356207.362421,17.453420646,0.51129430883071,0.4187579684787326,1.0,,,,,False
1769356207.3665102,17.457509646000002,0.5112203149234548,0.4187466656720197,1.0,,,,,False
1769356207.370369,17.461368646,0.5107260872335995,0.4187009458188657,1.0,,,,,False
1769356207.374841,17.465840646,0.5108407525455251,0.4188474301938657,1.0,,,,,False
1769356207.382524,17.473523646,0.511053534115062,0.4193411933051215,1.0,,,,,False
1769356207.386755,17.477754646,0.5118692061480354,0.4188165170175058,1.0,,,,,False
1769356207.39042,17.481419646000003,0.5118597816018498,0.4185022989908854,1.0,,,,,False
1769356207.394484,17.485483646000002,0.5112786573522231,0.4184732507776331,1.0,,,,,False
1769356207.402476,17.493475646,0.5108690822825712,0.4188037448459201,1.0,,,,,False
1769356207.4066072,17.497606646,0.510827569400563,0.4183455855758101,1.0,,,,,False
1769356207.410579,17.501578646000002,0.5108204448924345,0.4182216503002025,1.0,,,,,False
1769356207.418703,17.509702646,0.5107991274665383,0.4177217271592882,1.0,,,,,False
1769356207.42255,17.513549646,0.5109973234288833,0.4180797435619213,1.0,,,,,False
1769356207.426531,17.517530646,0.5123615264892578,0.4186276471173321,1.0,,,,,False
1769356207.430413,17.521412646,0.512341162737678,0.4187581380208333,1.0,,,,,False
1769356207.438401,17.529400646000003,0.5126244040096507,0.4181500470196759,1.0,,,,,False
1769356207.442404,17.533403646,0.5118972553926355,0.4181820904767072,1.0,,,,,False
1769356207.4464211,17.537420646,0.5118535546695485,0.4181789822048611,1.0,,,,,False
1769356207.450495,17.541494646,0.5114606408511891,0.4182392261646411,1.0,,,,,False
1769356207.4585311,17.549530646,0.5111907510196462,0.4183905707465277,1.0,,,,,False
1769356207.462418,17.553417646,0.5111210766960593,0.4181946931061922,1.0,,,,,False
1769356207.466373,17.557372646,0.5112342834472656,0.4182071827076099,1.0,,,,,False
1769356207.470408,17.561407646000003,0.5120079377118278,0.4186401932327835,1.0,,,,,False
1769356207.4783971,17.569396646,0.5122594272389132,0.4179417362919559,1.0,,,,,False
1769356207.482512,17.573511646,0.5123467725865981,0.4178980509440104,1.0,,,,,False
1769356207.486495,17.577494646,0.5129304773667279,0.4181184556749132,1.0,,,,,False
1769356207.4906301,17.581629646,0.512361582587747,0.4172108402958623,1.0,,,,,False
1769356207.498528,17.589527646,0.5123522141400505,0.4188255027488425,1.0,,,,,False
1769356207.502707,17.593706646,0.5122755275053137,0.4189520376699942,1.0,,,,,False
1769356207.507725,17.598724646,0.5123443042530733,0.4189786557798032,1.0,,,,,False
1769356207.5104141,17.601413646,0.512698678409352,0.4190422905815972,1.0,,,,,False
1769356207.518407,17.609406646,0.5134759790757123,0.4190370912905092,1.0,,,,,False
1769356207.5223901,17.613389646,0.5133171642527861,0.4190437599464699,1.0,,,,,False
1769356207.526557,17.617556646,0.5132031160242417,0.4191125375253183,1.0,,,,,False
1769356207.530891,17.621890646,0.5142004349652458,0.4191190366391782,1.0,,,,,False
1769356207.5384212,17.629420646,0.5139990413890165,0.4194694236472801,1.0,,,,,False
1769356207.542398,17.633397646000002,0.5142006593592027,0.4193661159939236,1.0,,,,,False
1769356207.546361,17.637360646,0.5138529609231388,0.4191940872757523,1.0,,,,,False
1769356207.5505981,17.641597646,0.5139119204352883,0.4196121780960647,1.0,,,,,False
1769356207.55869,17.649689646000002,0.5147739298203412,0.4196013839156539,1.0,,,,,False
1769356207.562501,17.653500646,0.5147061628453872,0.419591380931713,1.0,,,,,False
1769356207.566597,17.657596646000002,0.5146083831787109,0.4194030196578414,1.0,,,,,False
1769356207.570414,17.661413646,0.5144420511582318,0.4193376329210069,1.0,0.4143862392494136,0.40390879478827363,0.1012384044859405,1.0,True
1769356207.578574,17.669573646,0.5140065024880802,0.4192798190646701,1.0,0.4143862392494136,0.40390879478827363,0.10079913310662351,1.0,True
1769356207.582359,17.673358646,0.5140356176039752,0.4191903008355034,1.0,0.4143862392494136,0.40390879478827363,0.10081429974721885,1.0,True
1769356207.586553,17.677552646000002,0.5142283720128676,0.4191338433159722,1.0,0.4143862392494136,0.40390879478827363,0.10099630477114477,1.0,True
1769356207.590404,17.681403646,0.5142063253066119,0.4191446940104166,1.0,0.4143862392494136,0.40390879478827363,0.10097614671581491,1.0,True
1769356207.598352,17.689351646000002,0.5142650604248047,0.4190725255895544,1.0,0.4143862392494136,0.40390879478827363,0.1010233520093224,1.0,True
1769356207.602348,17.693347646,0.5137342004215016,0.4190633703161168,1.0,0.4143862392494136,0.40390879478827363,0.10049715691739651,1.0,True
1769356207.606515,17.697514646000002,0.5137037389418658,0.4189282452618634,1.0,0.4143862392494136,0.40390879478827363,0.10044675025947264,1.0,True
1769356207.610639,17.701638646000003,0.5133682138779584,0.4188278763382523,1.0,0.4143862392494136,0.40390879478827363,0.10010000147682717,1.0,True
1769356207.618655,17.709654646,0.5133673163021312,0.4180107399269387,1.0,0.4143862392494136,0.40390879478827363,0.09998059047240088,1.0,True
1769356207.6223571,17.713356646,0.5133450452019187,0.4184909396701388,1.0,0.4143862392494136,0.40390879478827363,0.10002741736594656,1.0,True
1769356207.626518,17.717517646,0.5132931540994083,0.4181117870189526,1.0,0.4143862392494136,0.40390879478827363,0.09992148314275985,1.0,True
1769356207.630493,17.721492646,0.5132651609532973,0.4179248385959201,1.0,0.4143862392494136,0.40390879478827363,0.09986736524681442,1.0,True
1769356207.638387,17.729386646000002,0.513328327852137,0.417915626808449,1.0,0.4143862392494136,0.40390879478827363,0.09992861572297788,1.0,True
1769356207.64237,17.733369646,0.5138550365672392,0.4178092108832465,1.0,0.4143862392494136,0.40390879478827363,0.1004353683095156,1.0,True
1769356207.646565,17.737564646000003,0.5135666342342601,0.4180672539605035,1.0,0.4143862392494136,0.40390879478827363,0.10018589080046082,1.0,True
1769356207.6505702,17.741569646000002,0.5136284547693589,0.4180846037688078,1.0,0.4143862392494136,0.40390879478827363,0.10024954314888358,1.0,True
1769356207.658924,17.749923646000003,0.5135622024536133,0.4187479089807581,1.0,0.4143862392494136,0.40390879478827363,0.10027996304097028,1.0,True
1769356207.662554,17.753553646,0.5137362199671128,0.418506368001302,1.0,0.4143862392494136,0.40390879478827363,0.10041667098802336,1.0,True
1769356207.666547,17.757546646,0.5137360516716453,0.4186508178710937,1.0,0.4143862392494136,0.40390879478827363,0.10043760487440459,1.0,True
1769356207.670419,17.761418646000003,0.5138531853170956,0.4186698631004051,1.0,0.4143862392494136,0.40390879478827363,0.10055626533312863,1.0,True
1769356207.678562,17.769561646,0.5136051177978516,0.4189524332682292,1.0,0.4190774042220485,0.40390879478827363,0.09571729045780948,1.0,True
1769356207.682538,17.773537646,0.513407875509823,0.4195457175925926,1.0,0.42064112587959346,0.40390879478827363,0.09407541225923982,1.0,True
1769356207.686547,17.777546646,0.5136885923497817,0.4195515385380497,1.0,0.4214229867083659,0.40390879478827363,0.0935822494728483,1.0,True
1769356207.6905491,17.781548646,0.5134594300213982,0.4192654079861111,1.0,0.4222048475371384,0.40390879478827363,0.09253769174387573,1.0,True
1769356207.698571,17.789570646,0.5136851142434513,0.4194133052119502,1.0,0.42298670836591085,0.4022801302931596,0.09230247294371338,1.0,True
1769356207.702362,17.793361646,0.5136531942030963,0.4188206990559896,1.0,0.4245504300234558,0.4022801302931596,0.09062501310041576,1.0,True
1769356207.706909,17.797908646,0.513401424183565,0.4187279030128762,1.0,0.4253322908522283,0.4006514657980456,0.08990511569490628,1.0,True
1769356207.710515,17.801514646,0.513391326455509,0.4187575728804976,1.0,0.4253322908522283,0.4006514657980456,0.08990119501464415,1.0,True
1769356207.718386,17.809385646000003,0.5130490134744083,0.4187709101924189,1.0,0.4284597341673182,0.3990228013029316,0.08686388189808211,1.0,True
1769356207.7225711,17.813570646000002,0.5132262286017922,0.4193537959346065,1.0,0.4284597341673182,0.3990228013029316,0.0871705679769434,1.0,True
1769356207.7264152,17.817414646,0.5126605314366958,0.4194898817274305,1.0,0.4292415949960907,0.3990228013029316,0.0858930750292747,1.0,True
1769356207.730555,17.821554646000003,0.5123675290276023,0.4195868032949942,1.0,0.43080531665363564,0.3973941368078176,0.08452756315632844,1.0,True
1769356207.738535,17.829534646000003,0.5119180679321289,0.4215388545283565,1.0,0.4323690383111806,0.3957654723127036,0.08362006544166682,1.0,True
1769356207.742535,17.833534646,0.5117952122407801,0.421047125922309,1.0,0.436278342455043,0.3941368078175896,0.08016834065098988,1.0,True
1769356207.746419,17.837418646,0.511738608865177,0.4209303679289641,1.0,0.43784206411258797,0.3925081433224756,0.07917399938081358,1.0,True
1769356207.750375,17.841374646000002,0.5119585710413316,0.4209355107060185,1.0,0.44253322908522286,0.38925081433224756,0.0763138132320793,1.0,True
1769356207.758393,17.849392646000002,0.5114902608534869,0.4207360726815683,1.0,0.4464425332290852,0.38599348534201955,0.0737445200956961,1.0,True
1769356207.762386,17.853385646,0.5116552465102252,0.4209091186523437,1.0,0.44878811571540267,0.38436482084690554,0.0727169982635826,1.0,True
1769356207.766532,17.857531646,0.5114923364975873,0.4206963433159723,1.0,0.44878811571540267,0.38436482084690554,0.07246929576600876,1.0,True
1769356207.7711961,17.862195646,0.5114348916446462,0.4208064326533565,1.0,0.4511336982017201,0.38273615635179153,0.07131325170204124,1.0,True
1769356207.778502,17.869501646,0.5110973470351275,0.4213890358253761,1.0,0.45269741985926504,0.3811074918566775,0.07094472692630681,1.0,True
1769356207.782368,17.873367646000002,0.5110501121072208,0.4213686907732928,1.0,0.4550430023455825,0.3794788273615635,0.06993966686012697,1.0,True
1769356207.787056,17.878055646,0.5114766289206112,0.4216158266420717,1.0,0.45973416731821737,0.3762214983713355,0.06883260398841931,1.0,True
1769356207.790412,17.881411646,0.5115576912375057,0.421585139521846,1.0,0.45973416731821737,0.3762214983713355,0.06887334440729113,1.0,True
1769356207.798355,17.889354646,0.5125862009385053,0.4210160997178819,1.0,0.46677091477716964,0.3729641693811075,0.06639298498437385,1.0,True
1769356207.802386,17.893385646000002,0.513486525591682,0.4213032475224247,1.0,0.4698983580922596,0.3713355048859935,0.06630764397969759,1.0,True
1769356207.806569,17.897568646,0.5128356709199793,0.4219047263816551,1.0,0.472243940578577,0.3697068403908795,0.06612342908542425,1.0,True
1769356207.810543,17.901542646000003,0.5124595866483801,0.4226817378291377,1.0,0.47458952306489444,0.36807817589576547,0.06645066359058323,1.0,True
1769356207.818532,17.909531646,0.5125580394969267,0.4225681446216724,1.0,0.4792806880375293,0.36644951140065146,0.0652432610676975,1.0,True
1769356207.822487,17.913486646000003,0.5126176160924575,0.4228199711552373,1.0,0.4792806880375293,0.36644951140065146,0.06549030084739905,1.0,True
1769356207.826481,17.917480646,0.512905569637523,0.423169340910735,1.0,0.4792806880375293,0.36644951140065146,0.06593763509761731,1.0,True
1769356207.830492,17.921491646,0.5130582136266372,0.423715266474971,1.0,0.48240813135261923,0.36482084690553745,0.06639262157668234,1.0,True
1769356207.838464,17.929463646000002,0.5116903641644646,0.4236962212456597,1.0,0.490226739640344,0.35993485342019543,0.0672770332631172,1.0,True
1769356207.84392,17.934919646,0.5110245311961454,0.4238987110279224,1.0,0.4949179046129789,0.3583061889250814,0.06754111618637385,1.0,True
1769356207.846685,17.937684646,0.5111000397626091,0.4239700882523148,1.0,0.4980453479280688,0.3566775244299674,0.06854716715284088,1.0,True
1769356207.850389,17.941388646,0.5110755808213178,0.4238970156069155,1.0,0.5003909304143862,0.3550488599348534,0.0696723065052596,1.0,True
1769356207.858552,17.949551646,0.5116965349982766,0.4237464622214988,1.0,0.5027365129007036,0.3534201954397394,0.07089475153668424,1.0,True
1769356207.862416,17.953415646,0.5117913414450252,0.4237403021918402,1.0,0.5050820953870211,0.3517915309446254,0.07226091382380168,1.0,True
1769356207.8664021,17.957401646,0.5117655922384823,0.4237359506112558,1.0,0.5050820953870211,0.3517915309446254,0.07225419469713663,1.0,True
1769356207.8704112,17.961410646,0.5117900511797737,0.42354736328125,1.0,0.5074276778733385,0.3501628664495114,0.07351404407398732,1.0,True
1769356207.878516,17.969515646,0.5115564570707434,0.4234923751265914,1.0,0.5144644253322909,0.34527687296416937,0.07826954106119449,1.0,True
1769356207.882355,17.973354646,0.5115183100980871,0.4235853407118055,1.0,0.5144644253322909,0.34527687296416937,0.07836386741321394,1.0,True
1769356207.886559,17.977558646000002,0.5120065913480871,0.4235260009765624,1.0,0.5168100078186083,0.34364820846905536,0.08002208786117507,1.0,True
1769356207.890399,17.981398646000002,0.5113244898178998,0.4236985948350694,1.0,0.5191555903049258,0.34201954397394135,0.0820536012885031,1.0,True
1769356207.898659,17.989658646000002,0.5113680222455192,0.4240013405128762,1.0,0.5215011727912432,0.34039087947882735,0.08422226507467313,1.0,True
1769356207.902354,17.993353646000003,0.51141357421875,0.4239462393301504,1.0,0.5254104769351056,0.33713355048859933,0.08793381732616348,1.0,True
1769356207.906369,17.997368646,0.5117166743558996,0.4237823486328125,1.0,0.527756059421423,0.33713355048859933,0.08812080397452542,1.0,True
1769356207.9106522,18.001651646000003,0.511937702403349,0.4237214830186632,1.0,0.527756059421423,0.33713355048859933,0.08802096613070173,1.0,True
1769356207.919122,18.010121646,0.5121327568502987,0.4244298299153646,1.0,0.5332290852228303,0.3322475570032573,0.0945654615070635,1.0,True
1769356207.9228,18.013799646000002,0.5121688842773438,0.4244265521014178,1.0,0.5363565285379203,0.3306188925081433,0.09687579229737354,1.0,True
1769356207.9265501,18.017549646000003,0.5122237485997817,0.4243719595449942,1.0,0.5379202501954652,0.3306188925081433,0.0972108418494214,1.0,True
1769356207.9305341,18.021533646,0.5126109964707318,0.4242788244176794,1.0,0.5379202501954652,0.3306188925081433,0.09701928246179656,1.0,True
1769356207.9384081,18.029407646000003,0.5127595452701345,0.4244132147894965,1.0,0.5402658326817826,0.3289902280130293,0.0993083191505829,1.0,True
1769356207.942635,18.033634646,0.5127680722404929,0.4244051897967303,1.0,0.5426114151681001,0.3273615635179153,0.10152876695024458,1.0,True
1769356207.94636,18.037359646,0.5127407522762523,0.4245104754412615,1.0,0.5433932759968726,0.3273615635179153,0.10186995778114996,1.0,True
1769356207.9504871,18.041486646000003,0.5128322489121381,0.4247268676757812,1.0,0.5449569976544175,0.3273615635179153,0.10252805438273141,1.0,True
1769356207.958405,18.049404646000003,0.5126872904160443,0.4243904396339699,1.0,0.54573885848319,0.3273615635179153,0.10250370213822443,1.0,True
1769356207.962346,18.053345646,0.5128173828125,0.4242445203993056,1.0,0.54573885848319,0.3273615635179153,0.10232365755003665,1.0,True
1769356207.966536,18.057535646,0.5128345489501953,0.4243991427951389,1.0,0.54573885848319,0.3273615635179153,0.10246455669072396,1.0,True
1769356207.970412,18.061411646,0.5126725365133846,0.4239143654152199,1.0,0.54573885848319,0.3273615635179153,0.10205795021864283,1.0,True
1769356207.978737,18.069736646000003,0.5124351838055778,0.4242121378580729,1.0,0.54573885848319,0.3273615635179153,0.10241664169972876,1.0,True
1769356207.98249,18.073489646,0.5124779308543486,0.4241861414026331,1.0,0.54573885848319,0.3273615635179153,0.10237816265827795,1.0,True
1769356207.986385,18.077384646,0.5124703575583065,0.4240864506474248,1.0,0.54573885848319,0.3273615635179153,0.10228634778896609,1.0,True
1769356207.990537,18.081536646,0.513370626112994,0.4239154391818576,1.0,0.54573885848319,0.3273615635179153,0.10183493198553743,1.0,True
1769356207.999887,18.090886646,0.5133174447452321,0.4238648591218171,1.0,0.54573885848319,0.3273615635179153,0.10180390037312864,1.0,True
1769356208.002388,18.093387646,0.5133056640625,0.4238447966399016,1.0,0.54573885848319,0.3273615635179153,0.10178863578023745,1.0,True
1769356208.006495,18.097494646,0.5140987284043256,0.4234948617440682,1.0,0.54573885848319,0.3273615635179153,0.10120626887325665,1.0,True
1769356208.010556,18.101555646,0.5139249352847829,0.4238277859157986,1.0,0.54573885848319,0.3273615635179153,0.10157685648311841,1.0,True
1769356208.018398,18.109397646,0.5135743758257698,0.4241617273401331,1.0,,,,,False
1769356208.0225291,18.113528646,0.5132654414457434,0.4226045961733218,1.0,,,,,False
1769356208.026382,18.117381646,0.5130702748018152,0.4217486911349826,1.0,,,,,False
1769356208.0303931,18.121392646,0.5130616356344784,0.4221201013635706,1.0,,,,,False
1769356208.0383902,18.129389646,0.5135057112749886,0.4225414134837962,1.0,,,,,False
1769356208.042387,18.133386646,0.5135914858649758,0.4224966543692129,1.0,,,,,False
1769356208.046406,18.137405646,0.5133714114918428,0.4224619547526042,1.0,,,,,False
1769356208.050329,18.141328646,0.513156442081227,0.4217753657588252,1.0,,,,,False
1769356208.0583751,18.149374646,0.5131301879882812,0.4222797535083912,1.0,,,,,False
1769356208.062491,18.153490646,0.5127952239092659,0.4219327573423033,1.0,,,,,False
1769356208.066378,18.157377646,0.5118277493645164,0.4218743218315972,1.0,,,,,False
1769356208.070374,18.161373646,0.5117793924668256,0.421858893500434,1.0,,,,,False
1769356208.078419,18.169418646,0.5120929830214557,0.4222672639069733,1.0,,,,,False
1769356208.0825582,18.173557646000003,0.5121079613180721,0.4225264937789351,1.0,,,,,False
1769356208.086592,18.177591646,0.5124547060798196,0.4230714020905671,1.0,,,,,False
1769356208.090502,18.181501646,0.5146657158346737,0.4231044062861689,1.0,,,,,False
1769356208.0987911,18.189790646,0.5206992205451516,0.4233837551540799,1.0,,,,,False
1769356208.102376,18.193375646,0.5238533020019531,0.421860193323206,1.0,,,,,False
1769356208.1074,18.198399646,0.526877291062299,0.4208782619900173,1.0,,,,,False
1769356208.110533,18.201532646,0.5279958949369543,0.4208227652090567,1.0,,,,,False
1769356208.11835,18.209349646,0.5323907066794002,0.4205703170211227,1.0,,,,,False
1769356208.1223881,18.213387646,0.5334646000581629,0.4205088297526042,1.0,,,,,False
1769356208.126714,18.217713646,0.5341622408698586,0.4205816198278356,1.0,,,,,False
1769356208.130551,18.221550646,0.5333654740277458,0.4206279048213253,1.0,,,,,False
1769356208.1385272,18.229526646,0.5330033021814683,0.4206114592375578,1.0,,,,,False
1769356208.142497,18.233496646000003,0.5335166594561409,0.4205241450557002,1.0,,,,,False
1769356208.146408,18.237407646,0.5337961982278263,0.4205838803891782,1.0,,,,,False
1769356208.150371,18.241370646,0.5328210942885455,0.4199393378363715,1.0,,,,,False
1769356208.158523,18.249522646000003,0.5329101225909065,0.4197230021158854,1.0,,,,,False
1769356208.162508,18.253507646000003,0.5322181477266199,0.419751372160735,1.0,,,,,False
1769356208.166703,18.257702646,0.5318065531113568,0.4199879399052373,1.0,,,,,False
1769356208.174406,18.265405646,0.5315514171824736,0.420645593713831,1.0,,,,,False
1769356208.178406,18.269405646000003,0.5314514496747185,0.4206728334780092,1.0,,,,,False
1769356208.182338,18.273337646,0.5315793542300954,0.4207025033456307,1.0,,,,,False
1769356208.1863961,18.277395646,0.5311882916618796,0.4202883685076678,1.0,,,,,False
1769356208.194485,18.285484646,0.5313660116756663,0.4203238593207465,1.0,,,,,False
1769356208.198388,18.289387646,0.5313434600830078,0.4201486658166956,1.0,,,,,False
1769356208.202375,18.293374646,0.5319763071396771,0.4201014200846354,1.0,,,,,False
1769356208.206505,18.297504646,0.5325441921458525,0.4202549121997975,1.0,,,,,False
1769356208.214562,18.305561646,0.5318584442138672,0.4185765584309896,1.0,,,,,False
1769356208.218602,18.309601646,0.5319096621345071,0.4190732602719907,1.0,,,,,False
1769356208.22268,18.313679646,0.5322743023143095,0.4191867404513889,1.0,,,,,False
1769356208.226422,18.317421646,0.5326901604147518,0.4188591851128472,1.0,,,,,False
1769356208.2347682,18.325767646000003,0.5340996349559111,0.4187993367513021,1.0,,,,,False
1769356208.238405,18.329404646,0.5337042528040269,0.4181471648039641,1.0,,,,,False
1769356208.242362,18.333361646,0.53399377710679,0.4184218795211226,1.0,,,,,False
1769356208.246618,18.337617646,0.5338439380421358,0.4184859664351852,1.0,,,,,False
1769356208.254547,18.345546646000003,0.5332454793593463,0.4179220128942419,1.0,,,,,False
1769356208.2584941,18.349493646000003,0.5335849874159869,0.417924329969618,1.0,,,,,False
1769356208.262744,18.353743646,0.5336364858290729,0.4184706511320891,1.0,,,,,False
1769356208.2666981,18.357697646,0.5337988909553079,0.4186318856698495,1.0,,,,,False
1769356208.274529,18.365528646,0.5338818606208352,0.417897711859809,1.0,,,,,False
1769356208.278531,18.369530646,0.533760295194738,0.4182129471390335,1.0,,,,,False
1769356208.282403,18.373402646,0.5337877834544462,0.4182681048357928,1.0,,,,,False
1769356208.28652,18.377519646,0.5337182213278377,0.418382489239728,1.0,,,,,False
1769356208.294397,18.385396646,0.5368030211504768,0.4189922756618923,1.0,,,,,False
1769356208.29853,18.389529646,0.539251495810116,0.420425471553096,1.0,,,,,False
1769356208.302418,18.393417646,0.5409023060518152,0.4221802322952835,1.0,,,,,False
1769356208.306544,18.397543646000003,0.5463213079115924,0.4229988380714699,1.0,,,,,False
1769356208.3145351,18.405534646,0.5511354558608111,0.4265109026873553,1.0,,,,,False
1769356208.318588,18.409587646,0.5534234327428481,0.4276697229456019,1.0,,,,,False
1769356208.322889,18.413888646,0.553424218121697,0.428114997016059,1.0,0.54573885848319,0.3273615635179153,0.10104612369823028,1.0,True
1769356208.3265011,18.417500646,0.5526068070355583,0.4288003992151331,1.0,0.54573885848319,0.3273615635179153,0.10167106818030941,1.0,True
1769356208.334619,18.425618646,0.5547757429235122,0.4299952189127604,1.0,0.54573885848319,0.3273615635179153,0.10303073570588317,1.0,True
1769356208.338763,18.429762646,0.5537183985990637,0.4304445054796006,1.0,0.54573885848319,0.3273615635179153,0.10339132451002367,1.0,True
1769356208.342645,18.433644646,0.55371374242446,0.4315821894892939,1.0,0.54573885848319,0.3273615635179153,0.10452529670726948,1.0,True
1769356208.346519,18.437518646,0.556007890140309,0.4323933919270833,1.0,0.54573885848319,0.3273615635179153,0.10553263945409415,1.0,True
1769356208.354609,18.445608646,0.5564687953275793,0.4321036444769965,1.0,0.54573885848319,0.3273615635179153,0.10529024203753788,1.0,True
1769356208.358414,18.449413646,0.5555821587057674,0.4331069381148726,1.0,0.54573885848319,0.3273615635179153,0.10620251789822414,1.0,True
1769356208.364192,18.455191646,0.555365057552562,0.4327475088614004,1.0,0.54573885848319,0.3273615635179153,0.10582467190812929,1.0,True
1769356208.366606,18.457605646,0.5571437723496381,0.4335316410771123,1.0,0.54573885848319,0.3273615635179153,0.1067808851303781,1.0,True
1769356208.374409,18.465408646,0.554925469791188,0.4330197934751157,1.0,0.54573885848319,0.3273615635179153,0.10605684977884682,1.0,True
1769356208.378519,18.469518646,0.5549122866462258,0.4331737942165798,1.0,0.54573885848319,0.3273615635179153,0.10620913308039842,1.0,True
1769356208.382527,18.473526646,0.555084228515625,0.4332439281322338,1.0,0.54573885848319,0.3273615635179153,0.106293984201189,1.0,True
1769356208.38637,18.477369646,0.5544590108534869,0.4331776936848958,1.0,0.54573885848319,0.3273615635179153,0.10617482969553826,1.0,True
1769356208.394972,18.485971646,0.5568179523243624,0.4340610080295138,1.0,0.54573885848319,0.3273615635179153,0.10727309904829446,1.0,True
1769356208.398416,18.489415646,0.5560891768511604,0.4338166978624131,1.0,0.54573885848319,0.3273615635179153,0.10695711625985167,1.0,True
1769356208.402343,18.493342646,0.5558187260347254,0.4336397524233217,1.0,0.54573885848319,0.3273615635179153,0.10675512712216564,1.0,True
1769356208.406577,18.497576646,0.5568633921006146,0.4337389910662615,1.0,0.54573885848319,0.3273615635179153,0.10695752586895818,1.0,True
1769356208.41438,18.505379646,0.5574487237369313,0.4338372689706308,1.0,0.54573885848319,0.3273615635179153,0.10711767732692026,1.0,True
1769356208.41835,18.509349646,0.5569571326760685,0.4336297494393808,1.0,0.54573885848319,0.3273615635179153,0.10685867777071625,1.0,True
1769356208.422404,18.513403646,0.5576148874619428,0.4336762604890046,1.0,0.5465207193119624,0.33713355048859933,0.0971780603899995,1.0,True
1769356208.4264011,18.517400646,0.5569148905137006,0.4334428010163483,1.0,0.5465207193119624,0.33876221498371334,0.09524942081952116,1.0,True
1769356208.434531,18.525530646,0.5564881493063534,0.4338714034469039,1.0,0.547302580140735,0.34201954397394135,0.09231001445963063,1.0,True
1769356208.438754,18.529753646,0.5557423759909237,0.4337357697663484,1.0,0.547302580140735,0.34201954397394135,0.09210372537306326,1.0,True
1769356208.4424121,18.533411646,0.5555045744952034,0.4336045441804108,1.0,0.547302580140735,0.34527687296416937,0.08870766716510571,1.0,True
1769356208.446414,18.537413646,0.5553983239566579,0.4334486784758391,1.0,0.547302580140735,0.3469055374592834,0.08692097747347592,1.0,True
1769356208.4546611,18.545660646,0.5556524501127356,0.4334674411349826,1.0,0.547302580140735,0.3566775244299674,0.0772425506836257,1.0,True
1769356208.458645,18.549644646,0.5551057703354779,0.4333254213686343,1.0,0.547302580140735,0.3566775244299674,0.07704407752926781,1.0,True
1769356208.4631271,18.554126646,0.5549155403585995,0.4334831520363137,1.0,0.547302580140735,0.35993485342019543,0.07394125636344363,1.0,True
1769356208.466501,18.557500646,0.5560757132137523,0.433464276349103,1.0,0.547302580140735,0.36156351791530944,0.07243401774906323,1.0,True
1769356208.474416,18.565415646,0.5562820434570312,0.4331769590024594,1.0,0.547302580140735,0.36807817589576547,0.06571516052952385,1.0,True
1769356208.478493,18.569492646,0.5559370377484489,0.4332797015154803,1.0,0.547302580140735,0.3729641693811075,0.06093042979359301,1.0,True
1769356208.482342,18.573341646000003,0.5558044770184685,0.433148193359375,1.0,0.547302580140735,0.3794788273615635,0.054338596753382,1.0,True
1769356208.486406,18.577405646000003,0.555868429296157,0.4328668099862558,1.0,0.547302580140735,0.38273615635179153,0.05085721389903374,1.0,True
1769356208.495022,18.586021646000003,0.5567229775821462,0.4349247120044849,1.0,0.547302580140735,0.38762214983713356,0.04823148635020785,1.0,True
1769356208.498778,18.589777646,0.5569118611952838,0.4349148785626446,1.0,0.547302580140735,0.39087947882736157,0.04507166196438152,1.0,True
1769356208.502352,18.593351646,0.5566714791690602,0.4347803751627604,1.0,0.547302580140735,0.39087947882736157,0.04488947502538195,1.0,True
1769356208.506406,18.597405646,0.5563359541051528,0.4346465499312789,1.0,0.547302580140735,0.3957654723127036,0.03991666371282422,1.0,True
1769356208.514416,18.605415646,0.555796791525448,0.4346307825159143,1.0,0.547302580140735,0.40716612377850164,0.028748201797864276,1.0,True
1769356208.518359,18.609358646,0.5558260749368107,0.4342884205005787,1.0,0.5480844409695075,0.41205211726384366,0.023545404607263298,1.0,True
1769356208.522356,18.613355646,0.5555110819199506,0.4342870641637731,1.0,0.5480844409695075,0.4169381107491857,0.01887170316607176,1.0,True
1769356208.526415,18.617414646,0.5558665780460134,0.4341490003797743,1.0,0.5480844409695075,0.4201954397394137,0.015976968173647566,1.0,True
1769356208.534699,18.625698646,0.5555615144617417,0.4337509155273438,1.0,0.5480844409695075,0.43485342019543977,0.007557919326868047,1.0,True
1769356208.538494,18.629493646,0.5554275512695312,0.4334554036458333,1.0,0.5480844409695075,0.43485342019543977,0.007475006297742415,1.0,True
1769356208.5423791,18.633378646,0.5552034378051758,0.4332832053855613,1.0,0.5480844409695075,0.43973941368078173,0.00961055365197699,1.0,True
1769356208.546777,18.637776646000003,0.5556275423835305,0.4331916526511863,1.0,0.5488663017982799,0.44462540716612375,0.013283264529455574,1.0,True
1769356208.554414,18.645413646,0.5551991743199965,0.4327867296006944,1.0,0.5488663017982799,0.4495114006514658,0.01788350905535106,1.0,True
1769356208.558326,18.649325646,0.554993517258588,0.4327259205005787,1.0,0.5488663017982799,0.4543973941368078,0.02252100217270122,1.0,True
1769356208.562391,18.653390646,0.5563590666827034,0.4329336095739293,1.0,0.5488663017982799,0.4592833876221498,0.027394384986776665,1.0,True
1769356208.566409,18.657408646,0.5565570382510915,0.4329828332971643,1.0,0.5488663017982799,0.46416938110749184,0.03212083734139648,1.0,True
1769356208.574488,18.665487646000003,0.5562726750093347,0.4331479107892072,1.0,0.5496481626270524,0.46905537459283386,0.036513423848110564,1.0,True
1769356208.5786011,18.669600646000003,0.5560545079848346,0.4330828066225405,1.0,0.5496481626270524,0.4788273615635179,0.04619096846344832,1.0,True
1769356208.582521,18.673520646,0.5562809214872473,0.4330867626048901,1.0,0.5496481626270524,0.4788273615635179,0.04621899915826302,1.0,True
1769356208.586415,18.677414646000003,0.5563435274011949,0.4332420066550926,1.0,0.5496481626270524,0.4820846905537459,0.04929944908295219,1.0,True
1769356208.594412,18.685411646,0.5560685326071346,0.4331468370225694,1.0,0.5504300234558248,0.496742671009772,0.06384530433772899,1.0,True
1769356208.598397,18.689396646,0.5561506046968347,0.433159100567853,1.0,0.5504300234558248,0.501628664495114,0.06870812349441859,1.0,True
1769356208.60241,18.693409646000003,0.5559892654418945,0.4331265484845197,1.0,0.5504300234558248,0.501628664495114,0.06872732403774062,1.0,True
1769356208.606498,18.697497646,0.556013780481675,0.4329083478009259,1.0,0.5512118842845973,0.506514657980456,0.07376277587870937,1.0,True
1769356208.614761,18.705760646,0.5563547470990349,0.4326184873227719,1.0,0.5512118842845973,0.5162866449511401,0.08382606777639987,1.0,True
1769356208.620798,18.711797646,0.5561314751120174,0.4326497395833333,1.0,0.5519937451133698,0.5244299674267101,0.09187345118435394,1.0,True
1769356208.622507,18.713506646000003,0.5560651105992934,0.4326357806170428,1.0,0.5519937451133698,0.5244299674267101,0.09188443148307592,1.0,True
1769356208.626512,18.717511646,0.5559640772202435,0.4326440881799769,1.0,0.5527756059421423,0.5293159609120521,0.09672444017216035,1.0,True
1769356208.634419,18.725418646,0.5557581957648782,0.4317746197735822,1.0,0.5527756059421423,0.5374592833876222,0.10572674195899288,1.0,True
1769356208.638392,18.729391646,0.5553367839140051,0.4319570470739293,1.0,0.5527756059421423,0.5423452768729642,0.1104179374502535,1.0,True
1769356208.642505,18.733504646,0.5551933961756089,0.4317111545138888,1.0,0.5535574667709148,0.5472312703583062,0.11553169880913533,1.0,True
1769356208.6463912,18.737390646,0.5554800033569336,0.4316198278356481,1.0,0.5535574667709148,0.5504885993485342,0.11888431767019275,1.0,True
1769356208.65438,18.745379646,0.5554469613467946,0.4308234320746528,1.0,0.5535574667709148,0.5553745928338762,0.124565492156625,1.0,True
1769356208.658571,18.749570646,0.5560670740464154,0.430794044777199,1.0,0.5535574667709148,0.5586319218241043,0.12786250793933657,1.0,True
1769356208.662419,18.753418646,0.5560525445377126,0.4308239972149884,1.0,0.5535574667709148,0.5635179153094463,0.13271737381488932,1.0,True
1769356208.666402,18.757401646,0.5563548031975242,0.430701983416522,1.0,0.5535574667709148,0.5700325732899023,0.13935866806750036,1.0,True
1769356208.674416,18.765415646,0.5561507168938132,0.4307861893265335,1.0,0.5535574667709148,0.5765472312703583,0.14578410851237997,1.0,True
1769356208.678402,18.769401646,0.5560445224537569,0.4307985658998843,1.0,0.5535574667709148,0.5798045602605864,0.14902674861041265,1.0,True
1769356208.682393,18.773392646,0.5558711220236385,0.4309248747649016,1.0,0.5535574667709148,0.5814332247557004,0.1505261320089679,1.0,True
1769356208.686474,18.777473646,0.5552134233362535,0.4310000949435764,1.0,0.5535574667709148,0.5814332247557004,0.15044224385862381,1.0,True
1769356208.694619,18.785618646,0.5550263348747703,0.4309142501265914,1.0,0.5535574667709148,0.5863192182410424,0.15541190973718857,1.0,True
1769356208.69871,18.789709646,0.555205737843233,0.4320019757306134,1.0,0.5535574667709148,0.5895765472312704,0.15758319193728598,1.0,True
1769356208.702812,18.793811646,0.5556169958675609,0.4319718537507233,1.0,0.5535574667709148,0.5912052117263844,0.1592466764246745,1.0,True
1769356208.7064981,18.797497646,0.5550932042738971,0.4317578351056134,1.0,0.5535574667709148,0.5928338762214984,0.16108336199385817,1.0,True
1769356208.714407,18.805406646,0.5550686331356273,0.4317673859772859,1.0,0.5535574667709148,0.5960912052117264,0.1643307676352025,1.0,True
1769356208.718401,18.809400646,0.556913880740895,0.4320760656286169,1.0,0.5535574667709148,0.5977198697068404,0.16567780582879163,1.0,True
1769356208.7224011,18.813400646,0.5567959056181067,0.4315919664171007,1.0,0.5535574667709148,0.5977198697068404,0.1661594647849232,1.0,True
1769356208.726483,18.817482646,0.5567633684943704,0.4314968532986111,1.0,0.5535574667709148,0.5977198697068404,0.16625392924593071,1.0,True
1769356208.734512,18.825511646,0.5563812816844267,0.4318005032009548,1.0,0.5535574667709148,0.5977198697068404,0.16594339430173222,1.0,True
1769356208.738394,18.829393646,0.5559833190020393,0.4318756668655961,1.0,0.5535574667709148,0.5977198697068404,0.16586194372156338,1.0,True
1769356208.742502,18.833501646,0.5561493144315832,0.4317676120334202,1.0,0.5535574667709148,0.5977198697068404,0.1659724962191067,1.0,True
1769356208.7464871,18.837486646,0.5562253839829389,0.4318593908239294,1.0,0.5535574667709148,0.5977198697068404,0.16588193463279477,1.0,True
1769356208.754405,18.845404646,0.5559287912705365,0.4318297774703414,1.0,0.5535574667709148,0.5977198697068404,0.16590703988112337,1.0,True
1769356208.758415,18.849414646,0.5557159536025104,0.4314265498408565,1.0,0.5535574667709148,0.5977198697068404,0.16630732785254118,1.0,True
1769356208.762353,18.853352646,0.555573631735409,0.4314827247902199,1.0,0.5535574667709148,0.5977198697068404,0.16624937073924087,1.0,True
1769356208.7664812,18.857480646000003,0.555633264429429,0.4315123381438078,1.0,0.5535574667709148,0.5977198697068404,0.16622049357463595,1.0,True
1769356208.774369,18.865368646,0.555513718548943,0.4310122454607928,1.0,,,,,False
1769356208.778394,18.869393646,0.5554208194508272,0.4310028076171874,1.0,,,,,False
1769356208.782375,18.873374646,0.5555509679457721,0.4310626559787326,1.0,,,,,False
1769356208.786391,18.877390646,0.5555292017319623,0.4307149251302083,1.0,,,,,False
1769356208.7946181,18.885617646,0.5554092070635628,0.4288952862774884,1.0,,,,,False
1769356208.79836,18.889359646000003,0.5553348765653723,0.4288127757884837,1.0,,,,,False
1769356208.8023791,18.893378646,0.5552843879250919,0.428777171947338,1.0,,,,,False
1769356208.806607,18.897606646,0.5553726869470933,0.4286926834671586,1.0,,,,,False
1769356208.814558,18.905557646,0.5555690877577838,0.4287408334237558,1.0,,,,,False
1769356208.818407,18.909406646,0.5555592705221737,0.4280380814163773,1.0,,,,,False
1769356208.822571,18.913570646,0.5556112177231732,0.4276495474356192,1.0,,,,,False
1769356208.826572,18.917571646000003,0.5556579477646771,0.4263813160083912,1.0,,,,,False
1769356208.8346791,18.925678646,0.5542640125050264,0.4218852855541087,1.0,,,,,False
1769356208.838417,18.929416646,0.5540091570685891,0.4179858172381365,1.0,,,,,False
1769356208.842359,18.933358646,0.5537955901202034,0.4119517008463541,1.0,,,,,False
1769356208.847512,18.938511646,0.5542152068194222,0.3975493254484954,1.0,,,,,False
1769356208.854556,18.945555646000003,0.5572909747852999,0.3890222054940683,1.0,,,,,False
1769356208.858583,18.949582646,0.5598683076746324,0.3832991988570602,1.0,,,,,False
1769356208.862401,18.953400646,0.5604754616232479,0.380386804651331,1.0,,,,,False
1769356208.866419,18.957418646,0.5603314568014706,0.3757862797489872,1.0,,,,,False
1769356208.876305,18.967304646,0.560940237606273,0.3784202858253761,1.0,,,,,False
1769356208.878562,18.969561646,0.5610490125768325,0.3784664577907985,1.0,,,,,False
1769356208.8824081,18.973407646,0.5612132689532112,0.3790497956452546,1.0,,,,,False
1769356208.886531,18.977530646,0.5610546785242417,0.3807807639793114,1.0,,,,,False
1769356208.894697,18.985696646,0.5608605216531193,0.3783771091037327,1.0,0.5519937451133698,0.6074918566775245,0.22928625619955548,1.0,True
1769356208.898418,18.989417646,0.5609791699577781,0.3782926206235533,1.0,0.5519937451133698,0.6074918566775245,0.2293752987297423,1.0,True
1769356208.902529,18.993528646,0.5611074111040901,0.3769134521484375,1.0,0.5519937451133698,0.6074918566775245,0.2307584441422885,1.0,True
1769356208.9064171,18.997416646,0.5611397238338695,0.3769332885742187,1.0,0.5519937451133698,0.6074918566775245,0.2307399017348376,1.0,True
1769356208.914654,19.005653646000003,0.5626286899342257,0.3788780494972511,1.0,0.5519937451133698,0.6074918566775245,0.22886103837220056,1.0,True
1769356208.918751,19.009750646,0.5628783843096565,0.3764225147388599,1.0,0.5519937451133698,0.6074918566775245,0.23132556312349234,1.0,True
1769356208.9223611,19.013360646,0.5622731377096737,0.3774083455403646,1.0,0.5519937451133698,0.6074918566775245,0.23031302179718913,1.0,True
1769356208.926582,19.017581646,0.5623566122616038,0.3774072717737269,1.0,0.5519937451133698,0.6074918566775245,0.2303178352318482,1.0,True
1769356208.934676,19.025675646,0.5628353567684398,0.3787337126555266,1.0,0.5519937451133698,0.6074918566775245,0.22901490999423701,1.0,True
1769356208.938347,19.029346646,0.5629896276137408,0.3776774653682002,1.0,0.5519937451133698,0.6074918566775245,0.23007729980342953,1.0,True
1769356208.94249,19.033489646,0.5633318844963523,0.3777283279984086,1.0,0.5519937451133698,0.6074918566775245,0.23004311012448697,1.0,True
1769356208.950488,19.041487646,0.5635393367094153,0.3771355523003472,1.0,0.5519937451133698,0.6074918566775245,0.23064545877084472,1.0,True
1769356208.954368,19.045367646000003,0.5633472554823932,0.3767897994429977,1.0,0.5519937451133698,0.6074918566775245,0.23098125770274608,1.0,True
1769356208.958486,19.049485646,0.5638124241548426,0.3781745628074363,1.0,0.5519937451133698,0.6074918566775245,0.22962165063901474,1.0,True
1769356208.9624012,19.053400646,0.5636887269861558,0.3783640543619792,1.0,0.5519937451133698,0.6074918566775245,0.22942607174198054,1.0,True
1769356208.97108,19.062079646,0.564669272478889,0.3780219184027777,1.0,0.5519937451133698,0.6074918566775245,0.22981975886726996,1.0,True
1769356208.974534,19.065533646,0.5644861109116498,0.377606201171875,1.0,0.5519937451133698,0.6074918566775245,0.2302248331750947,1.0,True
1769356208.979448,19.070447646,0.564371669993681,0.3767518220124422,1.0,0.5519937451133698,0.6074918566775245,0.23107179971079553,1.0,True
1769356208.982403,19.073402646,0.5647720449111041,0.376450037073206,1.0,0.5519937451133698,0.6074918566775245,0.23139491643464255,1.0,True
1769356208.990387,19.081386646,0.5654747906853171,0.3770659835250289,1.0,0.5465207193119624,0.6123778501628665,0.23607399560775363,1.0,True
1769356208.994419,19.085418646,0.5652804094202378,0.3769787258572048,1.0,0.5465207193119624,0.6123778501628665,0.23614545029881664,1.0,True
1769356208.998384,19.089383646,0.5655002033009249,0.3780747590241609,1.0,0.54573885848319,0.6140065146579805,0.23675790180152761,1.0,True
1769356209.002402,19.093401646,0.5653328615076402,0.374808586968316,1.0,0.5449569976544175,0.6140065146579805,0.24006420899166758,1.0,True
1769356209.010492,19.101491646,0.5652820923749138,0.3763629489474827,1.0,0.5426114151681001,0.6156351791530945,0.24034383651881497,1.0,True
1769356209.014421,19.105420646,0.5656401129329905,0.3759597778320312,1.0,0.5410476935105551,0.6172638436482085,0.24255399248923323,1.0,True
1769356209.018584,19.109583646,0.5658699484432445,0.3767510308159723,1.0,0.5402658326817826,0.6172638436482085,0.24187183358216938,1.0,True
1769356209.022499,19.113498646,0.5659434374640969,0.3759307296187789,1.0,0.5394839718530101,0.6188925081433225,0.24439830020733305,1.0,True
1769356209.030399,19.121398646000003,0.5656094831578872,0.3758965386284723,1.0,0.5363565285379203,0.6205211726384365,0.24636750377942868,1.0,True
1769356209.034589,19.125588646,0.565455997691435,0.3764022827148437,1.0,0.5355746677091477,0.6221498371335505,0.2475575779173112,1.0,True
1769356209.0384061,19.129405646,0.5653158636654124,0.3749605532045718,1.0,0.5340109460516028,0.6221498371335505,0.24916368105349682,1.0,True
1769356209.042502,19.133501646000003,0.5655834534588982,0.3733453256112558,1.0,0.5324472243940579,0.6237785016286646,0.25261588494551174,1.0,True
1769356209.050379,19.141378646,0.5654749589807847,0.3756822939272279,1.0,0.5285379202501954,0.6270358306188925,0.2540530362691873,1.0,True
1769356209.0543811,19.145380646,0.565533862394445,0.3755330403645833,1.0,0.5285379202501954,0.6270358306188925,0.2542092705643201,1.0,True
1769356209.058413,19.149412646,0.5656209833481732,0.3765211317274305,1.0,0.5269741985926505,0.6286644951140065,0.25508792537443753,1.0,True
1769356209.0626361,19.153635646,0.5649880240945255,0.377011560510706,1.0,0.5254104769351056,0.6302931596091205,0.25635512610635675,1.0,True
1769356209.070496,19.161495646,0.5647894915412454,0.3761775264033564,1.0,0.5230648944487881,0.6302931596091205,0.2575183431177172,1.0,True
1769356209.074371,19.165370646,0.5647727180929745,0.3766591955114293,1.0,0.5191555903049258,0.6335504885993485,0.26091005885556495,1.0,True
1769356209.078541,19.169540646,0.5650956770953011,0.3764247753002026,1.0,0.5168100078186083,0.6351791530944625,0.2632210741661707,1.0,True
1769356209.0823472,19.173346646,0.5651017357321346,0.3769374706127025,1.0,0.5152462861610634,0.6368078175895765,0.2646094538934966,1.0,True
1769356209.090552,19.181551646000003,0.564918742460363,0.3772460937499999,1.0,0.5129007036747459,0.6384364820846905,0.2663199116054383,1.0,True
1769356209.094521,19.185520646,0.5653374615837546,0.3770815248842593,1.0,0.5105551211884285,0.6400651465798045,0.26862890778785337,1.0,True
1769356209.098776,19.189775646,0.5656454983879539,0.3776939674660011,1.0,0.5050820953870211,0.6433224755700325,0.2724452790940355,1.0,True
1769356209.102601,19.193600646,0.5664886025821462,0.3763054741753472,1.0,0.5050820953870211,0.6433224755700325,0.27398693063668994,1.0,True
1769356209.110757,19.201756646,0.5667064891142004,0.3770785861545138,1.0,0.4980453479280688,0.6482084690553745,0.2796886942849431,1.0,True
1769356209.114504,19.205503646,0.56659356285544,0.3760227344654224,1.0,0.49569976544175137,0.6498371335504886,0.28284316441810825,1.0,True
1769356209.118408,19.209407646000003,0.5665066101971794,0.3763218067310474,1.0,0.49335418295543393,0.6530944625407166,0.2862767552828843,1.0,True
1769356209.122348,19.213347646000003,0.5628470252541935,0.376689882631655,1.0,0.49335418295543393,0.6530944625407166,0.2850065734776394,1.0,True
1769356209.130417,19.221416646,0.5426439958460191,0.3781888608579282,1.0,0.4878811571540266,0.6563517915309446,0.28350235360964204,1.0,True
1769356209.134892,19.225891646,0.529237803290872,0.3797073929398148,1.0,0.48553557466770914,0.6579804560260586,0.28168383415814224,1.0,True
1769356209.138556,19.229555646,0.518937391393325,0.3837765163845485,1.0,0.48553557466770914,0.6579804560260586,0.27623084888458155,1.0,True
1769356209.142339,19.233338646,0.5127860798555262,0.3886639630353009,1.0,0.4808444096950743,0.6628664495114006,0.2760566497701418,1.0,True
1769356209.150384,19.241383646000003,0.5112766378066119,0.3952596028645833,1.0,0.4730258014073495,0.6693811074918566,0.27677739391858464,1.0,True
1769356209.1544151,19.245414646,0.5096823187435374,0.395798181604456,1.0,0.4730258014073495,0.6693811074918566,0.27602774788113094,1.0,True
1769356209.159195,19.250194646,0.5101109672995174,0.3969821506076388,1.0,0.47068021892103207,0.6710097719869706,0.27684999764584045,1.0,True
1769356209.1624742,19.253473646,0.5098307553459617,0.396932531286169,1.0,0.4683346364347146,0.6742671009771987,0.28042180983369486,1.0,True
1769356209.170547,19.261546646000003,0.5145165499518899,0.3993061206958912,1.0,0.46364347146207974,0.6775244299674267,0.2828312177411506,1.0,True
1769356209.174408,19.265407646,0.5142835729262408,0.399344324182581,1.0,0.4612978889757623,0.6791530944625407,0.2847813733889267,1.0,True
1769356209.1785681,19.269567646,0.5127967946669635,0.4002735844364873,1.0,0.4589523064894449,0.6824104234527687,0.2872288718725853,1.0,True
1769356209.182545,19.273544646,0.5119005652034984,0.4003990455910011,1.0,0.4589523064894449,0.6824104234527687,0.28693890524699334,1.0,True
1769356209.190407,19.281406646,0.5145858876845416,0.4004498517071759,1.0,0.45426114151681,0.6856677524429967,0.2915275731390597,1.0,True
1769356209.194587,19.285586646,0.5137264588299919,0.4002821745695891,1.0,0.4519155590304926,0.6872964169381107,0.293594554882069,1.0,True
1769356209.198498,19.289497646,0.5140298955580768,0.4004653930664062,1.0,0.44956997654417513,0.6905537459283387,0.2971638161442739,1.0,True
1769356209.2024841,19.293483646,0.5128383636474609,0.4003595422815393,1.0,0.44487881157154024,0.6938110749185668,0.30121803187289464,1.0,True
1769356209.210511,19.301510646,0.5136204326854032,0.4016160187897859,1.0,0.4433150899139953,0.6954397394136808,0.3021178909357633,1.0,True
1769356209.2145112,19.305510646,0.513949338127585,0.401235114203559,1.0,0.4394057857701329,0.6986970684039088,0.30665999966536095,1.0,True
1769356209.218677,19.309676646,0.5137487860286937,0.4011224817346643,1.0,0.4370602032838155,0.7003257328990228,0.308874932991883,1.0,True
1769356209.222415,19.313414646,0.5117673312916475,0.4007819846824363,1.0,0.4354964816262705,0.7003257328990228,0.3091014390201383,1.0,True
1769356209.230505,19.321504646,0.5138491462258732,0.4003346761067708,1.0,0.43158717748240816,0.7035830618892508,0.3142079168022834,1.0,True
1769356209.236145,19.327144646,0.513448995702407,0.3999311659071181,1.0,0.4300234558248632,0.7052117263843648,0.3164743928174309,1.0,True
1769356209.238544,19.329543646,0.5113304923562443,0.3999205412688078,1.0,0.4284597341673182,0.7052117263843648,0.3163388535606537,1.0,True
1769356209.242568,19.333567646,0.5114238963407629,0.4005102086950232,1.0,0.42689601250977327,0.7068403908794788,0.3177784505942891,1.0,True
1769356209.250387,19.341386646,0.5124114541446462,0.4000273527922453,1.0,0.4245504300234558,0.7100977198697068,0.3222781284840411,1.0,True
1769356209.254709,19.345708646,0.512441074146944,0.399778973614728,1.0,0.4214229867083659,0.7117263843648208,0.3249545803872655,1.0,True
1769356209.258603,19.349602646,0.5113401412963867,0.3997857552987558,1.0,0.4214229867083659,0.7117263843648208,0.3246414187243187,1.0,True
1769356209.262584,19.353583646,0.5121239493874943,0.3997812906901041,1.0,0.42064112587959346,0.7117263843648208,0.3250828332359393,1.0,True
1769356209.270535,19.361534646000003,0.5131738887113684,0.4001523618344907,1.0,0.4190774042220485,0.7133550488599348,0.32703221791317005,1.0,True
1769356209.274579,19.365578646,0.5132895637960995,0.3999968917281539,1.0,0.418295543393276,0.7133550488599348,0.3274403740428446,1.0,True
1769356209.278606,19.369605646,0.5122612223905676,0.4000600179036458,1.0,0.4175136825645035,0.7149837133550488,0.3288678005823307,1.0,True
1769356209.282377,19.373376646,0.5131285611320945,0.3999789767795139,1.0,0.41673182173573103,0.7149837133550488,0.3294242180400108,1.0,True
1769356209.2907581,19.381757646,0.5118843527401195,0.3997738873517071,1.0,0.41673182173573103,0.7149837133550488,0.32925861957676683,1.0,True
1769356209.294399,19.385398646,0.5127331789802102,0.3996327718098958,1.0,0.41673182173573103,0.7149837133550488,0.32963992010403814,1.0,True
1769356209.298482,19.389481646,0.5124018613029929,0.3996774178964121,1.0,0.41673182173573103,0.7149837133550488,0.32950085952338665,1.0,True
1769356209.302412,19.393411646,0.5124353521010455,0.3995596426504629,1.0,0.41673182173573103,0.7149837133550488,0.32962328513658784,1.0,True
1769356209.310523,19.401522646,0.5136272206025965,0.3992982652452257,1.0,0.41673182173573103,0.7149837133550488,0.33022116902141324,1.0,True
1769356209.314553,19.405552646,0.5127886603860294,0.3998913800274885,1.0,0.41673182173573103,0.7149837133550488,0.32940870476248174,1.0,True
1769356209.318404,19.409403646,0.5117178524241728,0.3997564245153356,1.0,0.41673182173573103,0.7149837133550488,0.32922726140947317,1.0,True
1769356209.322401,19.413400646,0.5116077871883616,0.3996235035083911,1.0,0.41673182173573103,0.7149837133550488,0.3293228063391553,1.0,True
1769356209.330521,19.421520646,0.5120433919570025,0.3997143215603298,1.0,0.41673182173573103,0.7149837133550488,0.32936163228381116,1.0,True
1769356209.334552,19.425551646,0.5100202560424805,0.3996084142614293,1.0,,,,,False
1769356209.338505,19.429504646,0.5087933259851792,0.3997254548249421,1.0,,,,,False
1769356209.342415,19.433414646000003,0.5099786309634938,0.4009347986291955,1.0,,,,,False
1769356209.350415,19.441414646,0.5110915688907399,0.4009827790436922,1.0,,,,,False
1769356209.3545752,19.445574646,0.5115400202134076,0.4008287783022279,1.0,,,,,False
1769356209.358547,19.449546646,0.511267718146829,0.4006904884620949,1.0,,,,,False
1769356209.36242,19.453419646,0.5104237724752987,0.4005319665979456,1.0,,,,,False
1769356209.370798,19.461797646,0.5117486504947438,0.4003203215422454,1.0,,,,,False
1769356209.374582,19.465581646,0.5123486799352309,0.4002131144205729,1.0,,,,,False
1769356209.378686,19.469685646,0.5127981410307043,0.3994906955295139,1.0,,,,,False
1769356209.382364,19.473363646000003,0.5126729853012982,0.3994112367983218,1.0,,,,,False
1769356209.390397,19.481396646,0.5136067446540383,0.3992565013744212,1.0,,,,,False
1769356209.394381,19.485380646000003,0.51342492945054,0.3989789609555845,1.0,,,,,False
1769356209.398335,19.489334646,0.5135696074541878,0.3989140263310184,1.0,,,,,False
1769356209.4025772,19.493576646,0.5139887753654929,0.3988441749855324,1.0,,,,,False
1769356209.410401,19.501400646,0.5135849223417395,0.397807142469618,1.0,,,,,False
1769356209.4148831,19.505882646,0.5135089088888729,0.3977243494104456,1.0,,,,,False
1769356209.4189181,19.509917646,0.5137065438663259,0.3976192333080151,1.0,,,,,False
1769356209.4223871,19.513386646,0.5133669236127067,0.3975946497034144,1.0,,,,,False
1769356209.430416,19.521415646,0.51396302615895,0.3974587899667245,1.0,,,,,False
1769356209.434386,19.525385646,0.5140506519990808,0.3977310180664062,1.0,,,,,False
1769356209.438395,19.529394646,0.5143101636101218,0.3975936889648437,1.0,,,,,False
1769356209.4423761,19.533375646,0.5145200841567096,0.3974752920645255,1.0,,,,,False
1769356209.450557,19.541556646,0.5141954982981962,0.3974578857421875,1.0,,,,,False
1769356209.454519,19.545518646,0.5142896876615637,0.3972366898148148,1.0,,,,,False
1769356209.458679,19.549678646,0.5144663418040556,0.3970835367838542,1.0,,,,,False
1769356209.4626331,19.553632646,0.5146566278794232,0.3967569986979167,1.0,,,,,False
1769356209.470554,19.561553646,0.514382474562701,0.394784602412471,1.0,,,,,False
1769356209.4744081,19.565407646,0.5143758549409754,0.3913586651837384,1.0,,,,,False
1769356209.478405,19.569404646,0.5132275749655331,0.3875152022750289,1.0,,,,,False
1769356209.4824,19.573399646,0.5130915361292222,0.3840665464048032,1.0,,,,,False
1769356209.490876,19.581875646,0.5082520877613741,0.3665099532515914,1.0,,,,,False
1769356209.494662,19.585661646,0.5050732668708352,0.360934109157986,1.0,,,,,False
1769356209.498421,19.589420646,0.5036888683543486,0.356974227340133,1.0,,,,,False
1769356209.502821,19.593820646,0.5023964713601505,0.3566363864474826,1.0,,,,,False
1769356209.510718,19.601717646,0.4999493430642521,0.3554429796006945,1.0,,,,,False
1769356209.514496,19.605495646,0.4990478964412914,0.3540643762659143,1.0,,,,,False
1769356209.518587,19.609586646,0.4986450531903435,0.3554054542824074,1.0,,,,,False
1769356209.5224152,19.613414646000003,0.4986200332641601,0.3571400395146122,1.0,,,,,False
1769356209.530401,19.621400646,0.5000637278837317,0.3560201574254918,1.0,,,,,False
1769356209.534501,19.625500646000003,0.5008696387795841,0.3572236237702546,1.0,,,,,False
1769356209.538398,19.629397646,0.5007825178258559,0.3564358181423611,1.0,,,,,False
1769356209.542522,19.633521646,0.501424228443819,0.3570391619646991,1.0,,,,,False
1769356209.550504,19.641503646,0.5022877524880802,0.3592847470883969,1.0,,,,,False
1769356209.554409,19.645408646,0.5026875664206112,0.3585103918004919,1.0,,,,,False
1769356209.5584002,19.649399646000003,0.502372236812816,0.3575076633029513,1.0,,,,,False
1769356209.562369,19.653368646,0.5028598448809456,0.3576999805591724,1.0,,,,,False
1769356209.570421,19.661420646,0.5022101121790269,0.358114171911169,1.0,,,,,False
1769356209.5744731,19.665472646,0.5025157928466797,0.3567026774088542,1.0,,,,,False
1769356209.57842,19.669419646,0.5029361949247473,0.3571779604311342,1.0,,,,,False
1769356209.582364,19.673363646,0.5026751125560087,0.3571750782154225,1.0,,,,,False
1769356209.590504,19.681503646,0.5024989632999196,0.3573558100947627,1.0,0.41282251759186867,0.7198697068403909,0.37344101307774025,1.0,True
1769356209.594503,19.685502646,0.5029812981100643,0.3562701755099826,1.0,0.41282251759186867,0.7198697068403909,0.37461076451194075,1.0,True
1769356209.598664,19.689663646,0.50299493004294,0.3564455385561342,1.0,0.41282251759186867,0.7198697068403909,0.3744438409966838,1.0,True
1769356209.6025271,19.693526646,0.5031725378597484,0.3568602950484664,1.0,0.41282251759186867,0.7198697068403909,0.37408416060015864,1.0,True
1769356209.610551,19.701550646,0.5036562751321232,0.3565054999457465,1.0,0.41282251759186867,0.7198697068403909,0.3745454823663685,1.0,True
1769356209.614846,19.705845646,0.5034791161032284,0.3567025078667535,1.0,0.41282251759186867,0.7198697068403909,0.3743114121477027,1.0,True
1769356209.6194031,19.710402646,0.5021591747508329,0.3571025707103588,1.0,0.41282251759186867,0.7198697068403909,0.37360545147029584,1.0,True
1769356209.622615,19.713614646,0.502406681285185,0.3576990198206018,1.0,0.41282251759186867,0.7198697068403909,0.37308568576269024,1.0,True
1769356209.630484,19.721483646000003,0.5029006284825942,0.357309412073206,1.0,0.41282251759186867,0.7198697068403909,0.37358269955032686,1.0,True
1769356209.634551,19.725550646,0.5031667597153607,0.3579883716724537,1.0,0.41282251759186867,0.7198697068403909,0.3729881805470477,1.0,True
1769356209.638535,19.729534646,0.503408712499282,0.3576649983723958,1.0,0.41282251759186867,0.7198697068403909,0.3733605623846595,1.0,True
1769356209.642539,19.733538646,0.5034191468182732,0.3560350206163194,1.0,0.41282251759186867,0.7198697068403909,0.3749445667388116,1.0,True
1769356209.65062,19.741619646,0.503751418169807,0.3564841941550926,1.0,0.41282251759186867,0.7198697068403909,0.37458923608383315,1.0,True
1769356209.6546001,19.745599646,0.5034054587869083,0.3559999254014757,1.0,0.41282251759186867,0.7198697068403909,0.37497531529415096,1.0,True
1769356209.658588,19.749587646,0.5035860398236442,0.3555427833839699,1.0,0.41282251759186867,0.7198697068403909,0.37546254689800795,1.0,True
1769356209.662899,19.753898646,0.5029028163236731,0.3556874593098958,1.0,0.4112587959343237,0.7117263843648208,0.36764431537477904,1.0,True
1769356209.670413,19.761412646,0.5022222294526941,0.3538578739872685,1.0,0.4104769351055512,0.7100977198697068,0.3678641418094285,1.0,True
1769356209.674413,19.765412646,0.5022036047542796,0.3541726006401909,1.0,0.4104769351055512,0.7068403908794788,0.36440136140951684,1.0,True
1769356209.678417,19.769416646,0.5012485840741325,0.3532391018337674,1.0,0.4104769351055512,0.7052117263843648,0.36348895538862136,1.0,True
1769356209.6823661,19.773365646,0.5007131800932043,0.3526098745840567,1.0,0.40969507427677876,0.7019543973941368,0.361006774456952,1.0,True
1769356209.690538,19.781537646,0.5010101093965418,0.3528755470558449,1.0,0.40969507427677876,0.6970684039087948,0.3560999274747452,1.0,True
1769356209.69454,19.785539646,0.5000345566693474,0.3525505348488137,1.0,0.40969507427677876,0.6970684039087948,0.3561653888021511,1.0,True
1769356209.698389,19.789388646000003,0.499660940731273,0.3525172480830439,1.0,0.40969507427677876,0.6938110749185668,0.3529523103238506,1.0,True
1769356209.702378,19.793377646,0.4997927721808938,0.352312441225405,1.0,0.40969507427677876,0.6905537459283387,0.3500353916031407,1.0,True
1769356209.71041,19.801409646,0.4985485076904297,0.3532133314344617,1.0,0.40969507427677876,0.6872964169381107,0.3456970359274614,1.0,True
1769356209.714589,19.805588646,0.4987262277042164,0.3536135638201678,1.0,0.40969507427677876,0.6840390879478827,0.34220983807555133,1.0,True
1769356209.718381,19.809380646,0.4986926808076746,0.3529741640444155,1.0,0.40969507427677876,0.6791530944625407,0.3381024528407629,1.0,True
1769356209.7265,19.817499646,0.4973877177518956,0.351150964807581,1.0,0.40969507427677876,0.6710097719869706,0.3316619608123246,1.0,True
1769356209.730544,19.821543646,0.4963944940006031,0.3504705923574942,1.0,0.40969507427677876,0.6628664495114006,0.32420357947957906,1.0,True
1769356209.7346041,19.825603646,0.4963014827055089,0.3506083170572917,1.0,0.40969507427677876,0.6579804560260586,0.3193404167892924,1.0,True
1769356209.738606,19.829605646,0.4965799556058995,0.3511076750578703,1.0,0.40969507427677876,0.6547231270358306,0.3158026682650995,1.0,True
1769356209.746536,19.837535646000003,0.4962108275469611,0.3497603804976852,1.0,0.40969507427677876,0.6498371335504886,0.312299588995279,1.0,True
1769356209.7503932,19.841392646000003,0.4964483485502355,0.3497413917824074,1.0,0.4104769351055512,0.6449511400651465,0.30747338000359486,1.0,True
1769356209.75455,19.845549646,0.496764014748966,0.3504363448531539,1.0,0.4104769351055512,0.6400651465798045,0.3022090384204359,1.0,True
1769356209.758711,19.849710646,0.497066385605756,0.3503915292245371,1.0,0.4104769351055512,0.6351791530944625,0.2976604166620169,1.0,True
1769356209.766526,19.857525646000003,0.497496436623966,0.3511973063151041,1.0,0.4104769351055512,0.6237785016286646,0.28613441191699185,1.0,True
1769356209.770849,19.861848646,0.4977588092579561,0.3509648075810185,1.0,0.4104769351055512,0.6188925081433225,0.28178605054927736,1.0,True
1769356209.774549,19.865548646,0.4979673834408031,0.351383689597801,1.0,0.4104769351055512,0.6140065146579805,0.2768128009910182,1.0,True
1769356209.7784111,19.869410646,0.4974143084357766,0.3512946799949363,1.0,0.4104769351055512,0.6074918566775245,0.270545929966962,1.0,True
1769356209.786364,19.877363646000003,0.4987528744865866,0.3519358317057292,1.0,0.4104769351055512,0.5960912052117264,0.259623742915507,1.0,True
1769356209.790412,19.881411646,0.4986344505758846,0.351847669813368,1.0,0.4104769351055512,0.5912052117263844,0.2550760286748707,1.0,True
1769356209.794697,19.885696646,0.4988111047183766,0.3535729302300348,1.0,0.4104769351055512,0.5912052117263844,0.25351928275842794,1.0,True
1769356209.798736,19.889735646,0.498731725356158,0.359404217755353,1.0,0.4104769351055512,0.5846905537459284,0.24195627949329404,1.0,True
1769356209.806421,19.897420646,0.4989827660953297,0.376123951099537,1.0,0.4104769351055512,0.5732899022801303,0.21611962989080688,1.0,True
1769356209.810506,19.901505646,0.4991784376256606,0.3917909410264757,1.0,0.4104769351055512,0.5667752442996743,0.19618221871854674,1.0,True
1769356209.814631,19.905630646,0.4997154684627757,0.4017770837854456,1.0,0.4104769351055512,0.5553745928338762,0.17763927105691243,1.0,True
1769356209.818408,19.909407646,0.4999315598431755,0.4137619583695023,1.0,0.4104769351055512,0.5488599348534202,0.16202960574227915,1.0,True
1769356209.826553,19.917552646,0.5007601906271542,0.4218705353913483,1.0,0.4104769351055512,0.5374592833876222,0.14666909998675645,1.0,True
1769356209.830421,19.921420646,0.5013601078706629,0.4230500397858796,1.0,0.4104769351055512,0.5325732899022801,0.14232038999353805,1.0,True
1769356209.83439,19.925389646000003,0.5015916263355928,0.4197695696795428,1.0,0.4104769351055512,0.5325732899022801,0.1450054007754036,1.0,True
1769356209.838402,19.929401646,0.5031422446755802,0.4207980120623553,1.0,0.4104769351055512,0.5260586319218241,0.1402378611178483,1.0,True
1769356209.846522,19.937521646,0.5038923375746783,0.4210645887586806,1.0,0.4104769351055512,0.511400651465798,0.12995015061127577,1.0,True
1769356209.850406,19.941405646,0.5041267170625574,0.421117259837963,1.0,0.4104769351055512,0.511400651465798,0.13008217581367493,1.0,True
1769356209.854798,19.945797646000003,0.5041583005119773,0.4184167932581019,1.0,0.4104769351055512,0.504885993485342,0.12748772808529796,1.0,True
1769356209.8593152,19.950314646,0.504946372088264,0.4176495022243923,1.0,0.4104769351055512,0.5,0.12532389639538466,1.0,True
1769356209.8663762,19.957375646000003,0.50763079699348,0.4197549890588831,1.0,0.4104769351055512,0.49022801302931596,0.12002216456669972,1.0,True
1769356209.870397,19.961396646,0.5076853247249827,0.4202348497178819,1.0,0.4104769351055512,0.4804560260586319,0.11435060599868684,1.0,True
1769356209.874592,19.965591646,0.5077936509076286,0.418638836895978,1.0,0.4104769351055512,0.4804560260586319,0.11529053755826468,1.0,True
1769356209.8786721,19.969671646,0.50787493761848,0.4201178091543692,1.0,0.4104769351055512,0.4755700325732899,0.11207729464798113,1.0,True
1769356209.886804,19.977803646,0.5076510485480813,0.4221236617476852,1.0,0.40969507427677876,0.46579804560260585,0.10725122237320674,1.0,True
1769356209.890544,19.981543646,0.5078274221981273,0.42006186026114,1.0,0.40969507427677876,0.46579804560260585,0.10826706035607278,1.0,True
1769356209.894406,19.985405646,0.5079391703886145,0.4225342362015335,1.0,0.40891321344800624,0.4576547231270358,0.10506944727125755,1.0,True
1769356209.898509,19.989508646,0.5083944096284754,0.4208957248263889,1.0,0.40891321344800624,0.4543973941368078,0.10497080660870266,1.0,True
1769356209.90649,19.997489646,0.5087147320018095,0.4220206366644965,1.0,0.40891321344800624,0.44625407166123776,0.10270152130025348,1.0,True
1769356209.910392,20.001391646,0.5092822243185604,0.421723316333912,1.0,0.40891321344800624,0.44625407166123776,0.10332326117609017,1.0,True
1769356209.9145331,20.005532646,0.5091249802533317,0.4210186428493924,1.0,0.4081313526192338,0.44299674267100975,0.10335738819486401,1.0,True
1769356209.918415,20.009414646,0.5092407675350413,0.420850513599537,1.0,0.4081313526192338,0.4364820846905538,0.10231060453047103,1.0,True
1769356209.92639,20.017389646,0.5095922806683708,0.4187336109302662,1.0,0.4081313526192338,0.42996742671009774,0.10208094110835457,1.0,True
1769356209.9305232,20.021522646,0.5096226299510282,0.4204221372251158,1.0,0.4081313526192338,0.42996742671009774,0.10193915796096868,1.0,True
1769356209.934406,20.025405646000003,0.5098443872788373,0.420505608452691,1.0,0.4081313526192338,0.42833876221498374,0.10201421331132945,1.0,True
1769356209.938407,20.029406646,0.5098321578081917,0.4188888549804688,1.0,0.4081313526192338,0.4234527687296417,0.10180315852070729,1.0,True
1769356209.946367,20.037366646,0.5098809073953068,0.4196538289388021,1.0,0.40891321344800624,0.4201954397394137,0.10096914659090216,1.0,True
1769356209.950336,20.041335646,0.5098236308378332,0.4190290097837095,1.0,0.40891321344800624,0.4185667752442997,0.10091147604984539,1.0,True
1769356209.954358,20.045357646000003,0.5097993401920095,0.4192052205403646,1.0,0.40891321344800624,0.4169381107491857,0.10091159673799806,1.0,True
1769356209.958403,20.049402646,0.5107054429895738,0.4201604772497106,1.0,0.40891321344800624,0.4169381107491857,0.10184322088831872,1.0,True
1769356209.966486,20.057485646,0.5105201496797449,0.4198724817346644,1.0,0.40891321344800624,0.4153094462540717,0.10170934462082507,1.0,True
1769356209.970415,20.061414646000003,0.5106032876407399,0.4201426188151042,1.0,0.40891321344800624,0.4153094462540717,0.10180486602480453,1.0,True
1769356209.9760761,20.067075646000003,0.5106485591215246,0.419357356318721,1.0,0.40891321344800624,0.4153094462540717,0.10181584422476575,1.0,True
1769356209.978401,20.069400646,0.510713072384105,0.4190846761067708,1.0,0.40891321344800624,0.4153094462540717,0.1018698367518586,1.0,True
1769356209.986502,20.077501646,0.5106851914349724,0.4189210679796007,1.0,0.40891321344800624,0.4153094462540717,0.10183604133541245,1.0,True
1769356209.99071,20.081709646,0.5106000900268555,0.418144452130353,1.0,0.40891321344800624,0.4153094462540717,0.10172638854633868,1.0,True
1769356209.994565,20.085564646,0.5108037275426528,0.4195509733977141,1.0,0.40891321344800624,0.4153094462540717,0.10197875962660863,1.0,True
1769356209.998352,20.089351646,0.5105073592242073,0.4194018893771701,1.0,0.40891321344800624,0.4153094462540717,0.10167653882145963,1.0,True
1769356210.00654,20.097539646,0.5103971817914177,0.4185845269097222,1.0,0.40891321344800624,0.4153094462540717,0.10153680113154813,1.0,True
1769356210.010533,20.101532646000003,0.5103494419771082,0.4183259752061632,1.0,0.40891321344800624,0.4153094462540717,0.10148107165933459,1.0,True
1769356210.014652,20.105651646,0.5099344253540039,0.4178517094364873,1.0,,,,,False
1769356210.01839,20.109389646,0.5099064322078929,0.4177707813404224,1.0,,,,,False
1769356210.026417,20.117416646,0.5099538354312673,0.4173623544198496,1.0,,,,,False
1769356210.030529,20.121528646,0.5099433450137868,0.4168798941153067,1.0,,,,,False
1769356210.034418,20.125417646,0.5098192551556755,0.4166802300347222,1.0,,,,,False
1769356210.038414,20.129413646,0.5094635907341453,0.4160451253255208,1.0,,,,,False
1769356210.046372,20.137371646,0.5106194440056296,0.4169729162145543,1.0,,,,,False
1769356210.050359,20.141358646,0.5109401029698989,0.4172537344473379,1.0,,,,,False
1769356210.054395,20.145394646,0.5108708213357365,0.416631175853588,1.0,,,,,False
1769356210.058415,20.149414646,0.5104361141429228,0.4161884449146412,1.0,,,,,False
1769356210.066414,20.157413646,0.5103449540979722,0.4161614312065972,1.0,,,,,False
1769356210.0704181,20.161417646,0.5102930629954618,0.4170398853443287,1.0,,,,,False
1769356210.0745091,20.165508646000003,0.5102976069730871,0.4170182969835069,1.0,,,,,False
1769356210.078572,20.169571646,0.510349946863511,0.4170473451967592,1.0,,,,,False
1769356210.086483,20.177482646,0.5093008490169749,0.4183641221788194,1.0,,,,,False
1769356210.0907412,20.181740646,0.5090220395256492,0.4178524441189236,1.0,,,,,False
1769356210.094744,20.185743646,0.5090041441075942,0.4179257993344907,1.0,,,,,False
1769356210.098583,20.189582646,0.5096772698795095,0.4177762066876447,1.0,,,,,False
1769356210.106512,20.197511646,0.5092772315530216,0.417646563494647,1.0,,,,,False
1769356210.110408,20.201407646,0.5092049206004423,0.4172754358362268,1.0,,,,,False
1769356210.114411,20.205410646,0.5091730005600873,0.4169716729058159,1.0,,,,,False
1769356210.118407,20.209406646,0.5093780405381146,0.4166518034758391,1.0,,,,,False
1769356210.126692,20.217691646,0.5093144809498507,0.4164507265444155,1.0,,,,,False
1769356210.130381,20.221380646,0.5095103768741384,0.4162934479890046,1.0,,,,,False
1769356210.134613,20.225612646,0.5098011914421531,0.4160942925347222,1.0,,,,,False
1769356210.138601,20.229600646,0.5101901222677792,0.4158719663266782,1.0,,,,,False
1769356210.146347,20.237346646,0.5101458605598,0.4152221114547164,1.0,,,,,False
1769356210.150391,20.241390646000003,0.5102520549998564,0.4154333043981482,1.0,,,,,False
1769356210.154397,20.245396646,0.5102881824269014,0.4152486730504918,1.0,,,,,False
1769356210.158409,20.249408646000003,0.5101614559397978,0.4151785391348379,1.0,,,,,False
1769356210.166412,20.257411646,0.5100224999820485,0.4152901543511285,1.0,,,,,False
1769356210.170576,20.261575646,0.510101598851821,0.4156107584635417,1.0,,,,,False
1769356210.174525,20.265524646000003,0.510071361766142,0.4155915436921296,1.0,,,,,False
1769356210.178625,20.269624646,0.5100571688483743,0.4154457939995659,1.0,,,,,False
1769356210.18653,20.277529646,0.5088965472053079,0.4152201334635417,1.0,,,,,False
1769356210.1904771,20.281476646,0.5089574701645795,0.4148677684642651,1.0,,,,,False
1769356210.194389,20.285388646,0.5089895585004021,0.4147753680193865,1.0,,,,,False
1769356210.198718,20.289717646,0.5095970490399528,0.4146783899377894,1.0,,,,,False
1769356210.206516,20.297515646,0.5095258039586684,0.4136062056929976,1.0,,,,,False
1769356210.210611,20.301610646,0.5096335691564223,0.4134986594871238,1.0,,,,,False
1769356210.214556,20.305555646,0.5099024492151597,0.4136816519278067,1.0,,,,,False
1769356210.218635,20.309634646000003,0.5102628820082721,0.4136634544089989,1.0,,,,,False
1769356210.226597,20.317596646,0.510922207551844,0.4136355364764178,1.0,,,,,False
1769356210.230402,20.321401646,0.5114800509284524,0.4126845183195891,1.0,,,,,False
1769356210.234415,20.325414646,0.511352258570054,0.4126387419524016,1.0,,,,,False
1769356210.2386851,20.329684646,0.5113582611083984,0.4126243308738425,1.0,,,,,False
1769356210.246419,20.337418646,0.5119241265689626,0.4125337953920718,1.0,,,,,False
1769356210.250502,20.341501646,0.5118858113008387,0.4124922575774016,1.0,,,,,False
1769356210.254689,20.345688646000003,0.5119335511151482,0.411705243145978,1.0,,,,,False
1769356210.258547,20.349546646,0.5121142443488625,0.411679529260706,1.0,,,,,False
1769356210.2664921,20.357491646,0.5122633541331572,0.4113846390335648,1.0,,,,,False
1769356210.270417,20.361416646,0.5125324585858513,0.4110506976092303,1.0,,,,,False
1769356210.2744021,20.365401646,0.5128609152401195,0.4121702971281828,1.0,,,,,False
1769356210.278418,20.369417646,0.5128098095164579,0.412216638635706,1.0,,,,,False
1769356210.286539,20.377538646,0.5136580186731675,0.4120979026511863,1.0,,,,,False
1769356210.290509,20.381508646,0.5135805466595817,0.4123458862304687,1.0,,,,,False
1769356210.2945821,20.385581646,0.514260965235093,0.4127068413628472,1.0,,,,,False
1769356210.298536,20.389535646,0.5144177044139189,0.4126851399739583,1.0,,,,,False
1769356210.306634,20.397633646000003,0.5148300283095416,0.4126094676830151,1.0,,,,,False
1769356210.31042,20.401419646,0.5147330901202034,0.4124797114619503,1.0,,,,,False
1769356210.314421,20.405420646,0.5145700118120979,0.4125473587601272,1.0,,,,,False
1769356210.318509,20.409508646000003,0.5146798526539522,0.4125737508138021,1.0,,,,,False
1769356210.326386,20.417385646,0.5145340526805204,0.4129778261537905,1.0,,,,,False
1769356210.330568,20.421567646,0.5143965552834904,0.4131543194806134,1.0,,,,,False
1769356210.3346581,20.425657646,0.5143168393303367,0.4131655092592592,1.0,,,,,False
1769356210.338668,20.429667646,0.5145641214707318,0.4131947270146122,1.0,,,,,False
1769356210.346384,20.437383646,0.5150876325719497,0.413418522587529,1.0,,,,,False
1769356210.35042,20.441419646,0.5150784324197208,0.4135200217918113,1.0,,,,,False
1769356210.354403,20.445402646,0.5149957993451286,0.4135958071108218,1.0,,,,,False
1769356210.358412,20.449411646,0.515764965730555,0.4136068838614004,1.0,,,,,False
1769356210.366513,20.457512646,0.5157874612247243,0.4135658546730324,1.0,,,,,False
1769356210.370528,20.461527646,0.5164631114286535,0.4134554827654803,1.0,,,,,False
1769356210.3746681,20.465667646,0.5174246395335478,0.4135769879376446,1.0,,,,,False
1769356210.378638,20.469637646,0.5173542359296013,0.4134794447157118,1.0,,,,,False
1769356210.386385,20.477384646,0.5179442237405216,0.4134451972113715,1.0,,,,,False
1769356210.3904161,20.481415646,0.5178461635813993,0.4134758278175636,1.0,,,,,False
1769356210.394681,20.485680646,0.5176992977366728,0.4135184959129051,1.0,,,,,False
1769356210.3985221,20.489521646,0.5175734688253963,0.4133583351417824,1.0,,,,,False
1769356210.40642,20.497419646,0.5184678470387178,0.4143424705222801,1.0,,,,,False
1769356210.410805,20.501804646,0.5186028200037339,0.4143422444661458,1.0,,,,,False
1769356210.414657,20.505656646,0.5184531492345473,0.4145191899052373,1.0,,,,,False
1769356210.418654,20.509653646,0.5183054419124827,0.4144917805989583,1.0,,,,,False
1769356210.426645,20.517644646,0.5183700673720416,0.4144060488100405,1.0,,,,,False
1769356210.43053,20.521529646,0.5182677437277401,0.4142358285409433,1.0,,,,,False
1769356210.4344041,20.525403646,0.5181444392484778,0.4117901272243923,1.0,,,,,False
1769356210.4384952,20.529494646,0.5184829375323128,0.4045134932906539,1.0,,,,,False
1769356210.4465141,20.537513646,0.5215730106129366,0.3704480771665219,1.0,,,,,False
1769356210.450409,20.541408646,0.5267907871919519,0.352946302625868,1.0,,,,,False
1769356210.454667,20.545666646,0.5388510086957146,0.3328978361906829,1.0,,,,,False
1769356210.458383,20.549382646,0.5444590063656077,0.31245687979239,1.0,,,,,False
1769356210.46642,20.557419646,0.556426721460679,0.2923993711118344,1.0,,,,,False
1769356210.470375,20.561374646,0.5613257464240579,0.2877900865342881,1.0,,,,,False
1769356210.4744132,20.565412646,0.5650407566743738,0.2841061627423321,1.0,,,,,False
1769356210.4824111,20.573410646000003,0.5640595940982595,0.2842949196144386,1.0,,,,,False
1769356210.486411,20.577410646,0.561389306012322,0.2882025824652777,1.0,,,,,False
1769356210.49042,20.581419646,0.5614365970387178,0.2858710394965278,1.0,,,,,False
1769356210.494468,20.585467646,0.560824057635139,0.2836655793366609,1.0,,,,,False
1769356210.502645,20.593644646,0.562250530018526,0.2840705589011864,1.0,,,,,False
1769356210.506402,20.597401646,0.5598706638111788,0.286590576171875,1.0,,,,,False
1769356210.510397,20.601396646,0.5593486112706801,0.2860765245225695,1.0,,,,,False
1769356210.514411,20.605410646000003,0.5617834539974437,0.2874016090675636,1.0,,,,,False
1769356210.522377,20.613376646000003,0.5612431694479549,0.2868872748480903,1.0,,,,,False
1769356210.52641,20.617409646,0.5590842190910789,0.2857146651656539,1.0,,,,,False
1769356210.530487,20.621486646,0.5570943495806526,0.2852010091145833,1.0,,,,,False
1769356210.53442,20.625419646,0.5565552991979262,0.2859278361002604,1.0,,,,,False
1769356210.542398,20.633397646,0.556612070868997,0.2885502002857349,1.0,,,,,False
1769356210.546359,20.637358646000003,0.558769562665154,0.2893659803602431,1.0,,,,,False
1769356210.55056,20.641559646,0.5574884414672852,0.2856689453125,1.0,,,,,False
1769356210.554517,20.645516646,0.5561021356021657,0.2823581836841724,1.0,,,,,False
1769356210.562366,20.653365646,0.5537247938268325,0.2837565104166667,1.0,,,,,False
1769356210.566589,20.657588646,0.5533167895148782,0.2854422110098379,1.0,,,,,False
1769356210.5708551,20.661854646,0.553497875438017,0.2871780395507812,1.0,,,,,False
1769356210.574644,20.665643646000003,0.5537288890165442,0.2832438151041666,1.0,,,,,False
1769356210.582359,20.673358646,0.5530361287734088,0.2875129982277199,1.0,,,,,False
1769356210.586513,20.677512646,0.5520729177138385,0.2841618290653935,1.0,,,,,False
1769356210.590393,20.681392646000003,0.5533148260677562,0.2833275123878761,1.0,,,,,False
1769356210.594629,20.685628646,0.5524847367230583,0.2842770611798322,1.0,,,,,False
1769356210.602364,20.693363646,0.5517641516292796,0.2895018966109665,1.0,,,,,False
1769356210.606514,20.697513646,0.5516554327572093,0.2878249556929977,1.0,,,,,False
1769356210.610505,20.701504646,0.5510289809283089,0.288355396412037,1.0,,,,,False
1769356210.614614,20.705613646,0.5515349893008962,0.2867702907986111,1.0,,,,,False
1769356210.622358,20.713357646,0.5506168814266429,0.2863828305844907,1.0,,,,,False
1769356210.626568,20.717567646000003,0.5521728291231043,0.2867740207248264,1.0,,,,,False
1769356210.630403,20.721402646,0.5525013418758616,0.2894265634042245,1.0,,,,,False
1769356210.6344151,20.725414646,0.5520609687356388,0.2890343560112847,1.0,,,,,False
1769356210.6425111,20.733510646000003,0.5527569826911477,0.290672132703993,1.0,,,,,False
1769356210.646569,20.737568646,0.5522775089039522,0.2888459947374132,1.0,,,,,False
1769356210.650625,20.741624646,0.5518178378834444,0.2890507450810184,1.0,,,,,False
1769356210.654642,20.745641646000003,0.5516840429867015,0.287617266619647,1.0,,,,,False
1769356210.66241,20.753409646,0.551226391511805,0.2831058078342013,1.0,,,,,False
1769356210.66657,20.757569646,0.55089069815243,0.2824374163592303,1.0,,,,,False
1769356210.670517,20.761516646,0.5504866207347197,0.2847603126808449,1.0,,,,,False
1769356210.675228,20.766227646,0.5496395896462833,0.2856614854600694,1.0,,,,,False
1769356210.682388,20.773387646,0.5492263681748334,0.2855127970377604,1.0,,,,,False
1769356210.6865861,20.777585646,0.5490331088795382,0.2854245786313657,1.0,,,,,False
1769356210.6903892,20.781388646,0.5487093644983628,0.286263190375434,1.0,,,,,False
1769356210.694395,20.785394646,0.5478829776539522,0.2876788669162327,1.0,,,,,False
1769356210.702394,20.793393646,0.5468560948091394,0.2882496586552372,1.0,,,,,False
1769356210.7063951,20.797394646,0.5465035719030044,0.2880051789460358,1.0,,,,,False
1769356210.7103992,20.801398646000003,0.546222069684197,0.2877523916739004,1.0,,,,,False
1769356210.714538,20.805537646,0.5458036871517405,0.2875019779911747,1.0,,,,,False
1769356210.722392,20.813391646000003,0.5448647106395048,0.2907273469147858,1.0,,,,,False
1769356210.726497,20.817496646,0.5423998552210191,0.2917423389576099,1.0,,,,,False
1769356210.73042,20.821419646000003,0.5423727035522461,0.2912021213107638,1.0,,,,,False
1769356210.734385,20.825384646,0.540955711813534,0.2907862345377604,1.0,,,,,False
1769356210.742368,20.833367646000003,0.5393034991096047,0.2927753589771412,1.0,,,,,False
1769356210.746465,20.837464646,0.5393479291130515,0.2922871907552083,1.0,,,,,False
1769356210.750644,20.841643646,0.5386483809527229,0.2933438336407696,1.0,,,,,False
1769356210.754556,20.845555646,0.5383996402516085,0.2912934479890046,1.0,,,,,False
1769356210.762554,20.853553646,0.5381768731509938,0.2920431631582755,1.0,,,,,False
1769356210.766413,20.857412646,0.536442476160386,0.2919428507486979,1.0,,,,,False
1769356210.770659,20.861658646,0.5361411711748909,0.2913176359953704,1.0,,,,,False
1769356210.774416,20.865415646,0.5362762002383962,0.2915619461624711,1.0,,,,,False
1769356210.782406,20.873405646,0.5364782108980066,0.2919749507197627,1.0,,,,,False
1769356210.786552,20.877551646,0.5366996316348805,0.2902346010561343,1.0,,,,,False
1769356210.790419,20.881418646,0.5360469257130343,0.2892108493381076,1.0,,,,,False
1769356210.7946,20.885599646000003,0.5361879012163948,0.2883367467809606,1.0,,,,,False
1769356210.802419,20.893418646,0.5370588863597197,0.2845159459997106,1.0,,,,,False
1769356210.806415,20.897414646,0.5401536156149471,0.283606861255787,1.0,,,,,False
1769356210.810548,20.901547646,0.543232749490177,0.2797371193214699,1.0,,,,,False
1769356210.814563,20.905562646,0.5486344730152803,0.2758600870768229,1.0,,,,,False
1769356210.822505,20.913504646,0.5533434923957375,0.2748970879448784,1.0,,,,,False
1769356210.826539,20.917538646,0.5557045095107135,0.2748044614438657,1.0,,,,,False
1769356210.830518,20.921517646,0.5571320477653953,0.2725462171766493,1.0,,,,,False
1769356210.8346481,20.925647646,0.5579492344575769,0.267209314416956,1.0,,,,,False
1769356210.8425741,20.933573646000003,0.5584927166209501,0.2695547033239294,1.0,,,,,False
1769356210.846577,20.937576646,0.5594477373010972,0.2706002129448784,1.0,,,,,False
1769356210.850384,20.941383646,0.5588412004358628,0.2704524852611401,1.0,,,,,False
1769356210.854384,20.945383646,0.5585105559405159,0.2692023948386863,1.0,,,,,False
1769356210.862593,20.953592646,0.5573403414557961,0.2694630940755208,1.0,,,,,False
1769356210.866412,20.957411646,0.557315938612994,0.2698693734628182,1.0,,,,,False
1769356210.8705301,20.961529646,0.5599916121538948,0.271133874963831,1.0,,,,,False
1769356210.874418,20.965417646,0.5592455583460191,0.2720447116427951,1.0,,,,,False
1769356210.882339,20.973338646,0.5582668641034294,0.2720860799153646,1.0,,,,,False
1769356210.886403,20.977402646,0.5580375895780676,0.2717074924045138,1.0,,,,,False
1769356210.890564,20.981563646,0.5575347788193646,0.2716637505425348,1.0,,,,,False
1769356210.8946722,20.985671646,0.5574755388147691,0.2710809778284143,1.0,,,,,False
1769356210.90235,20.993349646,0.5588133755852195,0.2726100780345776,1.0,,,,,False
1769356210.906526,20.997525646,0.5583111258114085,0.2716783876772279,1.0,,,,,False
1769356210.910479,21.001478646,0.5579132753259995,0.2708890561704282,1.0,,,,,False
1769356210.91454,21.005539646000003,0.5575201932121726,0.2710535120081019,1.0,,,,,False
1769356210.922373,21.013372646,0.5568261988022748,0.270767664026331,1.0,,,,,False
1769356210.926573,21.017572646,0.5564739002900965,0.2692039207175926,1.0,,,,,False
1769356210.931238,21.022237646,0.5561124577241785,0.2701688978407118,1.0,,,,,False
1769356210.934526,21.025525646,0.5566884209127987,0.270116283275463,1.0,,,,,False
1769356210.942365,21.033364646000003,0.5561666488647461,0.2716446487991898,1.0,,,,,False
1769356210.946605,21.037604646,0.5559097738826976,0.2722404762550636,1.0,,,,,False
1769356210.950479,21.041478646,0.5563508202047909,0.2722019336841724,1.0,,,,,False
1769356210.9543982,21.045397646,0.5562889996696921,0.2722025553385416,1.0,,,,,False
1769356210.962379,21.053378646,0.5562239254222197,0.2676964653862848,1.0,,,,,False
1769356210.966383,21.057382646,0.5559974558213178,0.2672119140625,1.0,,,,,False
1769356210.970531,21.061530646,0.555789218229406,0.2674238416883681,1.0,,,,,False
1769356210.974639,21.065638646,0.5560365564682904,0.2683490894458912,1.0,,,,,False
1769356210.98242,21.073419646,0.5557056875789866,0.2687961154513889,1.0,,,,,False
1769356210.986396,21.077395646000003,0.5556054395787856,0.2692694769965278,1.0,,,,,False
1769356210.990364,21.081363646,0.5555715560913086,0.2699056554723669,1.0,,,,,False
1769356210.994402,21.085401646,0.5555704341215246,0.2702194213867187,1.0,,,,,False
1769356211.002401,21.093400646000003,0.5552945417516372,0.2706204449688947,1.0,,,,,False
1769356211.006408,21.097407646,0.5562157350427964,0.2710596720377604,1.0,,,,,False
1769356211.010546,21.101545646,0.5564366508932674,0.2714299519856771,1.0,,,,,False
1769356211.014574,21.105573646,0.5566802305333755,0.2717476173683449,1.0,,,,,False
1769356211.022416,21.113415646,0.5555595510146197,0.2721953215422453,1.0,,,,,False
1769356211.026511,21.117510646000003,0.5554400612326229,0.2724999886971933,1.0,,,,,False
1769356211.03052,21.121519646000003,0.555414592518526,0.2725645277235243,1.0,,,,,False
1769356211.034408,21.125407646000003,0.5552307016709271,0.2722991943359375,1.0,,,,,False
1769356211.042399,21.133398646,0.5556652405682732,0.2725598370587384,1.0,,,,,False
1769356211.046508,21.137507646000003,0.5556139104506549,0.2721514101381654,1.0,,,,,False
1769356211.050939,21.141938646,0.5554900449865005,0.2720363475658275,1.0,,,,,False
1769356211.0543761,21.145375646,0.5555777269251206,0.2725525467484085,1.0,,,,,False
1769356211.062549,21.153548646,0.5550576939302332,0.2725949322735822,1.0,,,,,False
1769356211.066415,21.157414646000003,0.5552073646994198,0.2727665653935185,1.0,,,,,False
1769356211.070549,21.161548646,0.555113904616412,0.2729605215567129,1.0,,,,,False
1769356211.0743861,21.165385646,0.5552256528068992,0.2731070624457465,1.0,,,,,False
1769356211.082493,21.173492646,0.5550590963924632,0.2733577586986401,1.0,,,,,False
1769356211.0864131,21.177412646,0.5555897881002987,0.273823716905382,1.0,,,,,False
1769356211.090388,21.181387646,0.5556416231043199,0.2739640412507234,1.0,,,,,False
1769356211.094496,21.185495646,0.5555552875294405,0.2748171771014178,1.0,,,,,False
1769356211.102354,21.193353646,0.5563488567576689,0.2746067188404224,1.0,,,,,False
1769356211.106412,21.197411646000003,0.556249786825741,0.2745715671115452,1.0,,,,,False
1769356211.11042,21.201419646,0.5564237482407514,0.2748198897750289,1.0,,,,,False
1769356211.114386,21.205385646,0.5563309052411247,0.2746405142324942,1.0,,,,,False
1769356211.122405,21.213404646,0.5557685178868911,0.274818702980324,1.0,,,,,False
1769356211.1266282,21.217627646,0.5557399076573989,0.2748978226273147,1.0,,,,,False
1769356211.130558,21.221557646,0.555663501515108,0.2750463415075231,1.0,,,,,False
1769356211.134385,21.225384646,0.5557773253496956,0.275184405291522,1.0,,,,,False
1769356211.142532,21.233531646000003,0.5549578947179458,0.275138176812066,1.0,,,,,False
1769356211.1463811,21.237380646,0.5547179053811466,0.2751128020109954,1.0,,,,,False
1769356211.150365,21.241364646,0.5544750550213982,0.2751274391456887,1.0,,,,,False
1769356211.1543632,21.245362646,0.5547806234920726,0.2754706488715277,1.0,,,,,False
1769356211.162401,21.253400646000003,0.5555964638205135,0.2757617526584202,1.0,,,,,False
1769356211.16657,21.257569646,0.5552549362182617,0.2758058901186342,1.0,,,,,False
1769356211.170483,21.261482646,0.5547537523157456,0.2757363213433159,1.0,,,,,False
1769356211.1746001,21.265599646,0.5546935025383445,0.2757497151692708,1.0,,,,,False
1769356211.182519,21.273518646000003,0.5542606465956744,0.2758394029405382,1.0,,,,,False
1769356211.1864111,21.277410646,0.553698876324822,0.2757975260416666,1.0,,,,,False
1769356211.190402,21.281401646000003,0.5534418330473059,0.2761123092086227,1.0,,,,,False
1769356211.194396,21.285395646,0.5530799977919635,0.2761570118091724,1.0,,,,,False
1769356211.202342,21.293341646,0.5526123046875,0.2761127613208912,1.0,,,,,False
1769356211.206528,21.297527646,0.552053732030532,0.2760328504774305,1.0,,,,,False
1769356211.210409,21.301408646,0.5496264625998104,0.2764619050202546,1.0,,,,,False
1769356211.214592,21.305591646,0.5493776097017176,0.2783876207139757,1.0,,,,,False
1769356211.2223961,21.313395646,0.5437183380126953,0.2801852190936053,1.0,,,,,False
1769356211.2265031,21.317502646,0.5264492595897001,0.2801333392107928,1.0,,,,,False
1769356211.230525,21.321524646,0.5091080946080825,0.2799785472728587,1.0,,,,,False
1769356211.238367,21.329366646,0.4787293602438534,0.2798637672706886,1.0,,,,,False
1769356211.242387,21.333386646,0.44879010144402,0.2883795279043691,1.0,,,,,False
1769356211.246411,21.337410646,0.4190770598018871,0.2907808091905381,1.0,,,,,False
1769356211.2505581,21.341557646,0.3888347289141486,0.3024726019965278,1.0,,,,,False
1769356211.258575,21.349574646,0.37427459043615,0.3153142858434606,1.0,,,,,False
1769356211.262518,21.353517646,0.3532069711124195,0.3230227435076678,1.0,,,,,False
1769356211.266518,21.357517646,0.3306892899905934,0.3265692251699942,1.0,,,,,False
1769356211.2704132,21.361412646,0.3074955098769244,0.3320116961443865,1.0,,,,,False
1769356211.278395,21.369394646,0.2787153861101936,0.3315368087203414,1.0,,,,,False
1769356211.2825131,21.373512646,0.2559934503891888,0.3300984135380498,1.0,,,,,False
1769356211.286505,21.377504646,0.2413251540240119,0.3312112313729746,1.0,,,,,False
1769356211.290411,21.381410646000003,0.2264872859506046,0.3287625913266783,1.0,,,,,False
1769356211.298413,21.389412646,0.2094556023092831,0.3341285422996238,1.0,,,,,False
1769356211.302745,21.393744646,0.1998682723325841,0.3316331651475694,1.0,,,,,False
1769356211.306659,21.397658646,0.1924946167889763,0.333634779188368,1.0,,,,,False
1769356211.310385,21.401384646,0.1937251651988309,0.3332662511754919,1.0,,,,,False
1769356211.318689,21.409688646000003,0.1927912515752455,0.3368372034143518,1.0,,,,,False
1769356211.322474,21.413473646,0.1917398116167853,0.3421776100441261,1.0,,,,,False
1769356211.326412,21.417411646,0.187364003237556,0.346428143536603,1.0,,,,,False
1769356211.330553,21.421552646,0.1869205306558048,0.3448523627387152,1.0,,,,,False
1769356211.338649,21.429648646,0.1926777643315932,0.3443292123300058,1.0,,,,,False
1769356211.3426561,21.433655646,0.1911541293649112,0.3462760642722801,1.0,,,,,False
1769356211.3465211,21.437520646000003,0.1898419857025146,0.3472425672743056,1.0,,,,,False
1769356211.350496,21.441495646,0.1930018873775706,0.3478763156467014,1.0,,,,,False
1769356211.358414,21.449413646,0.1884313330930822,0.3522802282262731,1.0,,,,,False
1769356211.362682,21.453681646,0.1867274536805994,0.354456075032552,1.0,,,,,False
1769356211.36659,21.457589646,0.1965187437394086,0.353371344672309,1.0,,,,,False
1769356211.370575,21.461574646000003,0.1953252063078039,0.3543224758572049,1.0,,,,,False
1769356211.37856,21.469559646,0.1889003304874195,0.3559304696542246,1.0,,,,,False
1769356211.382404,21.473403646,0.1893492446226232,0.3539914731626157,1.0,,,,,False
1769356211.386391,21.477390646,0.1915428778704475,0.3534849378797743,1.0,,,,,False
1769356211.3903542,21.481353646,0.1906462416929357,0.3531624122902199,1.0,,,,,False
1769356211.398353,21.489352646,0.1913650596843046,0.3558102643048322,1.0,,,,,False
1769356211.402363,21.493362646,0.1943550250109504,0.3540941026475694,1.0,,,,,False
1769356211.406523,21.497522646,0.1901714661542107,0.3535933317961516,1.0,,,,,False
1769356211.4105961,21.501595646,0.1936447760638068,0.3542552806712963,1.0,,,,,False
1769356211.418692,21.509691646,0.1954019630656522,0.3619185271086516,1.0,,,,,False
1769356211.42242,21.513419646000003,0.197982858209049,0.3667726869936343,1.0,,,,,False
1769356211.426565,21.517564646,0.1924637205460492,0.3782773618344908,1.0,,,,,False
1769356211.430391,21.521390646,0.1944470686071059,0.3914749710648147,1.0,,,,,False
1769356211.438376,21.529375646,0.1893717681660371,0.4053505226417824,1.0,,,,,False
1769356211.442389,21.533388646,0.189569122651044,0.4112121582031249,1.0,,,,,False
1769356211.446389,21.537388646,0.1948131392983829,0.4111087375217014,1.0,,,,,False
1769356211.450361,21.541360646,0.1971290532280417,0.409856273509838,1.0,,,,,False
1769356211.458511,21.549510646,0.1917610869688146,0.4132444028501157,1.0,,,,,False
1769356211.462407,21.553406646000003,0.1937959755168241,0.4139841150354456,1.0,,,,,False
1769356211.46642,21.557419646,0.1931724688586066,0.4164682458948205,1.0,,,,,False
1769356211.4703991,21.561398646,0.1952716462752398,0.4168397691514757,1.0,,,,,False
1769356211.478513,21.569512646,0.1953421480515424,0.4188465824833622,1.0,,,,,False
1769356211.482357,21.573356646,0.1961988000308766,0.4185558742947048,1.0,,,,,False
1769356211.486673,21.577672646,0.2011594211353975,0.4184601960358796,1.0,,,,,False
1769356211.4906821,21.581681646,0.2002512426937327,0.4157197740342881,1.0,,,,,False
1769356211.498394,21.589393646,0.1999185646281522,0.4147472805447049,1.0,,,,,False
1769356211.5023391,21.593338646000003,0.1987590789794922,0.4145283451786747,1.0,,,,,False
1769356211.5065382,21.597537646000003,0.1979284006006577,0.4141298647280093,1.0,,,,,False
1769356211.510407,21.601406646,0.2001108281752642,0.4148908261899595,1.0,,,,,False
1769356211.518381,21.609380646,0.2040686046375948,0.4150869298864293,1.0,,,,,False
1769356211.522365,21.613364646,0.2023318935843075,0.4159616540979456,1.0,,,,,False
1769356211.5264041,21.617403646,0.2030189878800336,0.4177515665690104,1.0,,,,,False
1769356211.530543,21.621542646,0.2048397064208984,0.4195990668402778,1.0,,,,,False
1769356211.538393,21.629392646000003,0.2034953902749454,0.4172034934714989,1.0,,,,,False
1769356211.542489,21.633488646,0.2063224876628202,0.422907398365162,1.0,,,,,False
1769356211.546413,21.637412646,0.205990805345423,0.4215216177481192,1.0,,,,,False
1769356211.550396,21.641395646000003,0.2052524791044347,0.4216220431857639,1.0,,,,,False
1769356211.558409,21.649408646,0.2044516030479879,0.422817145453559,1.0,,,,,False
1769356211.562897,21.653896646,0.2049626883338479,0.4210599546079282,1.0,,,,,False
1769356211.566414,21.657413646,0.2056414660285501,0.4192165233470776,1.0,,,,,False
1769356211.570513,21.661512646,0.2029046311097986,0.4185880307798032,1.0,,,,,False
1769356211.5785081,21.669507646000003,0.2071413853589226,0.416137299714265,1.0,,,,,False
1769356211.582402,21.673401646,0.2076625543482163,0.4153219152379919,1.0,,,,,False
1769356211.58654,21.677539646,0.207388162612915,0.4153410734953704,1.0,,,,,False
1769356211.590487,21.681486646,0.2092515440548167,0.4152013708043981,1.0,,,,,False
1769356211.5985231,21.689522646,0.2094015514149385,0.4153910319010416,1.0,,,,,False
1769356211.602495,21.693494646,0.2116573417887968,0.4154244882089121,1.0,,,,,False
1769356211.606408,21.697407646,0.2141240204081815,0.4164274992766203,1.0,,,,,False
1769356211.610586,21.701585646,0.2139882620643167,0.4162046079282407,1.0,,,,,False
1769356211.618582,21.709581646,0.21619634067311,0.4172422620985243,1.0,,,,,False
1769356211.622349,21.713348646,0.2162392980912152,0.4178017510308159,1.0,,,,,False
1769356211.626414,21.717413646,0.2177795522353228,0.4180512604890046,1.0,,,,,False
1769356211.630491,21.721490646000003,0.2178787203396067,0.4191897356951678,1.0,,,,,False
1769356211.638421,21.729420646,0.2200228045968448,0.4195305153175637,1.0,,,,,False
1769356211.642397,21.733396646000003,0.2212517682243795,0.4193465621383102,1.0,,,,,False
1769356211.646384,21.737383646,0.2210200253654928,0.4187062016239873,1.0,,,,,False
1769356211.650517,21.741516646,0.2211754322052002,0.4174686008029513,1.0,,,,,False
1769356211.658413,21.749412646,0.2203377695644603,0.4161727340133102,1.0,,,,,False
1769356211.662682,21.753681646,0.2192552370183608,0.4177714595088252,1.0,,,,,False
1769356211.666385,21.757384646,0.2184191030614516,0.4172860604745371,1.0,,,,,False
1769356211.670372,21.761371646,0.2181280781241024,0.4186042503074363,1.0,,,,,False
1769356211.6783671,21.769366646,0.2172106294070973,0.4202457569263599,1.0,,,,,False
1769356211.682409,21.773408646,0.2169149342705221,0.4188054967809607,1.0,,,,,False
1769356211.686675,21.777674646,0.2176931745865765,0.4172458224826388,1.0,,,,,False
1769356211.690637,21.781636646000003,0.2181248945348403,0.4164317943431713,1.0,,,,,False
1769356211.698404,21.789403646,0.2181411771213307,0.4158784654405382,1.0,,,,,False
1769356211.702383,21.793382646,0.2179893746095545,0.4156748453776041,1.0,,,,,False
1769356211.706376,21.797375646000003,0.2186738743501551,0.4154978999385127,1.0,,,,,False
1769356211.710407,21.801406646,0.2186560069813448,0.4165018152307581,1.0,,,,,False
1769356211.7183921,21.809391646,0.216580545201021,0.4170577437789352,1.0,,,,,False
1769356211.722381,21.813380646,0.2165426506715662,0.4165633024992766,1.0,,,,,False
1769356211.726394,21.817393646000003,0.2167799753301283,0.4171843352141203,1.0,,,,,False
1769356211.730421,21.821420646,0.2171105497023638,0.4168626573350694,1.0,,,,,False
1769356211.738598,21.829597646,0.2161235388587503,0.4172374018916377,1.0,,,,,False
1769356211.742536,21.833535646,0.2167392197777243,0.4180720011393229,1.0,,,,,False
1769356211.746336,21.837335646,0.2172373883864458,0.4176439073350694,1.0,,,,,False
1769356211.750368,21.841367646,0.2170524316675522,0.4171340942382813,1.0,,,,,False
1769356211.758394,21.849393646000003,0.216564374811509,0.4175089518229167,1.0,,,,,False
1769356211.762394,21.853393646,0.216391549390905,0.4177588568793402,1.0,,,,,False
1769356211.766557,21.857556646000003,0.2161598486058852,0.4179431491427952,1.0,,,,,False
1769356211.770558,21.861557646,0.2164118009455063,0.4181072093822338,1.0,,,,,False
1769356211.778665,21.869664646,0.2168639126945944,0.4179477267795138,1.0,,,,,False
1769356211.7824821,21.873481646,0.2167857394498937,0.417414234302662,1.0,,,,,False
1769356211.786871,21.877870646,0.2168783300063189,0.4170887134693287,1.0,,,,,False
1769356211.7905211,21.881520646,0.2171233261332792,0.4167407565646701,1.0,,,,,False
1769356211.798401,21.889400646,0.2157548034892362,0.4159771954571759,1.0,,,,,False
1769356211.802344,21.893343646,0.2154686310712029,0.4161487155490451,1.0,,,,,False
1769356211.806514,21.897513646,0.215303757611443,0.4172531127929687,1.0,,,,,False
1769356211.810751,21.901750646,0.2156789863810819,0.4183102077907986,1.0,,,,,False
1769356211.818366,21.909365646,0.2152687381295596,0.4175652963143808,1.0,,,,,False
1769356211.822375,21.913374646,0.215269453385297,0.417834077058015,1.0,,,,,False
1769356211.8264031,21.917402646000003,0.2155798883999095,0.4181546811704282,1.0,,,,,False
1769356211.830498,21.921497646,0.2159030156977036,0.4179485179759837,1.0,,,,,False
1769356211.838377,21.929376646,0.2163840602425968,0.4179785269278067,1.0,,,,,False
1769356211.842533,21.933532646,0.2166125213398653,0.4186412669994213,1.0,,,,,False
1769356211.84659,21.937589646000003,0.2156681874219109,0.4183597140842013,1.0,,,,,False
1769356211.850483,21.941482646,0.2160808479084688,0.4194616812246817,1.0,,,,,False
1769356211.858413,21.949412646000003,0.2165654687320485,0.4203964798538773,1.0,,,,,False
1769356211.862406,21.953405646,0.2167169346528894,0.4199719464337385,1.0,,,,,False
1769356211.866415,21.957414646,0.216831179226146,0.4197228890878183,1.0,,,,,False
1769356211.870618,21.961617646,0.2170193475835463,0.4194621898509838,1.0,,,,,False
1769356211.878388,21.969387646,0.2170635531930362,0.4189841941550926,1.0,,,,,False
1769356211.882383,21.973382646,0.2170492060044232,0.4187085186993634,1.0,,,,,False
1769356211.886566,21.977565646,0.2170315349803251,0.4188843903718171,1.0,,,,,False
1769356211.890337,21.981336646000003,0.2169128866756663,0.4188714486581307,1.0,,,,,False
1769356211.898407,21.989406646000003,0.216674944933723,0.4189574065031829,1.0,,,,,False
1769356211.9024131,21.993412646000003,0.2167906480676987,0.4187217994972512,1.0,,,,,False
1769356211.906514,21.997513646,0.2168597193325267,0.4186510439272279,1.0,,,,,False
1769356211.910478,22.001477646,0.2157249731176039,0.4184501930519386,1.0,,,,,False
1769356211.9183981,22.009397646,0.2139267500709085,0.4180841516565393,1.0,,,,,False
1769356211.922498,22.013497646,0.2136684165281408,0.4176955046477141,1.0,,,,,False
1769356211.926511,22.017510646,0.2124193415922277,0.4176708080150463,1.0,,,,,False
1769356211.930617,22.021616646,0.2121987903819364,0.4175142641420717,1.0,,,,,False
1769356211.938484,22.029483646000003,0.2093918744255514,0.4185873526114004,1.0,,,,,False
1769356211.942768,22.033767646,0.2093969513388241,0.4183999520760996,1.0,,,,,False
1769356211.946389,22.037388646,0.2094793600194594,0.4182500768590856,1.0,,,,,False
1769356211.950545,22.041544646,0.2086021759930779,0.4180906507703993,1.0,,,,,False
1769356211.958384,22.049383646000003,0.2092114897335276,0.4178206267180266,1.0,,,,,False
1769356211.962397,22.053396646000003,0.2092879940481747,0.4176926224320023,1.0,,,,,False
1769356211.966512,22.057511646,0.2096777383018942,0.4174787168149595,1.0,,,,,False
1769356211.970364,22.061363646,0.2121471657472498,0.4159016927083333,1.0,,,,,False
1769356211.97858,22.069579646,0.2209563255310058,0.4160061306423611,1.0,,,,,False
1769356211.982553,22.073552646000003,0.2365128573249368,0.4157142921730324,1.0,,,,,False
1769356211.986574,22.077573646,0.2632798868067124,0.415659021448206,1.0,,,,,False
1769356211.990521,22.081520646,0.2879295910105985,0.4155702944155093,1.0,,,,,False
1769356211.998565,22.089564646000003,0.3206113366519703,0.4172444096317997,1.0,,,,,False
1769356212.002372,22.093371646,0.3400619450737448,0.4171642162181713,1.0,,,,,False
1769356212.006489,22.097488646,0.354129061979406,0.417454754864728,1.0,,,,,False
1769356212.014514,22.105513646,0.3712395219241871,0.4169183236581307,1.0,,,,,False
1769356212.018397,22.109396646,0.3809649243074305,0.4150812219690394,1.0,,,,,False
1769356212.022551,22.113550646,0.3866103677188648,0.4149177833839699,1.0,,,,,False
1769356212.026412,22.117411646,0.391696200651281,0.4144625063295717,1.0,,,,,False
1769356212.034374,22.125373646,0.3925747029921588,0.4153457076461226,1.0,,,,,False
1769356212.038404,22.129403646,0.3887414090773639,0.4153956095377604,1.0,,,,,False
1769356212.042654,22.133653646000003,0.3880300521850586,0.4149817007559316,1.0,,,,,False
1769356212.046544,22.137543646,0.3932862562291762,0.4149564389829282,1.0,,,,,False
1769356212.054395,22.145394646,0.3913757941302131,0.4142251473885995,1.0,,,,,False
1769356212.058669,22.149668646,0.387613857493681,0.4141195226598668,1.0,,,,,False
1769356212.062666,22.153665646,0.3893051988938275,0.4135657981589988,1.0,,,,,False
1769356212.0666142,22.157613646,0.389921412748449,0.4122495298032407,1.0,,,,,False
1769356212.074585,22.165584646000003,0.3900189680211684,0.4121843126085069,1.0,,,,,False
1769356212.078397,22.169396646000003,0.3942783860599293,0.4121766266999421,1.0,,,,,False
1769356212.082349,22.173348646,0.3904780780567842,0.4121613113968461,1.0,,,,,False
1769356212.086416,22.177415646,0.3881617994869457,0.4121479740849247,1.0,,,,,False
1769356212.094419,22.185418646,0.3955448094536276,0.4122907850477431,1.0,,,,,False
1769356212.098419,22.189418646,0.3920333806206198,0.4125339084201389,1.0,,,,,False
1769356212.102396,22.193395646000003,0.3911107007194968,0.4120013201678241,1.0,,,,,False
1769356212.106479,22.197478646,0.3877822090597713,0.4119591041847511,1.0,,,,,False
1769356212.114397,22.205396646,0.3918220295625574,0.4127189353660301,1.0,,,,,False
1769356212.118356,22.209355646,0.3924625340630026,0.4125207406503183,1.0,,,,,False
1769356212.122397,22.213396646,0.3886847496032715,0.4123519332320602,1.0,,,,,False
1769356212.126416,22.217415646000003,0.39404156628777,0.4131828590675637,1.0,,,,,False
1769356212.134562,22.225561646000003,0.3929518811842974,0.412778557671441,1.0,,,,,False
1769356212.138379,22.229378646,0.3927643439349006,0.4128634417498553,1.0,,,,,False
1769356212.14261,22.233609646,0.392821844886331,0.4125826235170717,1.0,,,,,False
1769356212.1464171,22.237416646,0.3944944493910846,0.4125923439308449,1.0,,,,,False
1769356212.1545022,22.245501646,0.3990833619061638,0.4130610148111979,1.0,,,,,False
1769356212.158386,22.249385646,0.4023370462305405,0.4130255805121527,1.0,,,,,False
1769356212.162487,22.253486646,0.4142140500685748,0.4119964034469039,1.0,,,,,False
1769356212.166412,22.257411646,0.4257045072667739,0.4120081583658854,1.0,,,,,False
1769356212.1745222,22.265521646,0.4392385763280532,0.4108868069118924,1.0,,,,,False
1769356212.178605,22.269604646,0.4590422686408548,0.4108281453450521,1.0,,,,,False
1769356212.182395,22.273394646,0.4769403233247645,0.4102680347583912,1.0,,,,,False
1769356212.187231,22.278230646,0.4913980259614832,0.4100103307653356,1.0,,,,,False
1769356212.194521,22.285520646,0.5101151746862075,0.4094376740632234,1.0,,,,,False
1769356212.198419,22.289418646,0.5129925222957835,0.4090977986653645,1.0,,,,,False
1769356212.202367,22.293366646000003,0.5106179854449104,0.4089350947627315,1.0,,,,,False
1769356212.206535,22.297534646000003,0.5117554945104262,0.4090119538483796,1.0,,,,,False
1769356212.214857,22.305856646,0.5161619747386259,0.4085805822301793,1.0,,,,,False
1769356212.2185822,22.309581646,0.519228598650764,0.407417071307147,1.0,,,,,False
1769356212.222381,22.313380646,0.5162894866045784,0.4067673294632523,1.0,,,,,False
1769356212.2264051,22.317404646,0.5177413155050838,0.4043991654007522,1.0,,,,,False
1769356212.234474,22.325473646000003,0.5183529573328355,0.4040504738136574,1.0,,,,,False
1769356212.238399,22.329398646,0.5214187397676355,0.4036239624023437,1.0,,,,,False
1769356212.2425652,22.333564646000003,0.5196684108060949,0.4035565976743345,1.0,,,,,False
1769356212.246543,22.337542646000003,0.5175506367402918,0.4034718266239873,1.0,,,,,False
1769356212.254395,22.345394646000003,0.5181131923899931,0.4020238805700231,1.0,,,,,False
1769356212.258531,22.349530646,0.5156901864444509,0.4018096923828125,1.0,,,,,False
1769356212.262412,22.353411646,0.5203539904426125,0.4005845246491608,1.0,,,,,False
1769356212.266341,22.357340646,0.5169106090770048,0.4006213152850115,1.0,,,,,False
1769356212.2745101,22.365509646000003,0.5149728550630457,0.4006319964373553,1.0,,,,,False
1769356212.278419,22.369418646,0.5182308870203355,0.4004614935980902,1.0,,,,,False
1769356212.282372,22.373371646,0.5201490065630745,0.3993764806676794,1.0,,,,,False
1769356212.2865,22.377499646,0.515960693359375,0.399284588849103,1.0,,,,,False
1769356212.294491,22.385490646,0.5177898406982422,0.3992941397207754,1.0,,,,,False
1769356212.29853,22.389529646,0.5198597066542682,0.3992876406069154,1.0,,,,,False
1769356212.302414,22.393413646000003,0.5198753020342659,0.3994389286747685,1.0,,,,,False
1769356212.306412,22.397411646,0.5179331723381492,0.3995015462239583,1.0,,,,,False
1769356212.314403,22.405402646,0.5136262108297909,0.4000122070312499,1.0,,,,,False
1769356212.31842,22.409419646,0.5172107359942268,0.4000104550962094,1.0,,,,,False
1769356212.322948,22.413947646,0.5167897729312673,0.3992418077256944,1.0,,,,,False
1769356212.326527,22.417526646,0.5186635185690487,0.3981482046621817,1.0,,,,,False
1769356212.334532,22.425531646000003,0.518477159387925,0.3976509941948785,1.0,,,,,False
1769356212.33856,22.429559646,0.5182315041037167,0.3978251139322917,1.0,,,,,False
1769356212.342647,22.433646646,0.5201262866749483,0.3976769341362847,1.0,,,,,False
1769356212.346381,22.437380646,0.5193979599896599,0.39794921875,1.0,,,,,False
1769356212.3544161,22.445415646,0.5201881633085363,0.3981293289749711,1.0,,,,,False
1769356212.358421,22.449420646,0.516968334422392,0.3982307716652199,1.0,,,,,False
1769356212.36287,22.453869646,0.5188233992632698,0.397177971733941,1.0,,,,,False
1769356212.366673,22.457672646,0.5192909240722656,0.3970591227213541,1.0,,,,,False
1769356212.374641,22.465640646,0.5196116952335134,0.3948681866681134,1.0,,,,,False
1769356212.3785331,22.469532646,0.5193155513090246,0.3946229722764757,1.0,,,,,False
1769356212.382514,22.473513646,0.51826213387882,0.3941266095196759,1.0,,,,,False
1769356212.386543,22.477542646,0.5171578912174001,0.3941918832284433,1.0,,,,,False
1769356212.394478,22.485477646,0.5197919396793141,0.394342041015625,1.0,,,,,False
1769356212.398363,22.489362646,0.5194809296551872,0.3939356486002604,1.0,,,,,False
1769356212.402342,22.493341646,0.5191936492919922,0.3942146583839699,1.0,,,,,False
1769356212.406413,22.497412646,0.5170495650347542,0.3945396140769676,1.0,,,,,False
1769356212.414948,22.505947646000003,0.5168889550601735,0.3943843700267651,1.0,,,,,False
1769356212.418494,22.509493646000003,0.5179494969985065,0.3941207320601851,1.0,,,,,False
1769356212.422349,22.513348646,0.5196444567512063,0.3943874782986111,1.0,,,,,False
1769356212.426409,22.517408646,0.5174242468441234,0.3943881564670138,1.0,,,,,False
1769356212.434478,22.525477646,0.5155138688928941,0.3938217728226273,1.0,,,,,False
1769356212.440491,22.531490646,0.5140288857852712,0.3934511537905092,1.0,,,,,False
1769356212.442394,22.533393646,0.5155901067397174,0.3935430456090856,1.0,,,,,False
1769356212.446369,22.537368646,0.5169865103328929,0.3936730278862848,1.0,,,,,False
1769356212.454562,22.545561646000003,0.5202124539543601,0.3939952709056713,1.0,,,,,False
1769356212.458667,22.549666646,0.5170776703778435,0.3931455824110242,1.0,,,,,False
1769356212.462366,22.553365646000003,0.5173155840705422,0.3933757640697338,1.0,,,,,False
1769356212.4664211,22.557420646,0.5174741744995117,0.39326171875,1.0,,,,,False
1769356212.474489,22.565488646,0.5191241432638729,0.3936873259367766,1.0,,,,,False
1769356212.4785051,22.569504646,0.5188884735107422,0.3930644282588252,1.0,,,,,False
1769356212.4824011,22.573400646000003,0.5164711896110984,0.3928340205439815,1.0,,,,,False
1769356212.486502,22.577501646,0.5169955982881433,0.3929104275173611,1.0,,,,,False
1769356212.494537,22.585536646,0.5178763445685891,0.3928696808991608,1.0,,,,,False
1769356212.498678,22.589677646,0.5176415723912856,0.3930286548755787,1.0,,,,,False
1769356212.502589,22.593588646,0.5158452426686007,0.3930325543438947,1.0,,,,,False
1769356212.506668,22.597667646,0.5153240877039292,0.3931346752025463,1.0,,,,,False
1769356212.514547,22.605546646,0.5176631703096277,0.3932833636248553,1.0,,,,,False
1769356212.518412,22.609411646,0.5175612393547507,0.3934272483543113,1.0,,,,,False
1769356212.522504,22.613503646,0.5180768966674805,0.3936603122287326,1.0,,,,,False
1769356212.5263832,22.617382646000003,0.5164546966552734,0.3936857435438368,1.0,,,,,False
1769356212.534584,22.625583646000003,0.5184373294605928,0.3935318558304398,1.0,,,,,False
1769356212.538562,22.629561646000003,0.517460823059082,0.3929359153464988,1.0,,,,,False
1769356212.542666,22.633665646,0.5172405242919922,0.3929001984772858,1.0,,,,,False
1769356212.546536,22.637535646,0.5160247017355526,0.3926571316189235,1.0,,,,,False
1769356212.554572,22.645571646,0.5175480562097886,0.392423333062066,1.0,,,,,False
1769356212.558537,22.649536646,0.517112227047191,0.3922817088939525,1.0,,,,,False
1769356212.562599,22.653598646000003,0.5171610327327952,0.3926906444408276,1.0,,,,,False
1769356212.566592,22.657591646,0.5168495739207548,0.3919652303059896,1.0,,,,,False
1769356212.574542,22.665541646,0.515226308037253,0.3920167145905671,1.0,,,,,False
1769356212.57855,22.669549646,0.516823039335363,0.3921431364836516,1.0,,,,,False
1769356212.58251,22.673509646000003,0.5170318379121668,0.3922450878002025,1.0,,,,,False
1769356212.586951,22.677950646000003,0.5172026017132927,0.3922858909324364,1.0,,,,,False
1769356212.595156,22.686155646000003,0.519082742578843,0.3926564534505208,1.0,,,,,False
1769356212.5986671,22.689666646000003,0.5192756091847139,0.3926534582067419,1.0,,,,,False
1769356212.602523,22.693522646,0.5184313830207375,0.3927398116500289,1.0,,,,,False
1769356212.60654,22.697539646000003,0.5178185631247127,0.3927100852683738,1.0,,,,,False
1769356212.614767,22.705766646,0.5165588154512293,0.392611750849971,1.0,,,,,False
1769356212.6185071,22.709506646,0.5175324047313017,0.3926827324761285,1.0,,,,,False
1769356212.622565,22.713564646,0.5178495855892405,0.3920481929072628,1.0,,,,,False
1769356212.626414,22.717413646,0.5178729225607479,0.3921390109592013,1.0,,,,,False
1769356212.634485,22.725484646,0.5202517789952895,0.3925894843207465,1.0,,,,,False
1769356212.6383991,22.729398646,0.5202135759241441,0.3925248322663484,1.0,,,,,False
1769356212.642503,22.733502646,0.5199858721564797,0.3926062689887153,1.0,,,,,False
1769356212.646572,22.737571646000003,0.5193499396829044,0.3922427707248264,1.0,,,,,False
1769356212.654599,22.745598646,0.5191318848553825,0.3919830322265625,1.0,,,,,False
1769356212.6585681,22.749567646000003,0.5186130860272575,0.3913895783600983,1.0,,,,,False
1769356212.662726,22.753725646000003,0.5198883168837604,0.3909253155743634,1.0,,,,,False
1769356212.666739,22.757738646,0.5196743011474609,0.3910386827256944,1.0,,,,,False
1769356212.674418,22.765417646000003,0.5192038592170266,0.3899245650679976,1.0,,,,,False
1769356212.67835,22.769349646,0.5188185186947093,0.3898301866319444,1.0,,,,,False
1769356212.682548,22.773547646,0.5183669819551355,0.3886900725188078,1.0,,,,,False
1769356212.686417,22.777416646,0.5184422100291532,0.3872938368055555,1.0,,,,,False
1769356212.694686,22.785685646,0.5180317373836741,0.3865928367332175,1.0,,,,,False
1769356212.698636,22.789635646,0.5179370992323932,0.3867601747866029,1.0,,,,,False
1769356212.702524,22.793523646,0.517853344188017,0.3868927567093461,1.0,,,,,False
1769356212.706504,22.797503646000003,0.5175686443553251,0.3866612752278645,1.0,,,,,False
1769356212.7143981,22.805397646000003,0.5171821257647347,0.3869472362377025,1.0,,,,,False
1769356212.718362,22.809361646000003,0.5174980724559111,0.3871314154730902,1.0,,,,,False
1769356212.722361,22.813360646000003,0.5172533147475299,0.387326897515191,1.0,,,,,False
1769356212.726399,22.817398646,0.5181297975427964,0.3876097502531829,1.0,,,,,False
1769356212.734981,22.825980646,0.518105619093951,0.3868396900318287,1.0,,,,,False
1769356212.738884,22.829883646000003,0.5179050669950598,0.3868352819372106,1.0,,,,,False
1769356212.742713,22.833712646,0.5177095637601965,0.3870928163881655,1.0,,,,,False
1769356212.750746,22.841745646,0.5165223514332491,0.3873922842520254,1.0,,,,,False
1769356212.7546291,22.845628646,0.5166199067059685,0.3874527542679398,1.0,,,,,False
1769356212.7583652,22.849364646,0.5166871126960305,0.3875860143590857,1.0,,,,,False
1769356212.7623951,22.853394646,0.5167515137616325,0.3875761244032117,1.0,,,,,False
1769356212.770409,22.861408646,0.5164699554443359,0.3878225255895544,1.0,,,,,False
1769356212.774385,22.865384646000003,0.5168030682732078,0.3879484953703703,1.0,,,,,False
1769356212.7784,22.869399646,0.5166618683758903,0.3878606725622107,1.0,,,,,False
1769356212.782542,22.873541646000003,0.5153845057767981,0.3879199557834201,1.0,,,,,False
1769356212.790355,22.881354646,0.5143360811121324,0.3887854116934317,1.0,,,,,False
1769356212.794521,22.885520646,0.5138038747450885,0.3885022198712384,1.0,,,,,False
1769356212.798396,22.889395646,0.5137484494377585,0.3891471015082465,1.0,,,,,False
1769356212.802396,22.893395646,0.513484281652114,0.3889574969256365,1.0,,,,,False
1769356212.810376,22.901375646,0.5142947926240808,0.389076006854022,1.0,,,,,False
1769356212.814411,22.905410646,0.514424155740177,0.3891950254087095,1.0,,,,,False
1769356212.819629,22.910628646000003,0.5143548741060144,0.3892550998263888,1.0,,,,,False
1769356212.8223531,22.913352646,0.5144808152142692,0.389290138527199,1.0,,,,,False
1769356212.830508,22.921507646,0.5153844496783089,0.3894838686342592,1.0,,,,,False
1769356212.834536,22.925535646,0.5155010784373564,0.3892709237557871,1.0,,,,,False
1769356212.838368,22.929367646000003,0.5159738204058479,0.3891168099862557,1.0,,,,,False
1769356212.842403,22.933402646,0.5159190121818992,0.389055096661603,1.0,,,,,False
1769356212.850488,22.941487646,0.5143598107730641,0.3892437970196759,1.0,,,,,False
1769356212.854558,22.945557646,0.5142994487986845,0.389365076135706,1.0,,,,,False
1769356212.858592,22.949591646,0.5144730175242704,0.3893629851164641,1.0,,,,,False
1769356212.862499,22.953498646,0.51476770288804,0.3893513432255497,1.0,,,,,False
1769356212.870402,22.961401646,0.5145380917717429,0.3893538298430266,1.0,,,,,False
1769356212.87453,22.965529646,0.514525525710162,0.3899515787760417,1.0,,,,,False
1769356212.878388,22.969387646,0.5157391043270335,0.3900500827365452,1.0,,,,,False
1769356212.882324,22.973323646,0.5159297269933364,0.3898770367657697,1.0,,,,,False
1769356212.8905,22.981499646000003,0.5159657983218923,0.3898711593062789,1.0,,,,,False
1769356212.89455,22.985549646000003,0.5158266740686753,0.3899172747576678,1.0,,,,,False
1769356212.898632,22.989631646000003,0.5157628900864545,0.3899455317744502,1.0,,,,,False
1769356212.902553,22.993552646,0.5157442092895508,0.3893347846137153,1.0,,,,,False
1769356212.910538,23.001537646000003,0.5152553109561696,0.3896243625217014,1.0,,,,,False
1769356212.914388,23.005387646000003,0.5151219648473403,0.3896630746346933,1.0,,,,,False
1769356212.918492,23.009491646,0.5150931863223805,0.3898626822012442,1.0,,,,,False
1769356212.922519,23.013518646,0.5150872398825252,0.3898960819950809,1.0,,,,,False
1769356212.930399,23.021398646,0.514829299029182,0.3898657339590566,1.0,,,,,False
1769356212.934611,23.025610646,0.5143384372486788,0.3896437468352141,1.0,,,,,False
1769356212.938534,23.029533646,0.5144380681654986,0.3898794103551793,1.0,,,,,False
1769356212.9424992,23.033498646,0.5141953300027287,0.3902283279984085,1.0,,,,,False
1769356212.950366,23.041365646000003,0.5130497427547679,0.3900983457212095,1.0,,,,,False
1769356212.954659,23.045658646,0.513029603397145,0.3897308349609375,1.0,,,,,False
1769356212.958375,23.049374646,0.5129540948306813,0.3897753680193866,1.0,,,,,False
1769356212.9625661,23.053565646000003,0.5122760323917165,0.3894158822518808,1.0,,,,,False
1769356212.970511,23.061510646,0.5125630883609548,0.3892929077148437,1.0,,,,,False
1769356212.9744132,23.065412646,0.5125825545367073,0.3895176075122974,1.0,,,,,False
1769356212.978565,23.069564646,0.5124032076667336,0.3895441125940393,1.0,,,,,False
1769356212.982393,23.073392646,0.5126034231746898,0.3897189104998553,1.0,,,,,False
1769356212.990394,23.081393646,0.5127228568581974,0.3896787290219907,1.0,,,,,False
1769356212.994525,23.085524646000003,0.5127116932588465,0.3897733900282117,1.0,,,,,False
1769356212.9983711,23.089370646000003,0.5119583466473747,0.3899223610206886,1.0,,,,,False
1769356213.00235,23.093349646,0.5120376699111041,0.3899250171802662,1.0,,,,,False
1769356213.010843,23.101842646,0.5121026880600873,0.3902571501555266,1.0,,,,,False
1769356213.0145931,23.105592646,0.5121688281788546,0.3907296074761285,1.0,,,,,False
1769356213.0183861,23.109385646,0.5122563418220071,0.390874339916088,1.0,,,,,False
1769356213.022378,23.113377646,0.5122671688304228,0.390744470666956,1.0,,,,,False
1769356213.030376,23.121375646,0.512127539690803,0.3914806224681713,1.0,,,,,False
1769356213.034391,23.125390646000003,0.5122958912568933,0.3914325855396412,1.0,,,,,False
1769356213.038351,23.129350646,0.5122736762551701,0.3914264820240162,1.0,,,,,False
1769356213.04249,23.133489646,0.5117883121266085,0.3912287959346064,1.0,,,,,False
1769356213.050514,23.141513646,0.5119061750524184,0.3922439010054976,1.0,,,,,False
1769356213.054724,23.145723646,0.5120449066162109,0.392552806712963,1.0,,,,,False
1769356213.05842,23.149419646,0.5118120417875403,0.3932193332248264,1.0,,,,,False
1769356213.062385,23.153384646000003,0.5118783502017751,0.3931742350260416,1.0,,,,,False
1769356213.0703921,23.161391646,0.5117445553050322,0.393309247052228,1.0,,,,,False
1769356213.074372,23.165371646,0.5118037392111385,0.393290540907118,1.0,,,,,False
1769356213.078531,23.169530646,0.511804973377901,0.3933299877025463,1.0,,,,,False
1769356213.0823631,23.173362646,0.5119393292595359,0.392260346589265,1.0,,,,,False
1769356213.0906022,23.181601646,0.5122673371258903,0.3923506560149016,1.0,,,,,False
1769356213.094592,23.185591646,0.5121043149162742,0.3929654156720197,1.0,,,,,False
1769356213.098777,23.189776646,0.5127466987161076,0.3930753354673032,1.0,,,,,False
1769356213.102529,23.193528646,0.5126710779526654,0.3926562839084201,1.0,,,,,False
1769356213.110369,23.201368646,0.5130495744593003,0.3915156611689815,1.0,,,,,False
1769356213.114406,23.205405646000003,0.512698397916906,0.3914435492621527,1.0,,,,,False
1769356213.118377,23.209376646000003,0.5127209495095646,0.3913408067491319,1.0,,,,,False
1769356213.1224751,23.213474646,0.5127075419706457,0.3913493403682002,1.0,,,,,False
1769356213.130511,23.221510646,0.5127267837524414,0.3894543117947049,1.0,,,,,False
1769356213.134538,23.225537646000003,0.512731720419491,0.3893045496057581,1.0,,,,,False
1769356213.138628,23.229627646,0.5122976303100586,0.38800048828125,1.0,,,,,False
1769356213.142525,23.233524646000003,0.5116380803725299,0.3880805686668113,1.0,,,,,False
1769356213.150387,23.241386646,0.5116360608269187,0.3892415364583333,1.0,,,,,False
1769356213.15435,23.245349646,0.5113455267513499,0.3906681767216435,1.0,,,,,False
1769356213.158415,23.249414646,0.5113585976993337,0.4000569661458333,1.0,,,,,False
1769356213.162408,23.253407646000003,0.5112416884478401,0.4146562364366319,1.0,,,,,False
1769356213.170381,23.261380646000003,0.5112817988676184,0.432650417751736,1.0,,,,,False
1769356213.174536,23.265535646,0.5106055876787972,0.4447425559714988,1.0,,,,,False
1769356213.178797,23.269796646000003,0.5100359636194566,0.4667886804651331,1.0,,,,,False
1769356213.182419,23.273418646000003,0.5062808429493624,0.4922470657913773,1.0,,,,,False
1769356213.190625,23.281624646,0.499478115754969,0.5223661634657117,1.0,,,,,False
1769356213.1945791,23.285578646,0.4959609648760627,0.5478618763111256,1.0,,,,,False
1769356213.198486,23.289485646000003,0.4927194258745979,0.5660316184714989,1.0,,,,,False
1769356213.202534,23.293533646,0.487647673662971,0.5852411623354311,1.0,,,,,False
1769356213.2105641,23.301563646,0.4800618676578297,0.6077975237811053,1.0,,,,,False
1769356213.214417,23.305416646,0.4762783050537109,0.6449460064923322,1.0,,,,,False
1769356213.2186,23.309599646,0.4640634480644675,0.6701004876030816,1.0,,,,,False
1769356213.222522,23.313521646,0.454103525947122,0.6852627789532697,1.0,,,,,False
1769356213.230487,23.321486646,0.4477013419656193,0.6961960969147859,1.0,,,,,False
1769356213.234533,23.325532646000003,0.4471689392538631,0.7075762430826823,1.0,,,,,False
1769356213.2385201,23.329519646,0.4517867705401252,0.7276847556785301,1.0,,,,,False
1769356213.242389,23.333388646000003,0.4553136264576631,0.7230508027253327,1.0,,,,,False
1769356213.25041,23.341409646,0.446019032422234,0.7344017311378761,1.0,,,,,False
1769356213.254533,23.345532646,0.4467311746933881,0.7423456545229311,1.0,,,,,False
1769356213.258564,23.349563646,0.4415922725901884,0.7500310544614439,1.0,,,,,False
1769356213.262629,23.353628646,0.4404060139375574,0.7467068707501447,1.0,,,,,False
1769356213.270406,23.361405646,0.4366081462186925,0.7543041935673467,1.0,,,,,False
1769356213.2745562,23.365555646,0.4368741652544807,0.7530632301613136,1.0,,,,,False
1769356213.278485,23.369484646,0.4350140515495749,0.7516278019657842,1.0,,,,,False
1769356213.282347,23.373346646,0.4321331416859346,0.7484750818323206,1.0,,,,,False
1769356213.290415,23.381414646000003,0.428987278657801,0.7563857184516058,1.0,,,,,False
1769356213.294516,23.385515646,0.4306649600758272,0.7615673489040798,1.0,,,,,False
1769356213.298368,23.389367646,0.4277792257421157,0.756835541901765,1.0,,,,,False
1769356213.302624,23.393623646,0.4269531754886402,0.7600411309136285,1.0,,,,,False
1769356213.310535,23.401534646,0.4265305294710047,0.7606799938060619,1.0,,,,,False
1769356213.314738,23.405737646,0.4280065087711109,0.7608493663646556,1.0,,,,,False
1769356213.318603,23.409602646,0.4296892110039206,0.7591283727575231,1.0,,,,,False
1769356213.32236,23.413359646,0.4300023527706371,0.7653205165156611,1.0,,,,,False
1769356213.33042,23.421419646,0.4268668960122501,0.7655399887650101,1.0,,,,,False
1769356213.33459,23.425589646,0.4224214834325454,0.763788350423177,1.0,,,,,False
1769356213.3385801,23.429579646,0.4239245583029354,0.7678218982837819,1.0,,,,,False
1769356213.342375,23.433374646,0.4238591474645278,0.7660628566035518,1.0,,,,,False
1769356213.35085,23.441849646,0.4247311423806583,0.7674546277081524,1.0,,,,,False
1769356213.354404,23.445403646000003,0.4244811114142923,0.768017648767542,1.0,,,,,False
1769356213.358401,23.449400646,0.4254698192372041,0.7689152329056351,1.0,,,,,False
1769356213.362404,23.453403646,0.4273073252509622,0.7669019063313802,1.0,,,,,False
1769356213.370524,23.461523646,0.4295448695912081,0.7645109953703704,1.0,,,,,False
1769356213.375613,23.466612646,0.4284575406242819,0.7643471046730324,1.0,,,,,False
1769356213.3784091,23.469408646,0.4297018331639907,0.7681521945529514,1.0,,,,,False
1769356213.382652,23.473651646,0.4305817379670985,0.7681102611400463,1.0,,,,,False
1769356213.390388,23.481387646,0.4315809081582462,0.7659404895923756,1.0,,,,,False
1769356213.394495,23.485494646000003,0.4321485968197093,0.7661952689841942,1.0,,,,,False
1769356213.398493,23.489492646,0.4313804402070887,0.7631376619692202,1.0,,,,,False
1769356213.402393,23.493392646,0.4314805479610668,0.761458644160518,1.0,,,,,False
1769356213.410549,23.501548646,0.4288756987627815,0.7591642309118201,1.0,,,,,False
1769356213.4143841,23.505383646,0.4269422082340016,0.7588754442003038,1.0,,,,,False
1769356213.418564,23.509563646,0.4251855401431813,0.7596958301685475,1.0,,,,,False
1769356213.4225001,23.513499646000003,0.4183975949006922,0.7582140887225116,1.0,,,,,False
1769356213.4305081,23.521507646,0.4098755331600414,0.7589414525915075,1.0,,,,,False
1769356213.434564,23.525563646,0.4029245096094468,0.7583987200701678,1.0,,,,,False
1769356213.4384081,23.529407646000003,0.4019654498380773,0.7560768692581742,1.0,,,,,False
1769356213.442589,23.533588646,0.3998878703397863,0.7531512507685909,1.0,,,,,False
1769356213.450602,23.541601646,0.3975744247436523,0.7532823633264613,1.0,,,,,False
1769356213.4545171,23.545516646000003,0.3977306309868307,0.7549610279224537,1.0,,,,,False
1769356213.458709,23.549708646000003,0.398140178007238,0.7537850273980035,1.0,,,,,False
1769356213.462536,23.553535646,0.3986813320833094,0.7540280094853153,1.0,,,,,False
1769356213.470527,23.561526646,0.4008388799779555,0.7542690700954862,1.0,,,,,False
1769356213.474664,23.565663646,0.4012945119072409,0.7561372262460214,1.0,,,,,False
1769356213.47878,23.569779646,0.4016032218933105,0.7554435729980469,1.0,,,,,False
1769356213.4824,23.573399646,0.3984207265517291,0.7538746021412037,1.0,,,,,False
1769356213.490542,23.581541646,0.4016163489397834,0.7558246753833913,1.0,,,,,False
1769356213.495143,23.586142646000003,0.4018239133498248,0.7578573438856337,1.0,,,,,False
1769356213.4987411,23.589740646000003,0.4017073126400218,0.757490172209563,1.0,,,,,False
1769356213.5027502,23.593749646000003,0.4015357915092917,0.7580362955729166,1.0,,,,,False
1769356213.510421,23.601420646,0.4028049356797162,0.7560669510452835,1.0,,,,,False
1769356213.514379,23.605378646,0.4027258648591883,0.7573738380714699,1.0,,,,,False
1769356213.51841,23.609409646000003,0.4034976678736069,0.7587043197066696,1.0,,,,,False
1769356213.5265641,23.617563646,0.4022001939661362,0.7556292781123408,1.0,,,,,False
1769356213.530523,23.621522646000003,0.4020030638750861,0.7550037242748119,1.0,,,,,False
1769356213.53459,23.625589646,0.3994935540591969,0.756013262713397,1.0,,,,,False
1769356213.538568,23.629567646,0.3993956621955423,0.7550749319571036,1.0,,,,,False
1769356213.546597,23.637596646,0.3998711810392492,0.7586323490849247,1.0,,,,,False
1769356213.550592,23.641591646,0.400358985452091,0.7585546140317564,1.0,,,,,False
1769356213.554563,23.645562646,0.3981668808880974,0.755951577645761,1.0,,,,,False
1769356213.558399,23.649398646,0.3985937903909122,0.7579870718496817,1.0,,,,,False
1769356213.566399,23.657398646,0.3973795666414149,0.7565787421332465,1.0,,,,,False
1769356213.570406,23.661405646,0.3983598596909466,0.7563524881998698,1.0,,,,,False
1769356213.575068,23.666067646,0.3998724993537454,0.7571052268699363,1.0,,,,,False
1769356213.578722,23.669721646000003,0.3996250489178826,0.7583804377803096,1.0,,,,,False
1769356213.586397,23.677396646,0.4001158826491412,0.7575196160210503,1.0,,,,,False
1769356213.590411,23.681410646,0.3995065128102022,0.7575233176902488,1.0,,,,,False
1769356213.594791,23.685790646,0.3991591790143181,0.7574165061668113,1.0,,,,,False
1769356213.598356,23.689355646000003,0.3996606434092802,0.7574059662995515,1.0,,,,,False
1769356213.606385,23.697384646,0.3990980597103343,0.7559807106300637,1.0,,,,,False
1769356213.6105042,23.701503646000003,0.3987574296839097,0.755540042453342,1.0,,,,,False
1769356213.614407,23.705406646,0.3988535263959099,0.7560098153573496,1.0,,,,,False
1769356213.618338,23.709337646,0.3984708505518296,0.7567074245876736,1.0,,,,,False
1769356213.626391,23.717390646,0.3970069324269014,0.7545624061867042,1.0,,,,,False
1769356213.630399,23.721398646,0.397062806522145,0.7551923398618345,1.0,,,,,False
1769356213.634672,23.725671646,0.3978794322294347,0.7561123035572194,1.0,,,,,False
1769356213.6383471,23.729346646,0.3983364666209501,0.7566964043511285,1.0,,,,,False
1769356213.646357,23.737356646,0.3977219076717601,0.7559112266257957,1.0,,,,,False
1769356213.650522,23.741521646,0.3981307534610523,0.75667399653682,1.0,,,,,False
1769356213.6545331,23.745532646,0.3978723638197955,0.7578323929398147,1.0,,,,,False
1769356213.658415,23.749414646,0.3974836854373707,0.7573667738172742,1.0,,,,,False
1769356213.666529,23.757528646,0.3985532031339757,0.756209479437934,1.0,,,,,False
1769356213.670422,23.761421646,0.398104611565085,0.7571226614492911,1.0,,,,,False
1769356213.674583,23.765582646,0.3986273653366986,0.7563443219220196,1.0,,,,,False
1769356213.6784852,23.769484646,0.3986024015090045,0.7553665726273149,1.0,,,,,False
1769356213.686412,23.777411646,0.3983584852779613,0.7544303894042969,1.0,,,,,False
1769356213.690524,23.781523646,0.3962140924790326,0.7544670387550636,1.0,,,,,False
1769356213.694581,23.785580646000003,0.3969347617205451,0.7538681877983942,1.0,,,,,False
1769356213.698493,23.789492646000003,0.39701088737039,0.7532689695005064,1.0,,,,,False
1769356213.706523,23.797522646,0.3971430554109461,0.752005456995081,1.0,,,,,False
1769356213.7119331,23.802932646,0.3975121554206399,0.7518207126193577,1.0,,,,,False
1769356213.7145422,23.805541646,0.3976892864002901,0.7521686130099826,1.0,,,,,False
1769356213.718368,23.809367646,0.3972303166108973,0.7521772596571181,1.0,,,,,False
1769356213.726414,23.817413646,0.3974545422722311,0.7513568171748408,1.0,,,,,False
1769356213.730599,23.821598646,0.3964639831991756,0.7512110392252604,1.0,,,,,False
1769356213.734381,23.825380646000003,0.3964529598460478,0.7511218600802951,1.0,,,,,False
1769356213.7386591,23.829658646,0.3964077444637523,0.7510604293258102,1.0,,,,,False
1769356213.746402,23.837401646,0.3959750287673053,0.7507023281521268,1.0,,,,,False
1769356213.750336,23.841335646,0.3958201688878676,0.7503284030490451,1.0,,,,,False
1769356213.754511,23.845510646,0.3957877439611098,0.7503170437282987,1.0,,,,,False
1769356213.75839,23.849389646,0.3960641973158892,0.7502120689109519,1.0,,,,,False
1769356213.766338,23.857337646,0.395046121933881,0.7497702421965422,1.0,,,,,False
1769356213.7705882,23.861587646,0.3951911365284639,0.7496088946307147,1.0,,,,,False
1769356213.774503,23.865502646000003,0.3954596238977769,0.7493812278464989,1.0,,,,,False
1769356213.778578,23.869577646,0.395724801456227,0.7492232146086516,1.0,,,,,False
1769356213.7865071,23.877506646,0.3963483361636891,0.7488787050600405,1.0,,,,,False
1769356213.7907581,23.881757646,0.3971991539001465,0.748734226933232,1.0,,,,,False
1769356213.79462,23.885619646,0.3973820630241843,0.748732672797309,1.0,,,,,False
1769356213.798541,23.889540646,0.3965711593627929,0.7488726298014323,1.0,,,,,False
1769356213.8065271,23.897526646000003,0.3964699857375201,0.7486896656177662,1.0,,,,,False
1769356213.81052,23.901519646,0.3959215388578527,0.7500612046983507,1.0,,,,,False
1769356213.8145711,23.905570646,0.3926111109116498,0.7498497009277344,1.0,,,,,False
1769356213.818695,23.909694646,0.389469960156609,0.7499257123028791,1.0,,,,,False
1769356213.82651,23.917509646000003,0.3764479581047507,0.7289351851851852,1.0,,,,,False
1769356213.830383,23.921382646,0.3676291353562299,0.7125989843297889,1.0,,,,,False
1769356213.8345091,23.925508646,0.3534345065846163,0.6963220384385851,1.0,,,,,False
1769356213.8385131,23.929512646000003,0.3587263051201315,0.6836316426595053,1.0,,,,,False
1769356213.8463562,23.937355646,0.3735641030704273,0.6799835205078125,1.0,,,,,False
1769356213.8503761,23.941375646,0.3767209614024442,0.6852398342556424,1.0,,,,,False
1769356213.854382,23.945381646,0.4232549386865952,0.6897299872504341,1.0,,,,,False
1769356213.858541,23.949540646000003,0.4381914419286391,0.6263108430085359,1.0,,,,,False
1769356213.866478,23.957477646,0.4374200877021341,0.6124135335286458,1.0,,,,,False
1769356213.870584,23.961583646,0.4554982185363769,0.5853059839319299,1.0,,,,,False
1769356213.874567,23.965566646000003,0.4822193594539867,0.5279192041467737,1.0,,,,,False
1769356213.87841,23.969409646000003,0.4756597070132984,0.4643142135054977,1.0,,,,,False
1769356213.886414,23.977413646,0.467174165389117,0.4324503580729166,1.0,,,,,False
1769356213.890388,23.981387646,0.5187901889576632,0.3547701800311053,1.0,,,,,False
1769356213.8944101,23.985409646,0.5504419663373161,0.3403796160662615,1.0,,,,,False
1769356213.898564,23.989563646,0.5148798437679515,0.3210703531901041,1.0,,,,,False
1769356213.906404,23.997403646,0.4971315159517176,0.3006022135416667,1.0,,,,,False
1769356213.91061,24.001609646,0.4824231652652516,0.3031189529984085,1.0,,,,,False
1769356213.914467,24.005466646,0.4764404296875,0.2800281100802951,1.0,,,,,False
1769356213.918538,24.009537646,0.4701391107895795,0.3000294438114872,1.0,,,,,False
1769356213.92641,24.017409646,0.4807124418370864,0.3063467520254629,1.0,,,,,False
1769356213.930522,24.021521646,0.4869858797858743,0.2901898984555845,1.0,,,,,False
1769356213.934592,24.025591646,0.4883983275469611,0.2968386049623842,1.0,,,,,False
1769356213.9384181,24.029417646,0.4949786242316751,0.2923165780526621,1.0,,,,,False
1769356213.946603,24.037602646,0.5006628036499023,0.2896483809859664,1.0,,,,,False
1769356213.950499,24.041498646,0.5080630919512581,0.2970110857928241,1.0,,,,,False
1769356213.954504,24.045503646,0.5135390337775735,0.3066760027850116,1.0,,,,,False
1769356213.95838,24.049379646,0.5005769168629366,0.3180515430591725,1.0,,,,,False
1769356213.966522,24.057521646,0.4997392542221966,0.3346132066514756,1.0,,,,,False
1769356213.9705482,24.061547646,0.4959128323723288,0.3438101874457465,1.0,,,,,False
1769356213.9745111,24.065510646,0.4990955240586224,0.3590993245442708,1.0,,,,,False
1769356213.978349,24.069348646,0.5075415442971623,0.3679954246238426,1.0,,,,,False
1769356213.98639,24.077389646,0.5096293056712431,0.3595535278320312,1.0,,,,,False
1769356213.990483,24.081482646,0.514643108143526,0.3583764535409433,1.0,,,,,False
1769356213.994416,24.085415646,0.5171810598934398,0.3624423556857639,1.0,,,,,False
1769356213.998526,24.089525646,0.5184047362383675,0.3706543533890335,1.0,,,,,False
1769356214.0064151,24.097414646,0.5165863598094267,0.3697111906828704,1.0,,,,,False
1769356214.010507,24.101506646,0.5153056313009823,0.3704098171657985,1.0,,,,,False
1769356214.014703,24.105702646,0.5141930299646714,0.3832819620768229,1.0,,,,,False
1769356214.018558,24.109557646000003,0.5135752734015969,0.3916444566514757,1.0,,,,,False
1769356214.026526,24.117525646,0.512974178089815,0.3930051450376157,1.0,,,,,False
1769356214.030518,24.121517646,0.5083470625035903,0.3955375953956886,1.0,,,,,False
1769356214.034513,24.125512646,0.505465170916389,0.3924673009801793,1.0,,,,,False
1769356214.03859,24.129589646000003,0.5046973508947036,0.3923540468569155,1.0,,,,,False
1769356214.046793,24.137792646,0.4999745873843922,0.3982968365704572,1.0,,,,,False
1769356214.050565,24.141564646000003,0.4993077446432674,0.3954812509042246,1.0,,,,,False
1769356214.054538,24.145537646,0.4967106650857364,0.393897388599537,1.0,,,,,False
1769356214.058962,24.149961646,0.4977083206176758,0.398454510724103,1.0,,,,,False
1769356214.066518,24.157517646,0.5019049363977769,0.393248211895978,1.0,,,,,False
1769356214.070525,24.161524646,0.5035673590267405,0.3909096611870659,1.0,,,,,False
1769356214.0745041,24.165503646,0.5030911389519187,0.3904641610604745,1.0,,,,,False
1769356214.078499,24.169498646,0.5024481941671932,0.3886663366247106,1.0,,,,,False
1769356214.086378,24.177377646,0.5024867338292739,0.390243586787471,1.0,,,,,False
1769356214.090415,24.181414646,0.503083677852855,0.3912844622576678,1.0,,,,,False
1769356214.0946841,24.185683646,0.5012934628654929,0.3910622490776909,1.0,,,,,False
1769356214.098547,24.189546646,0.50134698082419,0.3909872549551504,1.0,,,,,False
1769356214.107294,24.198293646,0.5041947645299575,0.3926584314416956,1.0,,,,,False
1769356214.110498,24.201497646,0.5055094326243681,0.3911200629340278,1.0,,,,,False
1769356214.114414,24.205413646,0.5042026183184456,0.3937132658781829,1.0,,,,,False
1769356214.118414,24.209413646,0.5039366553811466,0.3923187255859375,1.0,,,,,False
1769356214.126388,24.217387646,0.5043161616605871,0.3934716683846933,1.0,,,,,False
1769356214.130419,24.221418646,0.5040101444019991,0.3907508567527488,1.0,,,,,False
1769356214.134588,24.225587646,0.5060233508839327,0.3935549700701678,1.0,,,,,False
1769356214.138398,24.229397646,0.5054754369399127,0.3927554095232928,1.0,,,,,False
1769356214.147942,24.238941646,0.5082544999964097,0.388391621907552,1.0,,,,,False
1769356214.1503642,24.241363646,0.5077932021197151,0.3888856110749421,1.0,,,,,False
1769356214.1544,24.245399646000003,0.509030117708094,0.3868881790726273,1.0,,,,,False
1769356214.1585112,24.249510646,0.5107327629538143,0.3893966109664352,1.0,,,,,False
1769356214.16659,24.257589646000003,0.5108440062578987,0.3871643631546585,1.0,,,,,False
1769356214.170517,24.261516646,0.5112919526941636,0.3857385706018519,1.0,,,,,False
1769356214.17458,24.265579646000003,0.5118748159969554,0.3874019481517651,1.0,,,,,False
1769356214.178405,24.269404646,0.5153381684247185,0.3875826235170717,1.0,,,,,False
1769356214.186319,24.277318646,0.5165151147281423,0.3833787706163194,1.0,,,,,False
1769356214.190412,24.281411646,0.5144055310417625,0.3840263084129051,1.0,,,,,False
1769356214.1943932,24.285392646,0.5131648568546071,0.380545496057581,1.0,,,,,False
1769356214.198393,24.289392646000003,0.5120841755586512,0.3833739104094329,1.0,,,,,False
1769356214.206337,24.297336646,0.5098282309139476,0.3836283931025752,1.0,,,,,False
1769356214.21041,24.301409646,0.5092632069307215,0.3823642871997974,1.0,,,,,False
1769356214.214823,24.305822646000003,0.5120817072251264,0.3839440239800347,1.0,,,,,False
1769356214.2184951,24.309494646,0.511224297916188,0.3831354777018229,1.0,,,,,False
1769356214.2263482,24.317347646,0.5095661387724035,0.3816717642324941,1.0,,,,,False
1769356214.23041,24.321409646000003,0.5089235866771025,0.378870533130787,1.0,,,,,False
1769356214.234541,24.325540646,0.5101046281702378,0.3801202279550058,1.0,,,,,False
1769356214.238476,24.329475646,0.5093453351189109,0.3820966367368344,1.0,,,,,False
1769356214.246342,24.337341646,0.507975185618681,0.3801637437608507,1.0,,,,,False
1769356214.250504,24.341503646000003,0.5077319986679975,0.3825760452835648,1.0,,,,,False
1769356214.254633,24.345632646,0.5076005038093118,0.3820225468388309,1.0,,,,,False
1769356214.258776,24.349775646,0.5089245403514189,0.3819329155815972,1.0,,,,,False
1769356214.2664812,24.357480646000003,0.5085439121021944,0.3822475292064525,1.0,,,,,False
1769356214.270502,24.361501646,0.5080652797923368,0.379734124077691,1.0,,,,,False
1769356214.274513,24.365512646000003,0.5081146464628332,0.3797078450520833,1.0,,,,,False
1769356214.278377,24.369376646000003,0.5080741433536305,0.3780812016239873,1.0,,,,,False
1769356214.286519,24.377518646,0.5092735851512236,0.3764478895399306,1.0,,,,,False
1769356214.290566,24.381565646,0.5088384852689856,0.3766698766637731,1.0,,,,,False
1769356214.294403,24.385402646000003,0.5088847665225759,0.3755777429651331,1.0,,,,,False
1769356214.302571,24.393570646,0.5086136986227596,0.3781198572229456,1.0,,,,,False
1769356214.306416,24.397415646,0.5092362235574162,0.3762819078233507,1.0,,,,,False
1769356214.31041,24.401409646,0.5090765111586627,0.3765060424804687,1.0,,,,,False
1769356214.3146281,24.405627646000003,0.5088060042437386,0.3762668750904224,1.0,,,,,False
1769356214.322386,24.413385646,0.5081639009363511,0.3730009856047453,1.0,,,,,False
1769356214.3263571,24.417356646,0.5082633635577034,0.3742485894097223,1.0,,,,,False
1769356214.330387,24.421386646,0.5092896293191349,0.3736257482458044,1.0,,,,,False
1769356214.335797,24.426796646000003,0.5095129574046415,0.3738909120912905,1.0,,,,,False
1769356214.342639,24.433638646,0.5109718547147863,0.3719361481843171,1.0,,,,,False
1769356214.346539,24.437538646,0.5113376168643727,0.3717717488606771,1.0,,,,,False
1769356214.350559,24.441558646,0.5112911112168256,0.3731704146773726,1.0,,,,,False
1769356214.354595,24.445594646,0.5109520519480986,0.3738386366102431,1.0,,,,,False
1769356214.362399,24.453398646,0.5121986725751091,0.3655487060546875,1.0,,,,,False
1769356214.36639,24.457389646000003,0.5119039872113396,0.3682165640371817,1.0,,,,,False
1769356214.370487,24.461486646,0.5116614734425264,0.3702834517867477,1.0,,,,,False
1769356214.374525,24.465524646,0.5134193196016199,0.3708843655056424,1.0,,,,,False
1769356214.382595,24.473594646,0.5127501207239488,0.3707043117947048,1.0,,,,,False
1769356214.386526,24.477525646,0.512603198780733,0.3710013495551215,1.0,,,,,False
1769356214.390635,24.481634646,0.5123345431159524,0.3714235093858506,1.0,,,,,False
1769356214.394512,24.485511646000003,0.5135181090411018,0.3708489877206308,1.0,,,,,False
1769356214.402419,24.493418646,0.5134703692267922,0.3695005063657407,1.0,,,,,False
1769356214.406574,24.497573646000003,0.5135460460887236,0.3702722620081018,1.0,,,,,False
1769356214.410413,24.501412646,0.5141547146965476,0.3704563847294559,1.0,,,,,False
1769356214.4144151,24.505414646,0.5143103880040786,0.3708742494936342,1.0,,,,,False
1769356214.422411,24.513410646,0.5136705286362592,0.369090101453993,1.0,,,,,False
1769356214.4269361,24.517935646,0.5134640300975126,0.3694777877242476,1.0,,,,,False
1769356214.4303842,24.521383646,0.5138207042918486,0.3673070836950232,1.0,,,,,False
1769356214.43438,24.525379646,0.5135735343484318,0.3671496921115451,1.0,,,,,False
1769356214.442388,24.533387646,0.5139181473675896,0.366316901312934,1.0,,,,,False
1769356214.4464011,24.537400646,0.5138859468347886,0.3676459983543113,1.0,,,,,False
1769356214.450342,24.541341646000003,0.5136829825008616,0.3660426952220775,1.0,,,,,False
1769356214.454349,24.545348646,0.5138492023243624,0.3665026629412615,1.0,,,,,False
1769356214.462387,24.553386646,0.5152519450468176,0.3666234334309896,1.0,,,,,False
1769356214.466535,24.557534646,0.5149422813864315,0.3672859474464699,1.0,,,,,False
1769356214.470725,24.561724646,0.5147810543284697,0.3682562368887442,1.0,,,,,False
1769356214.4745991,24.565598646,0.514672223259421,0.3682523374204283,1.0,,,,,False
1769356214.482551,24.573550646,0.5147841958438649,0.3657847651728877,1.0,,,,,False
1769356214.486663,24.577662646,0.5147724151611328,0.3656704372829861,1.0,,,,,False
1769356214.490561,24.581560646,0.514708350686466,0.3656139232494213,1.0,,,,,False
1769356214.494404,24.585403646000003,0.5146055221557617,0.3664878562644675,1.0,,,,,False
1769356214.502403,24.593402646,0.5144086164586684,0.3676219233760127,1.0,,,,,False
1769356214.506421,24.597420646,0.5142398722031537,0.3678238480179397,1.0,,,,,False
1769356214.510409,24.601408646000003,0.5150587979485007,0.367696691442419,1.0,,,,,False
1769356214.514687,24.605686646,0.5156138364006492,0.3677742852105035,1.0,,,,,False
1769356214.5223691,24.613368646,0.5153871424057904,0.3683307223849826,1.0,,,,,False
1769356214.526498,24.617497646,0.5151657777674058,0.3675503766095197,1.0,,,,,False
1769356214.530488,24.621487646,0.5150523466222426,0.3668328179253473,1.0,,,,,False
1769356214.535231,24.626230646,0.514688211328843,0.3654619570131655,1.0,,,,,False
1769356214.54235,24.633349646000003,0.5151316137874827,0.3659271240234375,1.0,,,,,False
1769356214.546492,24.637491646,0.5157696219051585,0.3660793163158276,1.0,,,,,False
1769356214.55051,24.641509646000003,0.5155911726110122,0.3665945547598379,1.0,,,,,False
1769356214.554403,24.645402646,0.5153014800127815,0.3655155888310185,1.0,,,,,False
1769356214.562405,24.653404646,0.5150679981007296,0.3664142749927662,1.0,,,,,False
1769356214.566519,24.657518646,0.5149209639605354,0.3663171838831018,1.0,,,,,False
1769356214.5708702,24.661869646000003,0.5148619483498966,0.3662612349898727,1.0,,,,,False
1769356214.574412,24.665411646000003,0.5154953002929688,0.3658363059714988,1.0,,,,,False
1769356214.582799,24.673798646,0.5158771627089557,0.3662840101453993,1.0,,,,,False
1769356214.587218,24.678217646,0.5157107184914982,0.3665828563548901,1.0,,,,,False
1769356214.5905511,24.681550646,0.5157369164859548,0.3668584752965856,1.0,,,,,False
1769356214.594664,24.685663646,0.5156506370095646,0.3671435320818865,1.0,,,,,False
1769356214.602372,24.693371646000003,0.5154126111198875,0.3657983850549768,1.0,,,,,False
1769356214.606543,24.697542646,0.5152905408073875,0.3652946754738136,1.0,,,,,False
1769356214.610541,24.701540646,0.5153179729686064,0.36556396484375,1.0,,,,,False
1769356214.61484,24.705839646,0.5150070751414579,0.3657557734736689,1.0,,,,,False
1769356214.622499,24.713498646,0.514829299029182,0.364145858199508,1.0,,,,,False
1769356214.626566,24.717565646,0.5148608824786018,0.3640233922887731,1.0,,,,,False
1769356214.630505,24.721504646000003,0.514781166525448,0.3641189575195312,1.0,,,,,False
1769356214.63439,24.725389646,0.5150789934046128,0.3643276638454861,1.0,,,,,False
1769356214.64255,24.733549646,0.5164855508243337,0.3649144490559896,1.0,,,,,False
1769356214.646644,24.737643646,0.5163704928229836,0.3637322319878472,1.0,,,,,False
1769356214.650387,24.741386646,0.5166234409107882,0.3639053344726562,1.0,,,,,False
1769356214.654843,24.745842646,0.5165297003353343,0.3642260516131366,1.0,,,,,False
1769356214.662514,24.753513646,0.5163527657003963,0.3642078540943286,1.0,,,,,False
1769356214.666591,24.757590646,0.51624797372257,0.3640475802951388,1.0,,,,,False
1769356214.670514,24.761513646,0.5153090533088235,0.3642423276548032,1.0,,,,,False
1769356214.674488,24.765487646,0.5152424083036535,0.3644080833152489,1.0,,,,,False
1769356214.682594,24.773593646,0.5157272675458122,0.3647558706778067,1.0,,,,,False
1769356214.686409,24.777408646,0.5149036856258616,0.3647616351092303,1.0,,,,,False
1769356214.69063,24.781629646000003,0.5147515465231502,0.364964916087963,1.0,,,,,False
1769356214.694823,24.785822646000003,0.5147617564481848,0.364928294994213,1.0,,,,,False
1769356214.703329,24.794328646,0.5147880105411305,0.3651993362991897,1.0,,,,,False
1769356214.706405,24.797404646,0.514948844909668,0.3653169420030382,1.0,,,,,False
1769356214.7103581,24.801357646000003,0.5149564743041992,0.3653435035988136,1.0,,,,,False
1769356214.714492,24.805491646,0.514863463009105,0.3653302793149595,1.0,,,,,False
1769356214.722403,24.813402646,0.5153128119075999,0.3642775358977141,1.0,,,,,False
1769356214.726401,24.817400646000003,0.5151930977316463,0.3642012419524016,1.0,,,,,False
1769356214.730489,24.821488646,0.5148376577040729,0.3643225210684316,1.0,,,,,False
1769356214.734355,24.825354646,0.514820884255802,0.3644548769350405,1.0,,,,,False
1769356214.7424982,24.833497646,0.5147185606115005,0.3647212840892651,1.0,,,,,False
1769356214.7466571,24.837656646000003,0.5145824656767004,0.3641244958948206,1.0,,,,,False
1769356214.750391,24.841390646,0.5143536960377413,0.3641955905490451,1.0,,,,,False
1769356214.754358,24.845357646,0.5143389982335708,0.3641927648473668,1.0,,,,,False
1769356214.7623801,24.853379646,0.5142949609195485,0.3640696772822627,1.0,,,,,False
1769356214.76639,24.857389646,0.5139142765718347,0.3639867146809895,1.0,,,,,False
1769356214.770489,24.861488646,0.5135394264669979,0.3637682879412616,1.0,,,,,False
1769356214.774671,24.865670646,0.5132207870483398,0.3640054773401331,1.0,,,,,False
1769356214.7823691,24.873368646000003,0.5129747951731962,0.3639737164532697,1.0,,,,,False
1769356214.786386,24.877385646,0.5126893660601448,0.363351496943721,1.0,,,,,False
1769356214.790527,24.881526646,0.5114108814912683,0.3634775797526042,1.0,,,,,False
1769356214.7945611,24.885560646,0.5112030926872703,0.3635839956778067,1.0,,,,,False
1769356214.802381,24.893380646,0.5111290426815257,0.3636116310402199,1.0,,,,,False
1769356214.806406,24.897405646000003,0.5114521699793199,0.3636419225622106,1.0,,,,,False
1769356214.81054,24.901539646,0.5110813589657054,0.3639364737051505,1.0,,,,,False
1769356214.814507,24.905506646000003,0.5114860534667969,0.3638279102466725,1.0,,,,,False
1769356214.822372,24.913371646,0.5114955902099609,0.3639993738245081,1.0,,,,,False
1769356214.826662,24.917661646000003,0.5109464420991785,0.364093526204427,1.0,,,,,False
1769356214.830496,24.921495646,0.5107897029203528,0.3641740587022569,1.0,,,,,False
1769356214.834392,24.925391646,0.5107902078067555,0.3642463966652199,1.0,,,,,False
1769356214.8425171,24.933516646,0.5099455328548655,0.3644664623119212,1.0,,,,,False
1769356214.846517,24.937516646,0.5097890741684857,0.3646009657118055,1.0,,,,,False
1769356214.850572,24.941571646,0.509918493383071,0.3646496242947048,1.0,,,,,False
1769356214.85484,24.945839646000003,0.5085127774406882,0.3635108100043402,1.0,,,,,False
1769356214.862572,24.953571646,0.5086526870727539,0.3642995198567708,1.0,,,,,False
1769356214.866411,24.957410646000003,0.5088084725772634,0.3643690886320891,1.0,,,,,False
1769356214.8705401,24.961539646,0.5087474374210134,0.3649818702980324,1.0,,,,,False
1769356214.8744001,24.965399646,0.508595298318302,0.3651181821469907,1.0,,,,,False
1769356214.8824031,24.973402646,0.5087774501127356,0.365315020525897,1.0,,,,,False
1769356214.886553,24.977552646000003,0.5094399171717027,0.3646751121238426,1.0,,,,,False
1769356214.890415,24.981414646,0.5094259486478918,0.3646844369393808,1.0,,,,,False
1769356214.894658,24.985657646,0.5102641161750344,0.3650038542570891,1.0,,,,,False
1769356214.902826,24.993825646,0.510318868300494,0.3640696207682291,1.0,,,,,False
1769356214.90639,24.997389646,0.5103798473582548,0.3641937255859375,1.0,,,,,False
1769356214.910381,25.001380646,0.5102599087883445,0.3642538565176504,1.0,,,,,False
1769356214.914372,25.005371646,0.5101928149952608,0.3644305193865741,1.0,,,,,False
1769356214.92241,25.013409646000003,0.5098840489107019,0.3642565691912616,1.0,,,,,False
1769356214.926678,25.017677646000003,0.5101774440092199,0.3643172087492766,1.0,,,,,False
1769356214.930416,25.021415646,0.509975321152631,0.3635682847764757,1.0,,,,,False
1769356214.934509,25.025508646,0.5089147792142981,0.3632275051540798,1.0,,,,,False
1769356214.94259,25.033589646000003,0.5090622621424058,0.3630386352539062,1.0,,,,,False
1769356214.949054,25.040053646,0.5083150302662569,0.3626164189091435,1.0,,,,,False
1769356214.9510942,25.042093646,0.5084664961870979,0.362636481391059,1.0,,,,,False
1769356214.954718,25.045717646,0.5086768655215993,0.3627080846715856,1.0,,,,,False
1769356214.962557,25.053556646,0.5082355948055491,0.362495704933449,1.0,,,,,False
1769356214.966509,25.057508646,0.507988873650046,0.3623151425962094,1.0,,,,,False
1769356214.9704971,25.061496646,0.507960600011489,0.3630455864800347,1.0,,,,,False
1769356214.9745781,25.065577646,0.5080243839937097,0.3624251754195602,1.0,,,,,False
1769356214.9826221,25.073621646000003,0.5080431769875919,0.3617600617585359,1.0,,,,,False
1769356214.986579,25.077578646000003,0.5075645446777344,0.3617640177408854,1.0,,,,,False
1769356214.99042,25.081419646,0.5076270383947036,0.36185302734375,1.0,,,,,False
1769356214.994715,25.085714646000003,0.5074872970581055,0.3619460494429977,1.0,,,,,False
1769356215.002518,25.093517646,0.5075943329754997,0.3624831023039641,1.0,,,,,False
1769356215.006522,25.097521646,0.5076267018037683,0.3624612313729746,1.0,,,,,False
1769356215.010406,25.101405646,0.5076819027171415,0.3620981287073206,1.0,,,,,False
1769356215.014389,25.105388646,0.5077377768123851,0.362270270453559,1.0,,,,,False
1769356215.022519,25.113518646000003,0.5079584682688993,0.3614130655924479,1.0,,,,,False
1769356215.026418,25.117417646,0.5078830718994141,0.3613623159903066,1.0,,,,,False
1769356215.03041,25.121409646,0.5077181984396542,0.3629522252965856,1.0,,,,,False
1769356215.034418,25.125417646,0.5076992371503044,0.3635273686161747,1.0,,,,,False
1769356215.042498,25.133497646,0.507745574502384,0.3634219699435763,1.0,,,,,False
1769356215.0463521,25.137351646000003,0.5076471216538373,0.3639115510163484,1.0,,,,,False
1769356215.05052,25.141519646000003,0.5077211716595817,0.3638450339988426,1.0,,,,,False
1769356215.054927,25.145926646000003,0.5077684065874886,0.3640162715205439,1.0,,,,,False
1769356215.062619,25.153618646,0.5069601956535789,0.3646288836443866,1.0,,,,,False
1769356215.066414,25.157413646,0.5069531272439396,0.3642761230468749,1.0,,,,,False
1769356215.070507,25.161506646000003,0.506264798781451,0.3636854383680555,1.0,,,,,False
1769356215.078519,25.169518646,0.5064263063318589,0.3638229935257523,1.0,,,,,False
1769356215.082732,25.173731646,0.5066397610832664,0.3637968275282118,1.0,,,,,False
1769356215.086409,25.177408646,0.5074899897855871,0.3638612535264757,1.0,,,,,False
1769356215.0903971,25.181396646000003,0.5076342750998104,0.3647610699688947,1.0,,,,,False
1769356215.099028,25.190027646,0.5076629414277918,0.3647511800130208,1.0,,,,,False
1769356215.10361,25.194609646,0.5075749789967257,0.3644133391203703,1.0,,,,,False
1769356215.106348,25.197347646,0.5075183195226333,0.3637514467592593,1.0,,,,,False
1769356215.110487,25.201486646000003,0.5076997981351965,0.3646878842954282,1.0,,,,,False
1769356215.118511,25.209510646,0.5082507413976333,0.3646490591543692,1.0,,,,,False
1769356215.122351,25.213350646,0.5086734435137581,0.3645823160807292,1.0,,,,,False
1769356215.126354,25.217353646000003,0.5085943446439856,0.3645878544560185,1.0,,,,,False
1769356215.13053,25.221529646,0.5086205987369313,0.3645862720630787,1.0,,,,,False
1769356215.138384,25.229383646,0.509885170880486,0.3646246450918692,1.0,,,,,False
1769356215.142415,25.233414646,0.5097472246955422,0.3647445678710937,1.0,,,,,False
1769356215.146344,25.237343646000003,0.509686133440803,0.364784014666522,1.0,,,,,False
1769356215.150412,25.241411646000003,0.5096456303316004,0.3650092796043113,1.0,,,,,False
1769356215.158412,25.249411646,0.5095796585083008,0.3645838419596354,1.0,,,,,False
1769356215.162506,25.253505646,0.5094979230095359,0.3641050550672743,1.0,,,,,False
1769356215.166403,25.257402646000003,0.509653652415556,0.3641285649052372,1.0,,,,,False
1769356215.170587,25.261586646,0.5096535963170669,0.3645090173791956,1.0,,,,,False
1769356215.17853,25.269529646,0.5094146167530733,0.3647838451244213,1.0,,,,,False
1769356215.182811,25.273810646,0.5079146553488338,0.3650899816442419,1.0,,,,,False
1769356215.186398,25.277397646,0.5078067779541016,0.3651072749385127,1.0,,,,,False
1769356215.190345,25.281344646,0.5082241507137523,0.3647204928927952,1.0,,,,,False
1769356215.1984181,25.289417646,0.5085653978235581,0.3678985595703125,1.0,,,,,False
1769356215.202408,25.293407646,0.5093592475442326,0.3678339640299479,1.0,,,,,False
1769356215.206548,25.297547646,0.5100119534660789,0.3670865094220197,1.0,,,,,False
1769356215.210534,25.301533646000003,0.509859982658835,0.3671403107819734,1.0,,,,,False
1769356215.218828,25.309827646,0.5101674023796531,0.365211260760272,1.0,,,,,False
1769356215.2223651,25.313364646,0.5102059981402229,0.3650683367693865,1.0,,,,,False
1769356215.22648,25.317479646,0.5101127624511719,0.3650406448929398,1.0,,,,,False
1769356215.230408,25.321407646,0.5098096623140222,0.3651441786024305,1.0,,,,,False
1769356215.238413,25.329412646,0.5095118354348576,0.3651353058991609,1.0,,,,,False
1769356215.2423801,25.333379646,0.5093550401575425,0.3649380154079861,1.0,,,,,False
1769356215.246565,25.337564646,0.5090909284703872,0.3652842768916378,1.0,,,,,False
1769356215.250706,25.341705646,0.5090021806604722,0.3651836253978587,1.0,,,,,False
1769356215.2584941,25.349493646000003,0.5089205012601965,0.3654025042498553,1.0,,,,,False
1769356215.2627912,25.353790646,0.5093817430384019,0.3655320344147859,1.0,,,,,False
1769356215.266546,25.357545646,0.5094924253575942,0.3662391380027489,1.0,,,,,False
1769356215.270418,25.361417646000003,0.5092945659861845,0.3662169279875579,1.0,,,,,False
1769356215.2784061,25.369405646,0.5093063466689166,0.3664286295572917,1.0,,,,,False
1769356215.282417,25.373416646000003,0.5099391937255859,0.3665434095594618,1.0,,,,,False
1769356215.286575,25.377574646000003,0.5098205454209271,0.3673503734447337,1.0,,,,,False
1769356215.290528,25.381527646,0.5095977783203125,0.3671694155092593,1.0,,,,,False
1769356215.298369,25.389368646,0.5090811112347771,0.3671179877387153,1.0,,,,,False
1769356215.3023942,25.393393646,0.5089659410364488,0.3668377346462673,1.0,,,,,False
1769356215.30642,25.397419646000003,0.5093837064855239,0.3670159799081308,1.0,,,,,False
1769356215.310782,25.401781646,0.5088261436013615,0.3665011370623553,1.0,,,,,False
1769356215.318388,25.409387646000003,0.5089224647073185,0.3664514047128183,1.0,,,,,False
1769356215.322397,25.413396646,0.5086521821863511,0.363934326171875,1.0,,,,,False
1769356215.326409,25.417408646,0.5085311777451459,0.3638295491536458,1.0,,,,,False
1769356215.330363,25.421362646,0.5085505317239201,0.3640903614185474,1.0,,,,,False
1769356215.3385901,25.429589646,0.5085767858168658,0.3640839753327546,1.0,,,,,False
1769356215.342369,25.433368646,0.5083051569321576,0.3636717054578993,1.0,,,,,False
1769356215.346355,25.437354646000003,0.5039846756879021,0.3641613995587384,1.0,,,,,False
1769356215.3505921,25.441591646000003,0.5004989960614372,0.3641179967809607,1.0,,,,,False
1769356215.358393,25.449392646000003,0.4998650831334731,0.3650833129882812,1.0,,,,,False
1769356215.362418,25.453417646,0.4961178723503561,0.3650898686161747,1.0,,,,,False
1769356215.366408,25.457407646,0.4936298482558306,0.3650909423828125,1.0,,,,,False
1769356215.370538,25.461537646,0.4923319536096909,0.365098797833478,1.0,,,,,False
1769356215.378554,25.469553646,0.4923359927009134,0.3641068070023148,1.0,,,,,False
1769356215.382354,25.473353646000003,0.4915981853709501,0.3641442758065683,1.0,,,,,False
1769356215.386576,25.477575646,0.4883493535658892,0.3638676396122685,1.0,,,,,False
1769356215.390381,25.481380646,0.4869733137242934,0.3637483950014467,1.0,,,,,False
1769356215.398344,25.489343646,0.4879470712998334,0.3643256858543113,1.0,,,,,False
1769356215.402362,25.493361646,0.4879962696748621,0.3643330891927083,1.0,,,,,False
1769356215.406506,25.497505646,0.4885665669160731,0.3645271583839699,1.0,,,,,False
1769356215.4106472,25.501646646,0.4888688816743738,0.3645573368778935,1.0,,,,,False
1769356215.418569,25.509568646,0.4896490994621725,0.3648360640914352,1.0,,,,,False
1769356215.422364,25.513363646,0.4882271149579216,0.3649124710648148,1.0,,,,,False
1769356215.426515,25.517514646,0.4889334510354435,0.3652332447193287,1.0,,,,,False
1769356215.4305182,25.521517646000003,0.4885244930491728,0.3651414659288194,1.0,,,,,False
1769356215.4383562,25.529355646000003,0.4886972202974207,0.3655245745623553,1.0,,,,,False
1769356215.442389,25.533388646,0.4890726874856388,0.3655929000289352,1.0,,,,,False
1769356215.446408,25.537407646,0.4891337226418888,0.3655982123480903,1.0,,,,,False
1769356215.450557,25.541556646,0.4876595104441923,0.3654732033058449,1.0,,,,,False
1769356215.458555,25.549554646,0.4881825166590073,0.3659184208622685,1.0,,,,,False
1769356215.462595,25.553594646,0.4867116142721737,0.3658383969907407,1.0,,,,,False
1769356215.466403,25.557402646,0.4872713088989258,0.3652913976598668,1.0,,,,,False
1769356215.470413,25.561412646,0.487862138187184,0.3648554484049479,1.0,,,,,False
1769356215.478537,25.569536646000003,0.4876593421487247,0.3652128431532118,1.0,,,,,False
1769356215.482542,25.573541646,0.4881304572610294,0.3655375162760417,1.0,,,,,False
1769356215.486516,25.577515646,0.4885179295259363,0.3656703242549189,1.0,,,,,False
1769356215.490391,25.581390646000003,0.4887126473819508,0.3655665079752604,1.0,,,,,False
1769356215.498656,25.589655646,0.4887234182918773,0.3648546006944444,1.0,,,,,False
1769356215.502422,25.593421646000003,0.4887468113618738,0.3649364330150463,1.0,,,,,False
1769356215.506367,25.597366646,0.4889788347132066,0.3646915011935764,1.0,,,,,False
1769356215.510593,25.601592646,0.4882353053373449,0.3647518016673901,1.0,,,,,False
1769356215.518538,25.609537646000003,0.4880193822524127,0.364467536078559,1.0,,,,,False
1769356215.5224931,25.613492646,0.4883295507992015,0.3643902248806423,1.0,,,,,False
1769356215.526562,25.617561646,0.4892343633315142,0.3647273310908565,1.0,,,,,False
1769356215.53059,25.621589646,0.4889577416812672,0.3648235179759838,1.0,,,,,False
1769356215.538534,25.629533646,0.4892550636740291,0.3648157190393518,1.0,,,,,False
1769356215.542717,25.633716646,0.4894357569077435,0.36502035635489,1.0,,,,,False
1769356215.5464191,25.637418646,0.4895240559297449,0.3660114994755498,1.0,,,,,False
1769356215.5505261,25.641525646,0.4897267397712259,0.3660194114402488,1.0,,,,,False
1769356215.558409,25.649408646,0.4900640038882984,0.3646480984157986,1.0,,,,,False
1769356215.562402,25.653401646000003,0.4903605966007008,0.3646189936885127,1.0,,,,,False
1769356215.5663981,25.657397646000003,0.4912009519689223,0.3653901276765046,1.0,,,,,False
1769356215.570522,25.661521646,0.4911876566269818,0.3653549194335937,1.0,,,,,False
1769356215.578705,25.669704646000003,0.4914003820980296,0.3658276593243634,1.0,,,,,False
1769356215.582525,25.673524646,0.4908644171322093,0.3658746224862558,1.0,,,,,False
1769356215.586551,25.677550646,0.4906426598044002,0.3662550184461806,1.0,,,,,False
1769356215.590532,25.681531646,0.4907627666697782,0.36607095223886,1.0,,,,,False
1769356215.598412,25.689411646,0.4909566991469439,0.3662964432327835,1.0,,,,,False
1769356215.602417,25.693416646000003,0.4910203148336971,0.3662685253002026,1.0,,,,,False
1769356215.606415,25.697414646,0.4910568910486558,0.3660956488715278,1.0,,,,,False
1769356215.610483,25.701482646,0.4913458543665269,0.3660866066261574,1.0,,,,,False
1769356215.618786,25.709785646,0.4915404039270737,0.366187823260272,1.0,,,,,False
1769356215.622631,25.713630646,0.4915984097649069,0.3669388947663483,1.0,,,,,False
1769356215.626409,25.717408646000003,0.4919084100162281,0.3678067242657696,1.0,,,,,False
1769356215.6305761,25.721575646,0.4919090831980985,0.3691774156358507,1.0,,,,,False
1769356215.63858,25.729579646,0.4920373243444106,0.3708822744864004,1.0,,,,,False
1769356215.642519,25.733518646,0.4919435837689568,0.3711587976526331,1.0,,,,,False
1769356215.647775,25.738774646000003,0.4916469910565544,0.370993889702691,1.0,,,,,False
1769356215.650487,25.741486646,0.4914081797880285,0.3710886637369791,1.0,,,,,False
1769356215.6583421,25.749341646,0.4932075949276195,0.3716211389612268,1.0,,,,,False
1769356215.66255,25.753549646000003,0.4934105031630572,0.3714344731083623,1.0,,,,,False
1769356215.666409,25.757408646,0.493433671839097,0.3713225188078703,1.0,,,,,False
1769356215.6705542,25.761553646000003,0.4939363143023322,0.3711825335467303,1.0,,,,,False
1769356215.67854,25.769539646,0.4954633151783663,0.371011804651331,1.0,,,,,False
1769356215.682916,25.773915646000003,0.496424114002901,0.3709060668945312,1.0,,,,,False
1769356215.686391,25.777390646,0.4966919281903435,0.3704573454680266,1.0,,,,,False
1769356215.690819,25.781818646,0.496738546034869,0.3694855866608796,1.0,,,,,False
1769356215.698345,25.789344646,0.4961966907276827,0.3681485776548032,1.0,,,,,False
1769356215.702379,25.793378646,0.4966678058399874,0.3678115279586227,1.0,,,,,False
1769356215.7063951,25.797394646,0.4961787953096278,0.3675680089879919,1.0,,,,,False
1769356215.7105381,25.801537646,0.4960053948795094,0.3675645051179108,1.0,,,,,False
1769356215.71852,25.809519646,0.4963279611924115,0.3659778736255786,1.0,,,,,False
1769356215.72345,25.814449646,0.4963085511151482,0.3659894024884259,1.0,,,,,False
1769356215.7265182,25.817517646,0.496123145608341,0.365824720594618,1.0,,,,,False
1769356215.730416,25.821415646,0.4961777855368221,0.3658186735930266,1.0,,,,,False
1769356215.739862,25.830861646,0.4954062069163603,0.3644035621925636,1.0,,,,,False
1769356215.742393,25.833392646,0.4961956248563878,0.3639446117259838,1.0,,,,,False
1769356215.746404,25.837403646,0.4950801624971278,0.3628546255606192,1.0,,,,,False
1769356215.750412,25.841411646,0.494542682872099,0.3628594292534722,1.0,,,,,False
1769356215.75842,25.849419646,0.4945965374217314,0.3629809909396702,1.0,,,,,False
1769356215.7625911,25.853590646,0.4945585026460535,0.3630499945746528,1.0,,,,,False
1769356215.76641,25.857409646,0.4945590075324563,0.3630167643229166,1.0,,,,,False
1769356215.77055,25.861549646,0.4941749011769014,0.3627863000940393,1.0,,,,,False
1769356215.778654,25.869653646000003,0.4935955720789292,0.3596423678927951,1.0,,,,,False
1769356215.7825751,25.873574646,0.4934358596801758,0.359451350459346,1.0,,,,,False
1769356215.786504,25.877503646,0.4930495093850529,0.3587120338722511,1.0,,,,,False
1769356215.7905,25.881499646,0.4937150057624368,0.3585130479600694,1.0,,,,,False
1769356215.79842,25.889419646,0.493750067318187,0.3585335625542535,1.0,,,,,False
1769356215.802509,25.893508646,0.493898447822122,0.3575580173068576,1.0,,,,,False
1769356215.806351,25.897350646000003,0.4939132017247817,0.3576089929651331,1.0,,,,,False
1769356215.814627,25.905626646,0.4940458746517406,0.3576910513418692,1.0,,,,,False
1769356215.819734,25.910733646,0.4940096911262063,0.3567840011031539,1.0,,,,,False
1769356215.82239,25.913389646,0.4938775230856502,0.3568218089916087,1.0,,,,,False
1769356215.826493,25.917492646000003,0.4926392611335305,0.3563880637839988,1.0,,,,,False
1769356215.834717,25.925716646,0.4925758137422449,0.3557339703595197,1.0,,,,,False
1769356215.838377,25.929376646,0.4924626630895278,0.3555120962637442,1.0,,,,,False
1769356215.842421,25.933420646,0.4924891976749195,0.3547395494249131,1.0,,,,,False
1769356215.846402,25.937401646,0.4929089826696059,0.3543220237449364,1.0,,,,,False
1769356215.854368,25.945367646,0.4926939571605009,0.3540760746708622,1.0,,,,,False
1769356215.8586462,25.949645646,0.4924102671006146,0.3537588048864294,1.0,,,,,False
1769356215.863114,25.954113646000003,0.492438933428596,0.3539359763816551,1.0,,,,,False
1769356215.866395,25.957394646,0.4928712283863741,0.3530290391710069,1.0,,,,,False
1769356215.874411,25.965410646,0.4929569468778722,0.3533380579065394,1.0,,,,,False
1769356215.8789291,25.969928646000003,0.4930513606351964,0.3535295274522569,1.0,,,,,False
1769356215.88241,25.973409646,0.4930672926061293,0.3531133581090856,1.0,,,,,False
1769356215.886379,25.977378646,0.4938341589534984,0.3530280784324363,1.0,,,,,False
1769356215.8945131,25.985512646,0.4933224285350126,0.3528753775137442,1.0,,,,,False
1769356215.898416,25.989415646,0.4934614405912511,0.3522412335431134,1.0,,,,,False
1769356215.902404,25.993403646,0.4933622584623449,0.3517558910228587,1.0,,,,,False
1769356215.906393,25.997392646,0.493324784671559,0.3515592221860533,1.0,,,,,False
1769356215.914357,26.005356646000003,0.4926664689007927,0.3495328549985532,1.0,,,,,False
1769356215.918703,26.009702646,0.4924091451308306,0.3499150594075521,1.0,,,,,False
1769356215.92238,26.013379646,0.4917069603415096,0.3498623318142361,1.0,,,,,False
1769356215.9263802,26.017379646,0.4917002285228056,0.3500049732349537,1.0,,,,,False
1769356215.934535,26.025534646,0.4912651286405675,0.3499645657009549,1.0,,,,,False
1769356215.939037,26.030036646000003,0.4913198807660271,0.3500349256727431,1.0,,,,,False
1769356215.942406,26.033405646,0.4905544729793773,0.3502261126482928,1.0,,,,,False
1769356215.946351,26.037350646,0.4906168544993681,0.3500486020688658,1.0,,,,,False
1769356215.954804,26.045803646000003,0.4911161310532513,0.3505010534215856,1.0,,,,,False
1769356215.95858,26.049579646,0.491864989785587,0.3504158302589699,1.0,,,,,False
1769356215.962534,26.053533646,0.4920137629789464,0.3505549678096065,1.0,,,,,False
1769356215.9664102,26.057409646,0.4920436634736903,0.3498313621238426,1.0,,,,,False
1769356215.9743721,26.065371646000003,0.4920417000265682,0.3499703301323784,1.0,,,,,False
1769356215.978888,26.069887646,0.4930297627168543,0.3501927693684895,1.0,,,,,False
1769356215.982352,26.073351646000003,0.4930983711691463,0.3503515738028067,1.0,,,,,False
1769356215.986713,26.077712646,0.4932746887207031,0.3503744054723668,1.0,,,,,False
1769356215.994546,26.085545646,0.4934379914227654,0.3506374217845776,1.0,,,,,False
1769356215.998421,26.089420646,0.4938118878532858,0.3507917050962095,1.0,,,,,False
1769356216.002352,26.093351646,0.4939412509693819,0.350101951316551,1.0,,,,,False
1769356216.0063632,26.097362646,0.4940771776087144,0.3494199964735243,1.0,,,,,False
1769356216.014527,26.105526646,0.4938291661879596,0.3494056419089988,1.0,,,,,False
1769356216.018402,26.109401646,0.4939291336957146,0.3492128160264757,1.0,,,,,False
1769356216.0225961,26.113595646,0.4949276868034811,0.3497099699797453,1.0,,,,,False
1769356216.026539,26.117538646,0.4955423579496495,0.3506823504412616,1.0,,,,,False
1769356216.034567,26.125566646000003,0.4953166737275965,0.3507228710033275,1.0,,,,,False
1769356216.038346,26.129345646,0.4956303203807157,0.3509388676396122,1.0,,,,,False
1769356216.042658,26.133657646000003,0.49622704001034,0.3510486744068287,1.0,,,,,False
1769356216.046499,26.137498646,0.4973011577830595,0.3513279102466724,1.0,,,,,False
1769356216.054521,26.145520646,0.4972743427052217,0.3508512708875868,1.0,,,,,False
1769356216.060295,26.151294646,0.4972396177404067,0.3506192807798032,1.0,,,,,False
1769356216.062831,26.153830646000003,0.4976081287159639,0.3508594089084201,1.0,,,,,False
1769356216.06655,26.157549646000003,0.4980422188253963,0.3509403370044849,1.0,,,,,False
1769356216.074683,26.165682646,0.4987405328189625,0.3521217628761574,1.0,,,,,False
1769356216.078491,26.169490646,0.4989102307487936,0.3525243123372396,1.0,,,,,False
1769356216.0825331,26.173532646,0.500361723058364,0.3535528112340856,1.0,,,,,False
1769356216.0865011,26.177500646,0.5004834006814396,0.3535772252965856,1.0,,,,,False
1769356216.094697,26.185696646,0.5002114913042854,0.3537287959346065,1.0,,,,,False
1769356216.0985491,26.189548646,0.5003444447236902,0.3540881686740451,1.0,,,,,False
1769356216.102497,26.193496646000003,0.5002438040340648,0.3543782552083333,1.0,,,,,False
1769356216.1067061,26.197705646000003,0.4999631993910846,0.3543861106589988,1.0,,,,,False
1769356216.114403,26.205402646000003,0.500024627236759,0.3550364176432291,1.0,,,,,False
1769356216.118367,26.209366646000003,0.499147471259622,0.3550686306423611,1.0,,,,,False
1769356216.12241,26.213409646,0.4993158789242015,0.3554841218171296,1.0,,,,,False
1769356216.126395,26.217394646,0.4994113585528205,0.3556883635344329,1.0,,,,,False
1769356216.134382,26.225381646,0.4996179692885455,0.3598792747214988,1.0,,,,,False
1769356216.138395,26.229394646000003,0.4995629366706399,0.3597392329463252,1.0,,,,,False
1769356216.142571,26.233570646,0.4989529777975643,0.3604995162398726,1.0,,,,,False
1769356216.146591,26.237590646,0.4989325579474954,0.3604027077003762,1.0,,,,,False
1769356216.155502,26.246501646,0.498418976278866,0.3610156589084201,1.0,,,,,False
1769356216.158392,26.249391646000003,0.498383970821605,0.3607495908383969,1.0,,,,,False
1769356216.162482,26.253481646,0.4983510410084444,0.3606215865523726,1.0,,,,,False
1769356216.166348,26.257347646000003,0.4989227407118853,0.3608791775173611,1.0,,,,,False
1769356216.1746511,26.265650646,0.4981590158799115,0.3605746233904803,1.0,,,,,False
1769356216.178618,26.269617646,0.498170628267176,0.3602660567672164,1.0,,,,,False
1769356216.182495,26.273494646000003,0.4982866960413316,0.3602590490270544,1.0,,,,,False
1769356216.1865811,26.277580646,0.4985160266651827,0.3599081533926505,1.0,,,,,False
1769356216.194422,26.285421646000003,0.498965487760656,0.3598047327112268,1.0,,,,,False
1769356216.198421,26.289420646,0.498994602876551,0.3598119665075231,1.0,,,,,False
1769356216.202403,26.293402646,0.4989707049201516,0.3603256790726273,1.0,,,,,False
1769356216.206549,26.297548646000003,0.4988633324118221,0.360678552698206,1.0,,,,,False
1769356216.214746,26.305745646,0.4987732943366555,0.360653630009404,1.0,,,,,False
1769356216.21859,26.309589646000003,0.4985523784861845,0.3606192694769965,1.0,,,,,False
1769356216.222408,26.313407646,0.4985304439769071,0.3607707836009838,1.0,,,,,False
1769356216.226561,26.317560646,0.4984110102933995,0.3609406647858796,1.0,,,,,False
1769356216.234596,26.325595646,0.4983188404756434,0.362026129828559,1.0,,,,,False
1769356216.238408,26.329407646,0.4994292539708754,0.3613699453848379,1.0,,,,,False
1769356216.242404,26.333403646,0.4993581210865694,0.3608540852864583,1.0,,,,,False
1769356216.246496,26.337495646,0.4996636895572438,0.3607621934678819,1.0,,,,,False
1769356216.254632,26.345631646,0.4995655732996323,0.360739983452691,1.0,,,,,False
1769356216.258522,26.349521646000003,0.4994394077974207,0.3607847990813079,1.0,,,,,False
1769356216.262404,26.353403646,0.4997164782355813,0.3612749452944155,1.0,,,,,False
1769356216.266405,26.357404646000003,0.5000029732199276,0.3615846421983507,1.0,,,,,False
1769356216.274858,26.365857646,0.4983829049503102,0.3623127124927662,1.0,,,,,False
1769356216.2785602,26.369559646000003,0.4992960200590245,0.3622235333478009,1.0,,,,,False
1769356216.2823482,26.373347646000003,0.4992172577801873,0.3621293244538484,1.0,,,,,False
1769356216.2863832,26.377382646,0.4991668252383961,0.3619160970052083,1.0,,,,,False
1769356216.29442,26.385419646000003,0.4991675545187557,0.3617459332501447,1.0,,,,,False
1769356216.298351,26.389350646,0.4992946175967945,0.3634180139612268,1.0,,,,,False
1769356216.302365,26.393364646,0.5002798192641315,0.3642602991174768,1.0,,,,,False
1769356216.306399,26.397398646000003,0.5001801883473116,0.3635906643337674,1.0,,,,,False
1769356216.314529,26.405528646,0.499972848331227,0.3608695136176215,1.0,,,,,False
1769356216.318401,26.409400646,0.4995482949649586,0.3608713220666956,1.0,,,,,False
1769356216.322366,26.413365646000003,0.4994177537805894,0.3608316492151331,1.0,,,,,False
1769356216.326394,26.417393646,0.4991804571712718,0.3616259539568865,1.0,,,,,False
1769356216.334842,26.425841646,0.4982442294850069,0.3608691745334201,1.0,,,,,False
1769356216.338373,26.429372646,0.4983010572545668,0.3610583835177952,1.0,,,,,False
1769356216.3423932,26.433392646,0.4981910481172449,0.3610599093967014,1.0,,,,,False
1769356216.346535,26.437534646000003,0.4983056573306813,0.3605658637152777,1.0,,,,,False
1769356216.354656,26.445655646,0.4966034608728745,0.3603023952907986,1.0,,,,,False
1769356216.358568,26.449567646,0.4965666041654699,0.3597881740993923,1.0,,,,,False
1769356216.362555,26.453554646,0.4966053121230181,0.3596815321180555,1.0,,,,,False
1769356216.366527,26.457526646,0.4964223188512465,0.359636659975405,1.0,,,,,False
1769356216.3747761,26.465775646,0.4993164960075827,0.3600659405743635,1.0,,,,,False
1769356216.378568,26.469567646,0.4992349849027745,0.3605238737883391,1.0,,,,,False
1769356216.382649,26.473648646,0.4992419411154354,0.3605214436848958,1.0,,,,,False
1769356216.3864892,26.477488646,0.4989138771505916,0.3603987517180266,1.0,,,,,False
1769356216.395252,26.486251646000003,0.4991985769832835,0.3585714269567419,1.0,,,,,False
1769356216.398536,26.489535646,0.4992393605849322,0.3585883811668113,1.0,,,,,False
1769356216.402402,26.493401646,0.4989174113554113,0.3587348655418113,1.0,,,,,False
1769356216.4063451,26.497344646,0.4989681804881376,0.3591808742947049,1.0,,,,,False
1769356216.414589,26.505588646000003,0.4992341995239258,0.3588198626482928,1.0,,,,,False
1769356216.418616,26.509615646,0.4996038885677562,0.3588795979817708,1.0,,,,,False
1769356216.422629,26.513628646,0.4996054032269646,0.3588602701822917,1.0,,,,,False
1769356216.427301,26.518300646,0.4992004282334271,0.3585466172960069,1.0,,,,,False
1769356216.434562,26.525561646,0.4994717766256893,0.3585114655671296,1.0,,,,,False
1769356216.438357,26.529356646,0.4994899525361903,0.358997090657552,1.0,,,,,False
1769356216.442408,26.533407646,0.4989253773408778,0.359990155255353,1.0,,,,,False
1769356216.4465342,26.537533646,0.4989343530991498,0.3593655621563947,1.0,,,,,False
1769356216.4544961,26.545495646000003,0.49865582410027,0.3595681649667245,1.0,,,,,False
1769356216.458635,26.549634646,0.4991272197050206,0.3600275675455729,1.0,,,,,False
1769356216.462508,26.553507646,0.4991160000071806,0.3611494276258681,1.0,,,,,False
1769356216.466568,26.557567646000003,0.4990638284122242,0.3611046119972512,1.0,,,,,False
1769356216.474576,26.565575646000003,0.4989102868472828,0.3623175161856192,1.0,,,,,False
1769356216.47864,26.569639646,0.4985397002276252,0.3623793425383391,1.0,,,,,False
1769356216.482408,26.573407646000003,0.4988921109367819,0.3624321831597222,1.0,,,,,False
1769356216.486342,26.577341646,0.4990015590892118,0.3620320638020833,1.0,,,,,False
1769356216.4944081,26.585407646,0.4990596771240234,0.3629274156358507,1.0,,,,,False
1769356216.498387,26.589386646,0.4992015502032111,0.3628904554578993,1.0,,,,,False
1769356216.502399,26.593398646,0.4991874133839327,0.3628260859736689,1.0,,,,,False
1769356216.5063791,26.597378646000003,0.499029327841366,0.3629521122685185,1.0,,,,,False
1769356216.514379,26.605378646,0.4995131773107192,0.3627656159577546,1.0,,,,,False
1769356216.518492,26.609491646,0.4995021259083467,0.3628133138020833,1.0,,,,,False
1769356216.522542,26.613541646,0.4993391597972196,0.3629071836118345,1.0,,,,,False
1769356216.5265222,26.617521646,0.4988228854011087,0.3640027081524885,1.0,,,,,False
1769356216.534585,26.625584646,0.4984908384435317,0.3638719346788194,1.0,,,,,False
1769356216.538598,26.629597646,0.4983665241914637,0.3638977615921586,1.0,,,,,False
1769356216.542506,26.633505646000003,0.4983783048741957,0.3638232760959201,1.0,,,,,False
1769356216.546374,26.637373646,0.4983193453620462,0.3637459648980035,1.0,,,,,False
1769356216.554421,26.645420646,0.4983101452098173,0.363716803656684,1.0,,,,,False
1769356216.558727,26.649726646,0.4981686087215648,0.3634775797526042,1.0,,,,,False
1769356216.5626512,26.653650646000003,0.4980877707986271,0.3634215178313078,1.0,,,,,False
1769356216.566623,26.657622646,0.4984081492704503,0.3633589567961516,1.0,,,,,False
1769356216.57456,26.665559646,0.498378921957577,0.3610170152452256,1.0,,,,,False
1769356216.5787911,26.669790646000003,0.4987191592945772,0.3607890376338252,1.0,,,,,False
1769356216.582386,26.673385646000003,0.4986580119413488,0.3611462063259548,1.0,,,,,False
1769356216.5905201,26.681519646,0.4975886064417222,0.3614490650318287,1.0,,,,,False
1769356216.594518,26.685517646,0.4975682987886317,0.3614283243815104,1.0,,,,,False
1769356216.598364,26.689363646,0.4972430958467371,0.3623726173683449,1.0,,,,,False
1769356216.6023831,26.693382646000003,0.4969527861651252,0.3618200231481481,1.0,,,,,False
1769356216.610745,26.701744646,0.4965044470394359,0.3620031286168981,1.0,,,,,False
1769356216.614592,26.705591646,0.49651959363152,0.3616996482566551,1.0,,,,,False
1769356216.618391,26.709390646000003,0.4959984386668485,0.3619290387188947,1.0,,,,,False
1769356216.6226711,26.713670646,0.496308775509105,0.361581477412471,1.0,,,,,False
1769356216.630515,26.721514646000003,0.4971316842471852,0.3629059968171296,1.0,,,,,False
1769356216.6345341,26.725533646,0.4970208336325252,0.3628696017795139,1.0,,,,,False
1769356216.638487,26.729486646,0.4970441706040326,0.3629056577329282,1.0,,,,,False
1769356216.64236,26.733359646,0.4970115773818072,0.3630072134512442,1.0,,,,,False
1769356216.650419,26.741418646000003,0.4973046919878791,0.3621956719292535,1.0,,,,,False
1769356216.654558,26.745557646,0.4973362193388097,0.3621791698314526,1.0,,,,,False
1769356216.658634,26.749633646000003,0.4973451389985926,0.3619627775969328,1.0,,,,,False
1769356216.662506,26.753505646,0.4973653905531939,0.3621730663158276,1.0,,,,,False
1769356216.670412,26.761411646000003,0.4971958048203412,0.362266766583478,1.0,,,,,False
1769356216.674547,26.765546646,0.4971678677727194,0.3621731228298611,1.0,,,,,False
1769356216.678482,26.769481646000003,0.4971916535321404,0.3621677539966724,1.0,,,,,False
1769356216.682413,26.773412646,0.4974963805254768,0.3621299461082176,1.0,,,,,False
1769356216.690531,26.781530646,0.497620750876034,0.3612865306712963,1.0,,,,,False
1769356216.694746,26.785745646,0.4973317875581629,0.3612846657081886,1.0,,,,,False
1769356216.698538,26.789537646000003,0.4973293192246381,0.3613580209237558,1.0,,,,,False
1769356216.702527,26.793526646,0.4968898997587316,0.361039564344618,1.0,,,,,False
1769356216.710642,26.801641646,0.4960476931403665,0.3611512360749421,1.0,,,,,False
1769356216.714523,26.805522646,0.4968754263485179,0.3611551920572916,1.0,,,,,False
1769356216.71864,26.809639646,0.4968216278973748,0.361002039026331,1.0,,,,,False
1769356216.722552,26.813551646,0.4968086691463695,0.3603901050708912,1.0,,,,,False
1769356216.7304,26.821399646000003,0.4965705310597139,0.3606722231264467,1.0,,,,,False
1769356216.734569,26.825568646,0.4969856598797966,0.3609801115813078,1.0,,,,,False
1769356216.743624,26.834623646,0.4958939271814683,0.3610282615379051,1.0,,,,,False
1769356216.750391,26.841390646,0.4959311204798081,0.3611399332682291,1.0,,,,,False
1769356216.754987,26.845986646,0.4954719543457031,0.3611711855287904,1.0,,,,,False
1769356216.758418,26.849417646000003,0.4954035702873678,0.360416892722801,1.0,,,,,False
1769356216.7623851,26.853384646,0.4950231103336109,0.3604281955295139,1.0,,,,,False
1769356216.770402,26.861401646,0.4949431699865004,0.3607255723741319,1.0,,,,,False
1769356216.774475,26.865474646000003,0.4950163785149069,0.3605910689742476,1.0,,,,,False
1769356216.778616,26.869615646000003,0.4950764599968405,0.360666854293258,1.0,,,,,False
1769356216.782421,26.873420646000003,0.4946029326495002,0.3602285314489294,1.0,,,,,False
1769356216.790397,26.881396646,0.4942800297456629,0.36060711895978,1.0,,,,,False
1769356216.7949212,26.885920646,0.4949565775254193,0.3609697129991319,1.0,,,,,False
1769356216.798393,26.889392646,0.494901601006003,0.360936200177228,1.0,,,,,False
1769356216.802367,26.893366646,0.4950005587409524,0.3609494809751157,1.0,,,,,False
1769356216.81047,26.901469646,0.4950136296889361,0.3613277859157986,1.0,,,,,False
1769356216.814801,26.905800646000003,0.4953359716078814,0.3612781665943286,1.0,,,,,False
1769356216.8184931,26.909492646,0.4950792088228113,0.3611897786458333,1.0,,,,,False
1769356216.822506,26.913505646,0.4949817096485811,0.3607380054615162,1.0,,,,,False
1769356216.830396,26.921395646,0.4943989024442785,0.3597610473632813,1.0,,,,,False
1769356216.834575,26.925574646,0.4943918340346392,0.3597202442310474,1.0,,,,,False
1769356216.838536,26.929535646,0.4945721906774184,0.360910486291956,1.0,,,,,False
1769356216.8433042,26.934303646,0.4947286493637982,0.3604588826497396,1.0,,,,,False
1769356216.850534,26.941533646000003,0.4947833453907686,0.3616552847403067,1.0,,,,,False
1769356216.854396,26.945395646,0.4945787542006549,0.3617680867513021,1.0,,,,,False
1769356216.858367,26.949366646,0.4940444160910213,0.3610520539460359,1.0,,,,,False
1769356216.8623362,26.953335646000003,0.4939637464635512,0.360999439380787,1.0,0.4104769351055512,0.5407166123778502,0.19816233229547592,2.0,True
1769356216.870395,26.961394646,0.4943026374368107,0.3603230229130497,1.0,0.4104769351055512,0.5407166123778502,0.19891856497402122,2.0,True
1769356216.87455,26.965549646000003,0.4943015154670266,0.3604469016746238,1.0,0.4104769351055512,0.5407166123778502,0.19880575663144764,2.0,True
1769356216.87848,26.969479646,0.4938587300917681,0.3604400634765625,1.0,0.4104769351055512,0.5407166123778502,0.198625672607752,2.0,True
1769356216.882378,26.973377646000003,0.4939349679385914,0.360331160933883,1.0,0.4104769351055512,0.5407166123778502,0.19875652023771356,2.0,True
1769356216.8905401,26.981539646,0.4934704163495232,0.3605071456344039,1.0,0.4104769351055512,0.5407166123778502,0.19840204089915708,2.0,True
1769356216.894548,26.985547646,0.493407081155216,0.3607976842809606,1.0,0.4104769351055512,0.5407166123778502,0.1981116599580965,2.0,True
1769356216.898392,26.989391646,0.4935423346126781,0.3612701416015624,1.0,0.4104769351055512,0.5407166123778502,0.19773946614002905,2.0,True
1769356216.902354,26.993353646000003,0.4935853621538947,0.3613114533600984,1.0,0.4104769351055512,0.5407166123778502,0.19772005899411074,2.0,True
1769356216.910413,27.001412646,0.4936504364013672,0.3612721195927373,1.0,0.4104769351055512,0.5407166123778502,0.19778310673237876,2.0,True
1769356216.915241,27.006240646,0.4928162518669577,0.3608595671477141,1.0,0.4104769351055512,0.5374592833876222,0.19485179717095574,2.0,True
1769356216.91842,27.009419646,0.4928613550522748,0.3609466552734375,1.0,0.4104769351055512,0.5374592833876222,0.19479194165502473,2.0,True
1769356216.9223611,27.013360646,0.4926556418923771,0.3608010751229745,1.0,0.4104769351055512,0.5390879478827362,0.19631492263098738,2.0,True
1769356216.930572,27.021571646,0.4928138957304113,0.3619273998119213,1.0,0.4104769351055512,0.5439739413680782,0.19980069663916922,2.0,True
1769356216.9346411,27.025640646000003,0.4926675347720875,0.3619785450122974,1.0,0.4104769351055512,0.5439739413680782,0.19969381304447711,2.0,True
1769356216.938581,27.029580646000003,0.4923591613769531,0.3619231047453703,1.0,0.4104769351055512,0.5439739413680782,0.1996176497562,2.0,True
1769356216.942365,27.033364646000003,0.4927081500782686,0.3622572722258391,1.0,0.4104769351055512,0.5456026058631922,0.200941494177986,2.0,True
1769356216.95053,27.041529646,0.4941969478831571,0.3622634322554977,1.0,0.4104769351055512,0.5456026058631922,0.20154972864937043,2.0,True
1769356216.954555,27.045554646000003,0.4937700383803424,0.362248851634838,1.0,0.4104769351055512,0.5472312703583062,0.20286999849640053,2.0,True
1769356216.9584951,27.049494646000003,0.4937590430764591,0.3623785513418692,1.0,0.4104769351055512,0.5472312703583062,0.20274722497693473,2.0,True
1769356216.962413,27.053412646,0.4938205270206227,0.3628469961660879,1.0,0.4112587959343237,0.5472312703583062,0.2020247509820455,2.0,True
1769356216.970472,27.061471646,0.4943038155050838,0.3628922073929398,1.0,0.4112587959343237,0.5472312703583062,0.20218151599604064,2.0,True
1769356216.974603,27.065602646,0.4943334916058708,0.3628413447627314,1.0,0.41204065676309615,0.5472312703583062,0.20192017068039986,2.0,True
1769356216.978378,27.069377646000003,0.4948259802425609,0.3631917317708333,1.0,0.41282251759186867,0.5472312703583062,0.20148230604743786,2.0,True
1769356216.98241,27.073409646,0.4948322071748621,0.3634000424985533,1.0,0.41282251759186867,0.5456026058631922,0.19980831634880517,2.0,True
1769356216.990673,27.081672646,0.4943673189948587,0.3636610243055556,1.0,0.41360437842064113,0.5439739413680782,0.19757378527980568,2.0,True
1769356216.9947171,27.085716646,0.4948026432710535,0.3648069028501157,1.0,0.4143862392494136,0.5407166123778502,0.193419295681438,2.0,True
1769356216.998373,27.089372646,0.494819304522346,0.364313648365162,1.0,0.4151681000781861,0.5390879478827362,0.19206865996633624,2.0,True
1769356217.002418,27.093417646,0.4948248582727769,0.3642819439923321,1.0,0.4151681000781861,0.5390879478827362,0.19209981291558687,2.0,True
1769356217.010415,27.101414646,0.4949168036965763,0.3643394187644676,1.0,0.4151681000781861,0.5374592833876222,0.19060520259414013,2.0,True
1769356217.0143712,27.105370646,0.4954052532420439,0.3646360609266493,1.0,0.41594996090695857,0.5358306188925082,0.18873452296063822,2.0,True
1769356217.018506,27.109505646,0.4958281797521254,0.3645703351056134,1.0,0.41594996090695857,0.5342019543973942,0.18749777627862155,2.0,True
1769356217.022491,27.113490646,0.4964049283195944,0.364518568250868,1.0,0.41594996090695857,0.5325732899022801,0.18632066780339188,2.0,True
1769356217.030361,27.121360646000003,0.4968404208912569,0.3652481644241898,1.0,0.41594996090695857,0.5325732899022801,0.18585199523472987,2.0,True
1769356217.03441,27.125409646,0.4968313890344956,0.3652230721932871,1.0,0.41594996090695857,0.5325732899022801,0.18587065605737046,2.0,True
1769356217.038407,27.129406646000003,0.4970350826487821,0.365269187644676,1.0,0.4151681000781861,0.5325732899022801,0.1862602090287594,2.0,True
1769356217.042414,27.133413646,0.4967048869413488,0.3652274802879051,1.0,0.4151681000781861,0.5325732899022801,0.18615280714364604,2.0,True
1769356217.05056,27.141559646,0.496470058665556,0.3652192292390046,1.0,0.4143862392494136,0.5325732899022801,0.18640046950163294,2.0,True
1769356217.054615,27.145614646,0.4964299482457778,0.3650494610821759,1.0,0.41360437842064113,0.5325732899022801,0.1868804651091338,2.0,True
1769356217.058568,27.149567646,0.4964016185087316,0.3651331583658854,1.0,0.41360437842064113,0.5325732899022801,0.18679288159651605,2.0,True
1769356217.0625281,27.153527646,0.4962879068711224,0.3649701718930844,1.0,0.41360437842064113,0.5325732899022801,0.18688865948319588,2.0,True
1769356217.070413,27.161412646,0.4962685528923483,0.3648889612268519,1.0,0.41282251759186867,0.5342019543973942,0.188759451322939,2.0,True
1769356217.074407,27.165406646,0.4961063160615809,0.3648443716543692,1.0,0.41282251759186867,0.5342019543973942,0.18872779848264054,2.0,True
1769356217.078363,27.169362646000003,0.4962733773624195,0.365635907208478,1.0,0.41204065676309615,0.5342019543973942,0.18844007929434645,2.0,True
1769356217.082384,27.173383646,0.4962714700137867,0.3655770195855035,1.0,0.41204065676309615,0.5358306188925082,0.1899503039688613,2.0,True
1769356217.090415,27.181414646,0.4965922411750345,0.3657680370189525,1.0,0.4112587959343237,0.5358306188925082,0.1902710661928114,2.0,True
1769356217.096072,27.187071646000003,0.4965869679170496,0.3655379118742766,1.0,0.4112587959343237,0.5358306188925082,0.19047441559829212,2.0,True
1769356217.098588,27.189587646000003,0.496434492223403,0.3655363859953704,1.0,0.4112587959343237,0.5358306188925082,0.19040752347623785,2.0,True
1769356217.102413,27.193412646,0.496432809268727,0.3655161539713542,1.0,0.4112587959343237,0.5374592833876222,0.19188291299891347,2.0,True
1769356217.110359,27.201358646000003,0.4944734012379366,0.3650578251591435,1.0,0.4112587959343237,0.5374592833876222,0.1914338876352407,2.0,True
1769356217.1144001,27.205399646,0.49476219626034,0.3650158917462384,1.0,0.4112587959343237,0.5374592833876222,0.19159734128319897,2.0,True
1769356217.1185641,27.209563646000003,0.4947586059570312,0.3650398536964699,1.0,0.4112587959343237,0.5374592833876222,0.1915742101872025,2.0,True
1769356217.122397,27.213396646000003,0.494752659517176,0.3647202668366609,1.0,0.4112587959343237,0.5374592833876222,0.19185930546883884,2.0,True
1769356217.1304061,27.221405646,0.4952558629653033,0.3646662394205729,1.0,0.4112587959343237,0.5374592833876222,0.19212741426773403,2.0,True
1769356217.134563,27.225562646,0.4952936733470243,0.364140037254051,1.0,0.4112587959343237,0.5374592833876222,0.19261729336193323,2.0,True
1769356217.138529,27.229528646,0.4956132103415096,0.3641319557472512,1.0,0.4112587959343237,0.5374592833876222,0.19276418167525772,2.0,True
1769356217.142469,27.233468646,0.4956074882956112,0.3640083595558449,1.0,0.4112587959343237,0.5374592833876222,0.19287282048322965,2.0,True
1769356217.1504002,27.241399646,0.495734831866096,0.3637910065827546,1.0,0.4112587959343237,0.5374592833876222,0.19312397835359077,2.0,True
1769356217.154629,27.245628646,0.495704314287971,0.3634646945529514,1.0,0.4112587959343237,0.5374592833876222,0.1934041429591474,2.0,True
1769356217.158418,27.249417646,0.4949801949893727,0.3630518030237268,1.0,0.4112587959343237,0.5374592833876222,0.1934612154066476,2.0,True
1769356217.1624131,27.253412646,0.4948842104743509,0.3632685908564814,1.0,,,,,False
1769356217.170366,27.261365646,0.4946871925802791,0.3633510448314525,1.0,,,,,False
1769356217.1746202,27.265619646,0.4945187288172105,0.3635278772424768,1.0,,,,,False
1769356217.17839,27.269389646,0.4945633832146139,0.363515783239294,1.0,,,,,False
1769356217.182385,27.273384646,0.4946226793176987,0.3636019106264467,1.0,,,,,False
1769356217.1904202,27.281419646000003,0.4948391072890338,0.3645469948097511,1.0,,,,,False
1769356217.194829,27.285828646,0.495215472053079,0.3642223782009548,1.0,,,,,False
1769356217.198519,27.289518646,0.4956052443560432,0.364468327275029,1.0,,,,,False
1769356217.2023501,27.293349646000003,0.4959661820355583,0.3644612065067998,1.0,,,,,False
1769356217.210396,27.301395646000003,0.4959459865794462,0.3646240234375,1.0,,,,,False
1769356217.214682,27.305681646,0.4954954035141888,0.3642223782009548,1.0,,,,,False
1769356217.218399,27.309398646,0.4956556768978343,0.3637140909830729,1.0,,,,,False
1769356217.2227201,27.313719646000003,0.495363572064568,0.3636468392831308,1.0,,,,,False
1769356217.230501,27.321500646,0.4948922886567957,0.3641340467664931,1.0,,,,,False
1769356217.2345982,27.325597646,0.4950495327220243,0.3642926816587095,1.0,,,,,False
1769356217.2384071,27.329406646,0.4952200721291935,0.3642881605360243,1.0,,,,,False
1769356217.242337,27.333336646000003,0.4951851788689108,0.3646414862738715,1.0,,,,,False
1769356217.250556,27.341555646000003,0.4952204087201287,0.3653189199942129,1.0,,,,,False
1769356217.2545881,27.345587646,0.4950526181389303,0.3644220987955729,1.0,,,,,False
1769356217.2587152,27.349714646,0.495148266063017,0.3644073486328125,1.0,,,,,False
1769356217.26262,27.353619646,0.4953135322122013,0.3645426432291666,1.0,,,,,False
1769356217.270401,27.361400646000003,0.4944730085485121,0.3634207831488715,1.0,,,,,False
1769356217.274382,27.365381646000003,0.4945130628698012,0.3630534984447338,1.0,,,,,False
1769356217.278669,27.369668646,0.4944247077493107,0.3629070140697338,1.0,,,,,False
1769356217.282511,27.373510646000003,0.4944069245282341,0.3627830787941262,1.0,,,,,False
1769356217.290417,27.381416646,0.4942562439862419,0.3626415111400463,1.0,,,,,False
1769356217.294552,27.385551646000003,0.4942754857680377,0.3627042417173032,1.0,,,,,False
1769356217.298408,27.389407646,0.4946974586038029,0.3624981350368923,1.0,,,,,False
1769356217.302421,27.393420646000003,0.4942133286420037,0.3624647917570891,1.0,,,,,False
1769356217.3104022,27.401401646,0.4939713758580825,0.3624671653464988,1.0,,,,,False
1769356217.314387,27.405386646,0.493933172786937,0.3622552942346644,1.0,,,,,False
1769356217.318406,27.409405646000003,0.4952591166776769,0.3623710349754051,1.0,,,,,False
1769356217.3223681,27.413367646,0.4953152712653665,0.3623804163049768,1.0,,,,,False
1769356217.330565,27.421564646,0.4952979368322036,0.3623171771014178,1.0,0.41204065676309615,0.5390879478827362,0.19539621308287217,2.0,True
1769356217.334531,27.425530646,0.4953563353594611,0.3619828965928819,1.0,0.41204065676309615,0.5390879478827362,0.19572353331256487,2.0,True
1769356217.338327,27.429326646000003,0.495175978716682,0.3619448626482928,1.0,0.41204065676309615,0.5390879478827362,0.19568125715740803,2.0,True
1769356217.3423991,27.433398646,0.4948921203613281,0.3619674117476852,1.0,0.41204065676309615,0.5390879478827362,0.1955404033470757,2.0,True
1769356217.35072,27.441719646000003,0.4948967765359318,0.3620979591652199,1.0,0.41204065676309615,0.5390879478827362,0.19542413538260062,2.0,True
1769356217.3543952,27.445394646,0.4950874553007238,0.3622102525499132,1.0,0.41204065676309615,0.5390879478827362,0.19540340287108685,2.0,True
1769356217.358483,27.449482646000003,0.4950466156005859,0.3621580335828993,1.0,0.41204065676309615,0.5390879478827362,0.19543332309685232,2.0,True
1769356217.366508,27.457507646000003,0.4950677647310145,0.3621837474681713,1.0,0.41204065676309615,0.5390879478827362,0.19541902870967534,2.0,True
1769356217.37062,27.461619646000003,0.494182642768411,0.3621142917209201,1.0,0.41204065676309615,0.5390879478827362,0.1951076134859377,2.0,True
1769356217.374494,27.465493646,0.4944094489602482,0.3621212429470486,1.0,0.41204065676309615,0.5390879478827362,0.1951969072086244,2.0,True
1769356217.378406,27.469405646,0.4953551572911879,0.3620365849247685,1.0,0.41204065676309615,0.5390879478827362,0.1956744518927277,2.0,True
1769356217.386488,27.477487646,0.4958403531242819,0.3613797788266782,1.0,0.41204065676309615,0.5390879478827362,0.19647539912030565,2.0,True
1769356217.390485,27.481484646,0.4957770179299747,0.3617870754665798,1.0,0.4143862392494136,0.5309446254071661,0.1877198326126732,2.0,True
1769356217.394484,27.485483646,0.4962843726663029,0.3619205050998264,1.0,0.4143862392494136,0.5309446254071661,0.1878202797965136,2.0,True
1769356217.398402,27.489401646,0.4962687772863051,0.3618975038881655,1.0,0.4151681000781861,0.5276872964169381,0.18456320096473453,2.0,True
1769356217.406388,27.497387646,0.496244374443503,0.3630479600694444,1.0,0.41594996090695857,0.5244299674267101,0.1802535579228276,2.0,True
1769356217.410569,27.501568646000003,0.4962953679701861,0.3630084567599826,1.0,0.41673182173573103,0.5211726384364821,0.1770487680126552,2.0,True
1769356217.414593,27.505592646,0.4962472354664522,0.3636938589590567,1.0,0.4175136825645035,0.5179153094462541,0.17315665780714015,2.0,True
1769356217.418401,27.509400646000003,0.4960463467766257,0.3635766488534433,1.0,0.4175136825645035,0.5179153094462541,0.1731698631455161,2.0,True
1769356217.426388,27.517387646000003,0.4955187404856962,0.3633779455114294,1.0,0.42064112587959346,0.504885993485342,0.16009742287272216,2.0,True
1769356217.430357,27.521356646,0.4955648534438189,0.3631978352864583,1.0,0.4222048475371384,0.5,0.15523054704837957,2.0,True
1769356217.434421,27.525420646,0.4955349529490751,0.3629199557834202,1.0,0.42298670836591085,0.495114006514658,0.15079295355165537,2.0,True
1769356217.438375,27.529374646,0.4956551159129423,0.3627558390299479,1.0,0.42298670836591085,0.495114006514658,0.1509946421411436,2.0,True
1769356217.4463751,27.537374646,0.4957090826595531,0.3627686677155671,1.0,0.4261141516810008,0.48534201954397393,0.1409527615776288,2.0,True
1769356217.450519,27.541518646,0.4961414337158203,0.3628024631076388,1.0,0.4284597341673182,0.4739413680781759,0.1301255879979944,2.0,True
1769356217.4544911,27.545490646,0.4961352067835191,0.3637135258427373,1.0,0.4292415949960907,0.46905537459283386,0.12478645918550375,2.0,True
1769356217.458925,27.549924646,0.4957546346327838,0.363716408058449,1.0,0.43080531665363564,0.46416938110749184,0.11962112564404426,2.0,True
1769356217.466579,27.557578646000003,0.4957160388722139,0.3635287814670138,1.0,0.4323690383111806,0.4543973941368078,0.11076979393594898,2.0,True
1769356217.4703991,27.561398646,0.4950825186336742,0.3635206999602141,1.0,0.43393275996872555,0.4511400651465798,0.10684777087259788,2.0,True
1769356217.474505,27.565504646,0.4951787275426528,0.3635865388093171,1.0,0.43393275996872555,0.4511400651465798,0.10684890508637093,2.0,True
1769356217.4785361,27.569535646,0.4951630199656767,0.3634740758825231,1.0,0.43471462079749806,0.44625407166123776,0.10250139834714195,2.0,True
1769356217.486382,27.577381646000003,0.4954311146455653,0.3641494750976562,1.0,0.436278342455043,0.43973941368078173,0.09598379692856766,2.0,True
1769356217.490503,27.581502646,0.4949932659373564,0.3641823662651909,1.0,0.4370602032838155,0.4364820846905538,0.09264712101736268,2.0,True
1769356217.494554,27.585553646,0.4949592141544117,0.3642541390878183,1.0,0.4370602032838155,0.4364820846905538,0.0925698200591593,2.0,True
1769356217.498905,27.589904646,0.4948971131268669,0.3640226576063368,1.0,0.43784206411258797,0.43159609120521175,0.08843894813012723,2.0,True
1769356217.506406,27.597405646,0.4950820698457606,0.3647813585069445,1.0,0.4394057857701329,0.42833876221498374,0.08449492395745839,2.0,True
1769356217.510559,27.601558646,0.4950420155244715,0.3646793506763599,1.0,0.4394057857701329,0.42671009771986973,0.08332588817440505,2.0,True
1769356217.514534,27.605533646,0.4946496065925149,0.3647649694372106,1.0,0.4401876465989054,0.4250814332247557,0.08126611157290449,2.0,True
1769356217.518348,27.609347646000003,0.4949290892657111,0.3649032592773438,1.0,0.4401876465989054,0.4250814332247557,0.08135132552631298,2.0,True
1769356217.5265691,27.617568646,0.4949985952938304,0.3646842673972801,1.0,0.4409695074276779,0.4234527687296417,0.07983031432043981,2.0,True
1769356217.5303981,27.621397646,0.4949759315041935,0.3649588690863715,1.0,0.4409695074276779,0.4234527687296417,0.07961300231123944,2.0,True
1769356217.534531,27.625530646,0.4950885772705078,0.3651909722222222,1.0,0.4409695074276779,0.4234527687296417,0.079519247059596,2.0,True
1769356217.538523,27.629522646,0.4951102312873391,0.3652839943214699,1.0,0.4409695074276779,0.4234527687296417,0.07946586875002924,2.0,True
1769356217.546597,27.637596646,0.4946623970480526,0.3655917697482639,1.0,0.4409695074276779,0.4234527687296417,0.07893555345285638,2.0,True
1769356217.5503821,27.641381646000003,0.494961514192469,0.3657389322916666,1.0,0.4409695074276779,0.4234527687296417,0.07903178924254842,2.0,True
1769356217.55447,27.645469646,0.4955440409043256,0.3657950507269965,1.0,0.4409695074276779,0.4234527687296417,0.07939012627188788,2.0,True
1769356217.5584111,27.649410646000003,0.4951655443976907,0.3656611124674479,1.0,0.4409695074276779,0.4234527687296417,0.07922806293721034,2.0,True
1769356217.56659,27.657589646,0.4949314454022576,0.3648262871636285,1.0,0.4409695074276779,0.4234527687296417,0.07968033063926425,2.0,True
1769356217.5704181,27.661417646,0.4950453253353343,0.3645154034649884,1.0,0.4409695074276779,0.4234527687296417,0.07998629324278742,2.0,True
1769356217.574733,27.665732646,0.4950370788574219,0.3653255886501736,1.0,0.4409695074276779,0.4234527687296417,0.07938558650221955,2.0,True
1769356217.578578,27.669577646,0.495023390826057,0.3652930930808739,1.0,0.4409695074276779,0.4234527687296417,0.07940006411845929,2.0,True
1769356217.5865,27.677499646,0.493628838483025,0.3650763617621527,1.0,0.4409695074276779,0.4234527687296417,0.07861812791990502,2.0,True
1769356217.5905151,27.681514646,0.4937426623176126,0.3653345743815104,1.0,0.4409695074276779,0.4234527687296417,0.0785030597577203,2.0,True
1769356217.5945191,27.685518646,0.4937366597792681,0.3651761655454282,1.0,,,,,False
1769356217.598401,27.689400646000003,0.4925613964305204,0.3647040473090277,1.0,,,,,False
1769356217.606394,27.697393646,0.4931118348065544,0.365018152307581,1.0,,,,,False
1769356217.6104012,27.701400646000003,0.492836222929113,0.3647349604853878,1.0,,,,,False
1769356217.614587,27.705586646,0.4931123396929572,0.364677259657118,1.0,,,,,False
1769356217.618367,27.709366646000003,0.4937826044419232,0.3646746600115741,1.0,,,,,False
1769356217.626488,27.717487646,0.4946913999669692,0.3647048385054977,1.0,,,,,False
1769356217.630409,27.721408646,0.4947996700511259,0.3648189968532986,1.0,,,,,False
1769356217.634367,27.725366646,0.4949254428639131,0.3660534894024884,1.0,,,,,False
1769356217.63839,27.729389646,0.4954242706298828,0.3685369420934606,1.0,,,,,False
1769356217.646465,27.737464646000003,0.4971490747788373,0.370805189344618,1.0,,,,,False
1769356217.650509,27.741508646000003,0.4971930559943704,0.3729245786313657,1.0,,,,,False
1769356217.654421,27.745420646000003,0.4991283977732939,0.3749580665870949,1.0,,,,,False
1769356217.658504,27.749503646,0.5012507719152114,0.3810712461118345,1.0,,,,,False
1769356217.668339,27.759338646000003,0.5055101619047278,0.3931942409939236,1.0,,,,,False
1769356217.670522,27.761521646,0.5056011536542107,0.3954115691008391,1.0,,,,,False
1769356217.67456,27.765559646000003,0.5054284264059627,0.3999477810329861,1.0,,,,,False
1769356217.678412,27.769411646,0.5051017088048598,0.4011545251916956,1.0,,,,,False
1769356217.686417,27.777416646,0.5066003238453585,0.4023819534866898,1.0,,,,,False
1769356217.690584,27.781583646,0.5070463629329905,0.4018048886899594,1.0,,,,,False
1769356217.69459,27.785589646,0.5075571957756492,0.402035974573206,1.0,,,,,False
1769356217.6985521,27.789551646000003,0.5089607799754423,0.4023232354058159,1.0,,,,,False
1769356217.7064211,27.797420646000003,0.5086737801046932,0.4034324928566262,1.0,,,,,False
1769356217.710529,27.801528646,0.5082264507518095,0.4047492133246527,1.0,,,,,False
1769356217.71467,27.805669646,0.5085022309247185,0.4050311618381076,1.0,,,,,False
1769356217.718569,27.809568646,0.5100130754358628,0.4041021841543691,1.0,,,,,False
1769356217.726521,27.817520646,0.5095468408921185,0.4043926097728588,1.0,,,,,False
1769356217.730555,27.821554646000003,0.5100313635433421,0.4043866757993345,1.0,,,,,False
1769356217.734674,27.825673646,0.5099812675924862,0.4043884842484085,1.0,,,,,False
1769356217.739253,27.830252646,0.5097024581011604,0.4045765629521123,1.0,,,,,False
1769356217.746601,27.837600646,0.5100424149457146,0.4053447016963252,1.0,,,,,False
1769356217.750364,27.841363646,0.5097110972684973,0.4053947731300636,1.0,,,,,False
1769356217.754517,27.845516646,0.5100586274090935,0.4065981264467593,1.0,,,,,False
1769356217.758409,27.849408646,0.5101787903729607,0.406398688422309,1.0,,,,,False
1769356217.766411,27.857410646,0.5108324499691234,0.4034353185583044,1.0,,,,,False
1769356217.770498,27.861497646,0.5106882207533893,0.403531731499566,1.0,,,,,False
1769356217.774916,27.865915646,0.5105773140402401,0.4030650386103878,1.0,,,,,False
1769356217.778569,27.869568646,0.5111740897683537,0.4032209043149595,1.0,,,,,False
1769356217.786592,27.877591646000003,0.5108746921314913,0.4035805596245659,1.0,,,,,False
1769356217.790877,27.881876646,0.5106280270744773,0.403269393355758,1.0,,,,,False
1769356217.794539,27.885538646,0.5104964761173024,0.4030079029224537,1.0,,,,,False
1769356217.798369,27.889368646,0.5103392320520738,0.4030070552119502,1.0,,,,,False
1769356217.806387,27.897386646,0.5113925933837891,0.404678796838831,1.0,,,,,False
1769356217.81042,27.901419646,0.5113318948184743,0.4042462384259259,1.0,0.43862392494136043,0.4250814332247557,0.07563434554457706,2.0,True
1769356217.814635,27.905634646000003,0.5110620049869313,0.4037146109121817,1.0,0.43862392494136043,0.4250814332247557,0.07552361575312484,2.0,True
1769356217.818583,27.909582646,0.5108898948220646,0.403679120099103,1.0,0.43862392494136043,0.4250814332247557,0.07536862351089695,2.0,True
1769356217.826406,27.917405646,0.5110357508939856,0.4030808625397859,1.0,0.43862392494136043,0.4250814332247557,0.07568023287660806,2.0,True
1769356217.830416,27.921415646000003,0.5108588723575368,0.4026983190465856,1.0,0.43862392494136043,0.4250814332247557,0.07562335240209049,2.0,True
1769356217.834675,27.925674646,0.5115052391501034,0.4028474595811632,1.0,0.43862392494136043,0.4250814332247557,0.0761973460481235,2.0,True
1769356217.8383741,27.929373646,0.5117236305685604,0.4032834088360821,1.0,0.43862392494136043,0.4250814332247557,0.07628054031030786,2.0,True
1769356217.846412,27.937411646,0.5113775589886833,0.403136302806713,1.0,0.43862392494136043,0.4250814332247557,0.07599131539956842,2.0,True
1769356217.8505461,27.941545646,0.5114534041460823,0.403322120949074,1.0,0.43862392494136043,0.4250814332247557,0.07601053027009909,2.0,True
1769356217.854513,27.945512646,0.5113992691040039,0.403274988245081,1.0,0.43862392494136043,0.4250814332247557,0.0759721775431163,2.0,True
1769356217.858525,27.949524646,0.5111161400290096,0.4027883459020543,1.0,0.43862392494136043,0.4250814332247557,0.07584261988283095,2.0,True
1769356217.866414,27.957413646000003,0.5108198839075425,0.402225579155816,1.0,0.43862392494136043,0.4250814332247557,0.07572744915991371,2.0,True
1769356217.870417,27.961416646,0.5108523088343003,0.4020551328305844,1.0,0.43862392494136043,0.4250814332247557,0.07580995943560788,2.0,True
1769356217.874416,27.965415646,0.510840472053079,0.4019382618091724,1.0,0.43862392494136043,0.4250814332247557,0.07583426705593023,2.0,True
1769356217.878638,27.969637646,0.5106959062464097,0.4019184818974247,1.0,0.44253322908522286,0.4250814332247557,0.07199078324322142,2.0,True
1769356217.886531,27.977530646,0.508549690246582,0.4016322948314526,1.0,0.4440969507427678,0.4234527687296417,0.0680462248084939,2.0,True
1769356217.890549,27.981548646,0.5091284583596623,0.4016725328233507,1.0,0.44566067240031276,0.4234527687296417,0.06710095774812376,2.0,True
1769356217.895502,27.986501646,0.5090436935424805,0.4014384516963252,1.0,0.4464425332290852,0.4234527687296417,0.0663591397399543,2.0,True
1769356217.898645,27.989644646,0.5088922837201286,0.4017461140950521,1.0,0.4464425332290852,0.4234527687296417,0.06611467455730932,2.0,True
1769356217.906362,27.997361646,0.5081012950224035,0.4015646475332755,1.0,0.4511336982017201,0.4234527687296417,0.06102783739434617,2.0,True
1769356217.910558,28.001557646,0.5081010145299575,0.4014668217411747,1.0,0.4511336982017201,0.4234527687296417,0.061062729996464636,2.0,True
1769356217.914503,28.005502646,0.5070496166453642,0.403288890697338,1.0,0.45269741985926504,0.4234527687296417,0.057971917967033555,2.0,True
1769356217.9185991,28.009598646,0.506711623247932,0.4032259905779803,1.0,0.45426114151681,0.4234527687296417,0.05621543905568365,2.0,True
1769356217.926399,28.017398646,0.506683910594267,0.4027999312789352,1.0,0.4581704456606724,0.4234527687296417,0.05272661542929166,2.0,True
1769356217.9305542,28.021553646,0.5056874892290901,0.402818128797743,1.0,0.45973416731821737,0.4250814332247557,0.05106233953369296,2.0,True
1769356217.9345841,28.025583646,0.5056502959307503,0.4027031227394386,1.0,0.45973416731821737,0.4250814332247557,0.051079150804804095,2.0,True
1769356217.93862,28.029619646,0.5057510488173541,0.4025083753797743,1.0,0.4620797498045348,0.4250814332247557,0.04916020034479059,2.0,True
1769356217.946492,28.037491646000003,0.5057132384356331,0.4022918701171875,1.0,0.46442533229085226,0.4250814332247557,0.0471598916501519,2.0,True
1769356217.95064,28.041639646,0.5057957032147575,0.4020923190646701,1.0,0.46677091477716964,0.4250814332247557,0.04529275308991433,2.0,True
1769356217.954387,28.045386646,0.505930507884306,0.4020135385018808,1.0,0.4691164972634871,0.4250814332247557,0.04344420726558848,2.0,True
1769356217.9585001,28.049499646,0.5059092465568992,0.4020085652669271,1.0,0.47146207974980453,0.42671009771986973,0.04238835932847109,2.0,True
1769356217.966401,28.057400646,0.5066110386567957,0.4027323970088252,1.0,0.473807662236122,0.42671009771986973,0.040632396384964034,2.0,True
1769356217.970412,28.061411646000003,0.5060275021721335,0.4025084318938079,1.0,0.4761532447224394,0.42671009771986973,0.03844726111086424,2.0,True
1769356217.976144,28.067143646,0.5064557019402,0.4022961651837384,1.0,0.4847537138389367,0.42671009771986973,0.032665216812783365,2.0,True
1769356217.9785922,28.069591646000003,0.5066553003647748,0.4022419682255498,1.0,0.4878811571540266,0.42671009771986973,0.03084084652289058,2.0,True
1769356217.9864001,28.077399646000003,0.5066354414995979,0.4020930537471064,1.0,0.49335418295543393,0.42671009771986973,0.027971247424344384,2.0,True
1769356217.990573,28.081572646,0.5059352762558881,0.4024130362051504,1.0,0.49335418295543393,0.42671009771986973,0.02736112400623899,2.0,True
1769356217.9944031,28.085402646,0.505590607138241,0.4022566618742766,1.0,0.49648162627052383,0.42671009771986973,0.02609490481114993,2.0,True
1769356217.998375,28.089374646000003,0.5056591594920439,0.4022475066008391,1.0,0.49648162627052383,0.42671009771986973,0.0261274851504882,2.0,True
1769356218.006391,28.097390646,0.5057424096500173,0.4019686663592303,1.0,0.5027365129007036,0.42671009771986973,0.02492335934501541,2.0,True
1769356218.0104141,28.101413646,0.5056969137752757,0.4019804212782117,1.0,0.5058639562157936,0.42671009771986973,0.02473024059903239,2.0,True
1769356218.014369,28.105368646,0.5056644888485179,0.4019702487521701,1.0,0.5089913995308835,0.4250814332247557,0.023349415033664587,2.0,True
1769356218.018395,28.109394646,0.5065468058866613,0.4024960553204572,1.0,0.5144644253322909,0.4234527687296417,0.02240251179221887,2.0,True
1769356218.026386,28.117385646,0.5061132767621208,0.4026493778935185,1.0,0.5199374511336982,0.4218241042345277,0.02363848403151877,2.0,True
1769356218.030483,28.121482646,0.5059196247774012,0.4037072640878183,1.0,0.5230648944487881,0.4218241042345277,0.02494353962464034,2.0,True
1769356218.034559,28.125558646,0.5059837453505572,0.4032894558376736,1.0,0.5261923377638781,0.4201954397394137,0.026347665912061807,2.0,True
1769356218.0386171,28.129616646,0.5057838664335363,0.4034934714988426,1.0,0.5285379202501954,0.4185667752442997,0.027293798762616887,2.0,True
1769356218.046524,28.137523646,0.5060157214894014,0.4055170694986979,1.0,0.5308835027365129,0.4185667752442997,0.02808382744928081,2.0,True
1769356218.050364,28.141363646,0.5056263979743508,0.4053576999240451,1.0,0.5332290852228303,0.4169381107491857,0.029933497260033033,2.0,True
1769356218.054414,28.145413646,0.5056669571820427,0.405180584942853,1.0,0.5363565285379203,0.4169381107491857,0.03286471060414318,2.0,True
1769356218.058517,28.149516646,0.506265359766343,0.4049721046730324,1.0,0.5379202501954652,0.4153094462540717,0.03330004082644365,2.0,True
1769356218.066515,28.157514646000003,0.5060865177827722,0.4046170835141782,1.0,0.5426114151681001,0.4153094462540717,0.038057781726871444,2.0,True
1769356218.0705361,28.161535646,0.5061030668370864,0.4050766556351273,1.0,0.544175136825645,0.41368078175895767,0.03903221105149548,2.0,True
1769356218.074544,28.165543646000003,0.5061000375186696,0.4055780481409143,1.0,0.5465207193119624,0.41368078175895767,0.04122482029942162,2.0,True
1769356218.078567,28.169566646000003,0.506109405966366,0.4053580390082465,1.0,0.5480844409695075,0.41368078175895767,0.042792190998001814,2.0,True
1769356218.086538,28.177537646,0.5067949856028837,0.4049724437572338,1.0,0.5504300234558248,0.41368078175895767,0.04449552426008565,2.0,True
1769356218.090419,28.181418646,0.5068588817820829,0.4049143473307292,1.0,0.5519937451133698,0.41368078175895767,0.04597832381153512,2.0,True
1769356218.0945911,28.185590646,0.5068584329941693,0.4050573843496817,1.0,0.5519937451133698,0.41368078175895767,0.045951707073578416,2.0,True
1769356218.098373,28.189372646,0.5072036630967084,0.4052094636140047,1.0,0.5535574667709148,0.41368078175895767,0.04712152741772999,2.0,True
1769356218.10642,28.197419646,0.5077870312859031,0.4049166078920717,1.0,0.5535574667709148,0.41368078175895767,0.04660196892896935,2.0,True
1769356218.110493,28.201492646,0.5085540098302505,0.4048846774631076,1.0,0.5535574667709148,0.41368078175895767,0.045855017036238246,2.0,True
1769356218.114412,28.205411646,0.5085630977855009,0.404866706000434,1.0,0.5535574667709148,0.41368078175895767,0.045849549309372364,2.0,True
1769356218.118383,28.209382646,0.5084728914148667,0.4047471788194444,1.0,0.5535574667709148,0.41368078175895767,0.04596115965155856,2.0,True
1769356218.126526,28.217525646,0.5085255678962258,0.4050173724139178,1.0,0.5535574667709148,0.41368078175895767,0.045857677413274386,2.0,True
1769356218.130556,28.221555646,0.509469705469468,0.4049584282769097,1.0,0.5535574667709148,0.41368078175895767,0.04494229797016548,2.0,True
1769356218.134588,28.225587646,0.5090809429393095,0.404302978515625,1.0,0.5535574667709148,0.41368078175895767,0.0454544207510558,2.0,True
1769356218.142568,28.233567646,0.508978899787454,0.4042841028284143,1.0,0.5535574667709148,0.41368078175895767,0.04555816292633642,2.0,True
1769356218.146701,28.237700646,0.5095747218412512,0.4042185465494792,1.0,,,,,False
1769356218.150859,28.241858646,0.5090927797205308,0.4041363186306423,1.0,,,,,False
1769356218.155386,28.246385646,0.5092110914342544,0.4041103786892361,1.0,,,,,False
1769356218.162414,28.253413646,0.5095062255859375,0.4034665708188657,1.0,,,,,False
1769356218.1664112,28.257410646,0.510044490589815,0.4037389119466146,1.0,,,,,False
1769356218.170418,28.261417646,0.5103022070492015,0.4036972611038772,1.0,,,,,False
1769356218.174375,28.265374646,0.5100596371818992,0.4032750447591146,1.0,,,,,False
1769356218.182415,28.273414646000003,0.5120186525232652,0.4026284111870659,1.0,,,,,False
1769356218.186506,28.277505646,0.5140010609346277,0.4023401331018519,1.0,,,,,False
1769356218.19036,28.281359646,0.5197203019086052,0.4014120596426505,1.0,,,,,False
1769356218.19442,28.285419646,0.5238343407126034,0.4000395033094618,1.0,,,,,False
1769356218.202389,28.293388646,0.5388346840353573,0.3998625578703704,1.0,,,,,False
1769356218.206501,28.297500646000003,0.5404234493480009,0.399886237250434,1.0,,,,,False
1769356218.210568,28.301567646,0.542787607978372,0.3998635751229745,1.0,,,,,False
1769356218.21451,28.305509646,0.5412534825942096,0.3989750049732349,1.0,,,,,False
1769356218.222409,28.313408646000003,0.5383985743803137,0.3986272741247106,1.0,,,,,False
1769356218.226388,28.317387646,0.5372325111837948,0.398694751880787,1.0,,,,,False
1769356218.230401,28.321400646,0.5376170663272634,0.3973796703197337,1.0,,,,,False
1769356218.234872,28.325871646000003,0.5370199540082146,0.3974342628761574,1.0,,,,,False
1769356218.24241,28.333409646000003,0.5351616354549632,0.3969381826895254,1.0,,,,,False
1769356218.2464101,28.337409646,0.5343286289888269,0.3964496188693576,1.0,,,,,False
1769356218.250367,28.341366646,0.5343823152429917,0.3960923936631945,1.0,,,,,False
1769356218.255014,28.346013646000003,0.5343148287604836,0.3961896543149594,1.0,,,,,False
1769356218.262552,28.353551646000003,0.5358576494104722,0.3967491432472512,1.0,,,,,False
1769356218.266927,28.357926646000003,0.5351154102998621,0.3968241373697917,1.0,,,,,False
1769356218.2705061,28.361505646,0.5341648214003619,0.396884211787471,1.0,,,,,False
1769356218.274533,28.365532646,0.5342327005722943,0.3969054045500578,1.0,,,,,False
1769356218.28255,28.373549646,0.5329707089592429,0.3970543755425347,1.0,,,,,False
1769356218.286744,28.377743646000003,0.5334048551671645,0.3972625167281539,1.0,,,,,False
1769356218.290638,28.381637646,0.5334954542272231,0.3973381325050636,1.0,,,,,False
1769356218.294492,28.385491646,0.532808920916389,0.3975754349320023,1.0,,,,,False
1769356218.302815,28.393814646000003,0.5317489960614372,0.3979986685293691,1.0,,,,,False
1769356218.3066561,28.397655646,0.5313041350420784,0.3980630380135995,1.0,,,,,False
1769356218.310412,28.401411646000003,0.5308594984166762,0.3983956231011285,1.0,,,,,False
1769356218.3145502,28.405549646,0.530739335452809,0.3991498028790509,1.0,,,,,False
1769356218.3224041,28.413403646000003,0.5306238286635455,0.3992556536639178,1.0,,,,,False
1769356218.32636,28.417359646,0.5300876393037683,0.4000541404441551,1.0,,,,,False
1769356218.330512,28.421511646000003,0.5297531801111558,0.4006194503219039,1.0,0.5480844409695075,0.4169381107491857,0.02454248974325689,2.0,True
1769356218.3345091,28.425508646,0.5297925051520852,0.4006170202184607,1.0,0.5480844409695075,0.4169381107491857,0.024514748867994086,2.0,True
1769356218.342364,28.433363646,0.5293405196245979,0.4012259589301215,1.0,0.5480844409695075,0.4169381107491857,0.024458256319073085,2.0,True
1769356218.3466911,28.437690646,0.5291385089649874,0.4012181034794559,1.0,0.5480844409695075,0.4169381107491857,0.02461842740875737,2.0,True
1769356218.3503711,28.441370646000003,0.5289363300099093,0.4011999624746817,1.0,0.5480844409695075,0.4169381107491857,0.024785872274974682,2.0,True
1769356218.355246,28.446245646,0.5289274664486155,0.4014472678855613,1.0,0.5480844409695075,0.4169381107491857,0.024636474695451167,2.0,True
1769356218.362421,28.453420646,0.5285710166482365,0.4022363733362268,1.0,0.5480844409695075,0.4169381107491857,0.024431840121070823,2.0,True
1769356218.3671021,28.458101646000003,0.529759968028349,0.4026570072880497,1.0,0.5480844409695075,0.4169381107491857,0.023232223841873574,2.0,True
1769356218.3704112,28.461410646,0.5299876156975242,0.4027487295645254,1.0,0.5480844409695075,0.4169381107491857,0.022996382831399487,2.0,True
1769356218.374389,28.465388646,0.5296900132123161,0.4027056093569154,1.0,0.5480844409695075,0.4169381107491857,0.02325766687343138,2.0,True
1769356218.382352,28.473351646,0.5289118149701286,0.4028511895073785,1.0,0.5480844409695075,0.4169381107491857,0.023791404703903802,2.0,True
1769356218.3866591,28.477658646,0.5293662688311409,0.4036437423140914,1.0,0.5480844409695075,0.4169381107491857,0.022958880641040715,2.0,True
1769356218.390574,28.481573646,0.5291696997249827,0.4036955656828703,1.0,0.5480844409695075,0.4169381107491857,0.02308966080696552,2.0,True
1769356218.394573,28.485572646,0.5290122873642865,0.4036716602466724,1.0,0.5480844409695075,0.4169381107491857,0.023232428888878113,2.0,True
1769356218.402337,28.493336646000003,0.5286396811990177,0.4027066266095197,1.0,0.5480844409695075,0.4169381107491857,0.024096344605554196,2.0,True
1769356218.4064891,28.497488646,0.5297872318941004,0.403043054651331,1.0,0.5480844409695075,0.4169381107491857,0.022975213685876544,2.0,True
1769356218.410422,28.501421646,0.5297290016623104,0.403096686469184,1.0,0.5480844409695075,0.4169381107491857,0.02298928398752809,2.0,True
1769356218.414403,28.505402646,0.5300363652846393,0.4035198070384838,1.0,0.5480844409695075,0.4169381107491857,0.022489640068248485,2.0,True
1769356218.422408,28.513407646,0.5296922571518842,0.4035235369646991,1.0,0.5512118842845973,0.4250814332247557,0.030460420927662296,2.0,True
1769356218.426492,28.517491646000003,0.5296156827141257,0.4037233705873843,1.0,0.5527756059421423,0.42996742671009774,0.0350018931730807,2.0,True
1769356218.430525,28.521524646000003,0.5289070465985466,0.4036474157262731,1.0,0.5535574667709148,0.43322475570032576,0.03850275645476554,2.0,True
1769356218.434411,28.525410646,0.5288542018217199,0.4035231978804977,1.0,0.5535574667709148,0.43322475570032576,0.03863203121859772,2.0,True
1769356218.44236,28.533359646,0.5304682675529929,0.4018387971100984,1.0,0.5559030492572322,0.44299674267100975,0.0483828957704812,2.0,True
1769356218.446595,28.537594646,0.5312156677246094,0.4016930474175347,1.0,0.5559030492572322,0.44299674267100975,0.04811924821242768,2.0,True
1769356218.4505281,28.541527646,0.5332821677712833,0.4013657181351273,1.0,0.5566849100860047,0.44788273615635177,0.052072270100660824,2.0,True
1769356218.454507,28.545506646000003,0.5363070544074563,0.4012954711914063,1.0,0.5574667709147771,0.4511400651465798,0.05414995059301812,2.0,True
1769356218.462614,28.553613646,0.5394996755263385,0.4010236386899595,1.0,0.5582486317435497,0.4543973941368078,0.05657102729962459,2.0,True
1769356218.4666212,28.557620646,0.5416958191815544,0.4008803191008391,1.0,0.5590304925723222,0.4592833876221498,0.060921337101786495,2.0,True
1769356218.47064,28.561639646000003,0.541964474846335,0.4011090313946759,1.0,0.5613760750586395,0.46579804560260585,0.06753872061266855,2.0,True
1769356218.474638,28.565637646000003,0.5416719773236442,0.4010071931061921,1.0,0.5629397967161845,0.47068403908794787,0.07285041528830861,2.0,True
1769356218.4824,28.573399646,0.540774850284352,0.4009866785120081,1.0,0.565285379202502,0.4788273615635179,0.0816084429809384,2.0,True
1769356218.486392,28.577391646,0.5406260770909926,0.4006762469256365,1.0,0.5660672400312744,0.4820846905537459,0.08529119219301036,2.0,True
1769356218.490473,28.581472646,0.5412654315724093,0.4007206104419849,1.0,0.5676309616888194,0.48697068403908794,0.09018989064094168,2.0,True
1769356218.494513,28.585512646,0.5409063451430377,0.4011497780128762,1.0,0.5684128225175918,0.49022801302931596,0.09322841976136317,2.0,True
1769356218.502544,28.593543646,0.5401144027709961,0.4008999294704861,1.0,0.5715402658326818,0.498371335504886,0.10241220563729049,2.0,True
1769356218.50776,28.598759646,0.5400411381441004,0.4009561044198495,1.0,0.5723221266614542,0.501628664495114,0.1057214574803302,2.0,True
1769356218.510549,28.601548646,0.5397575602811926,0.4007320827907986,1.0,0.5723221266614542,0.501628664495114,0.1060215599920604,2.0,True
1769356218.514686,28.605685646,0.5392839207368738,0.4007268269856771,1.0,0.5754495699765442,0.509771986970684,0.11488603527445201,2.0,True
1769356218.5224822,28.613481646,0.5402830909280216,0.4017344156901041,1.0,0.5777951524628616,0.5195439739413681,0.1236375621562945,2.0,True
1769356218.526527,28.617526646,0.5398423250983743,0.4016773930302373,1.0,0.5793588741204065,0.5228013029315961,0.12740706101469873,2.0,True
1769356218.530543,28.621542646,0.5394645017736098,0.4017243561921296,1.0,0.5801407349491791,0.5276872964169381,0.13236773872599006,2.0,True
1769356218.534532,28.625531646,0.5391281352323645,0.4019184818974247,1.0,0.5801407349491791,0.5276872964169381,0.13228691560836783,2.0,True
1769356218.543795,28.634794646000003,0.5384228650261375,0.4023601390697338,1.0,0.5824863174354965,0.5358306188925082,0.14055588505058575,2.0,True
1769356218.5465271,28.637526646,0.5382368424359489,0.4026974713360821,1.0,0.5840500390930414,0.5390879478827362,0.14387915443372898,2.0,True
1769356218.550405,28.641404646,0.5380282121546128,0.4013585973668981,1.0,0.584831899921814,0.5423452768729642,0.14855244523990793,2.0,True
1769356218.554415,28.645414646000003,0.5373927845674402,0.4013320357711226,1.0,0.5863956215793589,0.5456026058631922,0.15236559792127435,2.0,True
1769356218.562403,28.653402646000004,0.5381332846248851,0.4012500904224537,1.0,0.5895230648944488,0.5553745928338762,0.1624662172875415,2.0,True
1769356218.566409,28.657408646,0.5379796869614545,0.4014700430410879,1.0,0.5895230648944488,0.5553745928338762,0.16230628532396507,2.0,True
1769356218.570421,28.661420646000003,0.5381521898157456,0.4029043126989293,1.0,0.5903049257232212,0.5570032573289903,0.16268494890042376,2.0,True
1769356218.574722,28.665721646,0.5379256080178654,0.4033823083948206,1.0,0.5910867865519938,0.5602605863192183,0.16564089165318457,2.0,True
1769356218.582388,28.673387646,0.5375539555269129,0.4038987336335359,1.0,0.5926505082095387,0.5635179153094463,0.16886063270163548,2.0,True
1769356218.586402,28.677401646000003,0.539107042200425,0.4040586683485243,1.0,0.5926505082095387,0.5635179153094463,0.16820866265925016,2.0,True
1769356218.590408,28.681407646,0.5388561136582318,0.4040209734881366,1.0,0.5934323690383112,0.5651465798045603,0.17011769062077817,2.0,True
1769356218.5944011,28.685400646,0.5393768198349896,0.4041138825593171,1.0,0.5934323690383112,0.5667752442996743,0.17140805407827273,2.0,True
1769356218.602399,28.693398646,0.5391353158389821,0.4046977855541088,1.0,0.5942142298670836,0.5684039087947883,0.17272342503843405,2.0,True
1769356218.606328,28.697327646,0.5389162512386546,0.404649579083478,1.0,0.5942142298670836,0.5684039087947883,0.1728390781611344,2.0,True
1769356218.610409,28.701408646,0.5387149698594037,0.4045960037796585,1.0,0.5942142298670836,0.5684039087947883,0.17295432231327973,2.0,True
1769356218.615001,28.706000646000003,0.5385430279900046,0.4045198793764467,1.0,0.5942142298670836,0.5684039087947883,0.17308165072251402,2.0,True
1769356218.622364,28.713363646,0.5388551599839154,0.4043576275860822,1.0,0.5942142298670836,0.5684039087947883,0.1731352332621393,2.0,True
1769356218.626379,28.717378646,0.5387200187234318,0.4041493168583623,1.0,0.5942142298670836,0.5684039087947883,0.17337583004172766,2.0,True
1769356218.630397,28.721396646,0.5394405477187213,0.4038397894965277,1.0,0.5942142298670836,0.5684039087947883,0.17344020761202394,2.0,True
1769356218.634406,28.725405646,0.5402578466078815,0.4036514847366897,1.0,0.5942142298670836,0.5684039087947883,0.1733627772257743,2.0,True
1769356218.642399,28.733398646,0.5406416163725012,0.4021321614583333,1.0,0.5942142298670836,0.5684039087947883,0.17468920653250974,2.0,True
1769356218.646398,28.737397646,0.5406965928919175,0.4027504249855324,1.0,0.5942142298670836,0.5684039087947883,0.17408392851021337,2.0,True
1769356218.650542,28.741541646,0.54070764429429,0.4010411580403645,1.0,0.5942142298670836,0.5684039087947883,0.1757078400064894,2.0,True
1769356218.654419,28.745418646,0.5405680151546702,0.400902924714265,1.0,0.5942142298670836,0.5684039087947883,0.17588205144617255,2.0,True
1769356218.662406,28.753405646,0.5417131536147174,0.4009191442418981,1.0,,,,,False
1769356218.6666071,28.757606646000003,0.5421796686509076,0.4008939954969618,1.0,,,,,False
1769356218.670548,28.761547646,0.5424773272346047,0.4008230138708044,1.0,,,,,False
1769356218.674406,28.765405646,0.5437173843383789,0.4003586380570023,1.0,,,,,False
1769356218.682346,28.773345646000003,0.5448060877182904,0.4002479270652488,1.0,,,,,False
1769356218.686528,28.777527646000003,0.5441904067993164,0.4000103420681423,1.0,,,,,False
1769356218.690409,28.781408646000003,0.5439321293550379,0.3996549253110533,1.0,,,,,False
1769356218.694519,28.785518646000003,0.5438721039715935,0.398501247829861,1.0,,,,,False
1769356218.702613,28.793612646000003,0.5442183438469382,0.3986250135633681,1.0,,,,,False
1769356218.706404,28.797403646000003,0.545112834257238,0.3986047250253183,1.0,,,,,False
1769356218.710529,28.801528646,0.5473822986378389,0.3986638952184607,1.0,,,,,False
1769356218.714581,28.805580646000003,0.5474445679608513,0.3987212569625289,1.0,,,,,False
1769356218.722394,28.813393646,0.5468328139361214,0.3979176839192708,1.0,,,,,False
1769356218.72651,28.817509646,0.5467785105985754,0.397450425889757,1.0,,,,,False
1769356218.730511,28.821510646,0.5465715632719153,0.3959997106481481,1.0,,,,,False
1769356218.7346292,28.825628646,0.5464691835291245,0.3961285626446759,1.0,,,,,False
1769356218.742515,28.833514646,0.5459714777329389,0.3963414510091145,1.0,,,,,False
1769356218.7464,28.837399646,0.5457041123334099,0.3964126586914063,1.0,,,,,False
1769356218.75042,28.841419646,0.5456244524787454,0.3956036037868924,1.0,,,,,False
1769356218.7544,28.845399646,0.545536714441636,0.3934225576895255,1.0,,,,,False
1769356218.762383,28.853382646,0.5474176967845243,0.3929551866319444,1.0,,,,,False
1769356218.766465,28.857464646,0.5491205103257123,0.3909277456778067,1.0,,,,,False
1769356218.770397,28.861396646000003,0.5495431002448586,0.3899631641529224,1.0,,,,,False
1769356218.774532,28.865531646,0.551543908960679,0.3885887428566261,1.0,,,,,False
1769356218.782483,28.873482646000003,0.5544972700231215,0.3850183557581018,1.0,,,,,False
1769356218.786413,28.877412646000003,0.5573508879717659,0.3849609375,1.0,,,,,False
1769356218.790497,28.881496646,0.5574704338522518,0.3836600409613715,1.0,,,,,False
1769356218.7944021,28.885401646,0.5569506813498104,0.383484790943287,1.0,,,,,False
1769356218.802392,28.893391646,0.5572790258071002,0.3819026805736401,1.0,,,,,False
1769356218.80637,28.897369646,0.5567959617165958,0.3818408542209202,1.0,,,,,False
1769356218.810395,28.901394646000004,0.5565871631397921,0.3813425134729455,1.0,,,,,False
1769356218.8144011,28.905400646,0.5561074649586397,0.3815330787941261,1.0,,,,,False
1769356218.822374,28.913373646,0.556553279652315,0.3816253662109374,1.0,0.5918686473807663,0.5716612377850163,0.19328944017383762,2.0,True
1769356218.826554,28.917553646,0.5565740921918083,0.3789474487304687,1.0,0.5918686473807663,0.5716612377850163,0.1959191417849391,2.0,True
1769356218.8305361,28.921535646,0.5574039571425494,0.3789772316261574,1.0,0.5918686473807663,0.5716612377850163,0.19574202691972775,2.0,True
1769356218.834512,28.925511646,0.5577183330760282,0.3796670419198495,1.0,0.5918686473807663,0.5716612377850163,0.1950077311621886,2.0,True
1769356218.842396,28.933395646,0.5594478494980756,0.3796613340024595,1.0,0.5918686473807663,0.5716612377850163,0.19471792723799564,2.0,True
1769356218.84654,28.937539646,0.5596246719360352,0.3782768532081887,1.0,0.5918686473807663,0.5716612377850163,0.1960540592557032,2.0,True
1769356218.8504121,28.941411646,0.5591949014102712,0.3785343876591435,1.0,0.5918686473807663,0.5716612377850163,0.1958712687335378,2.0,True
1769356218.8544002,28.945399646,0.5585159413954791,0.378969489203559,1.0,0.5918686473807663,0.5716612377850163,0.19555693024774287,2.0,True
1769356218.862516,28.953515646000003,0.5574222452500287,0.3754427309389467,1.0,0.5918686473807663,0.5716612377850163,0.19921911818059418,2.0,True
1769356218.866413,28.957412646,0.5581204470466165,0.3763557716652199,1.0,0.5918686473807663,0.5716612377850163,0.19819981362772485,2.0,True
1769356218.870516,28.961515646,0.5619395199943992,0.376358088740596,1.0,0.5918686473807663,0.5716612377850163,0.19758307795146943,2.0,True
1769356218.874417,28.965416646,0.5617638756247127,0.3765224880642361,1.0,0.5918686473807663,0.5716612377850163,0.1974472813818245,2.0,True
1769356218.882525,28.973524646,0.561270040624282,0.3757295961733218,1.0,0.5918686473807663,0.5716612377850163,0.1983065377643699,2.0,True
1769356218.886519,28.977518646,0.5606314715217141,0.3760417231807003,1.0,0.5918686473807663,0.5716612377850163,0.1980978436270258,2.0,True
1769356218.890511,28.981510646,0.5615304498111501,0.3761336149992766,1.0,0.5918686473807663,0.5716612377850163,0.19786727244295754,2.0,True
1769356218.8945591,28.985558646,0.5618366914636949,0.3758886831778066,1.0,0.5871774824081314,0.5635179153094463,0.18933273471853293,2.0,True
1769356218.902389,28.993388646000003,0.5620744929594153,0.3752023202401621,1.0,0.5863956215793589,0.5618892508143323,0.1882645142998353,2.0,True
1769356218.906723,28.997722646000003,0.5615205764770508,0.3753178914388021,1.0,0.5856137607505864,0.5602605863192183,0.1865054474219701,2.0,True
1769356218.91037,29.001369646,0.5611968320958755,0.3738414057978877,1.0,0.584831899921814,0.5602605863192183,0.18791148793349793,2.0,True
1769356218.91835,29.009349646,0.560702267815085,0.3746508563006365,1.0,0.584831899921814,0.5586319218241043,0.185556653388545,2.0,True
1769356218.9223971,29.013396646,0.5608100891113281,0.3749095210322627,1.0,0.5840500390930414,0.5586319218241043,0.18518643532362353,2.0,True
1769356218.9264162,29.017415646000003,0.5603837405934053,0.3754293936270254,1.0,0.5840500390930414,0.5586319218241043,0.1847248224318415,2.0,True
1769356218.930409,29.021408646,0.5606477961820715,0.375877210828993,1.0,0.5840500390930414,0.5586319218241043,0.18424697925385558,2.0,True
1769356218.938561,29.029560646,0.5603354397942039,0.3757292570891204,1.0,0.5832681782642689,0.5586319218241043,0.1843347369892455,2.0,True
1769356218.942574,29.033573646,0.561592606937184,0.3751477841977719,1.0,0.5832681782642689,0.5586319218241043,0.18476000420230138,2.0,True
1769356218.946543,29.037542646,0.5620193481445312,0.3755908542209201,1.0,0.5832681782642689,0.5586319218241043,0.1842703047448799,2.0,True
1769356218.950541,29.041540646,0.5617915321798885,0.3752397890444154,1.0,0.5832681782642689,0.5602605863192183,0.18626309820046866,2.0,True
1769356218.958368,29.049367646,0.5612699845257927,0.3758296825267651,1.0,0.5832681782642689,0.5618892508143323,0.18735550026383377,2.0,True
1769356218.962538,29.053537646,0.5614535948809456,0.3758045902958622,1.0,0.5832681782642689,0.5618892508143323,0.18735895209053186,2.0,True
1769356218.9664001,29.057399646,0.561552833108341,0.3751677336516203,1.0,0.5840500390930414,0.5635179153094463,0.18968899601098133,2.0,True
1769356218.970406,29.061405646,0.5612321741440717,0.3750635217737268,1.0,0.5840500390930414,0.5667752442996743,0.19306485831112638,2.0,True
1769356218.9784172,29.069416646,0.5619828280280618,0.3757067645037616,1.0,0.584831899921814,0.5684039087947883,0.1940470806384951,2.0,True
1769356218.982369,29.073368646,0.5617522071389591,0.3755941320348669,1.0,0.584831899921814,0.5700325732899023,0.19580342095233885,2.0,True
1769356218.986587,29.077586646,0.5616381589104148,0.3758530793366609,1.0,0.5856137607505864,0.5716612377850163,0.19727053606287662,2.0,True
1769356218.990524,29.081523646,0.561667330124799,0.3760692455150463,1.0,0.5863956215793589,0.5716612377850163,0.1971489686465483,2.0,True
1769356218.998583,29.089582646,0.5611732707304113,0.3743236400462962,1.0,0.5871774824081314,0.5732899022801303,0.20065839761216703,2.0,True
1769356219.002338,29.093337646,0.5609872481402229,0.3744003861038772,1.0,0.5879593432369038,0.5749185667752443,0.20232408332588442,2.0,True
1769356219.006421,29.097420646000003,0.5608712925630457,0.3730705543800636,1.0,0.5887412040656763,0.5749185667752443,0.20376298013881106,2.0,True
1769356219.010387,29.101386646,0.5606779771692613,0.372140955041956,1.0,0.5895230648944488,0.5749185667752443,0.20481894176596557,2.0,True
1769356219.01839,29.109389646,0.5594235027537626,0.3729149712456597,1.0,0.5903049257232212,0.5749185667752443,0.20435047073960616,2.0,True
1769356219.022367,29.113366646000003,0.5592889785766602,0.3730997721354167,1.0,0.5910867865519938,0.5732899022801303,0.20269975036835536,2.0,True
1769356219.026523,29.117522646,0.5586735220516429,0.3726688526294849,1.0,0.5918686473807663,0.5716612377850163,0.20174212672494451,2.0,True
1769356219.0304031,29.121402646000004,0.5585901035982019,0.372977136682581,1.0,0.5918686473807663,0.5716612377850163,0.20145181435561907,2.0,True
1769356219.0383441,29.129343646,0.5582275951609892,0.3735544840494792,1.0,0.5918686473807663,0.5700325732899023,0.1993373019432676,2.0,True
1769356219.04234,29.133339646000003,0.5575293372659123,0.3734147248444733,1.0,0.5918686473807663,0.5684039087947883,0.19798982316466143,2.0,True
1769356219.046513,29.137512646,0.5554061777451459,0.3736627649377894,1.0,0.5918686473807663,0.5667752442996743,0.19652465844576086,2.0,True
1769356219.050585,29.141584646,0.5546376284431008,0.3739073011610243,1.0,0.5918686473807663,0.5651465798045603,0.19482969606103895,2.0,True
1769356219.060579,29.151578646,0.5529216317569509,0.3723572907624422,1.0,0.5918686473807663,0.5602605863192183,0.1918971560682932,2.0,True
1769356219.062408,29.153407646,0.5522294885971967,0.3724205299660011,1.0,0.5918686473807663,0.5602605863192183,0.19197695090778175,2.0,True
1769356219.066415,29.157414646000003,0.5522717868580538,0.3728118896484375,1.0,0.5910867865519938,0.5602605863192183,0.19142522844394086,2.0,True
1769356219.071248,29.162247646,0.5523227803847369,0.3726786860713252,1.0,0.5903049257232212,0.5586319218241043,0.18979264804370682,2.0,True
1769356219.078366,29.169365646000003,0.5518664752735811,0.3729109587492766,1.0,0.5895230648944488,0.5570032573289903,0.1879042126676166,2.0,True
1769356219.082374,29.173373646,0.5515206280876609,0.3730731540256076,1.0,0.5895230648944488,0.5570032573289903,0.18781498370589852,2.0,True
1769356219.0864952,29.177494646000003,0.5516056172987994,0.3729218659577547,1.0,0.5887412040656763,0.5553745928338762,0.1861935803110646,2.0,True
1769356219.090362,29.181361646000003,0.5515232086181641,0.3731012415002893,1.0,0.5879593432369038,0.5553745928338762,0.18587944080056878,2.0,True
1769356219.098563,29.189562646,0.5516263737398035,0.3724271421079282,1.0,0.5863956215793589,0.5537459283387622,0.18462232485685828,2.0,True
1769356219.10272,29.193719646,0.5534467697143555,0.3729817143192997,1.0,0.5856137607505864,0.5537459283387622,0.18360396614016541,2.0,True
1769356219.106417,29.197416646,0.5535547032075769,0.3731296680591724,1.0,0.584831899921814,0.5537459283387622,0.1833043821398867,2.0,True
1769356219.110421,29.201420646000003,0.5536941640517291,0.3734177766022859,1.0,0.584831899921814,0.5553745928338762,0.18460184605862398,2.0,True
1769356219.118401,29.209400646,0.553430108463063,0.3749092384620949,1.0,0.5832681782642689,0.5570032573289903,0.1845224704922381,2.0,True
1769356219.122345,29.213344646000003,0.5537939071655273,0.3750084205910011,1.0,0.5824863174354965,0.5570032573289903,0.1842427067929354,2.0,True
1769356219.126403,29.217402646000004,0.5547511717852425,0.3749942355685763,1.0,0.5824863174354965,0.5586319218241043,0.1857203223062154,2.0,True
1769356219.13039,29.221389646,0.5549664216883042,0.3750860708731192,1.0,0.5824863174354965,0.5602605863192183,0.187208295309353,2.0,True
1769356219.138626,29.229625646,0.5561852174646714,0.3750313087745949,1.0,0.581704456606724,0.5618892508143323,0.1885924761747274,2.0,True
1769356219.142512,29.233511646,0.5570461048799402,0.375113367151331,1.0,0.581704456606724,0.5635179153094463,0.19001133670532758,2.0,True
1769356219.146496,29.237495646000003,0.5581204470466165,0.3750899138274016,1.0,0.5809225957779516,0.5635179153094463,0.1898026599636669,2.0,True
1769356219.150394,29.241393646,0.5582160388722139,0.3751573350694445,1.0,0.5809225957779516,0.5635179153094463,0.18972426285233962,2.0,True
1769356219.158408,29.249407646,0.5586832831887638,0.3753016153971354,1.0,0.581704456606724,0.5667752442996743,0.1928525991285753,2.0,True
1769356219.1624022,29.253401646,0.5585869059843176,0.3751386289243344,1.0,0.581704456606724,0.5667752442996743,0.19302593996480233,2.0,True
1769356219.1664011,29.257400646,0.5585046095006606,0.3751899436668113,1.0,0.581704456606724,0.5667752442996743,0.19298487071355933,2.0,True
1769356219.170407,29.261406646,0.5584850872264189,0.375391133626302,1.0,0.581704456606724,0.5684039087947883,0.1944043993654971,2.0,True
1769356219.178422,29.269421646,0.5580602533677045,0.3752757884837963,1.0,0.5832681782642689,0.5700325732899023,0.19638137565869815,2.0,True
1769356219.182398,29.273397646000003,0.5598302728989545,0.3755002622251158,1.0,0.5840500390930414,0.5700325732899023,0.19603422436580584,2.0,True
1769356219.186515,29.277514646,0.5609308130600873,0.3755234894929109,1.0,0.584831899921814,0.5700325732899023,0.19597205319309388,2.0,True
1769356219.190391,29.281390646,0.5607900058521944,0.3753833346896701,1.0,0.5856137607505864,0.5700325732899023,0.1962257498263303,2.0,True
1769356219.1983721,29.289371646000003,0.561132599325741,0.3761713663736979,1.0,0.5856137607505864,0.5700325732899023,0.1954008567322998,2.0,True
1769356219.202372,29.293371646,0.5615946264827952,0.3762143735532407,1.0,0.5863956215793589,0.5700325732899023,0.19539852585662004,2.0,True
1769356219.206406,29.297405646,0.5616259294397691,0.3759097063982928,1.0,0.5863956215793589,0.5700325732899023,0.19569676823828133,2.0,True
1769356219.210418,29.301417646,0.561451743630802,0.3759222525137442,1.0,0.5863956215793589,0.5700325732899023,0.19570644771937254,2.0,True
1769356219.2184072,29.309406646000003,0.561165921828326,0.3760006374782986,1.0,0.5863956215793589,0.5700325732899023,0.19566535172156968,2.0,True
1769356219.222557,29.313556646,0.5605664533727309,0.3760034066659433,1.0,0.5863956215793589,0.5700325732899023,0.1957408067599455,2.0,True
1769356219.226628,29.317627646,0.5600450179156136,0.3772455286096643,1.0,0.5863956215793589,0.5700325732899023,0.1945795439145232,2.0,True
1769356219.2304,29.321399646000003,0.5599449943093693,0.3774691546404803,1.0,0.5863956215793589,0.5700325732899023,0.1943715665547008,2.0,True
1769356219.238584,29.329583646000003,0.5597060708438649,0.3778933489764178,1.0,0.5863956215793589,0.5700325732899023,0.19398405511342942,2.0,True
1769356219.242403,29.333402646000003,0.5591146805707146,0.3778002703631365,1.0,0.5863956215793589,0.5700325732899023,0.19415846113637433,2.0,True
1769356219.246505,29.337504646000003,0.5578560548670152,0.3776954933449074,1.0,0.5863956215793589,0.5700325732899023,0.19444294584760768,2.0,True
1769356219.25039,29.341389646000003,0.5578073052799001,0.3771890145760995,1.0,,,,,False
1769356219.258634,29.349633646,0.5569415372960708,0.3777288931387442,1.0,,,,,False
1769356219.262419,29.353418646,0.5570864396936753,0.3779553448712384,1.0,0.5871774824081314,0.5586319218241043,0.18316521588731874,2.0,True
1769356219.266586,29.357585646,0.5557979695937213,0.3784778171115451,1.0,0.5871774824081314,0.5586319218241043,0.18286655043843708,2.0,True
1769356219.270404,29.361403646000003,0.5558476728551528,0.3789640638563368,1.0,0.5871774824081314,0.5586319218241043,0.18237899043845968,2.0,True
1769356219.27841,29.369409646,0.5545836616964901,0.3780644169560185,1.0,0.5871774824081314,0.5586319218241043,0.18348564238890408,2.0,True
1769356219.2823741,29.373373646,0.5537048227646771,0.3780299433955439,1.0,0.5871774824081314,0.5586319218241043,0.18367768932539605,2.0,True
1769356219.2865431,29.377542646,0.5537539089427275,0.3780162104853877,1.0,0.5871774824081314,0.5586319218241043,0.18368225403012628,2.0,True
1769356219.290482,29.381481646,0.5531057469985065,0.3779236404984085,1.0,0.5871774824081314,0.5586319218241043,0.18389226762838698,2.0,True
1769356219.2999291,29.390928646000003,0.5530493680168601,0.3786378083405671,1.0,0.5871774824081314,0.5586319218241043,0.18320100731335556,2.0,True
1769356219.3026001,29.393599646,0.5529941671034869,0.3786892926251447,1.0,0.5871774824081314,0.5586319218241043,0.1831607186277969,2.0,True
1769356219.3065321,29.397531646,0.5530425240011776,0.3788549917715567,1.0,0.5871774824081314,0.5586319218241043,0.18298890667076803,2.0,True
1769356219.310422,29.401421646000003,0.5530814002541935,0.3788370768229167,1.0,0.5871774824081314,0.5586319218241043,0.18299925985437523,2.0,True
1769356219.3184001,29.409399646,0.5532350540161133,0.3788671988028067,1.0,0.5871774824081314,0.5586319218241043,0.18294109458530933,2.0,True
1769356219.322491,29.413490646000003,0.5524412042954389,0.3788568567346644,1.0,0.5871774824081314,0.5586319218241043,0.1831001994674901,2.0,True
1769356219.32638,29.417379646,0.5524646534639246,0.3788552178276909,1.0,0.5871774824081314,0.5586319218241043,0.1830973615132774,2.0,True
1769356219.330352,29.421351646,0.5537079081815832,0.3788299560546875,1.0,0.5871774824081314,0.5586319218241043,0.182890566441938,2.0,True
1769356219.33853,29.429529646,0.5544282127829159,0.3790297331633391,1.0,0.5871774824081314,0.5586319218241043,0.18256358024732683,2.0,True
1769356219.3424041,29.433403646,0.5544755038093118,0.3784615410698785,1.0,0.5871774824081314,0.5586319218241043,0.18311413245678318,2.0,True
1769356219.346669,29.437668646,0.5547497132245232,0.3783651846426504,1.0,0.5871774824081314,0.5586319218241043,0.18316019422427116,2.0,True
1769356219.3504,29.441399646,0.5547594743616441,0.3767961855287904,1.0,0.5871774824081314,0.5586319218241043,0.1847029026294959,2.0,True
1769356219.358408,29.449407646,0.5548191070556641,0.3747607195818866,1.0,0.5871774824081314,0.5586319218241043,0.18669676877077884,2.0,True
1769356219.3623831,29.453382646,0.554685256060432,0.3748346399377893,1.0,0.5856137607505864,0.5667752442996743,0.19441648079618806,2.0,True
1769356219.366502,29.457501646,0.5547338934505687,0.3749327483000578,1.0,0.5856137607505864,0.5684039087947883,0.19592002487659213,2.0,True
1769356219.372031,29.463030646000004,0.5548548978917739,0.3746886641890914,1.0,0.5856137607505864,0.5700325732899023,0.1977507281077698,2.0,True
1769356219.3785071,29.469506646000003,0.5556440914378447,0.3748034441912615,1.0,0.584831899921814,0.5732899022801303,0.2006210412911895,2.0,True
1769356219.382405,29.473404646,0.5556639503030216,0.3747128521954571,1.0,0.5840500390930414,0.5765472312703583,0.20382072174670032,2.0,True
1769356219.386383,29.477382646,0.5561749514411477,0.3747760348849827,1.0,0.5840500390930414,0.5765472312703583,0.20368759462074904,2.0,True
1769356219.390521,29.481520646000003,0.5561692293952493,0.3736807364004629,1.0,0.5840500390930414,0.5781758957654723,0.20638703872366868,2.0,True
1769356219.39841,29.489409646,0.5571905584896312,0.374054859302662,1.0,0.5824863174354965,0.5846905537459284,0.21214917203289857,2.0,True
1769356219.402474,29.493473646,0.5573121239157284,0.3741388391565393,1.0,0.581704456606724,0.5863192182410424,0.213577852696743,2.0,True
1769356219.406704,29.497703646,0.5573274949017692,0.3742185239438658,1.0,0.5809225957779516,0.5895765472312704,0.21664673313857177,2.0,True
1769356219.410496,29.501495646,0.5588092242970186,0.3739093921802662,1.0,0.5801407349491791,0.5928338762214984,0.21996127627249068,2.0,True
1769356219.4189441,29.509943646000004,0.5589092479032629,0.3737652248806423,1.0,0.5777951524628616,0.5993485342019544,0.2263724957573006,2.0,True
1769356219.422527,29.513526646000003,0.5584567013908835,0.3737089934172454,1.0,0.5770132916340891,0.6026058631921825,0.22964782610383824,2.0,True
1769356219.4268,29.517799646,0.558599920833812,0.3738101535373264,1.0,0.5762314308053167,0.6074918566775245,0.2343459163851142,2.0,True
1769356219.430398,29.521397646,0.558648614322438,0.3738947550455729,1.0,0.5746677091477717,0.6107491856677525,0.23739551955413968,2.0,True
1769356219.4385371,29.529536646,0.558251885806813,0.3739838776765046,1.0,0.5723221266614542,0.6188925081433225,0.24531247207355764,2.0,True
1769356219.442395,29.533394646,0.5582976060755113,0.3740488688151041,1.0,0.5707584050039093,0.6221498371335505,0.24841369122994156,2.0,True
1769356219.446535,29.537534646,0.5581881018245921,0.3739902072482639,1.0,0.5691946833463644,0.6270358306188925,0.25328488376495234,2.0,True
1769356219.450501,29.541500646000003,0.5585062363568474,0.3742711950231481,1.0,0.5684128225175918,0.6302931596091205,0.25621355701801013,2.0,True
1769356219.458529,29.549528646,0.5591671326581169,0.3746667367440682,1.0,0.5668491008600469,0.6351791530944625,0.26062565435539276,2.0,True
1769356219.4625971,29.553596646000003,0.5591132781084847,0.3746833518699363,1.0,0.565285379202502,0.6400651465798045,0.26545355864132886,2.0,True
1769356219.466415,29.557414646,0.5590849483714384,0.3745499222366898,1.0,0.562157935887412,0.6498371335504886,0.27530436241585676,2.0,True
1769356219.470526,29.561525646000003,0.5590292986701516,0.3752873173466435,1.0,0.562157935887412,0.6498371335504886,0.27456764184514226,2.0,True
1769356219.478519,29.569518646,0.557121052461512,0.3755550243236401,1.0,0.5574667709147771,0.6644951140065146,0.2889402965098439,2.0,True
1769356219.482419,29.573418646,0.5570392608642578,0.3756010267469618,1.0,0.5559030492572322,0.6677524429967426,0.29215362567246816,2.0,True
1769356219.486411,29.577410646,0.557320145999684,0.3753416273328993,1.0,0.5543393275996873,0.6726384364820847,0.29731175222083117,2.0,True
1769356219.490501,29.581500646,0.5573579002829159,0.3752038461190683,1.0,0.5543393275996873,0.6726384364820847,0.29744990725407744,2.0,True
1769356219.498545,29.589544646,0.5576570735258215,0.3744298864293981,1.0,0.5519937451133698,0.6824104234527687,0.30803260293986906,2.0,True
1769356219.502608,29.593607646,0.5575922797707951,0.3740817599826389,1.0,0.5504300234558248,0.6856677524429967,0.31166829901840754,2.0,True
1769356219.506526,29.597525646,0.5568724800558651,0.3740728872793691,1.0,0.5488663017982799,0.6889250814332247,0.31495396973810225,2.0,True
1769356219.510497,29.601496646,0.55688336316277,0.3737648857964409,1.0,0.5488663017982799,0.6889250814332247,0.3152621483571059,2.0,True
1769356219.518512,29.609511646,0.5572326884550207,0.3736039903428819,1.0,0.54573885848319,0.6970684039087948,0.32366855727883315,2.0,True
1769356219.5223951,29.613394646000003,0.557221019969267,0.3737075805664063,1.0,0.5449569976544175,0.7003257328990228,0.3268483190663697,2.0,True
1769356219.526348,29.617347646,0.5574201135074391,0.3739841037326389,1.0,0.544175136825645,0.7019543973941368,0.32823763180310456,2.0,True
1769356219.5304902,29.621489646,0.557650790495031,0.3740302756980613,1.0,0.5433932759968726,0.7035830618892508,0.3298610550004972,2.0,True
1769356219.538615,29.629614646,0.5580965490902171,0.3741144816080729,1.0,0.5426114151681001,0.7052117263843648,0.3314591601857424,2.0,True
1769356219.542401,29.633400646,0.5581273471607882,0.374085376880787,1.0,0.5418295543393276,0.7084690553745928,0.3347806184561766,2.0,True
1769356219.546514,29.637513646,0.5580878538243911,0.374171730324074,1.0,0.5410476935105551,0.7100977198697068,0.33635790092657825,2.0,True
1769356219.550754,29.641753646,0.5582619274363798,0.3743053294994213,1.0,0.5402658326817826,0.7117263843648208,0.3379006180711947,2.0,True
1769356219.558504,29.649503646000003,0.5582354489494773,0.3743973908600984,1.0,0.5402658326817826,0.7133550488599348,0.3394336474563803,2.0,True
1769356219.5623941,29.653393646,0.5588464736938477,0.3744218614366319,1.0,0.5402658326817826,0.7133550488599348,0.33944210958179455,2.0,True
1769356219.5664191,29.657418646000004,0.5588864158181583,0.3744238959418402,1.0,0.5402658326817826,0.7133550488599348,0.33944226686540896,2.0,True
1769356219.570571,29.661570646,0.5588934281293083,0.3759057504159433,1.0,0.5402658326817826,0.7133550488599348,0.3379630398911969,2.0,True
1769356219.5784152,29.669414646000003,0.56013365352855,0.3747976232458043,1.0,0.5402658326817826,0.7133550488599348,0.33913988374071663,2.0,True
1769356219.582389,29.673388646000003,0.5600300957174862,0.3741645530418113,1.0,0.5402658326817826,0.7133550488599348,0.3397658289862136,2.0,True
1769356219.586536,29.677535646000003,0.5602217281565947,0.3741093388310185,1.0,0.5402658326817826,0.7133550488599348,0.3398321490636594,2.0,True
1769356219.590409,29.681408646,0.5600687475765452,0.3741156684027777,1.0,0.5402658326817826,0.7133550488599348,0.3398168811158224,2.0,True
1769356219.59838,29.689379646000003,0.5602396235746496,0.3740368313259549,1.0,0.5402658326817826,0.7133550488599348,0.3399055825859136,2.0,True
1769356219.602367,29.693366646,0.560479949502384,0.3740697790075231,1.0,0.5402658326817826,0.7133550488599348,0.3398869000971658,2.0,True
1769356219.606566,29.697565646,0.5604593052583582,0.3740872983579282,1.0,0.5402658326817826,0.7133550488599348,0.33986818454423284,2.0,True
1769356219.610393,29.701392646,0.5603229859296013,0.3741504810474537,1.0,,,,,False
1769356219.618362,29.709361646,0.5605278015136719,0.3738436098451967,1.0,,,,,False
1769356219.6227841,29.713783646000003,0.5600061977610868,0.3745950204354745,1.0,,,,,False
1769356219.62658,29.717579646,0.5599739411297966,0.3750840363679109,1.0,,,,,False
1769356219.630493,29.721492646,0.5593594382790958,0.374870130750868,1.0,,,,,False
1769356219.638394,29.729393646,0.5588250440709731,0.3748412520797164,1.0,,,,,False
1769356219.642349,29.733348646000003,0.5586845173555262,0.3738725450303819,1.0,,,,,False
1769356219.646406,29.737405646000003,0.558340353124282,0.3733647664388021,1.0,,,,,False
1769356219.654623,29.745622646,0.5573418000165153,0.3735045256438078,1.0,,,,,False
1769356219.658839,29.749838646,0.5573828080121208,0.3725314670138888,1.0,,,,,False
1769356219.663152,29.754151646,0.5573470732745003,0.3722412109374999,1.0,,,,,False
1769356219.666618,29.757617646000003,0.5563912672155044,0.3681960494429976,1.0,,,,,False
1769356219.674534,29.765533646,0.5539853713091683,0.3637395788122106,1.0,,,,,False
1769356219.67852,29.769519646000003,0.5536731832167682,0.3620902167426215,1.0,,,,,False
1769356219.682514,29.773513646,0.5516088710111731,0.3588516800491897,1.0,,,,,False
1769356219.6865041,29.777503646000003,0.5477132236256319,0.3580517804181135,1.0,,,,,False
1769356219.6945431,29.785542646000003,0.5452245824477252,0.3560518617983217,1.0,0.5426114151681001,0.7068403908794788,0.35079826222225374,2.0,True
1769356219.698537,29.789536646,0.5439814960255343,0.3515431722005208,1.0,0.5426114151681001,0.7068403908794788,0.35529986029065536,2.0,True
1769356219.702552,29.793551646,0.5417649325202493,0.3522048950195312,1.0,0.5426114151681001,0.7068403908794788,0.3546365060970233,2.0,True
1769356219.707027,29.798026646,0.5414308660170611,0.350715919777199,1.0,0.5426114151681001,0.7068403908794788,0.3561264278513693,2.0,True
1769356219.7144141,29.805413646,0.5402318169088924,0.3520340530960648,1.0,0.5426114151681001,0.7068403908794788,0.3548143173818572,2.0,True
1769356219.718349,29.809348646,0.5404957603005802,0.3512348881474247,1.0,0.5426114151681001,0.7068403908794788,0.35561179616097577,2.0,True
1769356219.722407,29.813406646,0.5402722639196059,0.3520491423430266,1.0,0.5426114151681001,0.7068403908794788,0.3547989595061095,2.0,True
1769356219.726526,29.817525646000004,0.5407216689165901,0.352205573187934,1.0,0.5426114151681001,0.7068403908794788,0.35463985261108255,2.0,True
1769356219.7344031,29.825402646,0.539815341725069,0.3520996093749999,1.0,0.5426114151681001,0.7068403908794788,0.3547518006847989,2.0,True
1769356219.7385101,29.829509646,0.5388296912698185,0.3517110753942418,1.0,0.5426114151681001,0.7068403908794788,0.3551494504467884,2.0,True
1769356219.742414,29.833413646,0.5393414216883042,0.3510701497395833,1.0,0.5426114151681001,0.7068403908794788,0.35578526857937404,2.0,True
1769356219.746418,29.837417646,0.5399168799905216,0.3511299981011284,1.0,0.5426114151681001,0.7068403908794788,0.3557205982935927,2.0,True
1769356219.754497,29.845496646,0.5398635303272921,0.3511058666087963,1.0,0.5426114151681001,0.7068403908794788,0.35574513718276907,2.0,True
1769356219.758481,29.849480646000004,0.5402047774370979,0.3508956344039352,1.0,0.5426114151681001,0.7068403908794788,0.3559528923433582,2.0,True
1769356219.762404,29.853403646,0.5404861113604378,0.351562104401765,1.0,0.5426114151681001,0.7068403908794788,0.3552846432915661,2.0,True
1769356219.76634,29.857339646000003,0.5402389975155101,0.3523082591869213,1.0,0.5426114151681001,0.7068403908794788,0.3545400693405292,2.0,True
1769356219.774499,29.865498646,0.5384085038129021,0.3525097317165798,1.0,0.5426114151681001,0.7068403908794788,0.3543555848108989,2.0,True
1769356219.778412,29.869411646000003,0.5388694650986615,0.3520728217230903,1.0,0.5379202501954652,0.7149837133550488,0.3629121329936981,2.0,True
1769356219.782363,29.873362646,0.5392115536858054,0.3523017600730613,1.0,0.5371383893666928,0.7149837133550488,0.3626878785494931,2.0,True
1769356219.786411,29.877410646,0.5391368304981905,0.35269775390625,1.0,0.5371383893666928,0.7149837133550488,0.3622914713054846,2.0,True
1769356219.79438,29.885379646,0.5399085213156307,0.3532240125868056,1.0,0.5355746677091477,0.7166123778501629,0.363414207614201,2.0,True
1769356219.798355,29.889354646,0.540000691133387,0.3526505081741898,1.0,0.5347928068803753,0.7166123778501629,0.3639991272467872,2.0,True
1769356219.802527,29.893526646,0.5403621897977942,0.3506473117404514,1.0,0.5332290852228303,0.7166123778501629,0.36603457595364247,2.0,True
1769356219.806626,29.897625646,0.5407047832713407,0.3512630321361401,1.0,0.5332290852228303,0.7166123778501629,0.3654258207557001,2.0,True
1769356219.815057,29.906056646000003,0.5408024507410386,0.3517695109049479,1.0,0.5308835027365129,0.7149837133550488,0.3633496145463477,2.0,True
1769356219.818561,29.909560646000003,0.5409398359410903,0.3516938951280381,1.0,0.5301016419077405,0.7149837133550488,0.363451452710426,2.0,True
1769356219.822536,29.913535646000003,0.5424109066233915,0.3520371048538773,1.0,0.5285379202501954,0.7149837133550488,0.36321164680309137,2.0,True
1769356219.826569,29.917568646000003,0.5429671792423024,0.3524257518627025,1.0,0.5269741985926505,0.7133550488599348,0.3612834522379575,2.0,True
1769356219.834579,29.925578646,0.5437467238482308,0.3528670134367766,1.0,0.5254104769351056,0.7133550488599348,0.3609540713638056,2.0,True
1769356219.839169,29.930168646,0.5446899638456457,0.3526736224139178,1.0,0.5230648944487881,0.7117263843648208,0.3597033909917875,2.0,True
1769356219.842545,29.933544646,0.5444034688612994,0.3520754213686342,1.0,0.5215011727912432,0.7117263843648208,0.36037942553559427,2.0,True
1769356219.84635,29.937349646,0.5448097341200885,0.3516856440791377,1.0,0.5191555903049258,0.7117263843648208,0.36095355623729736,2.0,True
1769356219.854541,29.945540646,0.5448941062478458,0.351924811469184,1.0,0.5136825645035183,0.7100977198697068,0.3595302388536286,2.0,True
1769356219.8585281,29.949527646000004,0.5451286540311926,0.3517135620117187,1.0,0.5136825645035183,0.7100977198697068,0.3597611167846823,2.0,True
1769356219.86307,29.954069646,0.5452036577112535,0.35096356427228,1.0,0.5121188428459734,0.7100977198697068,0.36065488585536537,2.0,True
1769356219.866539,29.957538646000003,0.5465869342579561,0.3507718686704282,1.0,0.509773260359656,0.7117263843648208,0.3628269683830902,2.0,True
1769356219.874586,29.965585646,0.5460861430448645,0.3510866518373843,1.0,0.5074276778733385,0.7117263843648208,0.3627057948349861,2.0,True
1769356219.878376,29.969375646000003,0.5461178947897518,0.3513375741464121,1.0,0.5058639562157936,0.7117263843648208,0.36262994098854584,2.0,True
1769356219.882389,29.973388646000004,0.5453567504882812,0.3512647840711805,1.0,0.5035183737294762,0.7117263843648208,0.3628815441105594,2.0,True
1769356219.886715,29.977714646000003,0.5461454952464384,0.3511913723415798,1.0,0.4988272087568413,0.7117263843648208,0.36362688999977727,2.0,True
1769356219.8945901,29.985589646,0.5461240095250747,0.3514948527018229,1.0,0.4941360437842064,0.7133550488599348,0.36557564216651656,2.0,True
1769356219.89837,29.989369646,0.546634786269244,0.3516233656141493,1.0,0.4941360437842064,0.7133550488599348,0.36552144755997507,2.0,True
1769356219.902386,29.993385646,0.5470860425163718,0.3518168131510416,1.0,0.49257232212666147,0.7133550488599348,0.3656250013199683,2.0,True
1769356219.906522,29.997521646000003,0.5477053698371438,0.3523853443287037,1.0,0.490226739640344,0.7133550488599348,0.36551733271989273,2.0,True
1769356219.91455,30.005549646,0.5478849411010742,0.352634514702691,1.0,0.48553557466770914,0.7133550488599348,0.36606932028965405,2.0,True
1769356219.918517,30.009516646,0.5480384265675264,0.3524261474609375,1.0,0.4831899921813917,0.7133550488599348,0.3667083191140064,2.0,True
1769356219.922539,30.013538646,0.5494524450863109,0.3522705078125,1.0,0.4808444096950743,0.7149837133550488,0.3691448658659584,2.0,True
1769356219.926361,30.017360646,0.549436232622932,0.3524854871961805,1.0,0.4792806880375293,0.7149837133550488,0.3692245446938766,2.0,True
1769356219.9348161,30.025815646,0.5494420107673196,0.3517721670645254,1.0,0.47458952306489444,0.7149837133550488,0.3708443369852029,2.0,True
1769356219.938579,30.029578646,0.5486318924847771,0.3517817179361979,1.0,0.4730258014073495,0.7166123778501629,0.37258246257877925,2.0,True
1769356219.942362,30.033361646000003,0.548624599681181,0.3519424438476562,1.0,0.47068021892103207,0.7166123778501629,0.3729068077381742,2.0,True
1769356219.9464161,30.037415646000003,0.5480366875143612,0.3520105997721354,1.0,0.4683346364347146,0.7166123778501629,0.37321156670709144,2.0,True
1769356219.954623,30.045622646,0.5477961371926701,0.3525104098849826,1.0,0.4652071931196247,0.7166123778501629,0.37335127796649864,2.0,True
1769356219.9583972,30.049396646,0.5478245230282054,0.3526137740523727,1.0,0.4628616106333073,0.7182410423452769,0.37536914604420335,2.0,True
1769356219.9624012,30.053400646000004,0.5477991665110868,0.3523711593062789,1.0,0.4612978889757623,0.7182410423452769,0.37595643674528745,2.0,True
1769356219.966379,30.057378646000004,0.547876189736759,0.3533608895760995,1.0,0.4581704456606724,0.7182410423452769,0.37574545427071043,2.0,True
1769356219.974364,30.065363646,0.5474020453060374,0.3534974839952257,1.0,0.45582486317435494,0.7198697068403909,0.37764399367616946,2.0,True
1769356219.9785001,30.069499646,0.5478323207182043,0.3540455005787036,1.0,0.45426114151681,0.7198697068403909,0.37760153000766955,2.0,True
1769356219.982405,30.073404646,0.5476274490356445,0.3517385977285879,1.0,0.45426114151681,0.7198697068403909,0.3797864938035419,2.0,True
1769356219.986525,30.077524646,0.548214407528148,0.3518443919994213,1.0,0.4519155590304926,0.7214983713355049,0.3819915348027703,2.0,True
1769356219.994596,30.085595646,0.5480443730073816,0.3521063345449942,1.0,0.4503518373729476,0.7231270358306189,0.3836667724747113,2.0,True
1769356219.998501,30.089500646,0.5469489939072553,0.3521010787398727,1.0,0.44956997654417513,0.7231270358306189,0.38359214519813006,2.0,True
1769356220.0024061,30.093405646,0.5399844786700081,0.3522095291702836,1.0,0.44956997654417513,0.7231270358306189,0.38177818028507354,2.0,True
1769356220.006371,30.097370646,0.5275364483104032,0.3526923850730613,1.0,0.44878811571540267,0.7247557003257329,0.3803056802669423,2.0,True
1769356220.014542,30.105541646,0.5074508891386145,0.3528265493887442,1.0,0.44878811571540267,0.7247557003257329,0.37652704325507935,2.0,True
1769356220.018568,30.109567646,0.5002809973324046,0.3541126957646122,1.0,0.44878811571540267,0.7247557003257329,0.3742028242642184,2.0,True
1769356220.0224211,30.113420646,0.496556282043457,0.3551001089590567,1.0,0.44878811571540267,0.7247557003257329,0.3727291965260996,2.0,True
1769356220.026542,30.117541646000003,0.4968328475952148,0.3554525869864005,1.0,0.44878811571540267,0.7247557003257329,0.3724152061658154,2.0,True
1769356220.0346751,30.125674646,0.495886297786937,0.356422198260272,1.0,0.44878811571540267,0.7247557003257329,0.37133247568486427,2.0,True
1769356220.0384212,30.129420646000003,0.4978534474092371,0.3564444647894965,1.0,0.44878811571540267,0.7247557003257329,0.37156503198828467,2.0,True
1769356220.04238,30.133379646,0.4987611209644991,0.3563464129412615,1.0,0.44878811571540267,0.7247557003257329,0.3717831414746508,2.0,True
1769356220.0463831,30.137382646,0.4987920873305377,0.3568986680772569,1.0,0.44878811571540267,0.7247557003257329,0.37124007508880763,2.0,True
1769356220.054387,30.145386646,0.5002663556267234,0.3576382672345196,1.0,0.44878811571540267,0.7247557003257329,0.37070907577755496,2.0,True
1769356220.0584002,30.149399646000003,0.5017884198357078,0.3578581068250868,1.0,,,,,False
1769356220.062398,30.153397646,0.5024631724638098,0.3585533989800347,1.0,,,,,False
1769356220.06636,30.157359646000003,0.5011680827421301,0.358949562355324,1.0,,,,,False
1769356220.074415,30.165414646,0.5011739730834961,0.3587731820565683,1.0,,,,,False
1769356220.078357,30.169356646,0.5003146003274357,0.3588289614076967,1.0,,,,,False
1769356220.082397,30.173396646,0.4999544480267693,0.3590443363896123,1.0,,,,,False
1769356220.086393,30.177392646,0.5003547668457031,0.3594145598234953,1.0,,,,,False
1769356220.094543,30.185542646,0.4974853291231043,0.3595726295753761,1.0,,,,,False
1769356220.098402,30.189401646,0.4988677080939798,0.3599352801287615,1.0,,,,,False
1769356220.102531,30.193530646000003,0.4996227376601275,0.3598983764648438,1.0,,,,,False
1769356220.106614,30.197613646,0.5017807343426872,0.3601695307978877,1.0,,,,,False
1769356220.114599,30.205598646,0.5026168823242188,0.3604904739945023,1.0,,,,,False
1769356220.118571,30.209570646000003,0.5031267614925609,0.3605098583080151,1.0,,,,,False
1769356220.122411,30.213410646000003,0.5006210663739372,0.3605968334056713,1.0,,,,,False
1769356220.126586,30.217585646000003,0.5013358172248391,0.360633228443287,1.0,,,,,False
1769356220.134417,30.225416646000003,0.5032420999863568,0.3610130027488426,1.0,,,,,False
1769356220.1385381,30.229537646,0.5016565322875977,0.3611484103732638,1.0,,,,,False
1769356220.142534,30.233533646,0.5014467239379883,0.3608309145326968,1.0,,,,,False
1769356220.146584,30.237583646,0.5013946084415212,0.35986328125,1.0,,,,,False
1769356220.154511,30.245510646000003,0.5008851219626034,0.3598636203342014,1.0,,,,,False
1769356220.158521,30.249520646,0.500213623046875,0.3599738792136863,1.0,,,,,False
1769356220.162368,30.253367646,0.5000990699319279,0.3599912855360243,1.0,,,,,False
1769356220.166351,30.257350646000003,0.5001989813411937,0.3601166901765046,1.0,,,,,False
1769356220.174645,30.265644646,0.5004729663624483,0.3590600472909433,1.0,,,,,False
1769356220.178737,30.269736646,0.5003882015452665,0.3579250759548611,1.0,,,,,False
1769356220.182378,30.273377646,0.5002537334666532,0.3580147072120949,1.0,,,,,False
1769356220.1863961,30.277395646,0.4999510821174173,0.3579168249059606,1.0,,,,,False
1769356220.1944191,30.285418646000004,0.4995867785285501,0.3545531096281828,1.0,,,,,False
1769356220.198357,30.289356646,0.5003407422234031,0.3546280472366898,1.0,,,,,False
1769356220.20239,30.293389646,0.5010019190171185,0.3546422887731482,1.0,,,,,False
1769356220.206404,30.297403646000003,0.5014865538653206,0.3545683119032118,1.0,,,,,False
1769356220.214504,30.305503646,0.5009998994715074,0.3547231038411458,1.0,0.4464425332290852,0.7166123778501629,0.3659786234933445,2.0,True
1769356220.218367,30.309366646,0.5012813455918256,0.3536155983253761,1.0,0.4464425332290852,0.7166123778501629,0.36711572737588144,2.0,True
1769356220.222508,30.313507646,0.5017532460829791,0.3532458270037616,1.0,0.4464425332290852,0.7166123778501629,0.36755207145439434,2.0,True
1769356220.226356,30.317355646000003,0.5021738725550035,0.3531559131763599,1.0,0.4464425332290852,0.7166123778501629,0.3677044790266227,2.0,True
1769356220.23463,30.325629646000003,0.5031739403219784,0.3533699883355035,1.0,0.4464425332290852,0.7166123778501629,0.3676458704936846,2.0,True
1769356220.238356,30.329355646000003,0.5027597651762121,0.3531711154513889,1.0,0.4464425332290852,0.7166123778501629,0.36777871312543486,2.0,True
1769356220.242392,30.333391646000003,0.5032161824843463,0.3514537669994213,1.0,0.4464425332290852,0.7166123778501629,0.3695457459208571,2.0,True
1769356220.246516,30.337515646000003,0.5023688709034639,0.3516272650824652,1.0,0.4464425332290852,0.7166123778501629,0.3692450240527522,2.0,True
1769356220.254725,30.345724646,0.5020291384528665,0.351876887568721,1.0,0.4464425332290852,0.7166123778501629,0.36894694544222517,2.0,True
1769356220.258586,30.349585646,0.5024522332584157,0.3519647668909144,1.0,0.4464425332290852,0.7166123778501629,0.36892406627334984,2.0,True
1769356220.262546,30.353545646,0.5028120489681468,0.3520935623734086,1.0,0.4464425332290852,0.7166123778501629,0.3688515814541566,2.0,True
1769356220.266494,30.357493646,0.50288127450382,0.3522031430844907,1.0,0.4464425332290852,0.7166123778501629,0.3687538771310469,2.0,True
1769356220.274776,30.365775646000003,0.5035399829640108,0.35241049307364,1.0,0.4464425332290852,0.7166123778501629,0.3686504192877095,2.0,True
1769356220.278522,30.369521646000003,0.5038769104901482,0.3529837714301215,1.0,0.4464425332290852,0.7166123778501629,0.36813648433474705,2.0,True
1769356220.282411,30.373410646000004,0.504122677971335,0.3531520137080439,1.0,0.4433150899139953,0.7068403908794788,0.3588774594642499,2.0,True
1769356220.286354,30.377353646000003,0.5043619380277746,0.3529728642216435,1.0,0.44175136825645034,0.7035830618892508,0.3561566988779076,2.0,True
1769356220.294518,30.385517646,0.5047457077923942,0.3530876442238136,1.0,0.4394057857701329,0.6938110749185668,0.3469319265133687,2.0,True
1769356220.298626,30.389625646,0.5049513087553137,0.3531704937970197,1.0,0.43784206411258797,0.6905537459283387,0.34399289169286973,2.0,True
1769356220.302531,30.393530646,0.5051094503963695,0.3532024242259838,1.0,0.4370602032838155,0.6872964169381107,0.34095380332079617,2.0,True
1769356220.3065372,30.397536646,0.5052839166977826,0.3534568504050925,1.0,0.4354964816262705,0.6824104234527687,0.33627479732310206,2.0,True
1769356220.314505,30.405504646,0.5044795204611385,0.3535859284577546,1.0,0.43471462079749806,0.6791530944625407,0.33295813671611296,2.0,True
1769356220.318635,30.409634646,0.504610959221335,0.3535732693142361,1.0,0.4323690383111806,0.6693811074918566,0.3239652539875398,2.0,True
1769356220.3224092,30.413408646,0.5046502842622644,0.3536258838794849,1.0,0.43158717748240816,0.6644951140065146,0.3193397811299069,2.0,True
1769356220.326513,30.417512646,0.504752046921674,0.3535373829029224,1.0,0.4300234558248632,0.6612377850162866,0.3166447532930877,2.0,True
1769356220.334532,30.425531646000003,0.5050545860739315,0.3540056016710069,1.0,0.4292415949960907,0.6563517915309446,0.3117063171303884,2.0,True
1769356220.338358,30.429357646000003,0.5050808401668773,0.3540243078161169,1.0,0.42767787333854573,0.6514657980456026,0.3073477824611152,2.0,True
1769356220.342662,30.433661646,0.5050602520213407,0.3540844387478299,1.0,0.42689601250977327,0.6465798045602605,0.30275928946965325,2.0,True
1769356220.3463821,30.437381646,0.5046540989595301,0.3558804547345197,1.0,0.4253322908522283,0.6416938110749185,0.29661629069215906,2.0,True
1769356220.354389,30.445388646,0.5049284205717199,0.3561265733506944,1.0,0.42376856919468336,0.6368078175895765,0.2921795378581971,2.0,True
1769356220.358481,30.449480646,0.5050437590655159,0.3569508870442708,1.0,0.42298670836591085,0.6319218241042345,0.2869536126225841,2.0,True
1769356220.362597,30.453596646,0.5050105487599093,0.3572245845088252,1.0,0.4214229867083659,0.6254071661237784,0.28090706223123274,2.0,True
1769356220.366403,30.457402646,0.5047978793873507,0.3586977923357928,1.0,0.4214229867083659,0.6254071661237784,0.27943740407399237,2.0,True
1769356220.37455,30.465549646000003,0.5050239002003389,0.3599340368200231,1.0,0.4175136825645035,0.6091205211726385,0.2641059298362828,2.0,True
1769356220.378572,30.469571646,0.5051326751708984,0.3624614009150753,1.0,0.41594996090695857,0.6042345276872965,0.25769711164989817,2.0,True
1769356220.3825471,30.473546646000003,0.5046732846428367,0.3655372902199074,1.0,0.4151681000781861,0.5977198697068404,0.248837152131988,2.0,True
1769356220.387037,30.478036646000003,0.501504617578843,0.367964850531684,1.0,0.41360437842064113,0.5928338762214984,0.24143846163930782,2.0,True
1769356220.394731,30.485730646,0.5013225218828987,0.372457038031684,1.0,0.41204065676309615,0.5830618892508144,0.22874801593959818,2.0,True
1769356220.398505,30.489504646,0.4989995956420898,0.3730561998155381,1.0,0.4112587959343237,0.5798045602605864,0.22459593157507088,2.0,True
1769356220.4023511,30.493350646000003,0.4983579972211052,0.3752490008318866,1.0,0.4112587959343237,0.5798045602605864,0.22232689391520674,2.0,True
1769356220.4064,30.497399646,0.4969785914701574,0.3773513793945312,1.0,0.4104769351055512,0.5749185667752443,0.2156741293788994,2.0,True
1769356220.414586,30.505585646000004,0.4962102665620692,0.3811245953595197,1.0,0.4073494917904613,0.5651465798045603,0.20435343905131909,2.0,True
1769356220.4186761,30.509675646,0.494781774633071,0.3807422779224537,1.0,0.4073494917904613,0.5635179153094463,0.2026112970821013,2.0,True
1769356220.42262,30.513619646,0.4948910544900333,0.3808780246310763,1.0,0.4073494917904613,0.5635179153094463,0.20253605818937534,2.0,True
1769356220.430505,30.521504646,0.4948485318352194,0.3813540423357928,1.0,0.40578577013291633,0.5586319218241043,0.19839259582432378,2.0,True
1769356220.434504,30.525503646,0.4951038921580595,0.3812176174587673,1.0,0.40500390930414387,0.5570032573289903,0.19753125852598521,2.0,True
1769356220.438417,30.529416646,0.493936258203843,0.3819862083152489,1.0,0.40500390930414387,0.5553745928338762,0.19486532417748725,2.0,True
1769356220.442421,30.533420646000003,0.4938900330487419,0.381539069281684,1.0,0.4042220484753714,0.5553745928338762,0.19559942920702755,2.0,True
1769356220.450397,30.541396646000003,0.4928507524378159,0.3826610989040798,1.0,0.4034401876465989,0.5537459283387622,0.19303955024548416,2.0,True
1769356220.454508,30.545507646,0.4926830179551068,0.3832383332429109,1.0,0.4034401876465989,0.5537459283387622,0.19245031241035676,2.0,True
1769356220.4586701,30.549669646,0.493256737204159,0.3858135082103587,1.0,0.40265832681782643,0.5537459283387622,0.19081239397563507,2.0,True
1769356220.462613,30.553612646,0.4924367455875172,0.3853373774775752,1.0,0.40265832681782643,0.5537459283387622,0.19084445100644395,2.0,True
1769356220.4704971,30.561496646,0.4932871986837948,0.3856292724609375,1.0,0.40265832681782643,0.5537459283387622,0.19098901120022863,2.0,True
1769356220.474637,30.565636646,0.4934051738065831,0.3853153370044849,1.0,0.40265832681782643,0.5537459283387622,0.1913213378993968,2.0,True
1769356220.478494,30.569493646,0.492868142969468,0.3846911395037615,1.0,0.40265832681782643,0.5537459283387622,0.19161767287533701,2.0,True
1769356220.482352,30.573351646000003,0.4932461906881893,0.3850165473090278,1.0,0.40265832681782643,0.5537459283387622,0.19150917759541633,2.0,True
1769356220.490503,30.581502646,0.4933630438411937,0.3864539252387152,1.0,0.40265832681782643,0.5537459283387622,0.19029965841145194,2.0,True
1769356220.494537,30.585536646,0.4931205861708697,0.3863628246166087,1.0,0.40265832681782643,0.5537459283387622,0.19026435235986397,2.0,True
1769356220.498706,30.589705646,0.4922301348517923,0.3858898021556712,1.0,0.40265832681782643,0.5537459283387622,0.19025979052776076,2.0,True
1769356220.502372,30.593371646,0.4920479269588695,0.3857669971607349,1.0,0.40265832681782643,0.5537459283387622,0.19028247931191145,2.0,True
1769356220.510577,30.601576646,0.4923337487613453,0.3859831068250868,1.0,0.40265832681782643,0.5537459283387622,0.19022630097590992,2.0,True
1769356220.514542,30.605541646,0.4910848841947667,0.3860335738570601,1.0,0.40265832681782643,0.5537459283387622,0.18959612310206508,2.0,True
1769356220.5184171,30.609416646000003,0.4907919378841625,0.3863002635814525,1.0,0.40265832681782643,0.5537459283387622,0.18922363500791745,2.0,True
1769356220.522372,30.613371646,0.4906159569235409,0.3862276995623553,1.0,0.40265832681782643,0.5537459283387622,0.1892059768247248,2.0,True
1769356220.5304,30.621399646,0.4901230755974264,0.3863307811595775,1.0,,,,,False
1769356220.534692,30.625691646000003,0.4903025907628676,0.3859216760706019,1.0,,,,,False
1769356220.538369,30.629368646000003,0.490055196425494,0.3853778980396412,1.0,,,,,False
1769356220.542342,30.633341646,0.4904234830070944,0.3850249113859953,1.0,,,,,False
1769356220.5503771,30.641376646,0.4904253903557272,0.3840920907479745,1.0,,,,,False
1769356220.5545762,30.645575646,0.490761588601505,0.3850983231155961,1.0,,,,,False
1769356220.558329,30.649328646,0.4908747392542222,0.3846729984989873,1.0,,,,,False
1769356220.56248,30.653479646,0.490722095265108,0.3843688399703414,1.0,,,,,False
1769356220.5705001,30.661499646000003,0.4907119975370519,0.3841759575737847,1.0,,,,,False
1769356220.574395,30.665394646000003,0.4907627666697782,0.3839400114836516,1.0,,,,,False
1769356220.5785592,30.669558646,0.490696626551011,0.3836387916847511,1.0,,,,,False
1769356220.582537,30.673536646,0.4909366158878102,0.383641673900463,1.0,,,,,False
1769356220.59054,30.681539646,0.4913507349350873,0.3830635353370949,1.0,,,,,False
1769356220.5945292,30.685528646,0.4913302028880399,0.3828205815067997,1.0,,,,,False
1769356220.598534,30.689533646,0.4913380005780388,0.383139885796441,1.0,,,,,False
1769356220.602535,30.693534646000003,0.4912614261402803,0.3828698052300348,1.0,,,,,False
1769356220.610356,30.701355646000003,0.4927425945506376,0.3825450190791377,1.0,,,,,False
1769356220.616189,30.707188646,0.4918522554285386,0.3824509797272859,1.0,,,,,False
1769356220.618539,30.709538646,0.4919848722570082,0.3825390285915798,1.0,,,,,False
1769356220.622422,30.713421646,0.4921132256002987,0.3826629638671874,1.0,,,,,False
1769356220.631066,30.722065646,0.4923978693345013,0.3824804800528066,1.0,,,,,False
1769356220.634519,30.725518646,0.4924996880924,0.3823485197844328,1.0,,,,,False
1769356220.640105,30.731104646,0.4928480036118451,0.3823160242151331,1.0,,,,,False
1769356220.642599,30.733598646,0.4928337545955882,0.3822231716579861,1.0,,,,,False
1769356220.650531,30.741530646,0.4907348857206456,0.3824393943504051,1.0,,,,,False
1769356220.654575,30.745574646,0.4905438142664292,0.3821638884367766,1.0,,,,,False
1769356220.658518,30.749517646,0.4906639211318072,0.3821500990125868,1.0,,,,,False
1769356220.662412,30.753411646000004,0.4917757370892693,0.3820659496166088,1.0,,,,,False
1769356220.670536,30.761535646,0.4924516116871553,0.3818475228768808,1.0,,,,,False
1769356220.674669,30.765668646,0.4923745884614832,0.3815841109664352,1.0,,,,,False
1769356220.678761,30.769760646,0.4921828438253963,0.3809642085322627,1.0,,,,,False
1769356220.682416,30.773415646000004,0.4921935025383444,0.3808063648365162,1.0,,,,,False
1769356220.690394,30.781393646,0.4923042970545151,0.3798358493381076,1.0,,,,,False
1769356220.694586,30.785585646,0.4924917782054228,0.3797887731481482,1.0,,,,,False
1769356220.698565,30.789564646,0.4932138218599207,0.3782883820710359,1.0,,,,,False
1769356220.702528,30.793527646,0.4933423995971679,0.3782331678602431,1.0,,,,,False
1769356220.7103992,30.801398646000003,0.4947400934555951,0.3774490356445312,1.0,,,,,False
1769356220.714617,30.805616646,0.4953889846801758,0.3778025874385127,1.0,,,,,False
1769356220.718585,30.809584646,0.4952168184168198,0.3778149074978298,1.0,,,,,False
1769356220.722507,30.813506646,0.4954121533562155,0.3777296278211806,1.0,,,,,False
1769356220.730403,30.821402646000003,0.4965883703792796,0.3763833505135995,1.0,,,,,False
1769356220.734886,30.825885646000003,0.4966918159933651,0.3762311017071759,1.0,,,,,False
1769356220.7385972,30.829596646,0.4968376159667969,0.3747191817672164,1.0,,,,,False
1769356220.742415,30.833414646,0.4968139424043543,0.3746700710720486,1.0,,,,,False
1769356220.750354,30.841353646,0.4992462606991039,0.3743615609628182,1.0,,,,,False
1769356220.754393,30.845392646,0.4992360507740694,0.374319005895544,1.0,,,,,False
1769356220.7583601,30.849359646000003,0.4996091057272518,0.3738698323567708,1.0,,,,,False
1769356220.76255,30.853549646,0.4995867224300609,0.3737790143048322,1.0,,,,,False
1769356220.770382,30.861381646,0.5002229353960823,0.3740104957863136,1.0,,,,,False
1769356220.7747,30.865699646000003,0.5014318578383502,0.3725257025824653,1.0,,,,,False
1769356220.778497,30.869496646,0.50135539559757,0.3700592041015624,1.0,,,,,False
1769356220.782372,30.873371646,0.5024815727682674,0.3653235541449653,1.0,,,,,False
1769356220.790551,30.881550646,0.508760508368997,0.3561916775173611,1.0,,,,,False
1769356220.794609,30.885608646,0.5099990508135628,0.3477762858072917,1.0,,,,,False
1769356220.798352,30.889351646,0.5158463646383846,0.3364335236725984,1.0,,,,,False
1769356220.802335,30.893334646000003,0.5260031644035789,0.3281468709309896,1.0,,,,,False
1769356220.810398,30.901397646000003,0.541842685026281,0.3147755940755208,1.0,,,,,False
1769356220.8145502,30.905549646,0.5422432282391716,0.3080700344509548,1.0,,,,,False
1769356220.818763,30.909762646,0.5441375059240005,0.3067311604817708,1.0,,,,,False
1769356220.822385,30.913384646,0.5416245180017808,0.3076646592881944,1.0,,,,,False
1769356220.830529,30.921528646,0.5427696564618278,0.3079200462058739,1.0,,,,,False
1769356220.8344162,30.925415646,0.5416222179637236,0.3069417882848668,1.0,,,,,False
1769356220.838571,30.929570646,0.5436697006225586,0.3105534306278935,1.0,,,,,False
1769356220.842407,30.933406646,0.5432390886194566,0.3079753169307002,1.0,,,,,False
1769356220.850553,30.941552646,0.5422760458553538,0.3090672810872396,1.0,,,,,False
1769356220.854413,30.945412646,0.5438171835506663,0.3059764720775463,1.0,,,,,False
1769356220.858684,30.949683646,0.5438369863173541,0.3071980229130497,1.0,,,,,False
1769356220.862484,30.953483646,0.5418450972613167,0.3075928864655671,1.0,,,,,False
1769356220.870392,30.961391646000003,0.5450296401977539,0.3032440185546875,1.0,,,,,False
1769356220.875133,30.966132646,0.5441844042609719,0.3032781530309606,1.0,,,,,False
1769356220.878493,30.969492646000003,0.5445335612577551,0.3026381316008391,1.0,,,,,False
1769356220.8828511,30.973850646,0.5439635445089901,0.3013011225947627,1.0,,,,,False
1769356220.89098,30.981979646000003,0.5446736391852883,0.3018901118525752,1.0,,,,,False
1769356220.89469,30.985689646,0.5462590385885799,0.303050062391493,1.0,,,,,False
1769356220.898505,30.989504646,0.5457345738130457,0.3039095843279803,1.0,,,,,False
1769356220.902401,30.993400646,0.5461829690372243,0.3067499231409143,1.0,,,,,False
1769356220.9104052,31.001404646,0.54534771863152,0.3059656213831019,1.0,,,,,False
1769356220.914473,31.005472646,0.5435971652760225,0.3031117757161458,1.0,,,,,False
1769356220.918514,31.009513646,0.5452011332792395,0.3059616088867187,1.0,,,,,False
1769356220.922383,31.013382646,0.5446790807387408,0.3057011357060185,1.0,,,,,False
1769356220.930422,31.021421646,0.5438696917365579,0.3046030115198206,1.0,,,,,False
1769356220.934508,31.025507646,0.5437149721033433,0.3031402587890625,1.0,,,,,False
1769356220.938416,31.029415646,0.5451851452098173,0.299974286114728,1.0,,,,,False
1769356220.9424171,31.033416646000003,0.546038964215447,0.2962536847149885,1.0,,,,,False
1769356220.95037,31.041369646000003,0.5498013776891372,0.2878552472149884,1.0,,,,,False
1769356220.9544,31.045399646000003,0.5487926146563362,0.2866576018156829,1.0,,,,,False
1769356220.958523,31.049522646000003,0.5507989771225873,0.2850906937210647,1.0,,,,,False
1769356220.962418,31.053417646000003,0.5532762303071863,0.2855928774233217,1.0,,,,,False
1769356220.9725761,31.063575646,0.5556751139023725,0.2911369606300636,1.0,,,,,False
1769356220.9745321,31.065531646,0.5547422521254596,0.2916342276114004,1.0,,,,,False
1769356220.978646,31.069645646,0.5526876449584961,0.292172184696904,1.0,,,,,False
1769356220.9823961,31.073395646,0.5525463328642004,0.289688562463831,1.0,,,,,False
1769356220.990555,31.081554646,0.5520317975212546,0.2929198653609665,1.0,,,,,False
1769356220.994556,31.085555646000003,0.5507072560927447,0.2913274129231771,1.0,,,,,False
1769356220.998565,31.089564646000003,0.5509228986852309,0.2918523717809607,1.0,,,,,False
1769356221.0023952,31.093394646000004,0.5515200671027688,0.292045819317853,1.0,,,,,False
1769356221.010581,31.101580646,0.5518453822416418,0.2906565348307292,1.0,,,,,False
1769356221.014558,31.105557646,0.5509548187255859,0.2897352995695891,1.0,,,,,False
1769356221.018563,31.109562646,0.5506258010864258,0.2886577464916088,1.0,,,,,False
1769356221.022562,31.113561646,0.5496648339664235,0.2896072952835647,1.0,,,,,False
1769356221.030509,31.121508646,0.548190621768727,0.2884012858072916,1.0,,,,,False
1769356221.034533,31.125532646000003,0.5475056031171013,0.2895320751048901,1.0,,,,,False
1769356221.038485,31.129484646,0.5469271154964671,0.2901758264612268,1.0,,,,,False
1769356221.042517,31.133516646,0.5474377800436581,0.2915947808159722,1.0,,,,,False
1769356221.050501,31.141500646,0.5466173957375919,0.291953870985243,1.0,,,,,False
1769356221.054558,31.145557646,0.5467715543859145,0.2934320520471644,1.0,,,,,False
1769356221.058526,31.149525646,0.5463289373061236,0.2927910698784722,1.0,,,,,False
1769356221.062623,31.153622646,0.546024995691636,0.2930066144024884,1.0,,,,,False
1769356221.070576,31.161575646000003,0.5465307796702665,0.2932079173900462,1.0,,,,,False
1769356221.074415,31.165414646,0.5463163151460535,0.294310223614728,1.0,,,,,False
1769356221.078496,31.169495646,0.5478525161743164,0.2936205828631365,1.0,,,,,False
1769356221.082345,31.173344646,0.5474106844733743,0.2925368697554976,1.0,,,,,False
1769356221.090387,31.181386646000004,0.5471195894129136,0.2925733213071469,1.0,,,,,False
1769356221.094526,31.185525646,0.5467570248772117,0.2931330362955729,1.0,,,,,False
1769356221.098364,31.189363646,0.5465982100542854,0.292510082103588,1.0,,,,,False
1769356221.102382,31.193381646,0.5471249187693876,0.2930106268988715,1.0,,,,,False
1769356221.1105301,31.201529646,0.550020554486443,0.2906470404730903,1.0,,,,,False
1769356221.114404,31.205403646,0.5499433068668141,0.29088705557364,1.0,,,,,False
1769356221.118365,31.209364646,0.5521372065824621,0.2917846114547164,1.0,,,,,False
1769356221.122328,31.213327646000003,0.5516543668859145,0.2923838297526041,1.0,,,,,False
1769356221.1305,31.221499646,0.5526900571935317,0.2936200177228009,1.0,,,,,False
1769356221.134577,31.225576646,0.5536117553710938,0.2940871627242477,1.0,,,,,False
1769356221.138351,31.229350646,0.554695353788488,0.2946056224681713,1.0,,,,,False
1769356221.142576,31.233575646,0.5545019261977252,0.2939563892505786,1.0,,,,,False
1769356221.1504881,31.241487646000003,0.5537416233735926,0.2948872318974247,1.0,,,,,False
1769356221.154404,31.245403646000003,0.5533582462983972,0.294839534053096,1.0,,,,,False
1769356221.158466,31.249465646,0.5539094139547909,0.2952069317853009,1.0,,,,,False
1769356221.162493,31.253492646,0.5535917282104492,0.2955935442889178,1.0,,,,,False
1769356221.170547,31.261546646000003,0.5530911613913143,0.2959732620804398,1.0,,,,,False
1769356221.174559,31.265558646,0.5535158830530503,0.2964231703016493,1.0,,,,,False
1769356221.17863,31.269629646,0.5533009697409237,0.2959681193033854,1.0,,,,,False
1769356221.182594,31.273593646,0.553070068359375,0.2954774079499421,1.0,,,,,False
1769356221.1904202,31.281419646000003,0.5523141973158893,0.2942424632884838,1.0,,,,,False
1769356221.194389,31.285388646,0.5516585742726046,0.2945720531322338,1.0,,,,,False
1769356221.19842,31.289419646,0.5513434129602769,0.2948844627097801,1.0,,,,,False
1769356221.206517,31.297516646,0.5507930306827321,0.2939374005353009,1.0,,,,,False
1769356221.210535,31.301534646,0.5506993462057674,0.2943497834382234,1.0,,,,,False
1769356221.214596,31.305595646,0.5500174129710478,0.2938439263237847,1.0,,,,,False
1769356221.218507,31.309506646000003,0.5500189837287454,0.2941199973777488,1.0,,,,,False
1769356221.226654,31.317653646000004,0.548390781178194,0.2943144621672453,1.0,,,,,False
1769356221.2305741,31.321573646,0.549110076006721,0.2941931265371816,1.0,,,,,False
1769356221.234394,31.325393646,0.5494070053100586,0.2926016913519965,1.0,,,,,False
1769356221.2385,31.329499646,0.5493086085600012,0.2910272668909144,1.0,,,,,False
1769356221.246491,31.337490646000003,0.5500479305491728,0.2908175998263889,1.0,,,,,False
1769356221.250339,31.341338646,0.5501813888549805,0.2903282448097511,1.0,,,,,False
1769356221.2546651,31.345664646000003,0.5502065770766315,0.2904719034830729,1.0,,,,,False
1769356221.258395,31.349394646,0.5500639186185949,0.2908389056170428,1.0,,,,,False
1769356221.266413,31.357412646,0.5519236957325655,0.2899579648618344,1.0,,,,,False
1769356221.270489,31.361488646,0.5517105214736041,0.2908054493091724,1.0,,,,,False
1769356221.274497,31.365496646,0.5515575408935547,0.2911220409252025,1.0,,,,,False
1769356221.27851,31.369509646,0.5513742671293371,0.2942450064199942,1.0,,,,,False
1769356221.286395,31.377394646000003,0.5501498615040499,0.309238914207176,1.0,,,,,False
1769356221.2905471,31.381546646,0.5494169347426471,0.3190127337420428,1.0,,,,,False
1769356221.294612,31.385611646,0.5484462064855239,0.3315219455295138,1.0,,,,,False
1769356221.298366,31.389365646,0.5447702968821806,0.3461002491138599,1.0,,,,,False
1769356221.306416,31.397415646,0.5375928317799288,0.371638771339699,1.0,,,,,False
1769356221.310532,31.401531646,0.5360679065479952,0.3708113493742766,1.0,,,,,False
1769356221.314555,31.405554646,0.5327940548167509,0.3752643726490162,1.0,,,,,False
1769356221.3183901,31.409389646,0.5313854778514189,0.3717851992006655,1.0,,,,,False
1769356221.326378,31.417377646,0.5309220482321346,0.3755187423140914,1.0,,,,,False
1769356221.330528,31.421527646,0.5293175192440257,0.3731059321650752,1.0,,,,,False
1769356221.334995,31.425994646000003,0.5283069049610811,0.3706946478949653,1.0,,,,,False
1769356221.338598,31.429597646,0.5280898599063649,0.3677973994502315,1.0,,,,,False
1769356221.346477,31.437476646,0.5244016647338867,0.3658738878038194,1.0,,,,,False
1769356221.350397,31.441396646,0.5249836865593406,0.3679049456561053,1.0,,,,,False
1769356221.354489,31.445488646,0.5246422150555778,0.3678249782986111,1.0,,,,,False
1769356221.3583891,31.449388646000003,0.5244366140926585,0.3680683842411747,1.0,,,,,False
1769356221.366413,31.457412646,0.5252203660852769,0.3720464635778356,1.0,,,,,False
1769356221.370405,31.461404646,0.5241691364961512,0.3707761411313657,1.0,,,,,False
1769356221.374581,31.465580646000003,0.5247908760519588,0.3710678100585938,1.0,,,,,False
1769356221.378511,31.469510646000003,0.5235698363360237,0.3683350739655671,1.0,,,,,False
1769356221.386853,31.477852646,0.5232425577500287,0.3709816826714409,1.0,,,,,False
1769356221.390481,31.481480646,0.5235555312212776,0.3693817138671875,1.0,,,,,False
1769356221.3944101,31.485409646,0.5240533492144417,0.3714598479094328,1.0,,,,,False
1769356221.398349,31.489348646000003,0.5230868283440085,0.3712189850983796,1.0,,,,,False
1769356221.4063761,31.497375646,0.5224777109482709,0.3684538099500868,1.0,,,,,False
1769356221.410373,31.501372646000004,0.522214552935432,0.3675660309968172,1.0,,,,,False
1769356221.414587,31.505586646,0.5225281995885512,0.3681524206090856,1.0,,,,,False
1769356221.418392,31.509391646,0.523089184480555,0.367713702166522,1.0,,,,,False
1769356221.426554,31.517553646000003,0.5234497294706457,0.3664441144024885,1.0,,,,,False
1769356221.430402,31.521401646,0.5239579817828011,0.3675545586480034,1.0,,,,,False
1769356221.43495,31.525949646,0.5244520411771887,0.3685168796115451,1.0,,,,,False
1769356221.4383562,31.529355646000003,0.524620392743279,0.3673315542715567,1.0,,,,,False
1769356221.446532,31.537531646,0.5250478071324965,0.3690732037579571,1.0,,,,,False
1769356221.450391,31.541390646000004,0.5246377271764419,0.3702060840747975,1.0,,,,,False
1769356221.4544861,31.545485646000003,0.5250119040994083,0.3709377712673611,1.0,,,,,False
1769356221.458654,31.549653646000003,0.5253524780273438,0.3707090024594908,1.0,,,,,False
1769356221.4667041,31.557703646,0.5251068227431354,0.3695183082863137,1.0,,,,,False
1769356221.470396,31.561395646,0.5247451557832605,0.3693492748119212,1.0,,,,,False
1769356221.474538,31.565537646000003,0.5249323564417222,0.3674918845847801,1.0,,,,,False
1769356221.478337,31.569336646000004,0.525363473331227,0.3658728140371817,1.0,,,,,False
1769356221.486397,31.577396646,0.5249392565558938,0.3622962103949653,1.0,,,,,False
1769356221.490396,31.581395646,0.5247247359331917,0.360225592719184,1.0,,,,,False
1769356221.494406,31.585405646,0.524391679202809,0.3542268541124131,1.0,,,,,False
1769356221.498553,31.589552646,0.5238887562471277,0.3455168547453704,1.0,,,,,False
1769356221.506396,31.597395646000003,0.5234645955702838,0.3309290568033854,1.0,,,,,False
1769356221.51039,31.601389646,0.5237875545726103,0.3282704106083622,1.0,,,,,False
1769356221.5144181,31.605417646000003,0.5233343348783606,0.3278008355034723,1.0,,,,,False
1769356221.518387,31.609386646,0.5232741411994485,0.3284469604492187,1.0,,,,,False
1769356221.526416,31.617415646,0.52357219247257,0.3276399400499131,1.0,,,,,False
1769356221.530406,31.621405646000003,0.522745693431181,0.3265866880063657,1.0,,,,,False
1769356221.534531,31.625530646,0.5223825118120979,0.3255973533347801,1.0,,,,,False
1769356221.538386,31.629385646000003,0.5208585402544808,0.3247663144712095,1.0,,,,,False
1769356221.546554,31.637553646,0.5194861468146829,0.324942468713831,1.0,,,,,False
1769356221.550406,31.641405646000003,0.5197170481962317,0.3252855088975694,1.0,,,,,False
1769356221.554791,31.645790646,0.519627010121065,0.3250541969581887,1.0,,,,,False
1769356221.5585191,31.649518646,0.519502695868997,0.3256489506474247,1.0,,,,,False
1769356221.56677,31.657769646,0.5178172728594612,0.3260339807581018,1.0,,,,,False
1769356221.57055,31.661549646,0.5182486141429228,0.3260317767107928,1.0,,,,,False
1769356221.574418,31.665417646,0.5166871126960305,0.3266062418619792,1.0,,,,,False
1769356221.57868,31.669679646,0.516074909883387,0.3268581249095775,1.0,,,,,False
1769356221.5864952,31.677494646000003,0.5170058082131779,0.3248274626555266,1.0,,,,,False
1769356221.590385,31.681384646,0.5173303379732019,0.3255269368489583,1.0,,,,,False
1769356221.5944881,31.685487646,0.5175545636345359,0.3247320669668692,1.0,,,,,False
1769356221.598372,31.689371646,0.5171338810640222,0.324661706995081,1.0,,,,,False
1769356221.606497,31.697496646,0.5176931269028607,0.321738123010706,1.0,,,,,False
1769356221.610498,31.701497646000004,0.5179795657887178,0.3213920875831887,1.0,,,,,False
1769356221.6143801,31.705379646,0.5177602206959444,0.3221455891927083,1.0,,,,,False
1769356221.618503,31.709502646,0.5173015594482422,0.3229041205512153,1.0,,,,,False
1769356221.626764,31.717763646,0.5176873487584731,0.3239109180591725,1.0,,,,,False
1769356221.6303651,31.721364646,0.5167386111091165,0.3243833753797743,1.0,,,,,False
1769356221.6348941,31.725893646000003,0.5170053033267751,0.3224676061559606,1.0,,,,,False
1769356221.6384962,31.729495646000004,0.5171082440544578,0.322471449110243,1.0,,,,,False
1769356221.646351,31.737350646000003,0.5165748596191406,0.3233060483579282,1.0,,,,,False
1769356221.6505141,31.741513646,0.5146243712481331,0.3238031457971644,1.0,,,,,False
1769356221.655158,31.746157646,0.5149106979370117,0.322437823260272,1.0,,,,,False
1769356221.658391,31.749390646,0.513848248650046,0.3224241468641493,1.0,,,,,False
1769356221.6664991,31.757498646,0.5134141585406136,0.3224216602466724,1.0,,,,,False
1769356221.670676,31.761675646,0.5137494592105641,0.3228998819986979,1.0,,,,,False
1769356221.674519,31.765518646,0.5135896346148323,0.3232076574254918,1.0,,,,,False
1769356221.678524,31.769523646000003,0.5130791383631089,0.3234975744176793,1.0,,,,,False
1769356221.686397,31.777396646000003,0.5120722265804515,0.3233423303674768,1.0,,,,,False
1769356221.690388,31.781387646,0.5104260725133559,0.3236738982024016,1.0,,,,,False
1769356221.694417,31.785416646,0.5105815775254193,0.3239863077799479,1.0,,,,,False
1769356221.69838,31.789379646,0.5109802694881663,0.3258925826461226,1.0,,,,,False
1769356221.706399,31.797398646,0.5114395478192497,0.3375969215675637,1.0,,,,,False
1769356221.710499,31.801498646,0.510591563056497,0.3391172055844907,1.0,,,,,False
1769356221.714528,31.805527646,0.5103587543263155,0.3438844468858507,1.0,,,,,False
1769356221.71838,31.809379646000004,0.5093161078060374,0.3561159487123843,1.0,,,,,False
1769356221.726648,31.817647646,0.5084899453555837,0.377151037145544,1.0,,,,,False
1769356221.730495,31.821494646,0.5065792308134192,0.3813007496021412,1.0,,,,,False
1769356221.734627,31.825626646000003,0.5064353942871094,0.3887728090639467,1.0,,,,,False
1769356221.738408,31.829407646000003,0.5041253706988167,0.3988785355179398,1.0,,,,,False
1769356221.746519,31.837518646000003,0.4983678144567153,0.4052458021375867,1.0,,,,,False
1769356221.750467,31.841466646,0.4986210430369657,0.4030368946216724,1.0,,,,,False
1769356221.754407,31.845406646,0.498228297514074,0.4022896095558449,1.0,,,,,False
1769356221.758413,31.849412646,0.4989172430599437,0.4042051527235243,1.0,,,,,False
1769356221.766489,31.857488646000004,0.4980874342076918,0.4017279165762442,1.0,,,,,False
1769356221.7707632,31.861762646000003,0.4985140632180607,0.4011432223849827,1.0,,,,,False
1769356221.774943,31.865942646,0.4971877266378963,0.4031314991138599,1.0,,,,,False
1769356221.778532,31.869531646,0.4971978243659524,0.4037391945167824,1.0,,,,,False
1769356221.786416,31.877415646000003,0.4967058406156652,0.400083245171441,1.0,,,,,False
1769356221.790373,31.881372646000003,0.4960519566255457,0.3996239556206598,1.0,,,,,False
1769356221.794401,31.885400646,0.4959064932430492,0.3998465643988715,1.0,,,,,False
1769356221.7984831,31.889482646,0.4968456941492417,0.3998886673538773,1.0,,,,,False
1769356221.806349,31.897348646,0.4982490539550781,0.3984638355396411,1.0,,,,,False
1769356221.810525,31.901524646,0.4981164932250976,0.3965411716037326,1.0,,,,,False
1769356221.814552,31.905551646000003,0.4974442089305204,0.3952373928493924,1.0,,,,,False
1769356221.818422,31.909421646,0.4973274679744945,0.3954999570493345,1.0,,,,,False
1769356221.8266242,31.917623646000003,0.4969217076021082,0.3913687811957465,1.0,,,,,False
1769356221.831938,31.922937646,0.4966488445506376,0.390580579969618,1.0,,,,,False
1769356221.834608,31.925607646000003,0.496674705954159,0.3893531516746238,1.0,,,,,False
1769356221.83849,31.929489646,0.4966287612915039,0.392603443287037,1.0,,,,,False
1769356221.846503,31.937502646,0.4960775936351103,0.3918186329029224,1.0,,,,,False
1769356221.850414,31.941413646,0.495334176456227,0.3907741405345776,1.0,,,,,False
1769356221.856808,31.947807646,0.4960967232199276,0.3925003051757812,1.0,,,,,False
1769356221.858411,31.949410646,0.4962143056532916,0.3918033741138599,1.0,,,,,False
1769356221.866622,31.957621646000003,0.4972081464879653,0.3951837610315394,1.0,,,,,False
1769356221.870413,31.961412646000003,0.4972232930800494,0.3945343017578124,1.0,,,,,False
1769356221.874398,31.965397646000003,0.4975023830638212,0.3931663230613426,1.0,,,,,False
1769356221.878624,31.969623646,0.4978872186997357,0.3923377708152488,1.0,,,,,False
1769356221.886403,31.977402646,0.4990559746237362,0.3907737449363425,1.0,,,,,False
1769356221.890378,31.981377646,0.499080545762006,0.3901792738172743,1.0,,,,,False
1769356221.894421,31.985420646,0.4991998672485351,0.389440013744213,1.0,,,,,False
1769356221.898646,31.989645646000003,0.4985804277307847,0.3891984727647569,1.0,,,,,False
1769356221.906389,31.997388646,0.4992582657757927,0.3888600667317708,1.0,,,,,False
1769356221.9105,32.001499646,0.4994744132546818,0.3884480794270833,1.0,,,,,False
1769356221.914609,32.005608646,0.4995709587545955,0.3884483054832176,1.0,,,,,False
1769356221.918416,32.009415646,0.4997163660386029,0.3891276606807002,1.0,,,,,False
1769356221.9265811,32.017580646,0.5000740500057445,0.389289629900897,1.0,,,,,False
1769356221.9303641,32.021363646000005,0.500223720774931,0.389055096661603,1.0,,,,,False
1769356221.934904,32.025903646,0.500376308665556,0.3885672110098379,1.0,,,,,False
1769356221.93854,32.029539646,0.5004720687866211,0.3880242241753472,1.0,,,,,False
1769356221.946389,32.037388646000004,0.5003531399895164,0.3887555722837095,1.0,,,,,False
1769356221.950393,32.041392646,0.5004298827227425,0.3885142573603877,1.0,,,,,False
1769356221.954395,32.045394646000005,0.5002027399399701,0.3881188851815683,1.0,,,,,False
1769356221.958494,32.049493646,0.4996800703160903,0.3880321926540798,1.0,,,,,False
1769356221.9664211,32.057420646000004,0.4989103429457721,0.3871933548538773,1.0,,,,,False
1769356221.9709601,32.061959646000005,0.4975732915541705,0.3871736879701968,1.0,,,,,False
1769356221.9745781,32.065577646,0.4977021497838637,0.388146577058015,1.0,,,,,False
1769356221.982379,32.073378646,0.4961067648494945,0.3881671481662326,1.0,,,,,False
1769356221.986982,32.077981646000005,0.4960943670833812,0.389103416160301,1.0,,,,,False
1769356221.990598,32.081597646,0.4961928199319279,0.3892226042570891,1.0,,,,,False
1769356221.994487,32.085486646,0.4962281619801241,0.3888108995225694,1.0,,,,,False
1769356222.002365,32.093364646000005,0.4966764450073242,0.3893425270363136,1.0,,,,,False
1769356222.006393,32.097392646,0.4963323929730583,0.3895117300528067,1.0,,,,,False
1769356222.010544,32.101543646,0.4959697723388672,0.3899821528682002,1.0,,,,,False
1769356222.014565,32.105564646000005,0.4955425823436064,0.3899408976236979,1.0,,,,,False
1769356222.022367,32.113366646,0.4951274535235236,0.3897974650065104,1.0,,,,,False
1769356222.026413,32.117412646000005,0.49536553551169,0.3896239669234664,1.0,,,,,False
1769356222.030693,32.121692646,0.4956107420079848,0.3909570199471933,1.0,,,,,False
1769356222.034421,32.125420646,0.4954922619987936,0.3917423954716434,1.0,,,,,False
1769356222.042368,32.133367646,0.4954468783210305,0.39117431640625,1.0,,,,,False
1769356222.0464041,32.137403646,0.4948464000926298,0.3911303484881365,1.0,,,,,False
1769356222.050417,32.141416646,0.4948263168334961,0.3913575914171007,1.0,,,,,False
1769356222.054563,32.145562646,0.4953178517958697,0.3918803462275753,1.0,,,,,False
1769356222.062529,32.153528646000005,0.4950669793521656,0.3932756777162904,1.0,,,,,False
1769356222.0665011,32.157500646,0.4952413895550896,0.3932409215856481,1.0,,,,,False
1769356222.070403,32.161402646,0.4952363967895508,0.3938919067382812,1.0,,,,,False
1769356222.074341,32.165340646000004,0.4953895456650677,0.3947553281430844,1.0,,,,,False
1769356222.082406,32.173405646,0.4956422693589154,0.3949430112485532,1.0,,,,,False
1769356222.086473,32.177472646000005,0.4957214804256664,0.3947721128110533,1.0,,,,,False
1769356222.09042,32.181419646,0.4958966199089499,0.3957018251772279,1.0,,,,,False
1769356222.094507,32.185506646,0.49616319992963,0.3957078156647858,1.0,,,,,False
1769356222.102534,32.193533646,0.4963801327873678,0.3955326786747685,1.0,,,,,False
1769356222.106575,32.197574646,0.4963148902444279,0.3953366314923322,1.0,,,,,False
1769356222.110413,32.201412646,0.4974413479075712,0.3958856653284144,1.0,,,,,False
1769356222.114532,32.205531646000004,0.4975102368523093,0.3959197998046875,1.0,,,,,False
1769356222.122592,32.213591646000005,0.4974196938907398,0.3973246821650752,1.0,,,,,False
1769356222.1265411,32.217540646,0.4977796217974494,0.3972867047345196,1.0,,,,,False
1769356222.130559,32.221558646000005,0.4978834601009593,0.3969994439019098,1.0,,,,,False
1769356222.1343842,32.225383646000004,0.4980478847728056,0.3978046558521412,1.0,,,,,False
1769356222.14259,32.233589646,0.4977191476260914,0.3979502360026041,1.0,,,,,False
1769356222.1464942,32.237493646000004,0.4979451684390797,0.3979014643916377,1.0,,,,,False
1769356222.15034,32.241339646,0.4979661492740406,0.3975458215784143,1.0,,,,,False
1769356222.154632,32.245631646,0.4982069239896886,0.3972603691948785,1.0,,,,,False
1769356222.162544,32.253543646000004,0.4978825625251321,0.3972055505823206,1.0,,,,,False
1769356222.166609,32.257608646,0.4981410082648782,0.3971247355143229,1.0,,,,,False
1769356222.17055,32.261549646,0.4976305120131549,0.3982552422417534,1.0,,,,,False
1769356222.174535,32.265534646,0.4972521277034984,0.3988279554578993,1.0,,,,,False
