gaze_timestamp,world_index,confidence,norm_pos_x,norm_pos_y,base_data,gaze_point_3d_x,gaze_point_3d_y,gaze_point_3d_z,eye_center0_3d_x,eye_center0_3d_y,eye_center0_3d_z,gaze_normal0_x,gaze_normal0_y,gaze_normal0_z,eye_center1_3d_x,eye_center1_3d_y,eye_center1_3d_z,gaze_normal1_x,gaze_normal1_y,gaze_normal1_z
2.3393997410000003,4,1.0,0.5778758666094612,0.3086763735170718,,,,,,,,,,,,,,,,
2.343407741,4,1.0,0.5793823354384479,0.3081578572591146,,,,,,,,,,,,,,,,
2.351378741,4,1.0,0.5795788484461167,0.3084301418728299,,,,,,,,,,,,,,,,
2.355662741,4,1.0,0.5799511741189396,0.30785369873046875,,,,,,,,,,,,,,,,
2.359547741,4,1.0,0.5803856569177964,0.30735993561921293,,,,,,,,,,,,,,,,
2.363404741,4,1.0,0.5809831619262695,0.3074337994610822,,,,,,,,,,,,,,,,
2.3729817410000003,4,1.0,0.5810329212861902,0.30753139919704864,,,,,,,,,,,,,,,,
2.375452741,4,1.0,0.5810287138995003,0.3072934186017072,,,,,,,,,,,,,,,,
2.379368741,5,1.0,0.5809143851785099,0.30733964708116324,,,,,,,,,,,,,,,,
2.3837017410000003,5,1.0,0.5807390213012695,0.3071905630606192,,,,,,,,,,,,,,,,
2.391420741,5,1.0,0.5829712923835305,0.30661174632884836,,,,,,,,,,,,,,,,
2.395395741,5,1.0,0.5824991674984202,0.30677755850332755,,,,,,,,,,,,,,,,
2.399697741,5,1.0,0.5824376835542566,0.30607333713107643,,,,,,,,,,,,,,,,
2.403414741,5,1.0,0.5824318493113798,0.30509264910662615,,,,,,,,,,,,,,,,
2.411388741,5,1.0,0.5839296789730296,0.305404210973669,,,,,,,,,,,,,,,,
2.415509741,5,1.0,0.5832294015323415,0.30422606291594334,,,,,,,,,,,,,,,,
2.419369741,6,1.0,0.5826256695915671,0.30438396312572336,,,,,,,,,,,,,,,,
2.423560741,6,1.0,0.5825566123513615,0.30464291042751734,,,,,,,,,,,,,,,,
2.4314087410000003,6,1.0,0.5818561666152057,0.30534922281901045,,,,,,,,,,,,,,,,
2.439410741,6,1.0,0.5817854264203239,0.30533351191767943,,,,,,,,,,,,,,,,
2.4433807410000004,6,1.0,0.5807519239537856,0.3049069439923322,,,,,,,,,,,,,,,,
2.451398741,6,1.0,0.578501869650448,0.3051085860640914,,,,,,,,,,,,,,,,
2.4554147410000002,6,1.0,0.5780722674201516,0.3054142704716435,,,,,,,,,,,,,,,,
2.459394741,6,1.0,0.5771304859834558,0.3056477299442998,,,,,,,,,,,,,,,,
2.4634497410000002,7,1.0,0.5767544578103458,0.30633612738715277,,,,,,,,,,,,,,,,
2.473097741,7,1.0,0.5727587868185604,0.3065070258246527,,,,,,,,,,,,,,,,
2.475412741,7,1.0,0.5718447741340188,0.3067545572916667,,,,,,,,,,,,,,,,
2.479451741,7,1.0,0.5702096714692957,0.3073469373914931,,,,,,,,,,,,,,,,
2.4835767410000003,7,1.0,0.5683888828053194,0.3073051170066551,,,,,,,,,,,,,,,,
2.491420741,7,1.0,0.5684397080365349,0.30787743462456596,,,,,,,,,,,,,,,,
2.495534741,7,1.0,0.5682449901805204,0.3077616373697917,,,,,,,,,,,,,,,,
2.4993897410000003,7,1.0,0.5667998370002297,0.3077961674442997,,,,,,,,,,,,,,,,
2.5034747410000002,7,1.0,0.5669225804946002,0.3083680329499421,,,,,,,,,,,,,,,,
2.511410741,8,1.0,0.5668743357938879,0.3098089712637442,,,,,,,,,,,,,,,,
2.515533741,8,1.0,0.56548932019402,0.31010996500651045,,,,,,,,,,,,,,,,
2.519388741,8,1.0,0.5640047858743107,0.31010318332248266,,,,,,,,,,,,,,,,
2.523438741,8,1.0,0.5636897928574506,0.31038694028501157,,,,,,,,,,,,,,,,
2.531482741,8,1.0,0.5635846642886891,0.31163550482855906,,,,,,,,,,,,,,,,
2.535429741,8,1.0,0.5637794382431928,0.31274137143735536,,,,,,,,,,,,,,,,
2.5393857410000003,8,1.0,0.5635665444766774,0.3132800632052951,,,,,,,,,,,,,,,,
2.5434397410000003,9,1.0,0.5631947236902574,0.31419050428602435,,,,,,,,,,,,,,,,
2.5514017410000003,9,1.0,0.5629822787116555,0.31410482901114,,,,,,,,,,,,,,,,
2.555403741,9,1.0,0.5634711209465476,0.3140648735894097,,,,,,,,,,,,,,,,
2.559467741,9,1.0,0.5638887741986442,0.3149818137839988,,,,,,,,,,,,,,,,
2.563394741,9,1.0,0.564275909872616,0.3157729537398727,,,,,,,,,,,,,,,,
2.571405741,9,1.0,0.5649499893188477,0.3167098433883102,,,,,,,,,,,,,,,,
2.5753827410000003,9,1.0,0.5646073397468118,0.31734432644314237,,,,,,,,,,,,,,,,
2.579546741,10,1.0,0.563880583819221,0.31764729817708337,,,,,,,,,,,,,,,,
2.584784741,10,1.0,0.5642433166503906,0.31852682608145255,,,,,,,,,,,,,,,,
2.591632741,10,1.0,0.5636251673978918,0.3181766086154514,,,,,,,,,,,,,,,,
2.595390741,10,1.0,0.5631589328541475,0.31878215648509833,,,,,,,,,,,,,,,,
2.5994587410000003,10,1.0,0.5634895212510053,0.3191773591218171,,,,,,,,,,,,,,,,
2.603390741,10,1.0,0.5638017654418945,0.32008429633246527,,,,,,,,,,,,,,,,
2.611371741,10,1.0,0.5642046647913316,0.3223456488715277,,,,,,,,,,,,,,,,
2.615425741,10,1.0,0.5652274524464327,0.3230580082646123,,,,,,,,,,,,,,,,
2.619400741,11,1.0,0.5653033537023208,0.3231682671440972,,,,,,,,,,,,,,,,
2.623392741,11,1.0,0.5662519791546989,0.3242000438548901,,,,,,,,,,,,,,,,
2.6313827410000004,11,1.0,0.5655669044045841,0.3244075633861401,,,,,,,,,,,,,,,,
2.635476741,11,1.0,0.5659393422743854,0.3243581136067708,,,,,,,,,,,,,,,,
2.639424741,11,1.0,0.5660940619075999,0.32476654052734377,,,,,,,,,,,,,,,,
2.643349741,11,1.0,0.5668601989746094,0.3243833188657408,,,,,,,,,,,,,,,,
2.651386741,11,1.0,0.5671261619119083,0.32495580602575236,,,,,,,,,,,,,,,,
2.6554517410000003,11,1.0,0.5673467972699333,0.3260993674949363,,,,,,,,,,,,,,,,
2.659370741,11,1.0,0.5687412935144761,0.3258405897352431,,,,,,,,,,,,,,,,
2.663462741,12,1.0,0.5688154557171989,0.32598650896990744,,,,,,,,,,,,,,,,
2.671424741,12,1.0,0.5689132914823645,0.3261945371274595,,,,,,,,,,,,,,,,
2.6754677410000003,12,1.0,0.5686816047219669,0.32606122052228004,,,,,,,,,,,,,,,,
2.6796107410000003,12,1.0,0.5686803705552045,0.3258047033239294,,,,,,,,,,,,,,,,
2.6834077410000003,12,1.0,0.5685028749353745,0.3271384910300926,,,,,,,,,,,,,,,,
2.691405741,12,1.0,0.5690983603982365,0.32923001889829284,,,,,,,,,,,,,,,,
2.695409741,12,1.0,0.5693360496969784,0.3298424614800347,,,,,,,,,,,,,,,,
2.699406741,12,1.0,0.569792859694537,0.32955576578776047,,,,,,,,,,,,,,,,
2.703396741,13,1.0,0.5697696910184973,0.329386732313368,,,,,,,,,,,,,,,,
2.711430741,13,1.0,0.570224313174977,0.32977713125723385,,,,,,,,,,,,,,,,
2.7154897410000003,13,1.0,0.5709040585686179,0.32994842529296875,,,,,,,,,,,,,,,,
2.719404741,13,1.0,0.5716254290412454,0.32964810971860536,,,,,,,,,,,,,,,,
2.7234067410000002,13,1.0,0.571777624242446,0.3297200520833333,,,,,,,,,,,,,,,,
2.731398741,13,1.0,0.5717910878798541,0.32976390697337965,,,,,,,,,,,,,,,,
2.7353687410000003,13,1.0,0.5729021184584674,0.3302332560221354,,,,,,,,,,,,,,,,
2.7394357410000003,13,1.0,0.5733420989092659,0.33275711624710647,,,,,,,,,,,,,,,,
2.743379741,13,1.0,0.5725206487319049,0.33560310646339697,,,,,,,,,,,,,,,,
2.751373741,14,1.0,0.5722561443553251,0.3395004837601273,,,,,,,,,,,,,,,,
2.755395741,14,1.0,0.5722248974968406,0.3426566795066551,,,,,,,,,,,,,,,,
2.7594487410000004,14,1.0,0.5721478181726792,0.34309974952980327,,,,,,,,,,,,,,,,
2.763437741,14,1.0,0.5720958148731905,0.3429454097041378,,,,,,,,,,,,,,,,
2.771405741,14,1.0,0.5742888170130113,0.41344214545355906,,,,,,,,,,,,,,,,
2.7753717410000003,14,1.0,0.5741914300357595,0.39974670410156254,,,,,,,,,,,,,,,,
2.7793947410000004,14,1.0,0.5740549424115349,0.38805801956741903,,,,,,,,,,,,,,,,
2.7833627410000004,14,1.0,0.573918062097886,0.3790678236219618,,,,,,,,,,,,,,,,
2.7914067410000003,15,1.0,0.5738157384535846,0.367660974573206,,,,,,,,,,,,,,,,
2.7954067410000003,15,1.0,0.5737660351921531,0.3633192839445891,,,,,,,,,,,,,,,,
2.799366741,15,1.0,0.5737388835233801,0.35992691605179394,,,,,,,,,,,,,,,,
2.803405741,15,1.0,0.5731749254114488,0.35741520634403934,,,,,,,,,,,,,,,,
2.8113977410000004,15,1.0,0.5730444403255687,0.35413976598668984,,,,,,,,,,,,,,,,
2.815481741,15,1.0,0.573086233700023,0.353892347547743,,,,,,,,,,,,,,,,
2.819373741,15,1.0,0.5729031843297622,0.35282558865017366,,,,,,,,,,,,,,,,
2.823344741,15,1.0,0.5728529761819279,0.35202048972800926,,,,,,,,,,,,,,,,
2.831379741,16,1.0,0.5719938278198242,0.3548197428385417,,,,,,,,,,,,,,,,
2.8354097410000003,16,1.0,0.5721748015459847,0.35388098822699654,,,,,,,,,,,,,,,,
2.8394797410000003,16,1.0,0.5718721501967486,0.3533614547164352,,,,,,,,,,,,,,,,
2.8433877410000004,16,1.0,0.5707189896527458,0.3536024305555555,,,,,,,,,,,,,,,,
2.8514737410000004,16,1.0,0.5689061108757468,0.3549660011574074,,,,,,,,,,,,,,,,
2.8554227410000004,16,1.0,0.5683242573457605,0.3546060632776331,,,,,,,,,,,,,,,,
2.859378741,16,1.0,0.5668806749231675,0.35543625443070026,,,,,,,,,,,,,,,,
2.863443741,16,1.0,0.5660155801212087,0.35501121238425926,,,,,,,,,,,,,,,,
2.871384741,17,1.0,0.5644086388980641,0.35646237973813655,,,,,,,,,,,,,,,,
2.8753867410000002,17,1.0,0.5645906223970301,0.35876883047598385,,,,,,,,,,,,,,,,
2.879388741,17,1.0,0.5644167731789982,0.35935324209707753,,,,,,,,,,,,,,,,
2.8854677410000003,17,1.0,0.5646321913775276,0.3612469708478009,,,,,,,,,,,,,,,,
2.8913897410000002,17,1.0,0.5626295314115637,0.36242952700014464,,,,,,,,,,,,,,,,
2.895473741,17,1.0,0.5607013702392578,0.36182861328125004,,,,,,,,,,,,,,,,
2.899395741,17,1.0,0.5609957190120921,0.3631371957284433,,,,,,,,,,,,,,,,
2.903379741,17,1.0,0.5605114207548254,0.3630563241464121,,,,,,,,,,,,,,,,
2.911376741,18,1.0,0.5608139599070829,0.36371171739366315,,,,,,,,,,,,,,,,
2.915436741,18,1.0,0.5602608849020565,0.3637910630967882,,,,,,,,,,,,,,,,
2.9194377410000003,18,1.0,0.5590760287116555,0.364139641655816,,,,,,,,,,,,,,,,
2.923417741,18,1.0,0.5585864010979148,0.3642758969907407,,,,,,,,,,,,,,,,
2.9313837410000003,18,1.0,0.5587843165678137,0.36506172462745945,,,,,,,,,,,,,,,,
2.9353897410000003,18,1.0,0.5567175360286937,0.36492264359085647,,,,,,,,,,,,,,,,
2.939414741,18,1.0,0.5566800061394187,0.3641859266493056,,,,,,,,,,,,,,,,
2.947409741,18,1.0,0.5556740480310777,0.36680077446831594,,,,,,,,,,,,,,,,
2.951385741,19,1.0,0.5556498695822323,0.36724497477213547,,,,,,,,,,,,,,,,
2.955423741,19,1.0,0.5540640774895164,0.36799175121166083,,,,,,,,,,,,,,,,
2.9593767410000003,19,1.0,0.5543377259198357,0.36732629846643516,,,,,,,,,,,,,,,,
2.9673987410000002,19,1.0,0.5537986755371094,0.36841882776331014,,,,,,,,,,,,,,,,
2.971426741,19,1.0,0.5538952771355125,0.36919843885633685,,,,,,,,,,,,,,,,
2.975388741,19,1.0,0.5540370380177218,0.36832303647641784,,,,,,,,,,,,,,,,
2.9793957410000003,19,1.0,0.5548561881570255,0.36790505868417245,,,,,,,,,,,,,,,,
2.987388741,20,1.0,0.555292522206026,0.3664574517144097,,,,,,,,,,,,,,,,
2.9913997410000004,20,1.0,0.557591999278349,0.3656846223054109,,,,,,,,,,,,,,,,
2.995407741,20,1.0,0.5576693590949563,0.36506347656250004,,,,,,,,,,,,,,,,
2.999358741,20,1.0,0.557830530054429,0.36468308060257526,,,,,,,,,,,,,,,,
3.0074537410000004,20,1.0,0.5581571915570427,0.3648825186270255,,,,,,,,,,,,,,,,
3.011394741,20,1.0,0.5582883498247933,0.36444272641782405,,,,,,,,,,,,,,,,
3.0153737410000003,20,1.0,0.5582550273222082,0.3639645611798322,,,,,,,,,,,,,,,,
3.0193677410000004,20,1.0,0.5573070189532112,0.3640988950376157,,,,,,,,,,,,,,,,
3.027364741,21,1.0,0.5567611806532916,0.3641247784649885,,,,,,,,,,,,,,,,
3.0313737410000003,21,1.0,0.5569619571461397,0.36373138427734375,,,,,,,,,,,,,,,,
3.0353987410000003,21,1.0,0.5551974913653206,0.36469127513744215,,,,,,,,,,,,,,,,
3.039437741,21,1.0,0.5552011938656077,0.3648258350513599,,,,,,,,,,,,,,,,
3.048592741,21,1.0,0.555780242471134,0.3655727245189525,,,,,,,,,,,,,,,,
3.051410741,21,1.0,0.555612283594468,0.36528241192853006,,,,,,,,,,,,,,,,
3.055526741,21,1.0,0.5543550603529986,0.3657503481264468,,,,,,,,,,,,,,,,
3.059387741,21,1.0,0.553372439216165,0.3657602380823206,,,,,,,,,,,,,,,,
3.0673607410000003,22,1.0,0.5503304425407859,0.3674931278935185,,,,,,,,,,,,,,,,
3.071415741,22,1.0,0.5493906806497013,0.3670273392288773,,,,,,,,,,,,,,,,
3.0754047410000003,22,1.0,0.5483769809498507,0.3666841295030382,,,,,,,,,,,,,,,,
3.0793987410000003,22,1.0,0.5488455155316521,0.3672307897497107,,,,,,,,,,,,,,,,
3.087448741,22,1.0,0.5475285473991843,0.3671110365125868,,,,,,,,,,,,,,,,
3.0916277410000004,22,1.0,0.5468283260569853,0.36692233615451386,,,,,,,,,,,,,,,,
3.0953887410000003,22,1.0,0.5459840437945198,0.3667022139937789,,,,,,,,,,,,,,,,
3.099370741,22,1.0,0.5449972152709961,0.3664196438259548,,,,,,,,,,,,,,,,
3.107422741,23,1.0,0.5429731817806468,0.367308666087963,,,,,,,,,,,,,,,,
3.1113757410000003,23,1.0,0.5400951609892004,0.36803181966145837,,,,,,,,,,,,,,,,
3.115507741,23,1.0,0.5378430310417625,0.36781457971643516,,,,,,,,,,,,,,,,
3.119373741,23,1.0,0.5373820136575138,0.3676866319444444,,,,,,,,,,,,,,,,
3.1296127410000003,23,1.0,0.5373539083144244,0.36811110885054976,,,,,,,,,,,,,,,,
3.131396741,23,1.0,0.537847126231474,0.36829138861762156,,,,,,,,,,,,,,,,
3.1354017410000004,23,1.0,0.5378302966847139,0.3709855256257234,,,,,,,,,,,,,,,,
3.139368741,23,1.0,0.5354418474085191,0.3708238389756945,,,,,,,,,,,,,,,,
3.147392741,24,1.0,0.5341545553768382,0.3713336520724826,,,,,,,,,,,,,,,,
3.1513977410000003,24,1.0,0.5317480984856101,0.3719476205331308,,,,,,,,,,,,,,,,
3.155389741,24,1.0,0.5330621494966394,0.3722372549551505,,,,,,,,,,,,,,,,
3.159409741,24,1.0,0.5337673075058881,0.3722625167281539,,,,,,,,,,,,,,,,
3.167415741,24,1.0,0.5342246223898495,0.3729293823242188,,,,,,,,,,,,,,,,
3.1713757410000003,24,1.0,0.5331824246574851,0.3727923357928241,,,,,,,,,,,,,,,,
3.175427741,24,1.0,0.5333085340612075,0.3732546771014178,,,,,,,,,,,,,,,,
3.179389741,24,1.0,0.5335215961231905,0.37351339834707753,,,,,,,,,,,,,,,,
3.187370741,25,1.0,0.5326573427985696,0.37321918628833917,,,,,,,,,,,,,,,,
3.191383741,25,1.0,0.5331050087423885,0.3729389897099248,,,,,,,,,,,,,,,,
3.195415741,25,1.0,0.5320810991175035,0.37322868064597803,,,,,,,,,,,,,,,,
3.1994207410000004,25,1.0,0.5321832544663373,0.37357929371021414,,,,,,,,,,,,,,,,
3.2075567410000003,25,1.0,0.5290065092198989,0.37425271493417245,,,,,,,,,,,,,,,,
3.2114557410000004,25,1.0,0.5301288155948415,0.37388147424768514,,,,,,,,,,,,,,,,
3.215678741,25,1.0,0.5299645031199736,0.37353080466941546,,,,,,,,,,,,,,,,
3.2193507410000004,25,1.0,0.5285566554350012,0.373826825177228,,,,,,,,,,,,,,,,
3.227373741,26,1.0,0.529548869413488,0.37490771258318867,,,,,,,,,,,,,,,,
3.231377741,26,1.0,0.5300030988805434,0.3749937269422743,,,,,,,,,,,,,,,,
3.235354741,26,1.0,0.5297898685230928,0.37466266773365164,,,,,,,,,,,,,,,,
3.239590741,26,1.0,0.530576369341682,0.375422046802662,,,,,,,,,,,,,,,,
3.2474797410000003,26,1.0,0.5302834791295669,0.3747920283564815,,,,,,,,,,,,,,,,
3.251383741,26,1.0,0.5299839692957261,0.3744990030924479,,,,,,,,,,,,,,,,
3.2554327410000004,26,1.0,0.5297656339757583,0.3756558453595197,,,,,,,,,,,,,,,,
3.2593727410000004,26,1.0,0.53010435665355,0.375493480541088,,,,,,,,,,,,,,,,
3.2674137410000004,26,1.0,0.5291429407456342,0.37514185022424773,,,,,,,,,,,,,,,,
3.2714037410000003,27,1.0,0.5296292585485122,0.37640736897786453,,,,,,,,,,,,,,,,
3.2754037410000003,27,1.0,0.5300917905919692,0.37633214879918986,,,,,,,,,,,,,,,,
3.279392741,27,1.0,0.530670446508071,0.3765570181387442,,,,,,,,,,,,,,,,
3.287617741,27,1.0,0.5309643464929917,0.37596576831958917,,,,,,,,,,,,,,,,
3.2914507410000002,27,1.0,0.5309909932753619,0.3764084992585359,,,,,,,,,,,,,,,,
3.295526741,27,1.0,0.5314134709975299,0.3767059891312211,,,,,,,,,,,,,,,,
3.299404741,27,1.0,0.5316158743465648,0.37700449625651045,,,,,,,,,,,,,,,,
3.3074297410000004,28,1.0,0.5314627254710478,0.3764936093930845,,,,,,,,,,,,,,,,
3.3113947410000004,28,1.0,0.5307699652279124,0.37672526041666665,,,,,,,,,,,,,,,,
3.3154227410000003,28,1.0,0.5311384762034697,0.3764914053457754,,,,,,,,,,,,,,,,
3.3194507410000003,28,1.0,0.5300794489243451,0.3773007428204572,,,,,,,,,,,,,,,,
3.327509741,28,1.0,0.5307965559117934,0.37699974907769096,,,,,,,,,,,,,,,,
3.3314187410000002,28,1.0,0.5303829417509192,0.3767745971679688,,,,,,,,,,,,,,,,
3.3354707410000004,28,1.0,0.5296519223381492,0.3773573698820891,,,,,,,,,,,,,,,,
3.3393807410000003,28,1.0,0.5299522736493278,0.3771690651222511,,,,,,,,,,,,,,,,
3.3473837410000002,29,1.0,0.5298974093268899,0.37754703097873266,,,,,,,,,,,,,,,,
3.351694741,29,1.0,0.5297687754911535,0.37734329788773147,,,,,,,,,,,,,,,,
3.355430741,29,1.0,0.5298234715181238,0.37714369032118056,,,,,,,,,,,,,,,,
3.3594097410000003,29,1.0,0.5290674321791705,0.3770206027560764,,,,,,,,,,,,,,,,
3.3676417410000004,29,1.0,0.529570691725787,0.376804436577691,,,,,,,,,,,,,,,,
3.371391741,29,1.0,0.5298427693984088,0.3765115808557581,,,,,,,,,,,,,,,,
3.375388741,29,1.0,0.530180762795841,0.37647388599537035,,,,,,,,,,,,,,,,
3.3794927410000004,29,1.0,0.5302329904892865,0.3763448079427083,,,,,,,,,,,,,,,,
3.3873397410000003,30,1.0,0.530644977793974,0.376246021412037,,,,,,,,,,,,,,,,
3.3913677410000003,30,1.0,0.5304350011488971,0.37664410626446754,,,,,,,,,,,,,,,,
3.3953687410000004,30,1.0,0.5306140675264246,0.37657583731192135,,,,,,,,,,,,,,,,
3.399395741,30,1.0,0.5304056616390452,0.3767729582609953,,,,,,,,,,,,,,,,
3.407388741,30,1.0,0.5307773141299977,0.3766112716109664,,,,,,,,,,,,,,,,
3.4113747410000004,30,1.0,0.5309362972483915,0.3772208319769965,,,,,,,,,,,,,,,,
3.415394741,30,1.0,0.5312620050766889,0.37709209300853586,,,,,,,,,,,,,,,,
3.419385741,30,1.0,0.5318406048943015,0.37721150716145835,,,,,,,,,,,,,,,,
3.427363741,31,1.0,0.532757422503303,0.37724343759042245,,,,,,,,,,,,,,,,
3.431534741,31,1.0,0.5328369701609892,0.3773050378870081,,,,,,,,,,,,,,,,
3.4353957410000002,31,1.0,0.5329229130464441,0.3772310610170717,,,,,,,,,,,,,,,,
3.439407741,31,1.0,0.5329907922183766,0.3771186546043114,,,,,,,,,,,,,,,,
3.4473997410000004,31,1.0,0.5320401472203872,0.37729424370659725,,,,,,,,,,,,,,,,
3.4514087410000003,31,1.0,0.5331200992359835,0.3786616007486979,,,,,,,,,,,,,,,,
3.4554287410000004,31,1.0,0.5321910521563362,0.3785131383825231,,,,,,,,,,,,,,,,
3.4594087410000003,31,1.0,0.5321124581729665,0.37834438747829857,,,,,,,,,,,,,,,,
3.4676287410000004,32,1.0,0.5322989295510685,0.3786828500253183,,,,,,,,,,,,,,,,
3.4714127410000004,32,1.0,0.5322642606847426,0.37746016890914347,,,,,,,,,,,,,,,,
3.475458741,32,1.0,0.5322766023523667,0.37704479076244213,,,,,,,,,,,,,,,,
3.479801741,32,1.0,0.532261006972369,0.3757108900282118,,,,,,,,,,,,,,,,
3.487403741,32,1.0,0.5324069191427792,0.37563244854962385,,,,,,,,,,,,,,,,
3.4913867410000003,32,1.0,0.5324691323673024,0.37558638961226853,,,,,,,,,,,,,,,,
3.4953837410000004,32,1.0,0.532538470099954,0.37548206470630785,,,,,,,,,,,,,,,,
3.4994917410000004,32,1.0,0.5326077517341165,0.37522724292896414,,,,,,,,,,,,,,,,
3.5073547410000003,33,1.0,0.5319474725162282,0.3751750804759838,,,,,,,,,,,,,,,,
3.5113737410000003,33,1.0,0.5321180680218864,0.3751014992042824,,,,,,,,,,,,,,,,
3.515375741,33,1.0,0.5322373895084157,0.3747825905128762,,,,,,,,,,,,,,,,
3.519543741,33,1.0,0.5323075687184053,0.37478569878472223,,,,,,,,,,,,,,,,
3.527400741,33,1.0,0.5332757164450252,0.3749124032479746,,,,,,,,,,,,,,,,
3.531504741,33,1.0,0.532957020927878,0.37551354302300344,,,,,,,,,,,,,,,,
3.535425741,33,1.0,0.5339151831234202,0.3754692925347223,,,,,,,,,,,,,,,,
3.5394017410000003,33,1.0,0.5343532001270968,0.3753168176721644,,,,,,,,,,,,,,,,
3.547361741,34,1.0,0.5383571736952838,0.3762351707175926,,,,,,,,,,,,,,,,
3.5513677410000004,34,1.0,0.541133207433364,0.37617221408420143,,,,,,,,,,,,,,,,
3.5554117410000003,34,1.0,0.5437861610861385,0.3761945936414931,,,,,,,,,,,,,,,,
3.563295741,34,1.0,0.5446100234985352,0.3763320922851563,,,,,,,,,,,,,,,,
3.567399741,34,1.0,0.5463202981387868,0.37674543592664933,,,,,,,,,,,,,,,,
3.571454741,34,1.0,0.548849386327407,0.3772659866898148,,,,,,,,,,,,,,,,
3.575565741,34,1.0,0.5488376056446749,0.37747039794921877,,,,,,,,,,,,,,,,
3.5794077410000003,34,1.0,0.5483280630672679,0.377406989203559,,,,,,,,,,,,,,,,
3.587361741,35,1.0,0.5478540308335248,0.3776402791341146,,,,,,,,,,,,,,,,
3.591367741,35,1.0,0.5481551675235524,0.3783639978479456,,,,,,,,,,,,,,,,
3.5953987410000003,35,1.0,0.547979523153866,0.3782544171368635,,,,,,,,,,,,,,,,
3.5994807410000003,35,1.0,0.5479681912590476,0.37817829273365167,,,,,,,,,,,,,,,,
3.607374741,35,1.0,0.5475746042588178,0.3783704969618056,,,,,,,,,,,,,,,,
3.611383741,35,1.0,0.5474495607263902,0.3790860776548033,,,,,,,,,,,,,,,,
3.6153707410000004,35,1.0,0.5472847433651195,0.3790207474320023,,,,,,,,,,,,,,,,
3.6194677410000002,35,1.0,0.5480856614954331,0.37924940321180556,,,,,,,,,,,,,,,,
3.6273547410000004,36,1.0,0.5481551114250632,0.37872133608217595,,,,,,,,,,,,,,,,
3.631377741,36,1.0,0.5488974627326516,0.37885612205222796,,,,,,,,,,,,,,,,
3.635390741,36,1.0,0.5485943625955021,0.37996232774522565,,,,,,,,,,,,,,,,
3.6393797410000004,36,1.0,0.5485913893755745,0.37986020688657407,,,,,,,,,,,,,,,,
3.647364741,36,1.0,0.5483528585994945,0.3799495555736401,,,,,,,,,,,,,,,,
3.6513787410000003,36,1.0,0.5485037074369543,0.38056290237991897,,,,,,,,,,,,,,,,
3.655368741,36,1.0,0.5482576594633215,0.38040765832971646,,,,,,,,,,,,,,,,
3.659441741,36,1.0,0.548800412346335,0.38042342574508103,,,,,,,,,,,,,,,,
3.667368741,37,1.0,0.5484640458050896,0.3802346688729745,,,,,,,,,,,,,,,,
3.671383741,37,1.0,0.5484692629645852,0.38041415744357643,,,,,,,,,,,,,,,,
3.6753977410000003,37,1.0,0.5482733670402976,0.38051639133029513,,,,,,,,,,,,,,,,
3.6833817410000003,37,1.0,0.5480429705451516,0.38102450900607643,,,,,,,,,,,,,,,,
3.6873987410000004,37,1.0,0.5483430974623736,0.3809166802300348,,,,,,,,,,,,,,,,
3.6913827410000004,37,1.0,0.5481947730569279,0.380821454083478,,,,,,,,,,,,,,,,
3.6953637410000004,37,1.0,0.5480183994068819,0.3813989709924769,,,,,,,,,,,,,,,,
3.703377741,37,1.0,0.5480307971729952,0.3813492386429398,,,,,,,,,,,,,,,,
3.7073637410000004,38,1.0,0.5481736239264993,0.38130922670717593,,,,,,,,,,,,,,,,
3.7114017410000004,38,1.0,0.5480472340303308,0.38121213559751155,,,,,,,,,,,,,,,,
3.7154427410000004,38,1.0,0.5479030609130859,0.3815356784396702,,,,,,,,,,,,,,,,
3.723414741,38,1.0,0.546640957103056,0.3811893604419849,,,,,,,,,,,,,,,,
3.727399741,38,1.0,0.5442275439991671,0.38119235568576393,,,,,,,,,,,,,,,,
3.7315087410000003,38,1.0,0.542694372289321,0.3811300772207754,,,,,,,,,,,,,,,,
3.7353857410000004,38,1.0,0.5396101334515739,0.3817821361400463,,,,,,,,,,,,,,,,
3.7433917410000004,38,1.0,0.5367668376249426,0.38382438377097805,,,,,,,,,,,,,,,,
3.747383741,38,1.0,0.5343162312227137,0.38425445556640625,,,,,,,,,,,,,,,,
3.751399741,39,1.0,0.5337047576904297,0.38412464283130787,,,,,,,,,,,,,,,,
3.755389741,39,1.0,0.5325661266551298,0.3839627301251447,,,,,,,,,,,,,,,,
3.7634477410000002,39,1.0,0.5331855100743911,0.38421811704282405,,,,,,,,,,,,,,,,
3.767481741,39,1.0,0.5329107396742877,0.38471911395037617,,,,,,,,,,,,,,,,
3.7714137410000004,39,1.0,0.5328886368695427,0.384551097728588,,,,,,,,,,,,,,,,
3.775389741,39,1.0,0.5318969277774587,0.3849238642939815,,,,,,,,,,,,,,,,
3.783395741,39,1.0,0.5307833166683421,0.3845946700484665,,,,,,,,,,,,,,,,
3.7873817410000004,40,1.0,0.5306237725650563,0.38452046712239585,,,,,,,,,,,,,,,,
3.7913847410000003,40,1.0,0.53101006676169,0.3845828586154514,,,,,,,,,,,,,,,,
3.795414741,40,1.0,0.531347443075741,0.3846717551902489,,,,,,,,,,,,,,,,
3.803497741,40,1.0,0.529352580799776,0.38441049081307865,,,,,,,,,,,,,,,,
3.807528741,40,1.0,0.5289304396685433,0.38428214744285305,,,,,,,,,,,,,,,,
3.811475741,40,1.0,0.5288895438699162,0.38419279875578705,,,,,,,,,,,,,,,,
3.8165467410000002,40,1.0,0.5273241716272691,0.3840612340856482,,,,,,,,,,,,,,,,
3.823357741,41,1.0,0.5279862459968118,0.3838867752640336,,,,,,,,,,,,,,,,
3.8273627410000004,41,1.0,0.5276568356682273,0.38339024296513313,,,,,,,,,,,,,,,,
3.831373741,41,1.0,0.5280334809247185,0.3829292579933449,,,,,,,,,,,,,,,,
3.8354007410000004,41,1.0,0.5269425897037282,0.3828608194986979,,,,,,,,,,,,,,,,
3.843477741,41,1.0,0.5265984815709731,0.38240876374421295,,,,,,,,,,,,,,,,
3.8473847410000004,41,1.0,0.5257306379430434,0.38185300473813655,,,,,,,,,,,,,,,,
3.8513977410000004,41,1.0,0.5250583536484662,0.38037985342520253,,,,,,,,,,,,,,,,
3.855404741,41,1.0,0.5254302866318646,0.38043342872902197,,,,,,,,,,,,,,,,
3.863408741,41,1.0,0.5249472786398495,0.38038878264250575,,,,,,,,,,,,,,,,
3.867392741,42,1.0,0.5240045435288373,0.3808715255172165,,,,,,,,,,,,,,,,
3.871385741,42,1.0,0.5239545036764706,0.3808373910409433,,,,,,,,,,,,,,,,
3.875474741,42,1.0,0.5244621950037339,0.38013769079137727,,,,,,,,,,,,,,,,
3.8834097410000004,42,1.0,0.5252810085521025,0.380099543818721,,,,,,,,,,,,,,,,
3.887503741,42,1.0,0.5247021282420439,0.3795722678855613,,,,,,,,,,,,,,,,
3.891397741,42,1.0,0.5232980952543371,0.3795726069697627,,,,,,,,,,,,,,,,
3.895404741,42,1.0,0.5234602759866154,0.37968105740017366,,,,,,,,,,,,,,,,
3.9034127410000004,42,1.0,0.5235604678883272,0.37940312138310184,,,,,,,,,,,,,,,,
3.9074277410000002,42,1.0,0.5230257370892692,0.3792488380714699,,,,,,,,,,,,,,,,
3.911379741,43,1.0,0.5218787473790786,0.37909206814236107,,,,,,,,,,,,,,,,
3.9154247410000003,43,1.0,0.5220032860251034,0.3790073536060474,,,,,,,,,,,,,,,,
3.9233527410000004,43,1.0,0.5212331098668715,0.37892410843460644,,,,,,,,,,,,,,,,
3.927474741,43,1.0,0.5213593875660616,0.3790712709780093,,,,,,,,,,,,,,,,
3.931400741,43,1.0,0.520420186659869,0.37888398347077545,,,,,,,,,,,,,,,,
3.9354697410000004,43,1.0,0.5206313413732192,0.37878994411892364,,,,,,,,,,,,,,,,
3.9433927410000003,43,1.0,0.52142474230598,0.3787906222873264,,,,,,,,,,,,,,,,
3.947378741,44,1.0,0.5199777939740349,0.3787853099681713,,,,,,,,,,,,,,,,
3.9514147410000002,44,1.0,0.5179030474494485,0.37896089907045716,,,,,,,,,,,,,,,,
3.955423741,44,1.0,0.5176581214455998,0.3784840336552373,,,,,,,,,,,,,,,,
3.963413741,44,1.0,0.514485751881319,0.378461993182147,,,,,,,,,,,,,,,,
3.967530741,44,1.0,0.5153336244470933,0.3784771389431424,,,,,,,,,,,,,,,,
3.971404741,44,1.0,0.513741605422076,0.3774295948169849,,,,,,,,,,,,,,,,
3.975543741,44,1.0,0.5138669855454389,0.3770056265371817,,,,,,,,,,,,,,,,
3.9833747410000004,44,1.0,0.5139716653262868,0.3758343166775173,,,,,,,,,,,,,,,,
3.9873777410000004,45,1.0,0.5146665573120117,0.37595050953052667,,,,,,,,,,,,,,,,
3.991385741,45,1.0,0.5148657069486731,0.3753289681893808,,,,,,,,,,,,,,,,
3.9953907410000005,45,1.0,0.5150659224566292,0.3744292647750289,,,,,,,,,,,,,,,,
4.003418741,45,1.0,0.516086129581227,0.3738524825484665,,,,,,,,,,,,,,,,
4.007518741,45,1.0,0.5157541948206285,0.37359579580801505,,,,,,,,,,,,,,,,
4.011429741000001,45,1.0,0.5154818366555607,0.3730761492693866,,,,,,,,,,,,,,,,
4.015606741,45,1.0,0.5159459955552045,0.37138236716941553,,,,,,,,,,,,,,,,
4.023372741,45,1.0,0.5166457681094899,0.37066639087818287,,,,,,,,,,,,,,,,
4.027368741,45,1.0,0.516208199893727,0.3705105816876447,,,,,,,,,,,,,,,,
4.031388741000001,46,1.0,0.5148951586555032,0.3697428385416667,,,,,,,,,,,,,,,,
4.035380741,46,1.0,0.5146035587086397,0.36996623851634836,,,,,,,,,,,,,,,,
4.043363741,46,1.0,0.5142943438361672,0.36814891673900463,,,,,,,,,,,,,,,,
4.047665741,46,1.0,0.5146650426528033,0.36821272108289926,,,,,,,,,,,,,,,,
4.051403741000001,46,1.0,0.5149335300221163,0.36822125470196754,,,,,,,,,,,,,,,,
4.055452741,46,1.0,0.513696502236759,0.36849257857711226,,,,,,,,,,,,,,,,
4.0635077410000005,46,1.0,0.5144061481251436,0.36877560085720484,,,,,,,,,,,,,,,,
4.067387741,46,1.0,0.5134354198680204,0.36899255823206023,,,,,,,,,,,,,,,,
4.071395741,47,1.0,0.5134392345652861,0.368923893681279,,,,,,,,,,,,,,,,
4.077081741000001,47,1.0,0.5135705050300149,0.368342872902199,,,,,,,,,,,,,,,,
4.083393741,47,1.0,0.5139900656307445,0.3684523970992477,,,,,,,,,,,,,,,,
4.087429741,47,1.0,0.5146309908698586,0.36553209092881944,,,,,,,,,,,,,,,,
4.091363741,47,1.0,0.5142655653112075,0.36474620677806713,,,,,,,,,,,,,,,,
4.095642741000001,47,1.0,0.5144731297212488,0.3650459572120949,,,,,,,,,,,,,,,,
4.103422741,47,1.0,0.5149570913875804,0.3643429226345486,,,,,,,,,,,,,,,,
4.1073647410000005,47,1.0,0.5149704989264993,0.36446793167679403,,,,,,,,,,,,,,,,
4.111378741,48,1.0,0.5151616825776941,0.3646011917679398,,,,,,,,,,,,,,,,
4.115398741,48,1.0,0.5153664420632755,0.3642725626627604,,,,,,,,,,,,,,,,
4.123463741,48,1.0,0.5151385700001436,0.36485279224537037,,,,,,,,,,,,,,,,
4.127493741,48,1.0,0.5153749129351448,0.3643581814236111,,,,,,,,,,,,,,,,
4.131406741,48,1.0,0.5154339285457835,0.3645054004810474,,,,,,,,,,,,,,,,
4.1354187410000005,48,1.0,0.5154416701372933,0.36357693142361114,,,,,,,,,,,,,,,,
4.143579741,48,1.0,0.5156664006850299,0.3626832184968172,,,,,,,,,,,,,,,,
4.147378741000001,49,1.0,0.5155833188225242,0.36289277253327545,,,,,,,,,,,,,,,,
4.151403741,49,1.0,0.5155644136316636,0.3623089260525174,,,,,,,,,,,,,,,,
4.155398741,49,1.0,0.5154911490047679,0.3614635891384549,,,,,,,,,,,,,,,,
4.163405741,49,1.0,0.5163014916812673,0.3606467918113426,,,,,,,,,,,,,,,,
4.167472741,49,1.0,0.5152733185712028,0.3600774129231771,,,,,,,,,,,,,,,,
4.171718741,49,1.0,0.515408852521111,0.3598310117368345,,,,,,,,,,,,,,,,
4.175393741000001,49,1.0,0.5157274919397691,0.36017371283637156,,,,,,,,,,,,,,,,
4.183394741,49,1.0,0.5157945857328528,0.3603583441840278,,,,,,,,,,,,,,,,
4.187390741000001,50,1.0,0.51581091039321,0.3606020326967593,,,,,,,,,,,,,,,,
4.191416741,50,1.0,0.5155830383300781,0.36024136013454866,,,,,,,,,,,,,,,,
4.195420741,50,1.0,0.5155230129466337,0.3605793140552662,,,,,,,,,,,,,,,,
4.203391741,50,1.0,0.5147824567906997,0.35845438639322913,,,,,,,,,,,,,,,,
4.207431741000001,50,1.0,0.5150615467744715,0.35864076967592595,,,,,,,,,,,,,,,,
4.211426741,50,1.0,0.5149294348324046,0.358942554615162,,,,,,,,,,,,,,,,
4.215410741,50,1.0,0.5149051441865808,0.3591694019458912,,,,,,,,,,,,,,,,
4.223383741,50,1.0,0.5138741100535673,0.3596877486617477,,,,,,,,,,,,,,,,
4.227386741,50,1.0,0.5140029121847713,0.35989232946325234,,,,,,,,,,,,,,,,
4.2315767410000005,51,1.0,0.5151049109066234,0.35979020860460065,,,,,,,,,,,,,,,,
4.2353827410000005,51,1.0,0.5160464679493624,0.3591843216507523,,,,,,,,,,,,,,,,
4.243589741,51,1.0,0.516173474928912,0.3596342298719618,,,,,,,,,,,,,,,,
4.247383741,51,1.0,0.5162350149715648,0.3597133495189525,,,,,,,,,,,,,,,,
4.2513957410000005,51,1.0,0.5161686504588407,0.3599439832899306,,,,,,,,,,,,,,,,
4.255431741000001,51,1.0,0.5158633624806124,0.36001151756004046,,,,,,,,,,,,,,,,
4.264120741,51,1.0,0.5170206182143268,0.36028052435980906,,,,,,,,,,,,,,,,
4.267386741,51,1.0,0.5169096554026884,0.3598165441442419,,,,,,,,,,,,,,,,
4.271395741,52,1.0,0.5163377874037799,0.35890141239872686,,,,,,,,,,,,,,,,
4.275437741,52,1.0,0.5164266474106732,0.3589823404947917,,,,,,,,,,,,,,,,
4.283385741,52,1.0,0.5164424671846277,0.3561652854636863,,,,,,,,,,,,,,,,
4.287463741,52,1.0,0.516487345975988,0.3561948988172743,,,,,,,,,,,,,,,,
4.291429741,52,1.0,0.517206584706026,0.35540166784215854,,,,,,,,,,,,,,,,
4.2953987410000005,52,1.0,0.5172229093663833,0.35528400562427664,,,,,,,,,,,,,,,,
4.303542741,52,1.0,0.5181787154253792,0.3537687513563368,,,,,,,,,,,,,,,,
4.307386741,53,1.0,0.5184689690085018,0.3541016190140336,,,,,,,,,,,,,,,,
4.311422741,53,1.0,0.5184401904835421,0.3534171775535301,,,,,,,,,,,,,,,,
4.315413741,53,1.0,0.5184571322272805,0.3521835327148437,,,,,,,,,,,,,,,,
4.3234017410000005,53,1.0,0.5187269659603343,0.3512451737015335,,,,,,,,,,,,,,,,
4.327416741,53,1.0,0.520167631261489,0.3516018337673611,,,,,,,,,,,,,,,,
4.331423741,53,1.0,0.5206274144789752,0.3513261017975984,,,,,,,,,,,,,,,,
4.335383741,53,1.0,0.5213123770321116,0.35052139847366903,,,,,,,,,,,,,,,,
4.343393741,53,1.0,0.5227225247551414,0.34898088243272574,,,,,,,,,,,,,,,,
4.3473697410000005,53,1.0,0.5240302927353803,0.348410881890191,,,,,,,,,,,,,,,,
4.351380741,54,1.0,0.5244873832253849,0.34820375795717595,,,,,,,,,,,,,,,,
4.355415741,54,1.0,0.5250175139483284,0.3479307386610243,,,,,,,,,,,,,,,,
4.363408741000001,54,1.0,0.5256821127498851,0.3467298719618056,,,,,,,,,,,,,,,,
4.367428741,54,1.0,0.5255396225873161,0.3473428796838831,,,,,,,,,,,,,,,,
4.371382741000001,54,1.0,0.525389503030216,0.34733242458767366,,,,,,,,,,,,,,,,
4.375396741,54,1.0,0.5261151369880227,0.3473405060944734,,,,,,,,,,,,,,,,
4.383386741000001,54,1.0,0.5265731250538546,0.34827451352719907,,,,,,,,,,,,,,,,
4.3875667410000005,54,1.0,0.5268452588249656,0.3483140733506944,,,,,,,,,,,,,,,,
4.3914047410000006,55,1.0,0.526714942034553,0.34839409722222225,,,,,,,,,,,,,,,,
4.3954897410000004,55,1.0,0.5271447125603171,0.3484122382269965,,,,,,,,,,,,,,,,
4.403427741000001,55,1.0,0.529351739322438,0.3484827112268518,,,,,,,,,,,,,,,,
4.407407741,55,1.0,0.5305822035845589,0.34711439344618056,,,,,,,,,,,,,,,,
4.411442741,55,1.0,0.5306352727553424,0.3474895336009838,,,,,,,,,,,,,,,,
4.415423741000001,55,1.0,0.5309384850894704,0.34743516710069444,,,,,,,,,,,,,,,,
4.423373741000001,55,1.0,0.5321449391982135,0.3480829874674479,,,,,,,,,,,,,,,,
4.427367741,55,1.0,0.5320796966552734,0.3479996292679398,,,,,,,,,,,,,,,,
4.431372741000001,56,1.0,0.5322247112498564,0.34824150933159725,,,,,,,,,,,,,,,,
4.435408741000001,56,1.0,0.5318700005026424,0.34849367494936345,,,,,,,,,,,,,,,,
4.443416741,56,1.0,0.5325354968800264,0.3490027533637152,,,,,,,,,,,,,,,,
4.4473787410000005,56,1.0,0.5325480629416073,0.3492078993055555,,,,,,,,,,,,,,,,
4.454127741000001,56,1.0,0.5329306546379539,0.349448479546441,,,,,,,,,,,,,,,,
4.459405741,56,1.0,0.5325564216164982,0.35017830177589704,,,,,,,,,,,,,,,,
4.463728741000001,56,1.0,0.5324271145988914,0.35059656213831014,,,,,,,,,,,,,,,,
4.467355741,57,1.0,0.5328590168672449,0.3516856440791377,,,,,,,,,,,,,,,,
4.471377741,57,1.0,0.5331853417789235,0.35211927625868056,,,,,,,,,,,,,,,,
4.479375741,57,1.0,0.5326861213235294,0.3525900381582755,,,,,,,,,,,,,,,,
4.483423741,57,1.0,0.5332448061774758,0.35350483081958917,,,,,,,,,,,,,,,,
4.487428741,57,1.0,0.5338130838730756,0.3535137600368924,,,,,,,,,,,,,,,,
4.491408741,57,1.0,0.5332048079546761,0.3507626003689236,,,,,,,,,,,,,,,,
4.499423741,57,1.0,0.5307658700382009,0.34934850622106484,,,,,,,,,,,,,,,,
4.503416741000001,57,1.0,0.5212949304019704,0.34879681622540504,,,,,,,,,,,,,,,,
4.507392741,58,1.0,0.5120843438541188,0.3468157732928241,,,,,,,,,,,,,,,,
4.511393741,58,1.0,0.5009995628805721,0.34331309000651045,,,,,,,,,,,,,,,,
4.519425741,58,1.0,0.4944044000962201,0.3400139137550636,,,,,,,,,,,,,,,,
4.523428741,58,1.0,0.49346497479607077,0.33905023645471644,,,,,,,,,,,,,,,,
4.527483741,58,1.0,0.4922151565551758,0.33704342312282987,,,,,,,,,,,,,,,,
4.531427741,58,1.0,0.48963159673354206,0.3356360541449652,,,,,,,,,,,,,,,,
4.539399741,58,1.0,0.4888542960671818,0.33631416603370945,,,,,,,,,,,,,,,,
4.543678741,58,1.0,0.48961201836081114,0.33648167362919557,,,,,,,,,,,,,,,,
4.547421741,59,1.0,0.4907995672786937,0.33606561731409146,,,,,,,,,,,,,,,,
4.554070741,59,1.0,0.4917410682229435,0.33530900743272574,,,,,,,,,,,,,,,,
4.559403741000001,59,1.0,0.49182044758516197,0.33328614411530666,,,,,,,,,,,,,,,,
4.563420741000001,59,1.0,0.4938672009636374,0.3335849903247975,,,,,,,,,,,,,,,,
4.567411741,59,1.0,0.49506355734432445,0.3333843655056423,,,,,,,,,,,,,,,,
4.571409741,59,1.0,0.49607276916503906,0.3321753607855903,,,,,,,,,,,,,,,,
4.579430741,59,1.0,0.4969593496883617,0.33359968397352435,,,,,,,,,,,,,,,,
4.583366741,59,1.0,0.49782567865708294,0.33407033284505205,,,,,,,,,,,,,,,,
4.587395741,60,1.0,0.49721386853386373,0.33429831045645253,,,,,,,,,,,,,,,,
4.591385741,60,1.0,0.49735220740823183,0.3345161155418114,,,,,,,,,,,,,,,,
4.599363741,60,1.0,0.4985497418571921,0.33353661431206594,,,,,,,,,,,,,,,,
4.603396741,60,1.0,0.49921809925752525,0.3323301527235243,,,,,,,,,,,,,,,,
4.607375741,60,1.0,0.49964085747213927,0.3322345309787327,,,,,,,,,,,,,,,,
4.611459741,60,1.0,0.5000636717852425,0.3317010950159144,,,,,,,,,,,,,,,,
4.619384741,60,1.0,0.49939441680908203,0.3316768504955151,,,,,,,,,,,,,,,,
4.623426741,60,1.0,0.49985520979937387,0.3293692694769965,,,,,,,,,,,,,,,,
4.627434741,61,1.0,0.5003009122960708,0.3290633590133102,,,,,,,,,,,,,,,,
4.631407741,61,1.0,0.5007166581995347,0.3288725111219618,,,,,,,,,,,,,,,,
4.639487741,61,1.0,0.5013230828677907,0.3269382618091724,,,,,,,,,,,,,,,,
4.643588741,61,1.0,0.5016377953922048,0.3249959875036169,,,,,,,,,,,,,,,,
4.647436741,61,1.0,0.5021093592924231,0.32475778085214124,,,,,,,,,,,,,,,,
4.651396741,61,1.0,0.502537446863511,0.3242635656286169,,,,,,,,,,,,,,,,
4.659407741,61,1.0,0.5034884284524357,0.3258632518627026,,,,,,,,,,,,,,,,
4.663418741,61,1.0,0.5036484213436351,0.326628734447338,,,,,,,,,,,,,,,,
4.667402741,62,1.0,0.5038635029512293,0.3299264978479456,,,,,,,,,,,,,,,,
4.671782741,62,1.0,0.5016061558442957,0.3391758106372974,,,,,,,,,,,,,,,,
4.679492741000001,62,1.0,0.5004449732163373,0.3556982534903067,,,,,,,,,,,,,,,,
4.683395741,62,1.0,0.49691031960880055,0.3615666142216435,,,,,,,,,,,,,,,,
4.687409741000001,62,1.0,0.4906359279856962,0.3679239908854167,,,,,,,,,,,,,,,,
4.691380741000001,62,1.0,0.4916067684397978,0.36888410780164926,,,,,,,,,,,,,,,,
4.699516741,62,1.0,0.48923195109647866,0.3694012677228009,,,,,,,,,,,,,,,,
4.7034147410000005,62,1.0,0.48836932462804455,0.36831925003616894,,,,,,,,,,,,,,,,
4.707371741,63,1.0,0.48949409933651195,0.3670788235134549,,,,,,,,,,,,,,,,
4.7115677410000005,63,1.0,0.49067895552691293,0.3656663117585359,,,,,,,,,,,,,,,,
4.719393741,63,1.0,0.4908573487225701,0.36633860270182295,,,,,,,,,,,,,,,,
4.723407741,63,1.0,0.4916536667767693,0.3657409102828414,,,,,,,,,,,,,,,,
4.727419741,63,1.0,0.4923565808464499,0.3658851340964988,,,,,,,,,,,,,,,,
4.731397741,63,1.0,0.4920390072990866,0.3660393608940973,,,,,,,,,,,,,,,,
4.739704741000001,63,1.0,0.49277367311365466,0.36534881591796875,,,,,,,,,,,,,,,,
4.744161741,63,1.0,0.4932694715612075,0.3651786521629051,,,,,,,,,,,,,,,,
4.747374741000001,64,1.0,0.49365901947021484,0.3644816645869502,,,,,,,,,,,,,,,,
4.751368741,64,1.0,0.49415212519028606,0.3641123453776042,,,,,,,,,,,,,,,,
4.759418741,64,1.0,0.49477044273825255,0.36506861933955437,,,,,,,,,,,,,,,,
4.763395741,64,1.0,0.49692900040570426,0.3642666286892361,,,,,,,,,,,,,,,,
4.767435741,64,1.0,0.4967798345229205,0.3635772705078125,,,,,,,,,,,,,,,,
4.771476741,64,1.0,0.4970419827629538,0.36298149956597225,,,,,,,,,,,,,,,,
4.7793797410000005,64,1.0,0.4980189379523782,0.36192739981192135,,,,,,,,,,,,,,,,
4.783415741000001,64,1.0,0.4988737667308134,0.36145296450014464,,,,,,,,,,,,,,,,
4.787378741,65,1.0,0.4990049810970531,0.3610358909324364,,,,,,,,,,,,,,,,
4.791432741,65,1.0,0.5030239329618567,0.36083487051504626,,,,,,,,,,,,,,,,
4.799429741,65,1.0,0.503167657291188,0.36087245234736687,,,,,,,,,,,,,,,,
4.803394741,65,1.0,0.5039506239049575,0.36053472448278356,,,,,,,,,,,,,,,,
4.807511741,65,1.0,0.5039767658009249,0.3602096557617187,,,,,,,,,,,,,,,,
4.811380741000001,65,1.0,0.5040433547076058,0.3599894770869503,,,,,,,,,,,,,,,,
4.819388741,65,1.0,0.5047681471880745,0.3596685338903356,,,,,,,,,,,,,,,,
4.823417741,65,1.0,0.5047323563519646,0.3593179208260996,,,,,,,,,,,,,,,,
4.827351741,66,1.0,0.5057269825654871,0.359395005967882,,,,,,,,,,,,,,,,
4.831390741,66,1.0,0.5081506616928998,0.3591991283275463,,,,,,,,,,,,,,,,
4.839749741,66,1.0,0.5080404842601103,0.35954103823061345,,,,,,,,,,,,,,,,
4.843403741,66,1.0,0.5082274605246151,0.35967034233940975,,,,,,,,,,,,,,,,
4.847419741,66,1.0,0.5100544200224035,0.35963920310691555,,,,,,,,,,,,,,,,
4.851406741,66,1.0,0.5099568086511949,0.3594821506076389,,,,,,,,,,,,,,,,
4.859377741,66,1.0,0.5132886662202722,0.35932193332248263,,,,,,,,,,,,,,,,
4.863628741,66,1.0,0.5138619927799001,0.3593113086841725,,,,,,,,,,,,,,,,
4.867379741000001,67,1.0,0.5138388241038603,0.35918833414713547,,,,,,,,,,,,,,,,
4.871370741000001,67,1.0,0.5155467987060547,0.35851920798972803,,,,,,,,,,,,,,,,
4.879416741,67,1.0,0.5168966966516831,0.34539331506799764,,,,,,,,,,,,,,,,
4.883350741,67,1.0,0.5232736363130457,0.33409881591796875,,,,,,,,,,,,,,,,
4.887547741000001,67,1.0,0.5313780167523552,0.31166054054542824,,,,,,,,,,,,,,,,
4.891389741,67,1.0,0.5368228239171645,0.2904219450774016,,,,,,,,,,,,,,,,
4.899584741,67,1.0,0.5387960321762982,0.27288744891131367,,,,,,,,,,,,,,,,
4.903363741000001,67,1.0,0.5374195996452781,0.26698150634765627,,,,,,,,,,,,,,,,
4.907379741000001,68,1.0,0.5360540502211627,0.2648870397497106,,,,,,,,,,,,,,,,
4.911453741,68,1.0,0.5338976803947898,0.26443379720052085,,,,,,,,,,,,,,,,
4.919378741,68,1.0,0.5310773288502413,0.265266192400897,,,,,,,,,,,,,,,,
4.923386741000001,68,1.0,0.5305322759291705,0.2691631740993924,,,,,,,,,,,,,,,,
4.927407741000001,68,1.0,0.530400837168974,0.2718438607675058,,,,,,,,,,,,,,,,
4.931376741,68,1.0,0.5319069133085363,0.2645020096390336,,,,,,,,,,,,,,,,
4.939354741000001,68,1.0,0.5309709661147174,0.2668455335828993,,,,,,,,,,,,,,,,
4.943369741000001,68,1.0,0.5304825165692497,0.2689986052336516,,,,,,,,,,,,,,,,
4.947392741000001,69,1.0,0.529517790850471,0.26622144911024304,,,,,,,,,,,,,,,,
4.951393741,69,1.0,0.5292398228364832,0.26757219102647567,,,,,,,,,,,,,,,,
4.959466741,69,1.0,0.5325817781336167,0.27244245741102435,,,,,,,,,,,,,,,,
4.9634037410000005,69,1.0,0.5319115694831399,0.27274983723958335,,,,,,,,,,,,,,,,
4.967483741000001,69,1.0,0.5310382843017578,0.27318262170862273,,,,,,,,,,,,,,,,
4.971693741,69,1.0,0.53082555883071,0.2730505484121817,,,,,,,,,,,,,,,,
4.979427741,69,1.0,0.5322185404160443,0.27720851191767937,,,,,,,,,,,,,,,,
4.9833877410000005,69,1.0,0.5329291960772347,0.27776178430627896,,,,,,,,,,,,,,,,
4.987362741,70,1.0,0.5328881319831399,0.2779050473813658,,,,,,,,,,,,,,,,
4.991378741,70,1.0,0.5327180974623736,0.2782129923502604,,,,,,,,,,,,,,,,
4.999414741000001,70,1.0,0.531485445359174,0.2748380307798033,,,,,,,,,,,,,,,,
5.003364741,70,1.0,0.5325165355906767,0.27647863317418986,,,,,,,,,,,,,,,,
5.0074387410000005,70,1.0,0.5331764782176298,0.2800922535083912,,,,,,,,,,,,,,,,
5.011412741,70,1.0,0.5329178641824162,0.2772001478407118,,,,,,,,,,,,,,,,
5.019423741000001,70,1.0,0.5317530912511489,0.2790865862811053,,,,,,,,,,,,,,,,
5.023442741,70,1.0,0.5315868714276482,0.2790360627350984,,,,,,,,,,,,,,,,
5.027367741,71,1.0,0.5318933374741498,0.27983477557146996,,,,,,,,,,,,,,,,
5.031518741,71,1.0,0.5318042530732996,0.2806385181568287,,,,,,,,,,,,,,,,
5.039420741000001,71,1.0,0.531121197868796,0.28028688783998845,,,,,,,,,,,,,,,,
5.043395741,71,1.0,0.5325634900261375,0.2803612603081598,,,,,,,,,,,,,,,,
5.047386741,71,1.0,0.5331419776467716,0.2802267569082755,,,,,,,,,,,,,,,,
5.051697741,71,1.0,0.5335978339700138,0.27670418068214697,,,,,,,,,,,,,,,,
5.059387741,71,1.0,0.532691057990579,0.27438201904296877,,,,,,,,,,,,,,,,
5.063467741,71,1.0,0.5323569914873909,0.26911474157262727,,,,,,,,,,,,,,,,
5.067400741,71,1.0,0.5323582817526424,0.26390539098668986,,,,,,,,,,,,,,,,
5.071437741,72,1.0,0.5315359900979435,0.2618694164134838,,,,,,,,,,,,,,,,
5.079452741,72,1.0,0.5310540479772231,0.25829597755714695,,,,,,,,,,,,,,,,
5.083438741,72,1.0,0.5305623447193819,0.25803200050636577,,,,,,,,,,,,,,,,
5.087409741,72,1.0,0.5284704881555894,0.25813366925274883,,,,,,,,,,,,,,,,
5.091452741,72,1.0,0.5283604790182674,0.25944055627893514,,,,,,,,,,,,,,,,
5.099424741,72,1.0,0.5280763401704676,0.2594135425708912,,,,,,,,,,,,,,,,
5.103420741000001,72,1.0,0.5284618489882525,0.26025068495008685,,,,,,,,,,,,,,,,
5.107368741,72,1.0,0.5285459406235639,0.2619432237413194,,,,,,,,,,,,,,,,
5.112572741,73,1.0,0.5283763548907112,0.259030999077691,,,,,,,,,,,,,,,,
5.119400741000001,73,1.0,0.5284734052770278,0.2603638825593171,,,,,,,,,,,,,,,,
5.123509741,73,1.0,0.5282207937801585,0.2599312676323785,,,,,,,,,,,,,,,,
5.127414741,73,1.0,0.528105847975787,0.2601085521556713,,,,,,,,,,,,,,,,
5.131448741000001,73,1.0,0.5279902850880343,0.2582455670392072,,,,,,,,,,,,,,,,
5.139551741,73,1.0,0.5277964648078469,0.256292724609375,,,,,,,,,,,,,,,,
5.143375741000001,73,1.0,0.5273090811336741,0.25837809244791665,,,,,,,,,,,,,,,,
5.147366741,74,1.0,0.5272570778341854,0.2590685809100116,,,,,,,,,,,,,,,,
5.1513997410000005,74,1.0,0.5271862254423254,0.2595403600622106,,,,,,,,,,,,,,,,
5.159394741000001,74,1.0,0.5265824935015511,0.259798346625434,,,,,,,,,,,,,,,,
5.163558741,74,1.0,0.5271704056683708,0.2594356395580151,,,,,,,,,,,,,,,,
5.167397741,74,1.0,0.5273657967062557,0.2601521244755498,,,,,,,,,,,,,,,,
5.171425741,74,1.0,0.5277593837064856,0.26038801405164935,,,,,,,,,,,,,,,,
5.179429741000001,74,1.0,0.5276910557466394,0.2618365817599826,,,,,,,,,,,,,,,,
5.183361741000001,74,1.0,0.5282316207885742,0.26244608561197913,,,,,,,,,,,,,,,,
5.187392741,74,1.0,0.528140572940602,0.2625116984049479,,,,,,,,,,,,,,,,
5.1913927410000005,75,1.0,0.5280585008509019,0.2616242585358797,,,,,,,,,,,,,,,,
5.199403741,75,1.0,0.5280195684993968,0.2635641592520255,,,,,,,,,,,,,,,,
5.203397741000001,75,1.0,0.5279464160694796,0.26781570999710647,,,,,,,,,,,,,,,,
5.207426741,75,1.0,0.5273064445046818,0.28388479727285876,,,,,,,,,,,,,,,,
5.211540741,75,1.0,0.5259138556087718,0.3190962049696181,,,,,,,,,,,,,,,,
5.219377741000001,75,1.0,0.5247977761661305,0.36456276222511574,,,,,,,,,,,,,,,,
5.2233867410000006,75,1.0,0.5247751684749827,0.383306884765625,,,,,,,,,,,,,,,,
5.227382741,76,1.0,0.5245752334594727,0.40235720033998845,,,,,,,,,,,,,,,,
5.235417741,76,1.0,0.5242423450245577,0.41523075810185184,,,,,,,,,,,,,,,,
5.239385741,76,1.0,0.5237926595351275,0.4188802083333333,,,,,,,,,,,,,,,,
5.243407741,76,1.0,0.5196929819443646,0.4188129001193577,,,,,,,,,,,,,,,,
5.247416741,76,1.0,0.5176385430728688,0.4202490912543403,,,,,,,,,,,,,,,,
5.255388741,76,1.0,0.5100810668047737,0.42451200132016786,,,,,,,,,,,,,,,,
5.259482741,76,1.0,0.5071545769186581,0.4254413180881076,,,,,,,,,,,,,,,,
5.263428741,76,1.0,0.5076040941126206,0.4244494402850115,,,,,,,,,,,,,,,,
5.267392741,77,1.0,0.508117114796358,0.4216829087999132,,,,,,,,,,,,,,,,
5.278927741,77,1.0,0.5036469066844267,0.425216222692419,,,,,,,,,,,,,,,,
5.279378741,77,1.0,0.5037157395306755,0.4246340151186343,,,,,,,,,,,,,,,,
5.283423741,77,1.0,0.504815887002384,0.42323263662832755,,,,,,,,,,,,,,,,
5.287388741,77,1.0,0.5057336582857019,0.42059964780454284,,,,,,,,,,,,,,,,
5.295593741,77,1.0,0.5067622240851907,0.42335645887586804,,,,,,,,,,,,,,,,
5.299501741,77,1.0,0.5071370180915383,0.42334052191840277,,,,,,,,,,,,,,,,
5.303403741,77,1.0,0.5076744977165671,0.4219956574616609,,,,,,,,,,,,,,,,
5.307374741,77,1.0,0.5075279123642865,0.4231320416485822,,,,,,,,,,,,,,,,
5.315418741,78,1.0,0.5067430384018842,0.42628360324435766,,,,,,,,,,,,,,,,
5.319407741,78,1.0,0.5064315795898438,0.42572518807870374,,,,,,,,,,,,,,,,
5.323428741000001,78,1.0,0.5069866180419922,0.42501667163990164,,,,,,,,,,,,,,,,
5.327611741,78,1.0,0.5070730097153607,0.4260373150860822,,,,,,,,,,,,,,,,
5.335430741000001,78,1.0,0.5072339001823875,0.4273368552879051,,,,,,,,,,,,,,,,
5.339386741,78,1.0,0.5069947523229262,0.4293203283239294,,,,,,,,,,,,,,,,
5.343387741,78,1.0,0.5071381400613224,0.4301092642324942,,,,,,,,,,,,,,,,
5.347364741000001,78,1.0,0.506457665387322,0.4310924388744213,,,,,,,,,,,,,,,,
5.355398741,79,1.0,0.5066320194917566,0.4294028953269676,,,,,,,,,,,,,,,,
5.359368741,79,1.0,0.5069950328153723,0.4275157222041377,,,,,,,,,,,,,,,,
5.363361741,79,1.0,0.5068812650792739,0.42586799904152195,,,,,,,,,,,,,,,,
5.3685737410000005,79,1.0,0.5062385446885053,0.43170318603515623,,,,,,,,,,,,,,,,
5.375426741,79,1.0,0.5059703939101275,0.43179298683449074,,,,,,,,,,,,,,,,
5.379508741,79,1.0,0.5057384827557732,0.43048293502242474,,,,,,,,,,,,,,,,
5.383395741,79,1.0,0.5055935242596794,0.43320792869285296,,,,,,,,,,,,,,,,
5.3873817410000004,80,1.0,0.5053189221550437,0.4318725020797164,,,,,,,,,,,,,,,,
5.395392741,80,1.0,0.5008781096514534,0.4300248887803819,,,,,,,,,,,,,,,,
5.399364741,80,1.0,0.5009455961339614,0.4293242843062789,,,,,,,,,,,,,,,,
5.403421741000001,80,1.0,0.5015800700468176,0.42912111635561345,,,,,,,,,,,,,,,,
5.407742741000001,80,1.0,0.5010317634133732,0.4331492106119792,,,,,,,,,,,,,,,,
5.415369741,80,1.0,0.49988359563490925,0.43479128237123843,,,,,,,,,,,,,,,,
5.419368741,80,1.0,0.5004555758307961,0.43210189254195597,,,,,,,,,,,,,,,,
5.423395741,80,1.0,0.5002332014196059,0.4291428742585359,,,,,,,,,,,,,,,,
5.4273817410000005,80,1.0,0.4994018218096565,0.4239570900245949,,,,,,,,,,,,,,,,
5.435479741,81,1.0,0.49651336669921875,0.41703756826895255,,,,,,,,,,,,,,,,
5.4401287410000005,81,1.0,0.4972850014181698,0.4138474641022859,,,,,,,,,,,,,,,,
5.443426741000001,81,1.0,0.495388479793773,0.41239855730975117,,,,,,,,,,,,,,,,
5.4474227410000005,81,1.0,0.49456080268411073,0.41051844844111685,,,,,,,,,,,,,,,,
5.455507741,81,1.0,0.4948274388032801,0.4075260868778935,,,,,,,,,,,,,,,,
5.459393741,81,1.0,0.4934444988475126,0.4062482480649595,,,,,,,,,,,,,,,,
5.463576741000001,81,1.0,0.4939433266134823,0.40505472819010413,,,,,,,,,,,,,,,,
5.468838741000001,82,1.0,0.49371618383071003,0.4038898044162327,,,,,,,,,,,,,,,,
5.475426741000001,82,1.0,0.4929186316097484,0.4032460530598958,,,,,,,,,,,,,,,,
5.4794417410000005,82,1.0,0.4927983003504136,0.4024930600766783,,,,,,,,,,,,,,,,
5.483589741,82,1.0,0.49234580993652344,0.4019946628146701,,,,,,,,,,,,,,,,
5.487442741000001,82,1.0,0.4914732540355009,0.40140222620081023,,,,,,,,,,,,,,,,
5.4955057410000006,82,1.0,0.48928176655488853,0.4019772564923322,,,,,,,,,,,,,,,,
5.499386741,83,1.0,0.4893123402315028,0.4017497875072338,,,,,,,,,,,,,,,,
5.503380741,83,1.0,0.4885295419132008,0.401311351634838,,,,,,,,,,,,,,,,
5.507384741,83,1.0,0.48871152541216684,0.40083968551070603,,,,,,,,,,,,,,,,
5.515487741,83,1.0,0.48958223006304574,0.4006188851815683,,,,,,,,,,,,,,,,
5.519952741,83,1.0,0.4896537556367762,0.40069433141637734,,,,,,,,,,,,,,,,
5.523525741,83,1.0,0.49018091313979206,0.40065528021918406,,,,,,,,,,,,,,,,
5.5274477410000005,83,1.0,0.49079564038444967,0.40069557472511574,,,,,,,,,,,,,,,,
5.535413741,83,1.0,0.4914386973661535,0.4007382993344908,,,,,,,,,,,,,,,,
5.539362741000001,84,1.0,0.4915286793428309,0.40061159487123843,,,,,,,,,,,,,,,,
5.543381741,84,1.0,0.49086374395033894,0.40045584219473385,,,,,,,,,,,,,,,,
5.547391741,84,1.0,0.49084124845616955,0.40079752604166663,,,,,,,,,,,,,,,,
5.555669741,84,1.0,0.48974429859834556,0.4010250515407986,,,,,,,,,,,,,,,,
5.559386741,84,1.0,0.48987966425278606,0.40128546820746525,,,,,,,,,,,,,,,,
5.563934741000001,84,1.0,0.4896145988913143,0.40119012903284146,,,,,,,,,,,,,,,,
5.567419741,84,1.0,0.48997901467715993,0.4009774102105035,,,,,,,,,,,,,,,,
5.576331741000001,84,1.0,0.4906169666963465,0.3998576976634838,,,,,,,,,,,,,,,,
5.579405741,85,1.0,0.49085381451775045,0.4002570823386863,,,,,,,,,,,,,,,,
5.583438741,85,1.0,0.4912220450008617,0.4000797978153935,,,,,,,,,,,,,,,,
5.587391741,85,1.0,0.491551679723403,0.3999652438693576,,,,,,,,,,,,,,,,
5.5954377410000005,85,1.0,0.49125009424546184,0.39961977358217593,,,,,,,,,,,,,,,,
5.599452741,85,1.0,0.49154360154095816,0.39942785192418984,,,,,,,,,,,,,,,,
5.603398741,85,1.0,0.49105363733628216,0.39995637116608795,,,,,,,,,,,,,,,,
5.6080387410000005,85,1.0,0.49113986071418314,0.399359130859375,,,,,,,,,,,,,,,,
5.615419741,85,1.0,0.49134203966926127,0.39910470468026615,,,,,,,,,,,,,,,,
5.620737741,86,1.0,0.4915311476763557,0.39894036187065973,,,,,,,,,,,,,,,,
5.624683741,86,1.0,0.4917236776912914,0.398879552770544,,,,,,,,,,,,,,,,
5.627368741000001,86,1.0,0.4918648775886087,0.3988068757233796,,,,,,,,,,,,,,,,
5.637677741,86,1.0,0.4916822209077723,0.3987343117042824,,,,,,,,,,,,,,,,
5.639509741,86,1.0,0.4917690052705653,0.39884626600477435,,,,,,,,,,,,,,,,
5.643448741,86,1.0,0.49195682301240806,0.39875279179325807,,,,,,,,,,,,,,,,
5.647503741,86,1.0,0.49190201478845935,0.3983380918149595,,,,,,,,,,,,,,,,
5.655619741000001,86,1.0,0.4911639269660501,0.39818007857711224,,,,,,,,,,,,,,,,
5.659377741,87,1.0,0.4903537525850184,0.3978157891167535,,,,,,,,,,,,,,,,
5.663420741,87,1.0,0.48958267885095935,0.3975984361436632,,,,,,,,,,,,,,,,
5.667402741,87,1.0,0.48816753836239085,0.3970008002387153,,,,,,,,,,,,,,,,
5.6765557410000005,87,1.0,0.4879564958460191,0.3964939258716724,,,,,,,,,,,,,,,,
5.679422741000001,87,1.0,0.4880896736593807,0.3964933607313368,,,,,,,,,,,,,,,,
5.683420741,87,1.0,0.48698851641486673,0.3965026290328414,,,,,,,,,,,,,,,,
5.687437741,87,1.0,0.487120460061466,0.3965353506582755,,,,,,,,,,,,,,,,
5.695419741,87,1.0,0.4877193114336799,0.39640892876519096,,,,,,,,,,,,,,,,
5.6993927410000005,88,1.0,0.48800115024342255,0.39648821795428246,,,,,,,,,,,,,,,,
5.7035107410000006,88,1.0,0.488131747526281,0.3964595653392651,,,,,,,,,,,,,,,,
5.7074057410000005,88,1.0,0.48834778280819163,0.3965292471426505,,,,,,,,,,,,,,,,
5.715403741,88,1.0,0.48674263673670154,0.39654518410011574,,,,,,,,,,,,,,,,
5.720354741,88,1.0,0.4871004889993107,0.39675078215422455,,,,,,,,,,,,,,,,
5.723391741,88,1.0,0.48721661287195545,0.3967497649016204,,,,,,,,,,,,,,,,
5.727454741000001,88,1.0,0.487306931439568,0.3967644020363137,,,,,,,,,,,,,,,,
5.735386741,88,1.0,0.48760509490966797,0.39664148401331023,,,,,,,,,,,,,,,,
5.739653741000001,89,1.0,0.487825449775247,0.3965351811161748,,,,,,,,,,,,,,,,
5.7434017410000004,89,1.0,0.487543498768526,0.39626803927951393,,,,,,,,,,,,,,,,
5.747406741000001,89,1.0,0.4877455094281365,0.3961265281394676,,,,,,,,,,,,,,,,
5.755406741000001,89,1.0,0.48810094945571003,0.39569238733362266,,,,,,,,,,,,,,,,
5.759425741,89,1.0,0.48817067987778606,0.39574731897424764,,,,,,,,,,,,,,,,
5.763420741,89,1.0,0.4879477444817038,0.39625826235170714,,,,,,,,,,,,,,,,
5.767413741,89,1.0,0.48810846665326285,0.39657078495732057,,,,,,,,,,,,,,,,
5.775392741,89,1.0,0.48850570005529065,0.3966168438946759,,,,,,,,,,,,,,,,
5.780525741,90,1.0,0.4875811969532686,0.397092522515191,,,,,,,,,,,,,,,,
5.783377741000001,90,1.0,0.487701135523179,0.39726924189814816,,,,,,,,,,,,,,,,
5.787466741,90,1.0,0.4878851385677562,0.3972790753399884,,,,,,,,,,,,,,,,
5.795469741000001,90,1.0,0.488164228551528,0.3970730251736111,,,,,,,,,,,,,,,,
5.803192741,90,1.0,0.48717279995188995,0.3980543348524306,,,,,,,,,,,,,,,,
5.803412741000001,90,1.0,0.48718177571016197,0.398072193287037,,,,,,,,,,,,,,,,
5.807399741,90,1.0,0.48734176860136147,0.39802053946035876,,,,,,,,,,,,,,,,
5.815438741,90,1.0,0.48746080959544463,0.3972038551613136,,,,,,,,,,,,,,,,
5.8193917410000005,91,1.0,0.4874899247113396,0.39717893247251157,,,,,,,,,,,,,,,,
5.823391741,91,1.0,0.4876072827507468,0.39710501211660876,,,,,,,,,,,,,,,,
5.827412741000001,91,1.0,0.4877160577213063,0.39709625244140623,,,,,,,,,,,,,,,,
5.835382741,91,1.0,0.48790763406192555,0.39701600251374425,,,,,,,,,,,,,,,,
5.839376741000001,91,1.0,0.48688383663401885,0.3975328233506944,,,,,,,,,,,,,,,,
5.843408741,91,1.0,0.48698874080882354,0.39771067301432295,,,,,,,,,,,,,,,,
5.847398741,91,1.0,0.48690178815056295,0.3975392659505208,,,,,,,,,,,,,,,,
5.855362741,91,1.0,0.48789187038646026,0.39793418601707176,,,,,,,,,,,,,,,,
5.8595887410000005,92,1.0,0.48894326827105355,0.39779386167173036,,,,,,,,,,,,,,,,
5.865096741,92,1.0,0.4890290989595301,0.3974799827293113,,,,,,,,,,,,,,,,
5.8680907410000005,92,1.0,0.4890104742611156,0.3975115740740741,,,,,,,,,,,,,,,,
5.875452741,92,1.0,0.4885285321403952,0.39748145209418406,,,,,,,,,,,,,,,,
5.879415741000001,92,1.0,0.4886961544261259,0.39783585159866897,,,,,,,,,,,,,,,,
5.8834237410000005,92,1.0,0.4892928740557502,0.3982597068504051,,,,,,,,,,,,,,,,
5.887360741,92,1.0,0.48933786504408894,0.39983463993778934,,,,,,,,,,,,,,,,
5.895573741000001,92,1.0,0.489284403183881,0.39925746211299185,,,,,,,,,,,,,,,,
5.899432741,93,1.0,0.48943743986241955,0.39936393455222796,,,,,,,,,,,,,,,,
5.903387741,93,1.0,0.4894873114193187,0.4002877694589121,,,,,,,,,,,,,,,,
5.907452741,93,1.0,0.48952214858111215,0.40043849238642937,,,,,,,,,,,,,,,,
5.9158297410000005,93,1.0,0.48955289055319395,0.4017215870044849,,,,,,,,,,,,,,,,
5.9195217410000005,93,1.0,0.4899187648997587,0.40176402904369213,,,,,,,,,,,,,,,,
5.923440741,93,1.0,0.48961734771728516,0.4016385678891783,,,,,,,,,,,,,,,,
5.927423741,93,1.0,0.4898351781508502,0.40171022768373843,,,,,,,,,,,,,,,,
5.935516741000001,93,1.0,0.489805165459128,0.4014922530562789,,,,,,,,,,,,,,,,
5.939404741000001,94,1.0,0.4908456802368164,0.40183320222077545,,,,,,,,,,,,,,,,
5.943384741,94,1.0,0.4910138635074391,0.40132208930121527,,,,,,,,,,,,,,,,
5.947417741000001,94,1.0,0.49096258948830995,0.40162144413700807,,,,,,,,,,,,,,,,
5.955426741,94,1.0,0.4917161604937385,0.4015917742693865,,,,,,,,,,,,,,,,
5.959414741000001,94,1.0,0.491542984457577,0.4015400639286748,,,,,,,,,,,,,,,,
5.963412741,94,1.0,0.49181236940271716,0.40160511158130785,,,,,,,,,,,,,,,,
5.971418741000001,94,1.0,0.4914516561171588,0.401432517722801,,,,,,,,,,,,,,,,
5.975405741,94,1.0,0.49152402316822724,0.4013544153284143,,,,,,,,,,,,,,,,
5.979485741,95,1.0,0.49152346218333526,0.401291345666956,,,,,,,,,,,,,,,,
5.983378741,95,1.0,0.4915434893439798,0.40209367540147567,,,,,,,,,,,,,,,,
5.991410741,95,1.0,0.4912281597361845,0.40515583179615167,,,,,,,,,,,,,,,,
5.995467741000001,95,1.0,0.49137474508846507,0.4155603479456018,,,,,,,,,,,,,,,,
5.999477741000001,95,1.0,0.4913489958819221,0.4334762573242188,,,,,,,,,,,,,,,,
6.003445741,95,1.0,0.4945490220013787,0.4471350775824653,,,,,,,,,,,,,,,,
6.011451741,95,1.0,0.5000617644366097,0.47384982638888884,,,,,,,,,,,,,,,,
6.015426741000001,95,1.0,0.5069066215963924,0.4865497730396412,,,,,,,,,,,,,,,,
6.019450741,96,1.0,0.5128898620605469,0.49348223650896994,,,,,,,,,,,,,,,,
6.0234067410000005,96,1.0,0.5149296592263615,0.49716271294487846,,,,,,,,,,,,,,,,
6.031378741,96,1.0,0.5176902658799115,0.499110695167824,,,,,,,,,,,,,,,,
6.035482741,96,1.0,0.5191257701200598,0.49735717773437504,,,,,,,,,,,,,,,,
6.039452741000001,96,1.0,0.5197285483865177,0.49718288845486114,,,,,,,,,,,,,,,,
6.043450741,96,1.0,0.5202496472527,0.5018494217484086,,,,,,,,,,,,,,,,
6.051490741,96,1.0,0.5178360097548541,0.5016237612123843,,,,,,,,,,,,,,,,
6.055429741,96,1.0,0.5180343740126666,0.5033977367259839,,,,,,,,,,,,,,,,
6.059443741,97,1.0,0.5180897993199965,0.5030671296296296,,,,,,,,,,,,,,,,
6.063498741,97,1.0,0.5174350738525391,0.49759984899450227,,,,,,,,,,,,,,,,
6.071392741,97,1.0,0.5184860790477079,0.5019561767578125,,,,,,,,,,,,,,,,
6.075526741,97,1.0,0.5192600699032054,0.5008888527199074,,,,,,,,,,,,,,,,
6.0794257410000005,97,1.0,0.5184712129480699,0.5001828228985822,,,,,,,,,,,,,,,,
6.083382741,97,1.0,0.518839443431181,0.5018695972583912,,,,,,,,,,,,,,,,
6.091416741000001,97,1.0,0.5179476457483628,0.5017596774631077,,,,,,,,,,,,,,,,
6.0957747410000005,97,1.0,0.517203779781566,0.5018187346281828,,,,,,,,,,,,,,,,
6.099507741,98,1.0,0.517374599681181,0.5032999674479166,,,,,,,,,,,,,,,,
6.103406741000001,98,1.0,0.5177511888391831,0.5021569146050346,,,,,,,,,,,,,,,,
6.111398741,98,1.0,0.518086826100069,0.5007097597475405,,,,,,,,,,,,,,,,
6.1154027410000005,98,1.0,0.5198006910436294,0.501399400499132,,,,,,,,,,,,,,,,
6.119448741,98,1.0,0.5195437038646025,0.5007314046223958,,,,,,,,,,,,,,,,
6.123411741,98,1.0,0.5212781569536995,0.5027083220305266,,,,,,,,,,,,,,,,
6.1315937410000005,98,1.0,0.5193734449498794,0.5024648030598958,,,,,,,,,,,,,,,,
6.135408741,98,1.0,0.5193498274859261,0.5023340295862269,,,,,,,,,,,,,,,,
6.139409741000001,99,1.0,0.5190344978781307,0.5023262306495949,,,,,,,,,,,,,,,,
6.143387741000001,99,1.0,0.5196576959946576,0.5000814932364004,,,,,,,,,,,,,,,,
6.1514057410000005,99,1.0,0.5185414482565487,0.5024937947591146,,,,,,,,,,,,,,,,
6.155455741000001,99,1.0,0.5183328740737018,0.5020463166413484,,,,,,,,,,,,,,,,
6.159425741000001,99,1.0,0.5185289943919462,0.5012993706597222,,,,,,,,,,,,,,,,
6.1639367410000006,99,1.0,0.5181628395529354,0.5011628327546296,,,,,,,,,,,,,,,,
6.171689741000001,99,1.0,0.5185278724221623,0.5005054615162037,,,,,,,,,,,,,,,,
6.1754307410000004,99,1.0,0.5193995868458468,0.500397632740162,,,,,,,,,,,,,,,,
6.179409741000001,100,1.0,0.5193484811221852,0.5026999014395255,,,,,,,,,,,,,,,,
6.183427741,100,1.0,0.5188484752879423,0.5020419650607639,,,,,,,,,,,,,,,,
6.191588741,100,1.0,0.5183140810798196,0.5009302209924769,,,,,,,,,,,,,,,,
6.195448741000001,100,1.0,0.5191198236802045,0.500443861219618,,,,,,,,,,,,,,,,
6.199674741000001,100,1.0,0.5190514957203585,0.500206615306713,,,,,,,,,,,,,,,,
6.203428741000001,100,1.0,0.5203972984762752,0.5029518410011574,,,,,,,,,,,,,,,,
6.211505741000001,100,1.0,0.5197091944077435,0.5002170704029225,,,,,,,,,,,,,,,,
6.215453741,100,1.0,0.5196498422061696,0.5007906313295718,,,,,,,,,,,,,,,,
6.219415741000001,101,1.0,0.5192424549775965,0.5023613823784723,,,,,,,,,,,,,,,,
6.224190741,101,1.0,0.5198984146118164,0.5031360767505787,,,,,,,,,,,,,,,,
6.231497741,101,1.0,0.5192768994499656,0.5033889205367477,,,,,,,,,,,,,,,,
6.235436741,101,1.0,0.5190819011015051,0.502545166015625,,,,,,,,,,,,,,,,
6.239391741,101,1.0,0.5187654495239258,0.5012883504231771,,,,,,,,,,,,,,,,
6.243619741000001,101,1.0,0.5184568517348346,0.49907995153356477,,,,,,,,,,,,,,,,
6.251468741,101,1.0,0.5174145979039809,0.4929573341652199,,,,,,,,,,,,,,,,
6.255416741,101,1.0,0.5156928230734432,0.478581859447338,,,,,,,,,,,,,,,,
6.259487741,102,1.0,0.5136943704941693,0.4556261980975116,,,,,,,,,,,,,,,,
6.263896741000001,102,1.0,0.5089756460750804,0.4426370126229745,,,,,,,,,,,,,,,,
6.271702741,102,1.0,0.5003098880543428,0.4281062373408565,,,,,,,,,,,,,,,,
6.275425741,102,1.0,0.49815766951617074,0.4237493444372107,,,,,,,,,,,,,,,,
6.279435741,102,1.0,0.4968206181245692,0.42074573658130787,,,,,,,,,,,,,,,,
6.283378741000001,102,1.0,0.4948685028973748,0.4195909288194445,,,,,,,,,,,,,,,,
6.2914017410000005,102,1.0,0.4911288654102999,0.4204477945963542,,,,,,,,,,,,,,,,
6.2954307410000006,102,1.0,0.4897409887874828,0.4240502816659433,,,,,,,,,,,,,,,,
6.299360741,103,1.0,0.49056294385124655,0.4254361187970197,,,,,,,,,,,,,,,,
6.303496741,103,1.0,0.49084556803983803,0.4239657366717303,,,,,,,,,,,,,,,,
6.3114177410000005,103,1.0,0.4912262523875517,0.42184063946759254,,,,,,,,,,,,,,,,
6.315418741,103,1.0,0.49173349492690144,0.42249394169560184,,,,,,,,,,,,,,,,
6.319742741000001,103,1.0,0.49184294307933135,0.42286614312065973,,,,,,,,,,,,,,,,
6.323384741000001,103,1.0,0.4913567374734318,0.4232877943250868,,,,,,,,,,,,,,,,
6.331461741,103,1.0,0.4904963549445657,0.42384349681712963,,,,,,,,,,,,,,,,
6.335548741,103,1.0,0.49022814806769877,0.4241609926576968,,,,,,,,,,,,,,,,
6.339399741,104,1.0,0.4905497607062845,0.4210872508861401,,,,,,,,,,,,,,,,
6.343419741000001,104,1.0,0.4908302531522863,0.42096111156322336,,,,,,,,,,,,,,,,
6.3513917410000005,104,1.0,0.48994844100054574,0.41942782931857636,,,,,,,,,,,,,,,,
6.355573741000001,104,1.0,0.48841016432818246,0.41869371202256944,,,,,,,,,,,,,,,,
6.3594617410000005,104,1.0,0.4879912769093233,0.41829963966652195,,,,,,,,,,,,,,,,
6.363429741,104,1.0,0.48871483522302966,0.41980698196976274,,,,,,,,,,,,,,,,
6.371543741,104,1.0,0.48946262808407054,0.4223088582356771,,,,,,,,,,,,,,,,
6.375454741,104,1.0,0.48935407750746784,0.42193332248263893,,,,,,,,,,,,,,,,
6.379418741,105,1.0,0.48812950358671303,0.41737343117042824,,,,,,,,,,,,,,,,
6.383485741,105,1.0,0.4886365217321059,0.41623122603804974,,,,,,,,,,,,,,,,
6.391406741000001,105,1.0,0.48742518705480237,0.41797920509620945,,,,,,,,,,,,,,,,
6.395419741,105,1.0,0.4871726877549115,0.4165594595449942,,,,,,,,,,,,,,,,
6.400539741,105,1.0,0.48755640142104206,0.4171587908709491,,,,,,,,,,,,,,,,
6.403497741000001,105,1.0,0.48732707079719095,0.41575170446325227,,,,,,,,,,,,,,,,
6.411415741000001,105,1.0,0.48836954902200136,0.41487664116753475,,,,,,,,,,,,,,,,
6.415432741,105,1.0,0.4888469471650965,0.41433269359447333,,,,,,,,,,,,,,,,
6.419372741,105,1.0,0.4891740013571346,0.41247253417968754,,,,,,,,,,,,,,,,
6.423394741,106,1.0,0.4894856845631319,0.4126552440502026,,,,,,,,,,,,,,,,
6.431421741,106,1.0,0.4900403303258559,0.41265467890986685,,,,,,,,,,,,,,,,
6.435481741,106,1.0,0.4902661267448874,0.41220686170789933,,,,,,,,,,,,,,,,
6.439444741,106,1.0,0.4904651641845703,0.40997664840133097,,,,,,,,,,,,,,,,
6.443372741,106,1.0,0.49084826076731963,0.4092435483579282,,,,,,,,,,,,,,,,
6.451439741000001,106,1.0,0.4913180295158835,0.40943083586516205,,,,,,,,,,,,,,,,
6.455544741000001,106,1.0,0.49155083824606505,0.4105905603479456,,,,,,,,,,,,,,,,
6.459412741,106,1.0,0.49174774394315834,0.41066346345124416,,,,,,,,,,,,,,,,
6.463421741,106,1.0,0.49194992289823647,0.4125128851996528,,,,,,,,,,,,,,,,
6.471383741,107,1.0,0.4919043709250057,0.4121933548538773,,,,,,,,,,,,,,,,
6.475596741,107,1.0,0.4920807445750517,0.41283088966652204,,,,,,,,,,,,,,,,
6.479430741000001,107,1.0,0.4922090418198529,0.41331979257089124,,,,,,,,,,,,,,,,
6.483391741,107,1.0,0.49291644376866955,0.41377456099898724,,,,,,,,,,,,,,,,
6.491390741,107,1.0,0.49319054098690257,0.4148392853913484,,,,,,,,,,,,,,,,
6.495404741000001,107,1.0,0.49387595232795267,0.414912697120949,,,,,,,,,,,,,,,,
6.499404741,107,1.0,0.49448198430678425,0.4159341317635995,,,,,,,,,,,,,,,,
6.503415741,108,1.0,0.4948538611916935,0.4166310063114873,,,,,,,,,,,,,,,,
6.511546741,108,1.0,0.4954541711246266,0.41621110704210074,,,,,,,,,,,,,,,,
6.515506741,108,1.0,0.49566375508027916,0.41668429904513893,,,,,,,,,,,,,,,,
6.520190741,108,1.0,0.49571749743293314,0.4174802992078993,,,,,,,,,,,,,,,,
6.523426741000001,108,1.0,0.49585190941305723,0.4179763228804977,,,,,,,,,,,,,,,,
6.531417741,108,1.0,0.49540042877197266,0.41837892885561345,,,,,,,,,,,,,,,,
6.535411741000001,108,1.0,0.49492650873520794,0.4185792711046007,,,,,,,,,,,,,,,,
6.539372741,108,1.0,0.495424046235926,0.4188900982892072,,,,,,,,,,,,,,,,
6.543357741,109,1.0,0.49579132304472084,0.4191399468315973,,,,,,,,,,,,,,,,
6.551400741,109,1.0,0.49662696613984947,0.4209017718279803,,,,,,,,,,,,,,,,
6.555797741,109,1.0,0.49753211526309743,0.42588370994285296,,,,,,,,,,,,,,,,
6.559488741,109,1.0,0.49799548878389244,0.4323072645399305,,,,,,,,,,,,,,,,
6.563417741,109,1.0,0.49950392106000113,0.4371967456958912,,,,,,,,,,,,,,,,
6.571377741,109,1.0,0.5028675864724552,0.44313054967809606,,,,,,,,,,,,,,,,
6.575395741,109,1.0,0.503243558547076,0.44464100025318287,,,,,,,,,,,,,,,,
6.579398741,109,1.0,0.5054816077737248,0.44603491889105906,,,,,,,,,,,,,,,,
6.5833837410000005,110,1.0,0.5070227454690373,0.4475137216073496,,,,,,,,,,,,,,,,
6.591419741,110,1.0,0.5064593483419979,0.4489560727719908,,,,,,,,,,,,,,,,
6.5953937410000005,110,1.0,0.5066131143008962,0.45057452166521994,,,,,,,,,,,,,,,,
6.5996887410000005,110,1.0,0.5066233803244198,0.45082759150752316,,,,,,,,,,,,,,,,
6.603375741000001,110,1.0,0.5075892841114718,0.45026335539641205,,,,,,,,,,,,,,,,
6.611425741000001,110,1.0,0.508976936340332,0.45045228181061925,,,,,,,,,,,,,,,,
6.615452741,110,1.0,0.5086651409373564,0.4495611685293692,,,,,,,,,,,,,,,,
6.619427741,110,1.0,0.5084083781522863,0.45016027379918977,,,,,,,,,,,,,,,,
6.623414741,111,1.0,0.5082026649923885,0.4495868824146412,,,,,,,,,,,,,,,,
6.632435741,111,1.0,0.5077697529512293,0.4482750221535011,,,,,,,,,,,,,,,,
6.635389741,111,1.0,0.5075408150168026,0.44969216805917245,,,,,,,,,,,,,,,,
6.639410741000001,111,1.0,0.5073171503403607,0.44923220033998845,,,,,,,,,,,,,,,,
6.643409741,111,1.0,0.5071035833919749,0.4491418344003183,,,,,,,,,,,,,,,,
6.651514741000001,111,1.0,0.5063260022331687,0.44899891040943285,,,,,,,,,,,,,,,,
6.655406741,111,1.0,0.506169880137724,0.4485481544777199,,,,,,,,,,,,,,,,
6.659415741,111,1.0,0.5060218362247243,0.44860551622178824,,,,,,,,,,,,,,,,
6.663500741,112,1.0,0.5059434105368221,0.4489754005714699,,,,,,,,,,,,,,,,
6.671407741,112,1.0,0.5056905746459961,0.4483150340892651,,,,,,,,,,,,,,,,
6.675809741,112,1.0,0.5050996892592486,0.4481471874095776,,,,,,,,,,,,,,,,
6.679547741,112,1.0,0.5048042185166303,0.44796837700737846,,,,,,,,,,,,,,,,
6.683587741,112,1.0,0.5041687909294578,0.4481687192563657,,,,,,,,,,,,,,,,
6.691416741,112,1.0,0.5039590947768268,0.448042071307147,,,,,,,,,,,,,,,,
6.695441741000001,112,1.0,0.5022433785831227,0.4480782402886285,,,,,,,,,,,,,,,,
6.699409741,112,1.0,0.5022913988898782,0.4480901082356771,,,,,,,,,,,,,,,,
6.703377741000001,113,1.0,0.502229185665355,0.4483131691261574,,,,,,,,,,,,,,,,
6.711382741,113,1.0,0.5019912158741671,0.44898698594835074,,,,,,,,,,,,,,,,
6.715420741000001,113,1.0,0.5017582388485179,0.45038384331597225,,,,,,,,,,,,,,,,
6.719455741,113,1.0,0.5017412410062903,0.4501541137695313,,,,,,,,,,,,,,,,
6.723420741,113,1.0,0.5010196461397058,0.4497685750325521,,,,,,,,,,,,,,,,
6.7315007410000005,113,1.0,0.4996194839477539,0.4453606499565972,,,,,,,,,,,,,,,,
6.7354147410000005,113,1.0,0.4993400573730469,0.4417817292390046,,,,,,,,,,,,,,,,
6.7393927410000005,113,1.0,0.4996345183428596,0.4374776204427083,,,,,,,,,,,,,,,,
6.747409741,114,1.0,0.49737947127398324,0.4264056170428241,,,,,,,,,,,,,,,,
6.751462741,114,1.0,0.4974030887379366,0.4249492503978588,,,,,,,,,,,,,,,,
6.755376741,114,1.0,0.4966181025785558,0.42315747296368633,,,,,,,,,,,,,,,,
6.759667741,114,1.0,0.49561792261460247,0.4219041047272859,,,,,,,,,,,,,,,,
6.767383741000001,114,1.0,0.4940500820384306,0.42050526936848953,,,,,,,,,,,,,,,,
6.7713987410000005,114,1.0,0.49419492833754597,0.4200540048104745,,,,,,,,,,,,,,,,
6.775398741,114,1.0,0.49434252346263213,0.4181342796043114,,,,,,,,,,,,,,,,
6.779425741000001,114,1.0,0.4933513192569508,0.4188339233398437,,,,,,,,,,,,,,,,
6.787395741,115,1.0,0.49369200538186464,0.41997810646339695,,,,,,,,,,,,,,,,
6.791405741,115,1.0,0.49385839350083294,0.4196082221137153,,,,,,,,,,,,,,,,
6.795388741,115,1.0,0.49387230592615466,0.4190519544813368,,,,,,,,,,,,,,,,
6.7994077410000004,115,1.0,0.4940212474149816,0.41796270299840854,,,,,,,,,,,,,,,,
6.807396741000001,115,1.0,0.49429691539091225,0.41772675690827543,,,,,,,,,,,,,,,,
6.811416741,115,1.0,0.49440137077780333,0.41776337800202545,,,,,,,,,,,,,,,,
6.818129741000001,115,1.0,0.4941879160263959,0.41456485324435766,,,,,,,,,,,,,,,,
6.819424741000001,115,1.0,0.49422381905948415,0.41481227168330437,,,,,,,,,,,,,,,,
6.827426741,116,1.0,0.4915014154770795,0.4155511361581308,,,,,,,,,,,,,,,,
6.831399741,116,1.0,0.4917171141680549,0.41583777533637156,,,,,,,,,,,,,,,,
6.835401741,116,1.0,0.49184221379897175,0.41623201723451964,,,,,,,,,,,,,,,,
6.839470741,116,1.0,0.4920438878676471,0.415982903374566,,,,,,,,,,,,,,,,
6.847406741,116,1.0,0.4923819373635685,0.4168668393735533,,,,,,,,,,,,,,,,
6.851449741000001,116,1.0,0.4920862422269933,0.41513197157118054,,,,,,,,,,,,,,,,
6.855619741000001,116,1.0,0.49216337764964385,0.4157887776692708,,,,,,,,,,,,,,,,
6.859406741000001,116,1.0,0.49231602163875804,0.41606207953559027,,,,,,,,,,,,,,,,
6.867387741000001,117,1.0,0.4923404244815602,0.4167134602864583,,,,,,,,,,,,,,,,
6.8714587410000005,117,1.0,0.49248095119700713,0.417294255009404,,,,,,,,,,,,,,,,
6.875394741,117,1.0,0.49253104714786305,0.41782034414785885,,,,,,,,,,,,,,,,
6.879395741000001,117,1.0,0.4923868740306181,0.4182575367115162,,,,,,,,,,,,,,,,
6.888702741,117,1.0,0.4930888905244715,0.41848404495804403,,,,,,,,,,,,,,,,
6.891414741,117,1.0,0.4931582843556124,0.41866850676359957,,,,,,,,,,,,,,,,
6.895462741,117,1.0,0.4932621226591222,0.41883793583622686,,,,,,,,,,,,,,,,
6.899420741,117,1.0,0.4932210024665384,0.4190245451750578,,,,,,,,,,,,,,,,
6.907379741000001,118,1.0,0.493708330042222,0.4195163302951389,,,,,,,,,,,,,,,,
6.911601741,118,1.0,0.49371814727783203,0.4202206081814236,,,,,,,,,,,,,,,,
6.915469741000001,118,1.0,0.49302516264073987,0.4202497129087095,,,,,,,,,,,,,,,,
6.9195277410000005,118,1.0,0.4930773342356962,0.42044338650173607,,,,,,,,,,,,,,,,
6.927383741000001,118,1.0,0.4929903815774357,0.41931282326027197,,,,,,,,,,,,,,,,
6.9317857410000006,118,1.0,0.49307868059943705,0.41971746374059604,,,,,,,,,,,,,,,,
6.9354197410000005,118,1.0,0.49321578530704274,0.41992181848596644,,,,,,,,,,,,,,,,
6.939393741000001,118,1.0,0.4930854124181411,0.4200788709852431,,,,,,,,,,,,,,,,
6.947412741000001,119,1.0,0.49332742130055146,0.4210944281684028,,,,,,,,,,,,,,,,
6.951417741,119,1.0,0.4934372621424058,0.4209775571469907,,,,,,,,,,,,,,,,
6.955404741000001,119,1.0,0.4941669912899242,0.420627678765191,,,,,,,,,,,,,,,,
6.959412741,119,1.0,0.4942077187930836,0.42055183693214704,,,,,,,,,,,,,,,,
6.967391741,119,1.0,0.49499938067267923,0.42018845169632524,,,,,,,,,,,,,,,,
6.971418741000001,119,1.0,0.4958943759693819,0.42015414767795134,,,,,,,,,,,,,,,,
6.975441741,119,1.0,0.4958943198708927,0.4197960747612848,,,,,,,,,,,,,,,,
6.979608741000001,119,1.0,0.49648290521958294,0.42092618589048036,,,,,,,,,,,,,,,,
6.987380741000001,120,1.0,0.49891870162066293,0.42114738181785305,,,,,,,,,,,,,,,,
6.991377741000001,120,1.0,0.49894192639519186,0.42130985966435186,,,,,,,,,,,,,,,,
6.995401741,120,1.0,0.4989613364724552,0.42141418457031254,,,,,,,,,,,,,,,,
6.999659741,120,1.0,0.49890809900620403,0.42152065700954866,,,,,,,,,,,,,,,,
7.007401741000001,120,1.0,0.5003305883968577,0.42105017768012154,,,,,,,,,,,,,,,,
7.011386741000001,120,1.0,0.5002568188835593,0.4213676735206887,,,,,,,,,,,,,,,,
7.015427741000001,120,1.0,0.5012600842644187,0.4214000560619213,,,,,,,,,,,,,,,,
7.0193847410000005,120,1.0,0.5011701022877413,0.4216813264069734,,,,,,,,,,,,,,,,
7.027418741000001,121,1.0,0.5010598126579734,0.4224835996274595,,,,,,,,,,,,,,,,
7.0314317410000005,121,1.0,0.5011103573967429,0.42273367422598385,,,,,,,,,,,,,,,,
7.035400741,121,1.0,0.5010231242460363,0.4231853343822338,,,,,,,,,,,,,,,,
7.039423741,121,1.0,0.5016860400929171,0.42379625108506946,,,,,,,,,,,,,,,,
7.047400741000001,121,1.0,0.5016780180089614,0.4246728967737269,,,,,,,,,,,,,,,,
7.051407741,121,1.0,0.5015825383803424,0.42488533302589704,,,,,,,,,,,,,,,,
7.055402741000001,121,1.0,0.5012451620662913,0.4252684416594329,,,,,,,,,,,,,,,,
7.059398741000001,121,1.0,0.5011710559620577,0.42575084544994213,,,,,,,,,,,,,,,,
7.067411741000001,122,1.0,0.5018380669986501,0.42590478967737266,,,,,,,,,,,,,,,,
7.071415741,122,1.0,0.5023871590109432,0.42639120596426505,,,,,,,,,,,,,,,,
7.075452741,122,1.0,0.50293389488669,0.42679443359375,,,,,,,,,,,,,,,,
7.079436741,122,1.0,0.5032135458553538,0.42689819335937496,,,,,,,,,,,,,,,,
7.087561741,122,1.0,0.5029750711777631,0.42689050745081014,,,,,,,,,,,,,,,,
7.091370741,122,1.0,0.503031898947323,0.42693328857421875,,,,,,,,,,,,,,,,
7.0954317410000005,122,1.0,0.5041816374834847,0.4275149310076678,,,,,,,,,,,,,,,,
7.099417741000001,122,1.0,0.5041305878583122,0.42777127866391784,,,,,,,,,,,,,,,,
7.107384741000001,122,1.0,0.5040721893310547,0.4274565520109954,,,,,,,,,,,,,,,,
7.111383741,123,1.0,0.5040273666381836,0.42740235505280666,,,,,,,,,,,,,,,,
7.1154027410000005,123,1.0,0.5044769960291245,0.42795596652560763,,,,,,,,,,,,,,,,
7.119441741,123,1.0,0.5045563192928538,0.42859033655237266,,,,,,,,,,,,,,,,
7.1274187410000005,123,1.0,0.5052263035493738,0.42917050962094905,,,,,,,,,,,,,,,,
7.131372741000001,123,1.0,0.5053091610179228,0.4292912235966435,,,,,,,,,,,,,,,,
7.135400741000001,123,1.0,0.5065287421731388,0.4292486120153356,,,,,,,,,,,,,,,,
7.139388741,123,1.0,0.5071907604441923,0.4301268966109665,,,,,,,,,,,,,,,,
7.147381741,123,1.0,0.5070815927842084,0.4300945705837673,,,,,,,,,,,,,,,,
7.151343741000001,123,1.0,0.5070109647863051,0.430116950141059,,,,,,,,,,,,,,,,
7.155521741,124,1.0,0.507199904497932,0.43004483823423034,,,,,,,,,,,,,,,,
7.1594057410000005,124,1.0,0.5081411810482249,0.43013667353877316,,,,,,,,,,,,,,,,
7.167389741,124,1.0,0.5077288571526023,0.43073521366825807,,,,,,,,,,,,,,,,
7.171920741,124,1.0,0.5075335222132066,0.43051356562861687,,,,,,,,,,,,,,,,
7.175998741000001,124,1.0,0.5073423385620117,0.43043761076750575,,,,,,,,,,,,,,,,
7.179397741000001,124,1.0,0.5072199316585765,0.430424216941551,,,,,,,,,,,,,,,,
7.187382741,124,1.0,0.508633389192469,0.4302868878399885,,,,,,,,,,,,,,,,
7.195405741,125,1.0,0.5091382194967831,0.4305402402524595,,,,,,,,,,,,,,,,
7.199421741,125,1.0,0.5089426040649414,0.43095544885706016,,,,,,,,,,,,,,,,
7.208774741,125,1.0,0.5099014955408433,0.43400500262225117,,,,,,,,,,,,,,,,
7.211443741,125,1.0,0.5097871107213637,0.43453798647280095,,,,,,,,,,,,,,,,
7.2153987410000004,125,1.0,0.509856616749483,0.43435595477068867,,,,,,,,,,,,,,,,
7.2194147410000005,125,1.0,0.5096426010131836,0.4345173023365162,,,,,,,,,,,,,,,,
7.228244741,125,1.0,0.5104448094087488,0.43427446153428817,,,,,,,,,,,,,,,,
7.231348741000001,125,1.0,0.5102797115550322,0.4348388671875,,,,,,,,,,,,,,,,
7.2353707410000005,126,1.0,0.5099836798275218,0.43495703803168406,,,,,,,,,,,,,,,,
7.239405741000001,126,1.0,0.5102614795460421,0.4352759467230902,,,,,,,,,,,,,,,,
7.247689741,126,1.0,0.5092669094310087,0.43531951904296873,,,,,,,,,,,,,,,,
7.251437741,126,1.0,0.5094901814180262,0.43542209201388893,,,,,,,,,,,,,,,,
7.255446741,126,1.0,0.5095467847936294,0.43530120849609377,,,,,,,,,,,,,,,,
7.2594147410000005,126,1.0,0.5094096239875344,0.4352884363245081,,,,,,,,,,,,,,,,
7.267406741,126,1.0,0.5092681996962604,0.43567544442635997,,,,,,,,,,,,,,,,
7.271396741,127,1.0,0.5096615623025333,0.4356281986942998,,,,,,,,,,,,,,,,
7.275393741,127,1.0,0.5088627759148093,0.43580763075086804,,,,,,,,,,,,,,,,
7.279418741000001,127,1.0,0.508791025947122,0.43589991816767937,,,,,,,,,,,,,,,,
7.287429741,127,1.0,0.5077762042774874,0.43567437065972225,,,,,,,,,,,,,,,,
7.2915667410000005,127,1.0,0.5080722360049977,0.43583294903790504,,,,,,,,,,,,,,,,
7.295421741,127,1.0,0.5080971437342027,0.43655621563946756,,,,,,,,,,,,,,,,
7.299379741,127,1.0,0.5081272686229032,0.43658390751591436,,,,,,,,,,,,,,,,
7.307384741000001,127,1.0,0.5084922453936409,0.43647172715928817,,,,,,,,,,,,,,,,
7.311376741,128,1.0,0.5087182662066292,0.4365988272207755,,,,,,,,,,,,,,,,
7.315523741000001,128,1.0,0.5097522735595703,0.4375680994104456,,,,,,,,,,,,,,,,
7.319375741000001,128,1.0,0.5096441717708812,0.43743178756148726,,,,,,,,,,,,,,,,
7.327520741000001,128,1.0,0.5106104682473576,0.43811244258174187,,,,,,,,,,,,,,,,
7.331386741,128,1.0,0.5104805441463695,0.43859179461443865,,,,,,,,,,,,,,,,
7.335395741,128,1.0,0.5104040258071002,0.43945165563512734,,,,,,,,,,,,,,,,
7.339376741000001,128,1.0,0.5105939191930434,0.4403654875578704,,,,,,,,,,,,,,,,
7.347418741,128,1.0,0.5108400232651654,0.44084444399233214,,,,,,,,,,,,,,,,
7.351417741000001,128,1.0,0.5121918285594267,0.441097965946904,,,,,,,,,,,,,,,,
7.355398741,129,1.0,0.5127887725830078,0.4410140991210938,,,,,,,,,,,,,,,,
7.3594107410000005,129,1.0,0.5126020768109489,0.4407604641384548,,,,,,,,,,,,,,,,
7.367414741,129,1.0,0.5126487507539637,0.44167310926649306,,,,,,,,,,,,,,,,
7.371696741,129,1.0,0.5129496069515452,0.44139658610026045,,,,,,,,,,,,,,,,
7.375421741,129,1.0,0.5132261164048139,0.4412479541919849,,,,,,,,,,,,,,,,
7.379431741,129,1.0,0.5132354848525104,0.44136872468171295,,,,,,,,,,,,,,,,
7.387436741,129,1.0,0.5124171200920554,0.4417268541124132,,,,,,,,,,,,,,,,
7.391456741000001,130,1.0,0.5124136980842141,0.4414997242115162,,,,,,,,,,,,,,,,
7.395389741000001,130,1.0,0.5137789109173942,0.4414238258644386,,,,,,,,,,,,,,,,
7.399395741,130,1.0,0.5136704164392808,0.442495275426794,,,,,,,,,,,,,,,,
7.407371741,130,1.0,0.513337584102855,0.44245255081741897,,,,,,,,,,,,,,,,
7.411488741,130,1.0,0.5131880255306468,0.4425726996527778,,,,,,,,,,,,,,,,
7.415380741000001,130,1.0,0.5138870688045726,0.44339435718677667,,,,,,,,,,,,,,,,
7.419388741000001,130,1.0,0.5137835670919979,0.44346104374638307,,,,,,,,,,,,,,,,
7.427398741,130,1.0,0.5136927436379826,0.4434254399052373,,,,,,,,,,,,,,,,
7.431400741,130,1.0,0.5137646619011375,0.4437702320240162,,,,,,,,,,,,,,,,
7.435379741,131,1.0,0.5136313718907973,0.44408399793836806,,,,,,,,,,,,,,,,
7.439409741,131,1.0,0.5133007273954504,0.44407597294560186,,,,,,,,,,,,,,,,
7.4517377410000005,131,1.0,0.5147292193244485,0.44401149043330435,,,,,,,,,,,,,,,,
7.451858741000001,131,1.0,0.5147303412942326,0.44400866473162615,,,,,,,,,,,,,,,,
7.455409741,131,1.0,0.5145810632144704,0.44398764151114,,,,,,,,,,,,,,,,
7.459411741,131,1.0,0.5143153807696175,0.44483829074435766,,,,,,,,,,,,,,,,
7.467436741,131,1.0,0.5141432706047507,0.44468536376953127,,,,,,,,,,,,,,,,
7.471383741,131,1.0,0.5144852469949162,0.4445712619357639,,,,,,,,,,,,,,,,
7.475396741000001,132,1.0,0.5136726603788488,0.4445972018771701,,,,,,,,,,,,,,,,
7.479380741000001,132,1.0,0.5147503123563879,0.44447337962962963,,,,,,,,,,,,,,,,
7.487369741,132,1.0,0.5148487091064453,0.44614596896701386,,,,,,,,,,,,,,,,
7.4914577410000005,132,1.0,0.5147260217105641,0.446624755859375,,,,,,,,,,,,,,,,
7.496499741,132,1.0,0.5148130304673139,0.4465067545572917,,,,,,,,,,,,,,,,
7.499414741000001,132,1.0,0.514824250165154,0.44633031774450227,,,,,,,,,,,,,,,,
7.5074127410000004,132,1.0,0.5147781933055204,0.4459824738679109,,,,,,,,,,,,,,,,
7.511429741000001,133,1.0,0.5147743225097656,0.4458176224320023,,,,,,,,,,,,,,,,
7.515401741000001,133,1.0,0.5152062808766085,0.44568492748119215,,,,,,,,,,,,,,,,
7.523433741000001,133,1.0,0.5156347050386316,0.4458303380895544,,,,,,,,,,,,,,,,
7.527413741,133,1.0,0.5155505012063419,0.4456656561957465,,,,,,,,,,,,,,,,
7.531448741,133,1.0,0.515956205480239,0.44558111120153354,,,,,,,,,,,,,,,,
7.537191741000001,133,1.0,0.515776746413287,0.4458533393012153,,,,,,,,,,,,,,,,
7.543410741000001,134,1.0,0.5155925750732422,0.4464221530490451,,,,,,,,,,,,,,,,
7.547404741,134,1.0,0.514732136445887,0.4464229442455151,,,,,,,,,,,,,,,,
7.5518547410000005,134,1.0,0.5142777947818532,0.44634891086154516,,,,,,,,,,,,,,,,
7.555376741000001,134,1.0,0.5142154693603516,0.4462378042715567,,,,,,,,,,,,,,,,
7.5634317410000005,134,1.0,0.5140508763930377,0.44756238019024885,,,,,,,,,,,,,,,,
7.567395741,134,1.0,0.5140527276431813,0.4473977548104745,,,,,,,,,,,,,,,,
7.571456741,134,1.0,0.5131587982177734,0.4472244262695313,,,,,,,,,,,,,,,,
7.575412741,134,1.0,0.5128325855030733,0.44720199019820606,,,,,,,,,,,,,,,,
7.583372741000001,135,1.0,0.5120937684003044,0.44691732901114,,,,,,,,,,,,,,,,
7.587401741000001,135,1.0,0.5115991480210248,0.4474219993308738,,,,,,,,,,,,,,,,
7.591459741,135,1.0,0.5114493650548598,0.4472694114402488,,,,,,,,,,,,,,,,
7.595430741,135,1.0,0.5120621288523954,0.44722889087818285,,,,,,,,,,,,,,,,
7.603423741,135,1.0,0.5121025197646197,0.4471199318214699,,,,,,,,,,,,,,,,
7.607728741000001,135,1.0,0.5117847218232996,0.4473217434353298,,,,,,,,,,,,,,,,
7.611459741000001,135,1.0,0.5121435277602252,0.44748150860821756,,,,,,,,,,,,,,,,
7.615448741000001,135,1.0,0.5121529523064109,0.44799448649088547,,,,,,,,,,,,,,,,
7.623354741000001,136,1.0,0.5129326652078068,0.4477429425274885,,,,,,,,,,,,,,,,
7.627397741,136,1.0,0.5128633274751551,0.4485058254665799,,,,,,,,,,,,,,,,
7.631392741000001,136,1.0,0.5127138250014361,0.4487488358109085,,,,,,,,,,,,,,,,
7.635436741,136,1.0,0.5131042704862707,0.44926729555483214,,,,,,,,,,,,,,,,
7.643411741,136,1.0,0.5124502742991728,0.44976077609592013,,,,,,,,,,,,,,,,
7.647468741000001,136,1.0,0.512244841631721,0.4495860912181713,,,,,,,,,,,,,,,,
7.651420741000001,136,1.0,0.5122025994693532,0.44943825050636577,,,,,,,,,,,,,,,,
7.656184741000001,136,1.0,0.5121821796192843,0.45016468189380787,,,,,,,,,,,,,,,,
7.663412741,137,1.0,0.5121467253741097,0.45006261754918986,,,,,,,,,,,,,,,,
7.667436741,137,1.0,0.51232489417581,0.4499075995551215,,,,,,,,,,,,,,,,
7.6713647410000005,137,1.0,0.5123512043672449,0.4498976530852141,,,,,,,,,,,,,,,,
7.675382741000001,137,1.0,0.5123282039866728,0.4497647885923033,,,,,,,,,,,,,,,,
7.683408741,137,1.0,0.5123351041008445,0.44956427680121525,,,,,,,,,,,,,,,,
7.6873707410000005,137,1.0,0.512418690849753,0.45041690402560763,,,,,,,,,,,,,,,,
7.691397741,137,1.0,0.5123661265653723,0.45037502712673616,,,,,,,,,,,,,,,,
7.695515741,137,1.0,0.5123703339520622,0.45022453025535303,,,,,,,,,,,,,,,,
7.703439741,137,1.0,0.5130039663875804,0.4508023862485533,,,,,,,,,,,,,,,,
7.707445741000001,137,1.0,0.5128308464499081,0.4507523148148148,,,,,,,,,,,,,,,,
7.7114087410000005,138,1.0,0.5128760057337144,0.45072501853660296,,,,,,,,,,,,,,,,
7.715465741,138,1.0,0.5125554028679343,0.4506272492585359,,,,,,,,,,,,,,,,
7.723577741000001,138,1.0,0.5132784001967486,0.45036106816044563,,,,,,,,,,,,,,,,
7.727422741000001,138,1.0,0.5128618689144359,0.4503417403609664,,,,,,,,,,,,,,,,
7.731416741,138,1.0,0.5125321780934053,0.450533209906684,,,,,,,,,,,,,,,,
7.735429741000001,138,1.0,0.5128871693330652,0.450416338885272,,,,,,,,,,,,,,,,
7.743425741,138,1.0,0.5120340796077952,0.4502304077148438,,,,,,,,,,,,,,,,
7.747407741000001,138,1.0,0.512025889228372,0.45029890272352435,,,,,,,,,,,,,,,,
7.751428741000001,139,1.0,0.5118079465978286,0.45016140407986116,,,,,,,,,,,,,,,,
7.755420741000001,139,1.0,0.5122286291683421,0.450172198260272,,,,,,,,,,,,,,,,
7.7633857410000005,139,1.0,0.5129998150993796,0.44962808114511,,,,,,,,,,,,,,,,
7.767474741000001,139,1.0,0.5129599851720473,0.44969482421874996,,,,,,,,,,,,,,,,
7.771443741000001,139,1.0,0.5129299724803251,0.4497819123444734,,,,,,,,,,,,,,,,
7.775502741,139,1.0,0.5134636374080882,0.449623786078559,,,,,,,,,,,,,,,,
7.783575741000001,139,1.0,0.5142221450805664,0.44927232530381944,,,,,,,,,,,,,,,,
7.787381741000001,139,1.0,0.5142464918248794,0.4491989135742187,,,,,,,,,,,,,,,,
7.791438741,140,1.0,0.5142633774701286,0.4491377653899016,,,,,,,,,,,,,,,,
7.795426741000001,140,1.0,0.5142244451186236,0.4490848682544849,,,,,,,,,,,,,,,,
7.803450741000001,140,1.0,0.5143382128547219,0.4494677508318866,,,,,,,,,,,,,,,,
7.807759741000001,140,1.0,0.514259843265309,0.4492363258644386,,,,,,,,,,,,,,,,
7.811381741000001,140,1.0,0.5146188174977022,0.4492115162037037,,,,,,,,,,,,,,,,
7.815446741000001,140,1.0,0.515023904688218,0.44916251853660305,,,,,,,,,,,,,,,,
7.823491741000001,140,1.0,0.5150149850284352,0.4488885950159144,,,,,,,,,,,,,,,,
7.827387741000001,140,1.0,0.5153796813067268,0.44894149215133106,,,,,,,,,,,,,,,,
7.831416741000001,141,1.0,0.5149557450238396,0.44916042751736107,,,,,,,,,,,,,,,,
7.835432741000001,141,1.0,0.5151729022755343,0.44922948766637727,,,,,,,,,,,,,,,,
7.843415741,141,1.0,0.5149664037367877,0.44849650065104163,,,,,,,,,,,,,,,,
7.847433741000001,141,1.0,0.5141386705286363,0.44845292833116324,,,,,,,,,,,,,,,,
7.851497741,141,1.0,0.514249184552361,0.4485113638418692,,,,,,,,,,,,,,,,
7.856939741000001,141,1.0,0.5150925692389993,0.4486599957501447,,,,,,,,,,,,,,,,
7.863433741000001,141,1.0,0.5134997087366441,0.44943384241174766,,,,,,,,,,,,,,,,
7.8674807410000005,141,1.0,0.5131240732529584,0.4491062305591724,,,,,,,,,,,,,,,,
7.871383741000001,142,1.0,0.5130235447603113,0.449124088993779,,,,,,,,,,,,,,,,
7.875420741,142,1.0,0.5130114274866441,0.4490858289930556,,,,,,,,,,,,,,,,
7.883373741000001,142,1.0,0.513462178847369,0.4489183213975695,,,,,,,,,,,,,,,,
7.887492741000001,142,1.0,0.5132441801183364,0.4488868430808738,,,,,,,,,,,,,,,,
7.8914047410000006,142,1.0,0.5132960151223576,0.44890153672960065,,,,,,,,,,,,,,,,
7.895472741000001,142,1.0,0.5132915272432215,0.4488619769061053,,,,,,,,,,,,,,,,
7.903417741,142,1.0,0.5129694658167222,0.44867830629701966,,,,,,,,,,,,,,,,
7.907394741,142,1.0,0.5126683291266946,0.44851554588035303,,,,,,,,,,,,,,,,
7.911421741000001,142,1.0,0.5127239788279814,0.4487161141854745,,,,,,,,,,,,,,,,
7.915405741000001,143,1.0,0.5125381245332605,0.4490040531864873,,,,,,,,,,,,,,,,
7.923388741,143,1.0,0.5125695957857019,0.4489381013093171,,,,,,,,,,,,,,,,
7.927409741000001,143,1.0,0.5124973970301011,0.44877031114366317,,,,,,,,,,,,,,,,
7.931398741000001,143,1.0,0.512325735653148,0.4487457275390625,,,,,,,,,,,,,,,,
7.935393741,143,1.0,0.5123945684993968,0.4491142555519386,,,,,,,,,,,,,,,,
7.943377741000001,143,1.0,0.5127080468570485,0.4494856657805266,,,,,,,,,,,,,,,,
7.947382741,143,1.0,0.5126258064718807,0.45006956877531834,,,,,,,,,,,,,,,,
7.951350741000001,144,1.0,0.5126969954546761,0.4500199494538484,,,,,,,,,,,,,,,,
7.955446741,144,1.0,0.5123831244075999,0.4499655264395255,,,,,,,,,,,,,,,,
7.9634037410000005,144,1.0,0.5101923662073472,0.44937693277994795,,,,,,,,,,,,,,,,
7.967399741,144,1.0,0.5102236130658317,0.44939394350405093,,,,,,,,,,,,,,,,
7.971385741000001,144,1.0,0.5104002111098346,0.4497775042498553,,,,,,,,,,,,,,,,
7.975547741000001,144,1.0,0.5107476290534524,0.45046737105758106,,,,,,,,,,,,,,,,
7.983394741000001,144,1.0,0.5107099308687097,0.4502500745985243,,,,,,,,,,,,,,,,
7.987359741000001,144,1.0,0.5111175985897288,0.45043431034794557,,,,,,,,,,,,,,,,
7.991383741000001,145,1.0,0.5119375902063706,0.4506230672200521,,,,,,,,,,,,,,,,
7.995385741000001,145,1.0,0.5119949228623334,0.45059074119285303,,,,,,,,,,,,,,,,
8.003356741000001,145,1.0,0.5119945862713982,0.45050026222511574,,,,,,,,,,,,,,,,
8.007475741,145,1.0,0.5125647152171415,0.4504495126229745,,,,,,,,,,,,,,,,
8.011741741,145,1.0,0.5113205068251666,0.45002537480107063,,,,,,,,,,,,,,,,
8.015440741,145,1.0,0.5117878072402057,0.4502595124421296,,,,,,,,,,,,,,,,
8.023379741000001,145,1.0,0.5113701539881089,0.45021413167317703,,,,,,,,,,,,,,,,
8.027373741,145,1.0,0.5125801984001609,0.4504052056206598,,,,,,,,,,,,,,,,
8.031394741,146,1.0,0.5123279234942268,0.4503073233145255,,,,,,,,,,,,,,,,
8.035427741000001,146,1.0,0.5125187144559973,0.45005148428457753,,,,,,,,,,,,,,,,
8.043410741,146,1.0,0.5121103735531077,0.45054756447120947,,,,,,,,,,,,,,,,
8.047465741,146,1.0,0.5121192932128906,0.44940648961950236,,,,,,,,,,,,,,,,
8.051496741000001,146,1.0,0.5120125938864315,0.4498958446361401,,,,,,,,,,,,,,,,
8.055417741000001,146,1.0,0.5122543222763959,0.4496695624457465,,,,,,,,,,,,,,,,
8.063698741,146,1.0,0.5128670299754423,0.4500677038122106,,,,,,,,,,,,,,,,
8.067387741000001,146,1.0,0.5126823537489947,0.45037853099681713,,,,,,,,,,,,,,,,
8.071368741,147,1.0,0.5127912970150218,0.4502592863859953,,,,,,,,,,,,,,,,
8.075380741,147,1.0,0.5140924453735352,0.4502460055881077,,,,,,,,,,,,,,,,
8.083381741,147,1.0,0.5147611393648035,0.4501874570493345,,,,,,,,,,,,,,,,
8.087397741,147,1.0,0.5147963692160213,0.45011958369502314,,,,,,,,,,,,,,,,
8.091443741,147,1.0,0.5146414812873391,0.4501075462058738,,,,,,,,,,,,,,,,
8.095404741000001,147,1.0,0.514272128834444,0.4509261519820602,,,,,,,,,,,,,,,,
8.103375741,147,1.0,0.5130631502936868,0.4504212556061922,,,,,,,,,,,,,,,,
8.107404741,148,1.0,0.5128412807688993,0.45038762975622104,,,,,,,,,,,,,,,,
8.111351741,148,1.0,0.5128738178926355,0.45037570529513893,,,,,,,,,,,,,,,,
8.115416741,148,1.0,0.512818504782284,0.4509301079644097,,,,,,,,,,,,,,,,
8.123416741,148,1.0,0.5128250122070312,0.451245512785735,,,,,,,,,,,,,,,,
8.127872741000001,148,1.0,0.5136451160206514,0.45145602756076386,,,,,,,,,,,,,,,,
8.131434741,148,1.0,0.5137113122379079,0.4514135290075232,,,,,,,,,,,,,,,,
8.135417741000001,148,1.0,0.5137084512149587,0.45109518545645255,,,,,,,,,,,,,,,,
8.143721741,149,1.0,0.5146638084860409,0.45110541449652775,,,,,,,,,,,,,,,,
8.147517741,149,1.0,0.5146344128777,0.4510722972728588,,,,,,,,,,,,,,,,
8.151390741,149,1.0,0.5146665573120117,0.4510405363859954,,,,,,,,,,,,,,,,
8.155383741,149,1.0,0.5145334355971393,0.45114158347800926,,,,,,,,,,,,,,,,
8.164452741,149,1.0,0.514336529900046,0.4503067016601563,,,,,,,,,,,,,,,,
8.167383741,149,1.0,0.5136762506821576,0.4503445660626447,,,,,,,,,,,,,,,,
8.171438741000001,149,1.0,0.5136641334084904,0.44996823911313655,,,,,,,,,,,,,,,,
8.175383741000001,149,1.0,0.5136444989372703,0.4500568531177662,,,,,,,,,,,,,,,,
8.183393741,150,1.0,0.5128836912267348,0.44982638888888893,,,,,,,,,,,,,,,,
8.187472741,150,1.0,0.5125609566183651,0.44985402425130205,,,,,,,,,,,,,,,,
8.191411741000001,150,1.0,0.512482530930463,0.4498431170428241,,,,,,,,,,,,,,,,
8.195632741,150,1.0,0.5124972287346335,0.4497790301287615,,,,,,,,,,,,,,,,
8.203467741,150,1.0,0.5120539384729722,0.45009957772714115,,,,,,,,,,,,,,,,
8.207508741,150,1.0,0.5120809779447668,0.4501034206814236,,,,,,,,,,,,,,,,
8.211397741,150,1.0,0.5126008987426758,0.45009488706235534,,,,,,,,,,,,,,,,
8.215398741000001,150,1.0,0.5128558663760915,0.4499744556568287,,,,,,,,,,,,,,,,
8.223746741000001,151,1.0,0.5135991152595071,0.44990121346932865,,,,,,,,,,,,,,,,
8.227395741,151,1.0,0.5136115691241097,0.44954997875072333,,,,,,,,,,,,,,,,
8.231408741000001,151,1.0,0.5135119382072898,0.44958349157262734,,,,,,,,,,,,,,,,
8.235413741,151,1.0,0.5132879369399127,0.4493359601056134,,,,,,,,,,,,,,,,
8.243408741,151,1.0,0.5130385791554171,0.4494120845088252,,,,,,,,,,,,,,,,
8.247449741,151,1.0,0.5133512160357308,0.44951443142361114,,,,,,,,,,,,,,,,
8.251464741000001,151,1.0,0.5130268545711741,0.4484599360713253,,,,,,,,,,,,,,,,
8.259404741,151,1.0,0.5126586801865521,0.4483740347403067,,,,,,,,,,,,,,,,
8.263725741,151,1.0,0.5126613729140338,0.44846123589409725,,,,,,,,,,,,,,,,
8.267395741,152,1.0,0.5130444694967831,0.4484724821867766,,,,,,,,,,,,,,,,
8.271459741000001,152,1.0,0.5129968979779411,0.4483658402054398,,,,,,,,,,,,,,,,
8.279407741,152,1.0,0.5126473482917336,0.44824427851924187,,,,,,,,,,,,,,,,
8.283407741000001,152,1.0,0.512941416572122,0.4477228800455729,,,,,,,,,,,,,,,,
8.287570741,152,1.0,0.5129502801334157,0.44775040237991903,,,,,,,,,,,,,,,,
8.291489741000001,152,1.0,0.5141132579130285,0.44817527488425923,,,,,,,,,,,,,,,,
8.299407741000001,152,1.0,0.5140793744255515,0.44809169062861687,,,,,,,,,,,,,,,,
8.303381741,152,1.0,0.5152332642499138,0.44803319860387736,,,,,,,,,,,,,,,,
8.308440741,153,1.0,0.5151830000035903,0.4481203997576678,,,,,,,,,,,,,,,,
8.311403741000001,153,1.0,0.5152117224300609,0.4479351467556424,,,,,,,,,,,,,,,,
8.319405741,153,1.0,0.5140191807466394,0.44808100947627316,,,,,,,,,,,,,,,,
8.323697741,153,1.0,0.5141057407154757,0.44933081732855906,,,,,,,,,,,,,,,,
8.327441741000001,153,1.0,0.5152022978838753,0.4493073074905961,,,,,,,,,,,,,,,,
8.331439741,153,1.0,0.5151628606459674,0.44924587673611116,,,,,,,,,,,,,,,,
8.339415741,153,1.0,0.5154618655934053,0.4496659455475984,,,,,,,,,,,,,,,,
8.343436741,153,1.0,0.5152927847469554,0.44948702211733216,,,,,,,,,,,,,,,,
8.347429741000001,153,1.0,0.5150606491986442,0.4497622454607928,,,,,,,,,,,,,,,,
8.351432741,154,1.0,0.5150452782126034,0.44977066605179394,,,,,,,,,,,,,,,,
8.359477741000001,154,1.0,0.5152315812952378,0.44970318829571754,,,,,,,,,,,,,,,,
8.363839741000001,154,1.0,0.5151876000797048,0.44965599907769094,,,,,,,,,,,,,,,,
8.367381741,154,1.0,0.5154661851770738,0.4493865966796875,,,,,,,,,,,,,,,,
8.372188741,154,1.0,0.5155060712028953,0.4492522063078703,,,,,,,,,,,,,,,,
8.379431741000001,154,1.0,0.5156118729535271,0.4488939073350694,,,,,,,,,,,,,,,,
8.383388741000001,154,1.0,0.5158522549797507,0.44906107584635413,,,,,,,,,,,,,,,,
8.387397741000001,154,1.0,0.5158804725198185,0.4492986608434606,,,,,,,,,,,,,,,,
8.391383741,154,1.0,0.5158421011532054,0.4493279351128472,,,,,,,,,,,,,,,,
8.399410741,155,1.0,0.5157672096701229,0.44918308964482057,,,,,,,,,,,,,,,,
8.403416741000001,155,1.0,0.5156740861780503,0.4491780033817998,,,,,,,,,,,,,,,,
8.407399741,155,1.0,0.5161877800436581,0.44953986273871527,,,,,,,,,,,,,,,,
8.411494741,155,1.0,0.5161647235645968,0.44908006456163196,,,,,,,,,,,,,,,,
8.419417741,155,1.0,0.5163104674395393,0.4490265457718461,,,,,,,,,,,,,,,,
8.423509741,155,1.0,0.5158321156221277,0.44977320918330443,,,,,,,,,,,,,,,,
8.427397741,155,1.0,0.5157614876242245,0.4497515643084491,,,,,,,,,,,,,,,,
8.431405741,155,1.0,0.5157370286829331,0.4497273197880498,,,,,,,,,,,,,,,,
8.439409741,156,1.0,0.515113493975471,0.44988425925925923,,,,,,,,,,,,,,,,
8.443387741,156,1.0,0.5156929913689109,0.4500395598234954,,,,,,,,,,,,,,,,
8.447439741,156,1.0,0.5157323725083295,0.4499992653175636,,,,,,,,,,,,,,,,
8.451435741000001,156,1.0,0.5158709357766544,0.44968086525245954,,,,,,,,,,,,,,,,
8.459468741,156,1.0,0.5165739059448242,0.4492275661892361,,,,,,,,,,,,,,,,
8.463426741000001,156,1.0,0.5163605633903953,0.4492170545789931,,,,,,,,,,,,,,,,
8.467394741,156,1.0,0.5162940866806928,0.4493831493236401,,,,,,,,,,,,,,,,
8.471387741000001,156,1.0,0.5159017338472254,0.44938823558666086,,,,,,,,,,,,,,,,
8.479429741,157,1.0,0.5157907149370979,0.44950810185185186,,,,,,,,,,,,,,,,
8.483417741,157,1.0,0.5159217610078699,0.4497169777199074,,,,,,,,,,,,,,,,
8.487789741,157,1.0,0.5167470819809857,0.44986583568431715,,,,,,,,,,,,,,,,
8.491471741,157,1.0,0.5165092804852653,0.449863914207176,,,,,,,,,,,,,,,,
8.499375741,157,1.0,0.5166392606847426,0.44909159342447913,,,,,,,,,,,,,,,,
8.503373741,157,1.0,0.5168026194852942,0.4494379114221644,,,,,,,,,,,,,,,,
8.507378741,157,1.0,0.5169566659366384,0.4495097972728588,,,,,,,,,,,,,,,,
8.511394741,157,1.0,0.5169740564682904,0.44953737612123845,,,,,,,,,,,,,,,,
8.519413741000001,158,1.0,0.5161433500402114,0.44958377414279516,,,,,,,,,,,,,,,,
8.523384741000001,158,1.0,0.5161286522360409,0.449558738425926,,,,,,,,,,,,,,,,
8.527392741,158,1.0,0.5158288058112649,0.45001181143301505,,,,,,,,,,,,,,,,
8.531420741,158,1.0,0.5159599640790153,0.4500414813006366,,,,,,,,,,,,,,,,
8.539452741,158,1.0,0.5158432792214787,0.4509433322482639,,,,,,,,,,,,,,,,
8.543386741,158,1.0,0.5158659991096047,0.45077870686848953,,,,,,,,,,,,,,,,
8.547384741,158,1.0,0.5161370109109318,0.45027985749421295,,,,,,,,,,,,,,,,
8.551400741,158,1.0,0.5160991444307215,0.4501585218641493,,,,,,,,,,,,,,,,
8.559426741000001,159,1.0,0.5168625887702493,0.4500337953920718,,,,,,,,,,,,,,,,
8.563370741,159,1.0,0.5160181382123161,0.4508796409324364,,,,,,,,,,,,,,,,
8.567422741,159,1.0,0.5159168804393095,0.45085986102068865,,,,,,,,,,,,,,,,
8.571432741,159,1.0,0.5151626362520105,0.4508380466037326,,,,,,,,,,,,,,,,
8.579378741000001,159,1.0,0.515141206629136,0.4507896140769676,,,,,,,,,,,,,,,,
8.583759741,159,1.0,0.5151689192828011,0.45081063729745374,,,,,,,,,,,,,,,,
8.587484741,159,1.0,0.5151639265172622,0.45084002459490746,,,,,,,,,,,,,,,,
8.591388741000001,160,1.0,0.5150386585908777,0.45081549750434025,,,,,,,,,,,,,,,,
8.599421741,160,1.0,0.5155075858621037,0.450656975640191,,,,,,,,,,,,,,,,
8.603371741,160,1.0,0.5153557272518382,0.4507490370008681,,,,,,,,,,,,,,,,
8.607485741000001,160,1.0,0.5148710363051471,0.45083844220196756,,,,,,,,,,,,,,,,
8.611397741000001,160,1.0,0.5147926106172449,0.45098865650318287,,,,,,,,,,,,,,,,
8.619629741,160,1.0,0.515103115754969,0.4509906910083912,,,,,,,,,,,,,,,,
8.623396741,160,1.0,0.5149461521821863,0.45089947735821756,,,,,,,,,,,,,,,,
8.627359741000001,160,1.0,0.514642266666188,0.4510950724283854,,,,,,,,,,,,,,,,
8.631396741,160,1.0,0.5139817630543428,0.4512461344401042,,,,,,,,,,,,,,,,
8.639394741,161,1.0,0.5141571269315832,0.45165128354673034,,,,,,,,,,,,,,,,
8.643380741000001,161,1.0,0.5141769857967601,0.4517035590277778,,,,,,,,,,,,,,,,
8.647392741,161,1.0,0.5139514137716854,0.4516859266493055,,,,,,,,,,,,,,,,
8.651378741,161,1.0,0.5139854094561409,0.45225502296730324,,,,,,,,,,,,,,,,
8.659378741000001,161,1.0,0.5137440737556008,0.45223269992404513,,,,,,,,,,,,,,,,
8.663396741,161,1.0,0.5136521844302907,0.4521292227285879,,,,,,,,,,,,,,,,
8.667351741000001,161,1.0,0.5137738620533663,0.45247474952980327,,,,,,,,,,,,,,,,
8.671375741,161,1.0,0.5131756277645335,0.4523743806061922,,,,,,,,,,,,,,,,
8.679433741,162,1.0,0.5134347466861501,0.45146388301142937,,,,,,,,,,,,,,,,
8.683550741000001,162,1.0,0.5134607202866498,0.4511932938187211,,,,,,,,,,,,,,,,
8.687443741000001,162,1.0,0.5126817366656136,0.45117554841218166,,,,,,,,,,,,,,,,
8.691409741000001,162,1.0,0.5127245398128734,0.45122686315465854,,,,,,,,,,,,,,,,
8.699372741000001,162,1.0,0.51281457788804,0.45165501347294557,,,,,,,,,,,,,,,,
8.703439741,162,1.0,0.5128680397482479,0.4517774793836805,,,,,,,,,,,,,,,,
8.707473741000001,163,1.0,0.5129011378568762,0.4517311378761574,,,,,,,,,,,,,,,,
8.711421741,163,1.0,0.5132235358743107,0.4515869705765335,,,,,,,,,,,,,,,,
8.719413741,163,1.0,0.5132608413696289,0.4512969405562789,,,,,,,,,,,,,,,,
8.723391741,163,1.0,0.5130913678337546,0.45128032543041086,,,,,,,,,,,,,,,,
8.727544741,163,1.0,0.5130978752585018,0.4510386149088542,,,,,,,,,,,,,,,,
8.731468741,163,1.0,0.5131191365859088,0.45110196714048034,,,,,,,,,,,,,,,,
8.739382741,163,1.0,0.5132412068984088,0.45073954264322913,,,,,,,,,,,,,,,,
8.743405741,164,1.0,0.5134110170252183,0.4507537276656539,,,,,,,,,,,,,,,,
8.747387741,164,1.0,0.5150393878712374,0.4507618091724537,,,,,,,,,,,,,,,,
8.751407741000001,164,1.0,0.5150286169613109,0.4506292837637442,,,,,,,,,,,,,,,,
8.759532741000001,164,1.0,0.5149598402135512,0.45061837655526615,,,,,,,,,,,,,,,,
8.763411741,164,1.0,0.5152886895572438,0.45131717258029513,,,,,,,,,,,,,,,,
8.767444741,164,1.0,0.5153466392965877,0.4503455833152489,,,,,,,,,,,,,,,,
8.772650741000001,164,1.0,0.5159328685087317,0.4503329806857639,,,,,,,,,,,,,,,,
8.779390741,164,1.0,0.5164260303272921,0.4501753630461516,,,,,,,,,,,,,,,,
8.783499741,165,1.0,0.5163963542265051,0.4501876265914352,,,,,,,,,,,,,,,,
8.787409741000001,165,1.0,0.5161436305326574,0.4501948603877315,,,,,,,,,,,,,,,,
8.791393741,165,1.0,0.516054490033318,0.4505262586805555,,,,,,,,,,,,,,,,
8.799440741,165,1.0,0.5158838945276597,0.4507465503833912,,,,,,,,,,,,,,,,
8.803412741,165,1.0,0.5155810748829561,0.4505830552842882,,,,,,,,,,,,,,,,
8.807408741,165,1.0,0.5155635160558364,0.45058723732277195,,,,,,,,,,,,,,,,
8.811400741,165,1.0,0.5155075858621037,0.45060029206452545,,,,,,,,,,,,,,,,
8.819383741000001,165,1.0,0.5148783291087431,0.4498423258463542,,,,,,,,,,,,,,,,
8.823563741000001,165,1.0,0.514963711009306,0.44991551151982057,,,,,,,,,,,,,,,,
8.827398741000001,166,1.0,0.514914961422191,0.44982322410300923,,,,,,,,,,,,,,,,
8.831385741,166,1.0,0.5153560638427734,0.44971952085141786,,,,,,,,,,,,,,,,
8.839474741,166,1.0,0.514976838055779,0.45004198992693867,,,,,,,,,,,,,,,,
8.843397741,166,1.0,0.5148765900555778,0.4500518798828125,,,,,,,,,,,,,,,,
8.847871741,166,1.0,0.5148053449742934,0.4499291314019097,,,,,,,,,,,,,,,,
8.851434741,166,1.0,0.514691577238195,0.4494007817021123,,,,,,,,,,,,,,,,
8.859417741,166,1.0,0.5149220298318302,0.4497124000831887,,,,,,,,,,,,,,,,
8.863413741,166,1.0,0.5151730144725126,0.44982147216796875,,,,,,,,,,,,,,,,
8.867413741,167,1.0,0.5152255226584042,0.44984933358651624,,,,,,,,,,,,,,,,
8.871391741,167,1.0,0.5152090297025793,0.449925853587963,,,,,,,,,,,,,,,,
8.879419741000001,167,1.0,0.5153482661527746,0.44980208785445597,,,,,,,,,,,,,,,,
8.883428741000001,167,1.0,0.515316458309398,0.4492310700593172,,,,,,,,,,,,,,,,
8.887510741,167,1.0,0.5149931066176471,0.44911832456235534,,,,,,,,,,,,,,,,
8.891467741000001,167,1.0,0.5144786834716797,0.4490411829065394,,,,,,,,,,,,,,,,
8.899420741,167,1.0,0.5130285375258502,0.44926192672164356,,,,,,,,,,,,,,,,
8.903411741000001,167,1.0,0.5133098153507009,0.4483820597330729,,,,,,,,,,,,,,,,
8.907434741000001,167,1.0,0.5132147845099954,0.4487562956633391,,,,,,,,,,,,,,,,
8.911425741,168,1.0,0.5133503745583927,0.44896528455946183,,,,,,,,,,,,,,,,
8.919503741,168,1.0,0.5135776856366325,0.4489255551938658,,,,,,,,,,,,,,,,
8.923464741,168,1.0,0.5134279026704676,0.4488606770833333,,,,,,,,,,,,,,,,
8.927416741,168,1.0,0.5138984006993911,0.44878121835214124,,,,,,,,,,,,,,,,
8.931425741,168,1.0,0.5142832924337948,0.44881659613715275,,,,,,,,,,,,,,,,
8.939434741000001,168,1.0,0.5145746679867015,0.4476537068684896,,,,,,,,,,,,,,,,
8.943792741000001,168,1.0,0.5144520366893095,0.44770569977936925,,,,,,,,,,,,,,,,
8.947394741,168,1.0,0.5144078871783089,0.44762075918692135,,,,,,,,,,,,,,,,
8.951393741,168,1.0,0.5144140580121208,0.4477541888201678,,,,,,,,,,,,,,,,
8.959418741,169,1.0,0.5133610893698299,0.4475067703812211,,,,,,,,,,,,,,,,
8.963420741,169,1.0,0.5133752261891085,0.44754825168185763,,,,,,,,,,,,,,,,
8.967435741000001,169,1.0,0.512623618630802,0.4476275973849826,,,,,,,,,,,,,,,,
8.971474741,169,1.0,0.5126388213213753,0.44766828748914933,,,,,,,,,,,,,,,,
8.979416741000001,169,1.0,0.512887113234576,0.4481421576605903,,,,,,,,,,,,,,,,
8.983413741,169,1.0,0.5133186228135053,0.44819567645037617,,,,,,,,,,,,,,,,
8.987405741,169,1.0,0.5138839272891774,0.4481989542643229,,,,,,,,,,,,,,,,
8.991459741,169,1.0,0.5131433711332434,0.4484205457899305,,,,,,,,,,,,,,,,
8.999481741,170,1.0,0.5120026083553538,0.44821037009910303,,,,,,,,,,,,,,,,
9.003430741,170,1.0,0.5116441390093636,0.448391667118779,,,,,,,,,,,,,,,,
9.007409741,170,1.0,0.5116956935209387,0.44856409143518516,,,,,,,,,,,,,,,,
9.011727741000001,170,1.0,0.5116068335140452,0.44846784803602435,,,,,,,,,,,,,,,,
9.019422741000001,170,1.0,0.5115569619571462,0.44848706280743633,,,,,,,,,,,,,,,,
9.023400741000001,170,1.0,0.5116063286276424,0.44880512378833914,,,,,,,,,,,,,,,,
9.027427741,170,1.0,0.5113398047054515,0.448630608452691,,,,,,,,,,,,,,,,
9.035433741,171,1.0,0.5106863695032456,0.44932612666377314,,,,,,,,,,,,,,,,
9.039386741000001,171,1.0,0.5107457217048196,0.4497790301287615,,,,,,,,,,,,,,,,
9.043407741000001,171,1.0,0.5109165416044348,0.4498105084454572,,,,,,,,,,,,,,,,
9.047377741,171,1.0,0.5109668619492475,0.45066324869791663,,,,,,,,,,,,,,,,
9.055424741000001,171,1.0,0.511073953965131,0.45040933114510995,,,,,,,,,,,,,,,,
9.059430741,171,1.0,0.5105078080121208,0.45044832582826966,,,,,,,,,,,,,,,,
9.063908741,171,1.0,0.5098695755004883,0.4506324485496238,,,,,,,,,,,,,,,,
9.067401741000001,171,1.0,0.5092654508702895,0.4505234894929109,,,,,,,,,,,,,,,,
9.075388741000001,172,1.0,0.5093436521642348,0.45073038736979165,,,,,,,,,,,,,,,,
9.079366741000001,172,1.0,0.5094187119427849,0.4509796142578125,,,,,,,,,,,,,,,,
9.083365741,172,1.0,0.5093271592084099,0.45082177056206596,,,,,,,,,,,,,,,,
9.087474741000001,172,1.0,0.5092857024248909,0.4508059466326678,,,,,,,,,,,,,,,,
9.095386741,172,1.0,0.50982525769402,0.4508242571795428,,,,,,,,,,,,,,,,
9.099391741,172,1.0,0.5096573549158433,0.4511142871997974,,,,,,,,,,,,,,,,
9.103368741,172,1.0,0.5097220925723805,0.4510081538447628,,,,,,,,,,,,,,,,
9.107391741,172,1.0,0.5097869424258962,0.4514499805591724,,,,,,,,,,,,,,,,
9.115419741,173,1.0,0.5099901311537799,0.45138448079427085,,,,,,,,,,,,,,,,
9.119393741000001,173,1.0,0.5093931871301988,0.4512993141456887,,,,,,,,,,,,,,,,
9.123426741000001,173,1.0,0.5092008815092199,0.4509492662217882,,,,,,,,,,,,,,,,
9.127427741,173,1.0,0.5092740900376264,0.4510205304181134,,,,,,,,,,,,,,,,
9.135475741,173,1.0,0.509279307197122,0.45130846941912617,,,,,,,,,,,,,,,,
9.139406741,173,1.0,0.5094791861141429,0.45110840974030675,,,,,,,,,,,,,,,,
9.143403741,173,1.0,0.509512789109174,0.45146167896412037,,,,,,,,,,,,,,,,
9.147402741,173,1.0,0.5094358780804802,0.4516398677119502,,,,,,,,,,,,,,,,
9.155415741,174,1.0,0.5076425776762121,0.45175623010706023,,,,,,,,,,,,,,,,
9.159374741,174,1.0,0.5075460882747874,0.45192984121817126,,,,,,,,,,,,,,,,
9.163411741,174,1.0,0.5070229137645048,0.4519970929181134,,,,,,,,,,,,,,,,
9.167401741,174,1.0,0.5071421230540556,0.45226225676359955,,,,,,,,,,,,,,,,
9.175541741,174,1.0,0.5073613559498507,0.45268950285734955,,,,,,,,,,,,,,,,
9.179423741,174,1.0,0.5069922278909123,0.453172528302228,,,,,,,,,,,,,,,,
9.183433741,174,1.0,0.5073164210600012,0.4535281711154514,,,,,,,,,,,,,,,,
9.187583741000001,174,1.0,0.5071619258207434,0.45366256148726847,,,,,,,,,,,,,,,,
9.195713741,175,1.0,0.5072434930240407,0.4531254521122685,,,,,,,,,,,,,,,,
9.199449741,175,1.0,0.5072832668528837,0.453986895525897,,,,,,,,,,,,,,,,
9.203440741000001,175,1.0,0.5072336196899414,0.453958581995081,,,,,,,,,,,,,,,,
9.207384741,175,1.0,0.5074337230009192,0.4545688770435474,,,,,,,,,,,,,,,,
9.215400741,175,1.0,0.5071306228637695,0.4544883445457176,,,,,,,,,,,,,,,,
9.219399741,175,1.0,0.5071354473338407,0.4547447487160011,,,,,,,,,,,,,,,,
9.223382741,175,1.0,0.5070516922894646,0.4548133567527488,,,,,,,,,,,,,,,,
9.227370741000001,175,1.0,0.5072784984813017,0.4548829255280671,,,,,,,,,,,,,,,,
9.235405741000001,176,1.0,0.5070832757388845,0.45503116183810766,,,,,,,,,,,,,,,,
9.239402741000001,176,1.0,0.507104424869313,0.4549713134765625,,,,,,,,,,,,,,,,
9.243411741000001,176,1.0,0.5069730983060949,0.4551796242042824,,,,,,,,,,,,,,,,
9.247436741000001,176,1.0,0.5072834351483513,0.45510790789568867,,,,,,,,,,,,,,,,
9.255419741,176,1.0,0.5081716425278607,0.45421459056712965,,,,,,,,,,,,,,,,
9.259409741,176,1.0,0.5085487365722656,0.45425454598885995,,,,,,,,,,,,,,,,
9.263602741,176,1.0,0.5089420991785386,0.4549346923828125,,,,,,,,,,,,,,,,
9.267376741000001,177,1.0,0.5087794696583468,0.45485545970775465,,,,,,,,,,,,,,,,
9.275516741,177,1.0,0.5090295006247127,0.4544157240125868,,,,,,,,,,,,,,,,
9.279478741,177,1.0,0.5089133206535789,0.45386160391348385,,,,,,,,,,,,,,,,
9.283497741,177,1.0,0.5084729475133559,0.45391981336805554,,,,,,,,,,,,,,,,
9.287404741000001,177,1.0,0.5084952747120577,0.4540414880823206,,,,,,,,,,,,,,,,
9.295413741,177,1.0,0.5085475585039925,0.4538488882559317,,,,,,,,,,,,,,,,
9.299548741,177,1.0,0.5086182986988741,0.4538020946361401,,,,,,,,,,,,,,,,
9.303408741,177,1.0,0.5086179621079389,0.45420498318142366,,,,,,,,,,,,,,,,
9.314099741,178,1.0,0.5086860656738281,0.45402221679687504,,,,,,,,,,,,,,,,
9.315499741,178,1.0,0.5086756313548368,0.45377773708767366,,,,,,,,,,,,,,,,
9.319399741,178,1.0,0.5088546977323645,0.4539897212275752,,,,,,,,,,,,,,,,
9.323391741,178,1.0,0.508906644933364,0.45401227032696756,,,,,,,,,,,,,,,,
9.327411741,178,1.0,0.5088686662561753,0.4539006551106771,,,,,,,,,,,,,,,,
9.335382741,178,1.0,0.5086559968836167,0.4538335164388021,,,,,,,,,,,,,,,,
9.339463741000001,178,1.0,0.5085742613848518,0.4538967556423611,,,,,,,,,,,,,,,,
9.343370741000001,178,1.0,0.5085085700539982,0.4538180881076389,,,,,,,,,,,,,,,,
9.347360741000001,179,1.0,0.5084218417896944,0.45283169216579866,,,,,,,,,,,,,,,,
9.355385741000001,179,1.0,0.508204740636489,0.45340757016782407,,,,,,,,,,,,,,,,
9.359417741000001,179,1.0,0.508231611812816,0.453372248896846,,,,,,,,,,,,,,,,
9.363372741000001,179,1.0,0.5081760182100183,0.4533934981734664,,,,,,,,,,,,,,,,
9.367379741,179,1.0,0.5081637326408835,0.45309612132884836,,,,,,,,,,,,,,,,
9.375379741,179,1.0,0.5082892249612248,0.45352783203125,,,,,,,,,,,,,,,,
9.379353741000001,179,1.0,0.5083131790161133,0.45361949779369215,,,,,,,,,,,,,,,,
9.383355741,179,1.0,0.5078790328081917,0.4533957022207754,,,,,,,,,,,,,,,,
9.387361741000001,180,1.0,0.507977149065803,0.45342712402343754,,,,,,,,,,,,,,,,
9.395375741,180,1.0,0.5083493064431583,0.45340886999059604,,,,,,,,,,,,,,,,
9.399362741000001,180,1.0,0.508271666134105,0.4538270738389757,,,,,,,,,,,,,,,,
9.403358741,180,1.0,0.5080326304716223,0.45421035201461224,,,,,,,,,,,,,,,,
9.407643741000001,180,1.0,0.5080802580889534,0.45407161006221064,,,,,,,,,,,,,,,,
9.415393741,180,1.0,0.507574530208812,0.45394970929181133,,,,,,,,,,,,,,,,
9.419330741000001,180,1.0,0.5075945012709674,0.45352302833839697,,,,,,,,,,,,,,,,
9.423381741,180,1.0,0.5078440834494198,0.4535090128580729,,,,,,,,,,,,,,,,
9.427356741,181,1.0,0.5077453501084271,0.45363616943359375,,,,,,,,,,,,,,,,
9.435625741,181,1.0,0.5067511726828182,0.4532036675347222,,,,,,,,,,,,,,,,
9.439451741000001,181,1.0,0.5065606061150046,0.4530786019784433,,,,,,,,,,,,,,,,
9.443331741,181,1.0,0.506853832918055,0.4531702677408854,,,,,,,,,,,,,,,,
9.447644741000001,181,1.0,0.5067273869233972,0.45341779920789926,,,,,,,,,,,,,,,,
9.455405741,181,1.0,0.5081211538875804,0.4537539446795428,,,,,,,,,,,,,,,,
9.459360741000001,181,1.0,0.5081669863532571,0.4538240785951968,,,,,,,,,,,,,,,,
9.463631741,181,1.0,0.5076786490047679,0.45405318648726856,,,,,,,,,,,,,,,,
9.467372741,181,1.0,0.5068391351138845,0.45408556902850117,,,,,,,,,,,,,,,,
9.475373741,182,1.0,0.5052443111644072,0.45725346317997684,,,,,,,,,,,,,,,,
9.479705741,182,1.0,0.5039536532233743,0.4571507771809896,,,,,,,,,,,,,,,,
9.483411741000001,182,1.0,0.5022853963515338,0.44940886320891205,,,,,,,,,,,,,,,,
9.487409741,182,1.0,0.5008768193862018,0.4399946989836516,,,,,,,,,,,,,,,,
9.495582741,182,1.0,0.4948278875911937,0.43483762387876157,,,,,,,,,,,,,,,,
9.499387741000001,182,1.0,0.49447233536664176,0.4224022759331597,,,,,,,,,,,,,,,,
9.503384741000001,182,1.0,0.4679756164550781,0.40998693395543984,,,,,,,,,,,,,,,,
9.507398741000001,182,1.0,0.45534218058866616,0.37882515236183445,,,,,,,,,,,,,,,,
9.515429741,183,1.0,0.42090096193201404,0.3768372147171586,,,,,,,,,,,,,,,,
9.519531741,183,1.0,0.4289096383487477,0.35835763436776624,,,,,,,,,,,,,,,,
9.523407741,183,1.0,0.4176798988791073,0.3590030811451099,,,,,,,,,,,,,,,,
9.527431741000001,183,1.0,0.3845659704769359,0.35036298963758683,,,,,,,,,,,,,,,,
9.536503741,183,1.0,0.3625609453986673,0.3643583509657118,,,,,,,,,,,,,,,,
9.539436741000001,183,1.0,0.35316674849566293,0.3751785278320312,,,,,,,,,,,,,,,,
9.543410741,183,1.0,0.3760724909165326,0.34936184353298616,,,,,,,,,,,,,,,,
9.547400741,183,1.0,0.3813017676858341,0.34863665545428246,,,,,,,,,,,,,,,,
9.555402741,184,1.0,0.3611556782441981,0.36493807192201966,,,,,,,,,,,,,,,,
9.559411741,184,1.0,0.3586019067203297,0.36870716236255785,,,,,,,,,,,,,,,,
9.566286741,184,1.0,0.3946187075446634,0.32776845296223955,,,,,,,,,,,,,,,,
9.567424741,184,1.0,0.3996991550221163,0.3218009101019965,,,,,,,,,,,,,,,,
9.575594741,184,1.0,0.4069639654720531,0.33496246337890623,,,,,,,,,,,,,,,,
9.579406741000001,184,1.0,0.4108754326315487,0.3462710345232928,,,,,,,,,,,,,,,,
9.583375741000001,184,1.0,0.4126450594733743,0.35042210331669565,,,,,,,,,,,,,,,,
9.587491741000001,184,1.0,0.4188249812406652,0.34595223885995374,,,,,,,,,,,,,,,,
9.595414741,185,1.0,0.414279208463781,0.3517227737991898,,,,,,,,,,,,,,,,
9.599394741000001,185,1.0,0.4188891018138212,0.3482733267324942,,,,,,,,,,,,,,,,
9.603421741,185,1.0,0.42279641768511605,0.33336684615523726,,,,,,,,,,,,,,,,
9.607438741000001,185,1.0,0.4140324312097886,0.32403604012948495,,,,,,,,,,,,,,,,
9.615678741,185,1.0,0.42147024940041933,0.3294216579861111,,,,,,,,,,,,,,,,
9.619433741,185,1.0,0.45415782928466797,0.3387034663447628,,,,,,,,,,,,,,,,
9.623418741,185,1.0,0.4574889014748966,0.34899393717447913,,,,,,,,,,,,,,,,
9.627427741,185,1.0,0.48161523482378793,0.3560147320782697,,,,,,,,,,,,,,,,
9.635428741,186,1.0,0.4781659070183249,0.36501312255859375,,,,,,,,,,,,,,,,
9.639402741000001,186,1.0,0.4768202164593865,0.36794597484447333,,,,,,,,,,,,,,,,
9.643403741,186,1.0,0.47574200349695545,0.37700116192853006,,,,,,,,,,,,,,,,
9.647397741,186,1.0,0.4790850807638729,0.392503582989728,,,,,,,,,,,,,,,,
9.655591741,186,1.0,0.4875272863051471,0.41171903257016784,,,,,,,,,,,,,,,,
9.659458741,186,1.0,0.4886486390057732,0.4152760823567708,,,,,,,,,,,,,,,,
9.663391741,186,1.0,0.48996566323673024,0.42208506266276047,,,,,,,,,,,,,,,,
9.667849741000001,186,1.0,0.4880269555484547,0.42163961905020253,,,,,,,,,,,,,,,,
9.675388741,187,1.0,0.4882197099573472,0.4267875388816551,,,,,,,,,,,,,,,,
9.679402741,187,1.0,0.48719249052159924,0.4254902027271412,,,,,,,,,,,,,,,,
9.683368741,187,1.0,0.48656805823830995,0.4247790301287616,,,,,,,,,,,,,,,,
9.687401741,187,1.0,0.4871208527508904,0.4288764671043114,,,,,,,,,,,,,,,,
9.695586741000001,187,1.0,0.49605459325453816,0.4361477887188947,,,,,,,,,,,,,,,,
9.702003741,187,1.0,0.49703289480770335,0.4340199223271123,,,,,,,,,,,,,,,,
9.703478741000001,187,1.0,0.49853240742402916,0.4334580032913773,,,,,,,,,,,,,,,,
9.707619741,187,1.0,0.5009988896987018,0.4326395670572917,,,,,,,,,,,,,,,,
9.715382741,188,1.0,0.5021375207340016,0.4322222109194155,,,,,,,,,,,,,,,,
9.719404741,188,1.0,0.5068755991318646,0.4319110446506076,,,,,,,,,,,,,,,,
9.723454741000001,188,1.0,0.508429022396312,0.4341885036892361,,,,,,,,,,,,,,,,
9.727425741000001,188,1.0,0.5077488282147575,0.43759714762369795,,,,,,,,,,,,,,,,
9.735442741,188,1.0,0.5104973736931296,0.4359044392903646,,,,,,,,,,,,,,,,
9.739403741,188,1.0,0.510826447430779,0.4362847787362558,,,,,,,,,,,,,,,,
9.743353741,188,1.0,0.5095968246459961,0.4378709016022859,,,,,,,,,,,,,,,,
9.747757741000001,188,1.0,0.5103969012989718,0.43820246943721064,,,,,,,,,,,,,,,,
9.755439741,189,1.0,0.5119484733132755,0.4390864054361979,,,,,,,,,,,,,,,,
9.759408741000001,189,1.0,0.5119167776668773,0.4409187599464699,,,,,,,,,,,,,,,,
9.763458741,189,1.0,0.5103313221650965,0.43982809561270253,,,,,,,,,,,,,,,,
9.767402741,189,1.0,0.5099483377793256,0.43924210159866894,,,,,,,,,,,,,,,,
9.775569741,189,1.0,0.5083494747386259,0.43734701651114005,,,,,,,,,,,,,,,,
9.779462741000001,189,1.0,0.5094510246725643,0.43790464048032407,,,,,,,,,,,,,,,,
9.783381741000001,189,1.0,0.5095476823694566,0.4370515046296296,,,,,,,,,,,,,,,,
9.787437741,190,1.0,0.5097735909854665,0.43660238760489,,,,,,,,,,,,,,,,
9.795414741,190,1.0,0.5165031657499426,0.43584035237630203,,,,,,,,,,,,,,,,
9.799399741,190,1.0,0.5149237127865062,0.4357957062897859,,,,,,,,,,,,,,,,
9.803414741000001,190,1.0,0.5138414607328528,0.43566996256510415,,,,,,,,,,,,,,,,
9.811501741,190,1.0,0.5127461377312156,0.43572410300925923,,,,,,,,,,,,,,,,
9.815464741000001,190,1.0,0.5144640978644875,0.43584990324797457,,,,,,,,,,,,,,,,
9.819416741000001,190,1.0,0.5130986606373507,0.4353348343460648,,,,,,,,,,,,,,,,
9.823400741,191,1.0,0.5126999686746037,0.43495155617042824,,,,,,,,,,,,,,,,
9.831428741,191,1.0,0.5142459308399874,0.4344379001193577,,,,,,,,,,,,,,,,
9.835793741,191,1.0,0.5131894279928768,0.4341163352683738,,,,,,,,,,,,,,,,
9.839414741,191,1.0,0.5119460049797507,0.4336389047128183,,,,,,,,,,,,,,,,
9.843450741,191,1.0,0.5118812112247243,0.43308670609085653,,,,,,,,,,,,,,,,
9.851444741,191,1.0,0.5098152721629423,0.4322796291775174,,,,,,,,,,,,,,,,
9.855377741,191,1.0,0.5087658938239602,0.4320072880497685,,,,,,,,,,,,,,,,
9.859388741,191,1.0,0.5095449896419749,0.4321669401945891,,,,,,,,,,,,,,,,
9.863396741,192,1.0,0.509493210736443,0.4328798647280092,,,,,,,,,,,,,,,,
9.871369741,192,1.0,0.5099289277020622,0.43312174479166665,,,,,,,,,,,,,,,,
9.875488741,192,1.0,0.5090323055491728,0.43366930926287617,,,,,,,,,,,,,,,,
9.879404741,192,1.0,0.5082666172700769,0.43374328613281254,,,,,,,,,,,,,,,,
9.883493741,192,1.0,0.5091811348410213,0.43351971661603006,,,,,,,,,,,,,,,,
9.891417741000001,192,1.0,0.5101199991562787,0.4330433598271123,,,,,,,,,,,,,,,,
9.895590741000001,192,1.0,0.5097164266249713,0.4330911706995081,,,,,,,,,,,,,,,,
9.899426741000001,192,1.0,0.5092397577622357,0.4330557929144965,,,,,,,,,,,,,,,,
9.903389741,193,1.0,0.5086130815393785,0.4342736703378183,,,,,,,,,,,,,,,,
9.911400741000001,193,1.0,0.5087122075697955,0.4336516203703704,,,,,,,,,,,,,,,,
9.915507741,193,1.0,0.5086800070369945,0.4337634616427951,,,,,,,,,,,,,,,,
9.919435741000001,193,1.0,0.5085437438067268,0.4336165816695602,,,,,,,,,,,,,,,,
9.923437741,193,1.0,0.5080704408533433,0.43394204598886,,,,,,,,,,,,,,,,
9.931462741,193,1.0,0.5085914275225472,0.4343271326135706,,,,,,,,,,,,,,,,
9.935420741000001,193,1.0,0.5081667058608111,0.4343195597330729,,,,,,,,,,,,,,,,
9.939582741,193,1.0,0.507769360261805,0.43403896755642357,,,,,,,,,,,,,,,,
9.943426741000001,194,1.0,0.5082398021922392,0.43476720739293984,,,,,,,,,,,,,,,,
9.951387741000001,194,1.0,0.5090446472167969,0.4342610677083333,,,,,,,,,,,,,,,,
9.955395741,194,1.0,0.5087688109453987,0.4347191704644098,,,,,,,,,,,,,,,,
9.959425741,194,1.0,0.5084324444041532,0.43482129132306135,,,,,,,,,,,,,,,,
9.963439741,194,1.0,0.5085690442253562,0.4354391592520255,,,,,,,,,,,,,,,,
9.971450741,194,1.0,0.5081292881685144,0.4351309317129629,,,,,,,,,,,,,,,,
9.975390741,194,1.0,0.507996727438534,0.43490685356987846,,,,,,,,,,,,,,,,
9.979533741000001,194,1.0,0.5077576917760512,0.4348717583550348,,,,,,,,,,,,,,,,
9.983376741,195,1.0,0.507517421946806,0.43564639621310763,,,,,,,,,,,,,,,,
9.991498741000001,195,1.0,0.5059200735653148,0.4359354089807581,,,,,,,,,,,,,,,,
9.995390741000001,195,1.0,0.5057589026058421,0.4360188236942998,,,,,,,,,,,,,,,,
9.999399741000001,195,1.0,0.5056102416094612,0.43638949924045134,,,,,,,,,,,,,,,,
10.003423741,195,1.0,0.5051969079410329,0.4361485799153646,,,,,,,,,,,,,,,,
10.011391741,195,1.0,0.5054316801183364,0.4358118127893519,,,,,,,,,,,,,,,,
10.015397741000001,195,1.0,0.5053516275742475,0.4356865211769386,,,,,,,,,,,,,,,,
10.019383741,195,1.0,0.5041455100564396,0.43550703260633683,,,,,,,,,,,,,,,,
10.023429741000001,195,1.0,0.504044813268325,0.435337151421441,,,,,,,,,,,,,,,,
10.031456741000001,196,1.0,0.5049520380356732,0.43507549144603586,,,,,,,,,,,,,,,,
10.035426741,196,1.0,0.5048507802626666,0.43489509865089704,,,,,,,,,,,,,,,,
10.039413741,196,1.0,0.5048691805671243,0.4348512437608507,,,,,,,,,,,,,,,,
10.043458741,196,1.0,0.5046444500193876,0.4347101282190393,,,,,,,,,,,,,,,,
10.051394741000001,196,1.0,0.5045821806963753,0.4343175252278646,,,,,,,,,,,,,,,,
10.055414741,196,1.0,0.5065497230080998,0.43420274522569446,,,,,,,,,,,,,,,,
10.059411741,196,1.0,0.5055168937234318,0.43422162091290506,,,,,,,,,,,,,,,,
10.063409741000001,196,1.0,0.5049752628102022,0.4341163352683738,,,,,,,,,,,,,,,,
10.071397741,197,1.0,0.5049589942483341,0.434015796802662,,,,,,,,,,,,,,,,
10.075398741,197,1.0,0.5049490648157456,0.4339291607892072,,,,,,,,,,,,,,,,
10.079424741,197,1.0,0.5048709196202895,0.4338434290002894,,,,,,,,,,,,,,,,
10.083481741,197,1.0,0.5050525665283203,0.43329337791160305,,,,,,,,,,,,,,,,
10.091403741,197,1.0,0.5044517517089844,0.4325924908673322,,,,,,,,,,,,,,,,
10.095433741,197,1.0,0.5045352823594037,0.43261051884403934,,,,,,,,,,,,,,,,
10.099375741000001,197,1.0,0.5029636831844554,0.4323302092375578,,,,,,,,,,,,,,,,
10.103373741,197,1.0,0.5030281403485466,0.4320926807544849,,,,,,,,,,,,,,,,
10.111369741,198,1.0,0.5020010331097771,0.4310128106011285,,,,,,,,,,,,,,,,
10.115560741000001,198,1.0,0.5021206911872415,0.4310544614438657,,,,,,,,,,,,,,,,
10.119410741000001,198,1.0,0.5020654902738684,0.4310366030092593,,,,,,,,,,,,,,,,
10.123418741,198,1.0,0.5019873450784123,0.4311265733506945,,,,,,,,,,,,,,,,
10.131424741,198,1.0,0.5016273610732135,0.43002183702256946,,,,,,,,,,,,,,,,
10.135426741,198,1.0,0.5015844457289752,0.4300162986472801,,,,,,,,,,,,,,,,
10.139411741,198,1.0,0.5014468922334558,0.43025670934606486,,,,,,,,,,,,,,,,
10.143422741,198,1.0,0.5013575834386489,0.42991694697627314,,,,,,,,,,,,,,,,
10.151366741,199,1.0,0.5012755113489488,0.4298371491608797,,,,,,,,,,,,,,,,
10.155416741,199,1.0,0.5004302754121668,0.42983200638382524,,,,,,,,,,,,,,,,
10.159420741,199,1.0,0.5003786648021025,0.4295458758318865,,,,,,,,,,,,,,,,
10.163383741,199,1.0,0.49990614722756777,0.4298183865017361,,,,,,,,,,,,,,,,
10.171408741,199,1.0,0.5022214440738454,0.42975729483145253,,,,,,,,,,,,,,,,
10.175917741000001,199,1.0,0.5025622984942268,0.4297770182291667,,,,,,,,,,,,,,,,
10.179479741,199,1.0,0.5018386279835421,0.4298673276548033,,,,,,,,,,,,,,,,
10.183404741,199,1.0,0.5016633763032801,0.42996362756799766,,,,,,,,,,,,,,,,
10.191450741,199,1.0,0.5009131712072036,0.4304156833224826,,,,,,,,,,,,,,,,
10.195402741,200,1.0,0.5009084028356215,0.4310461538809317,,,,,,,,,,,,,,,,
10.199422741000001,200,1.0,0.5007275974049288,0.4314785992657697,,,,,,,,,,,,,,,,
10.203406741,200,1.0,0.5008480408612419,0.43161536322699656,,,,,,,,,,,,,,,,
10.211402741,200,1.0,0.500674752628102,0.4315326831958912,,,,,,,,,,,,,,,,
10.215416741,200,1.0,0.5001360388363109,0.43159496166087963,,,,,,,,,,,,,,,,
10.219451741,200,1.0,0.5002596238080192,0.43139371518735536,,,,,,,,,,,,,,,,
10.223487741000001,200,1.0,0.5002717410816866,0.4310419153284144,,,,,,,,,,,,,,,,
10.231363741000001,201,1.0,0.49963900622199564,0.4306410612883391,,,,,,,,,,,,,,,,
10.235464741000001,201,1.0,0.49954863155589385,0.4306003711841725,,,,,,,,,,,,,,,,
10.239419741,201,1.0,0.4993457233204561,0.4302885832609954,,,,,,,,,,,,,,,,
10.243408741000001,201,1.0,0.4993126813103171,0.4303296124493634,,,,,,,,,,,,,,,,
10.251418741,201,1.0,0.4992802563835593,0.428528736255787,,,,,,,,,,,,,,,,
10.260741741,201,1.0,0.49828024471507354,0.4286445900245949,,,,,,,,,,,,,,,,
10.260936741,201,1.0,0.49828220816219554,0.42864792435257526,,,,,,,,,,,,,,,,
10.263613741,201,1.0,0.4982282414155848,0.42867685953776047,,,,,,,,,,,,,,,,
10.271408741,202,1.0,0.49768767637365,0.4280746459960938,,,,,,,,,,,,,,,,
10.275375741000001,202,1.0,0.4975782282212201,0.42870884648075813,,,,,,,,,,,,,,,,
10.279400741,202,1.0,0.496886085061466,0.428765869140625,,,,,,,,,,,,,,,,
10.283345741,202,1.0,0.4966452542473288,0.4286546495225695,,,,,,,,,,,,,,,,
10.291403741,202,1.0,0.49678757611443014,0.4290225558810764,,,,,,,,,,,,,,,,
10.295827741,202,1.0,0.49693702248965993,0.4295692161277488,,,,,,,,,,,,,,,,
10.299353741000001,202,1.0,0.49689478032729206,0.42962544759114585,,,,,,,,,,,,,,,,
10.303380741,202,1.0,0.49630989747888904,0.4297826696325231,,,,,,,,,,,,,,,,
10.311387741,203,1.0,0.49607069352093863,0.4296995940031829,,,,,,,,,,,,,,,,
10.315406741,203,1.0,0.49616432189941406,0.429566333912037,,,,,,,,,,,,,,,,
10.319442741000001,203,1.0,0.49610093060661764,0.4296623512550637,,,,,,,,,,,,,,,,
10.323654741,203,1.0,0.49616387311150045,0.4286403514720776,,,,,,,,,,,,,,,,
10.331473741,203,1.0,0.4956840066348805,0.42827419704861114,,,,,,,,,,,,,,,,
10.335416741000001,203,1.0,0.49622468387379365,0.42830262360749416,,,,,,,,,,,,,,,,
10.339353741,203,1.0,0.49627124561982994,0.4284186469184028,,,,,,,,,,,,,,,,
10.343356741000001,203,1.0,0.4963596568388097,0.42814500596788196,,,,,,,,,,,,,,,,
10.351362741,204,1.0,0.495327164145077,0.42841452139395253,,,,,,,,,,,,,,,,
10.355380741000001,204,1.0,0.49572237800149355,0.4284210205078125,,,,,,,,,,,,,,,,
10.359423741,204,1.0,0.49633340274586396,0.4284461692527488,,,,,,,,,,,,,,,,
10.363380741,204,1.0,0.4963874816894531,0.4285998874240451,,,,,,,,,,,,,,,,
10.371448741,204,1.0,0.4961543363683364,0.4286700778537327,,,,,,,,,,,,,,,,
10.375413741000001,204,1.0,0.4962346694048713,0.42868601481119795,,,,,,,,,,,,,,,,
10.379421741,204,1.0,0.4958225138047162,0.42848782009548614,,,,,,,,,,,,,,,,
10.383790741,204,1.0,0.4962291156544405,0.4288285997178819,,,,,,,,,,,,,,,,
10.391399741,205,1.0,0.49687811907599955,0.42889116075303824,,,,,,,,,,,,,,,,
10.395397741,205,1.0,0.4972349615658031,0.4310255827727141,,,,,,,,,,,,,,,,
10.399408741,205,1.0,0.49727462319766774,0.4355040938765914,,,,,,,,,,,,,,,,
10.403382741000001,205,1.0,0.4984899408677045,0.4384914822048611,,,,,,,,,,,,,,,,
10.411469741000001,205,1.0,0.5017159966861501,0.4427941781503183,,,,,,,,,,,,,,,,
10.415596741,205,1.0,0.5089815925149357,0.4438861988208912,,,,,,,,,,,,,,,,
10.419369741,205,1.0,0.5114909340353573,0.44433712429470484,,,,,,,,,,,,,,,,
10.423386741,205,1.0,0.5127962897805607,0.4460453739872685,,,,,,,,,,,,,,,,
10.431457741000001,206,1.0,0.5188537485459271,0.4468962492766204,,,,,,,,,,,,,,,,
10.435373741000001,206,1.0,0.5184816472670611,0.44634891086154516,,,,,,,,,,,,,,,,
10.439397741,206,1.0,0.5198536480174345,0.44630703396267357,,,,,,,,,,,,,,,,
10.443410741000001,206,1.0,0.5200084237491384,0.44593613236038776,,,,,,,,,,,,,,,,
10.451572741000001,206,1.0,0.5201566359576058,0.44491441514756946,,,,,,,,,,,,,,,,
10.455414741,206,1.0,0.5207336650175207,0.4447525024414063,,,,,,,,,,,,,,,,
10.459422741000001,206,1.0,0.5205972895902746,0.44447055392795143,,,,,,,,,,,,,,,,
10.463779741000002,206,1.0,0.519551669850069,0.44447055392795143,,,,,,,,,,,,,,,,
10.471647741,207,1.0,0.5191209456499886,0.44457493534794557,,,,,,,,,,,,,,,,
10.477917741,207,1.0,0.5185987248140222,0.44397436071325236,,,,,,,,,,,,,,,,
10.479404741000002,207,1.0,0.5183509938857135,0.44412915265118635,,,,,,,,,,,,,,,,
10.483410741,207,1.0,0.5195570553050322,0.44461003056278936,,,,,,,,,,,,,,,,
10.491433741,207,1.0,0.5192002128152287,0.4446499294704861,,,,,,,,,,,,,,,,
10.495960741000001,207,1.0,0.5184593761668486,0.444291913067853,,,,,,,,,,,,,,,,
10.499859741,207,1.0,0.5180222567389993,0.44398425066912617,,,,,,,,,,,,,,,,
10.503399741,207,1.0,0.5176430309520048,0.44377537480107065,,,,,,,,,,,,,,,,
10.511420741,208,1.0,0.518914166618796,0.44374107078269676,,,,,,,,,,,,,,,,
10.515415741,208,1.0,0.5185598485610065,0.44372535988136574,,,,,,,,,,,,,,,,
10.519566741,208,1.0,0.5180307837093577,0.44415791829427087,,,,,,,,,,,,,,,,
10.523877741000002,208,1.0,0.517909610972685,0.44419193974247684,,,,,,,,,,,,,,,,
10.531457741,208,1.0,0.5172237508437213,0.4445320977105035,,,,,,,,,,,,,,,,
10.535448741000002,208,1.0,0.5169557683608111,0.445054852520978,,,,,,,,,,,,,,,,
10.539520741,208,1.0,0.5172845616060144,0.4452332673249422,,,,,,,,,,,,,,,,
10.547424741,209,1.0,0.517343240625718,0.444971607349537,,,,,,,,,,,,,,,,
10.551387741000001,209,1.0,0.5172954447129193,0.4451202957718461,,,,,,,,,,,,,,,,
10.555402741,209,1.0,0.5176507164450252,0.4455346001519097,,,,,,,,,,,,,,,,
10.559406741,209,1.0,0.5182059231926414,0.44529854103370947,,,,,,,,,,,,,,,,
10.567383741,209,1.0,0.5190643422743854,0.4447113037109375,,,,,,,,,,,,,,,,
10.571435741,209,1.0,0.5190106560202206,0.44474063449435763,,,,,,,,,,,,,,,,
10.575567741,209,1.0,0.5187119315652287,0.4446478384512442,,,,,,,,,,,,,,,,
10.579450741,209,1.0,0.5184102899887982,0.4444781268084491,,,,,,,,,,,,,,,,
10.587403741000001,210,1.0,0.5190458858714384,0.4445873119212963,,,,,,,,,,,,,,,,
10.591532741,210,1.0,0.5192063836490407,0.44488892731843166,,,,,,,,,,,,,,,,
10.595379741,210,1.0,0.5189314449534697,0.445308600531684,,,,,,,,,,,,,,,,
10.599367741,210,1.0,0.5188787123736214,0.44542863633897567,,,,,,,,,,,,,,,,
10.607564741000001,210,1.0,0.5187716203577378,0.4452571727611401,,,,,,,,,,,,,,,,
10.611413741,210,1.0,0.5185439165900735,0.4451198436595776,,,,,,,,,,,,,,,,
10.615376741,210,1.0,0.5186082615571863,0.4449727376302083,,,,,,,,,,,,,,,,
10.619380741,210,1.0,0.5184557297650505,0.4456039993851273,,,,,,,,,,,,,,,,
10.627412741,210,1.0,0.5192373500150793,0.4460480866608796,,,,,,,,,,,,,,,,
10.631383741,211,1.0,0.519232806037454,0.44608985053168404,,,,,,,,,,,,,,,,
10.635437741,211,1.0,0.5190218196195715,0.44647228099681713,,,,,,,,,,,,,,,,
10.639362741000001,211,1.0,0.518859582788804,0.4463055645978009,,,,,,,,,,,,,,,,
10.647492741,211,1.0,0.5188742805929745,0.4461894847728588,,,,,,,,,,,,,,,,
10.651502741,211,1.0,0.518706714405733,0.44604848225911453,,,,,,,,,,,,,,,,
10.655424741000001,211,1.0,0.518566748675178,0.4458446361400463,,,,,,,,,,,,,,,,
10.659483741,211,1.0,0.5185185039744657,0.4457959210431134,,,,,,,,,,,,,,,,
10.667416741,211,1.0,0.5172598221722771,0.44557625099464704,,,,,,,,,,,,,,,,
10.671436741,212,1.0,0.5175318998448989,0.4459261293764467,,,,,,,,,,,,,,,,
10.675415741,212,1.0,0.5174329421099495,0.44574421070240167,,,,,,,,,,,,,,,,
10.679411741000001,212,1.0,0.5173380234662224,0.446236334906684,,,,,,,,,,,,,,,,
10.687440741000001,212,1.0,0.5170695921953987,0.44610584400318287,,,,,,,,,,,,,,,,
10.691459741000001,212,1.0,0.5165691375732422,0.44620700412326386,,,,,,,,,,,,,,,,
10.695412741,212,1.0,0.5154178282793831,0.44576466878255205,,,,,,,,,,,,,,,,
10.699426741,212,1.0,0.5152845943675322,0.4457409894024884,,,,,,,,,,,,,,,,
10.707408741,212,1.0,0.515406047596651,0.4455667001229745,,,,,,,,,,,,,,,,
10.711401741000001,212,1.0,0.5145793802597943,0.44553482620804397,,,,,,,,,,,,,,,,
10.715437741,213,1.0,0.5145420747644761,0.44546440972222223,,,,,,,,,,,,,,,,
10.719382741,213,1.0,0.514483788434197,0.4449939869068287,,,,,,,,,,,,,,,,
10.727431741,213,1.0,0.5141981910256779,0.4447559497974537,,,,,,,,,,,,,,,,
10.731819741,213,1.0,0.514475429759306,0.4449445936414931,,,,,,,,,,,,,,,,
10.735483741000001,213,1.0,0.5145527895759133,0.4449835883246528,,,,,,,,,,,,,,,,
10.739636741,213,1.0,0.5141704783720129,0.44510475441261577,,,,,,,,,,,,,,,,
10.747413741,213,1.0,0.5139509649837718,0.4461402045355902,,,,,,,,,,,,,,,,
10.751365741,214,1.0,0.5139260011560777,0.4460729528356482,,,,,,,,,,,,,,,,
10.755631741,214,1.0,0.5139869802138385,0.44599462438512727,,,,,,,,,,,,,,,,
10.759395741,214,1.0,0.5127613965202781,0.4459225689923322,,,,,,,,,,,,,,,,
10.767510741,214,1.0,0.5127657722024357,0.4458827831127026,,,,,,,,,,,,,,,,
10.771585741,214,1.0,0.5128985012278837,0.4465490835684317,,,,,,,,,,,,,,,,
10.775626741,214,1.0,0.5128494711483226,0.4471430460611979,,,,,,,,,,,,,,,,
10.779391741000001,214,1.0,0.5130321839276482,0.44773163972077545,,,,,,,,,,,,,,,,
10.787368741,214,1.0,0.5155047248391544,0.45209537082248263,,,,,,,,,,,,,,,,
10.791512741,215,1.0,0.5182381798239315,0.45744205050998266,,,,,,,,,,,,,,,,
10.795393741,215,1.0,0.5229051814359778,0.459797837999132,,,,,,,,,,,,,,,,
10.799415741,215,1.0,0.5234223534079159,0.46336432562934027,,,,,,,,,,,,,,,,
10.807535741,215,1.0,0.5253345265107996,0.4674699571397569,,,,,,,,,,,,,,,,
10.811545741000002,215,1.0,0.5256282021017635,0.4689159817165799,,,,,,,,,,,,,,,,
10.815480741,215,1.0,0.5255819208481732,0.46857282850477433,,,,,,,,,,,,,,,,
10.819397741000001,215,1.0,0.5252351760864258,0.46810274477358216,,,,,,,,,,,,,,,,
10.827401741000001,215,1.0,0.5255423153147978,0.4667657357675058,,,,,,,,,,,,,,,,
10.831374741000001,215,1.0,0.5259002797743854,0.4667854026511863,,,,,,,,,,,,,,,,
10.835433741000001,216,1.0,0.5255084318273208,0.46694352891710067,,,,,,,,,,,,,,,,
10.839453741,216,1.0,0.5255767036886776,0.4662532099971065,,,,,,,,,,,,,,,,
10.847397741,216,1.0,0.5249473908368278,0.46672679759837965,,,,,,,,,,,,,,,,
10.851458741,216,1.0,0.5247661927167107,0.46582415545428246,,,,,,,,,,,,,,,,
10.855499741000001,216,1.0,0.5249325247371898,0.46565596969039347,,,,,,,,,,,,,,,,
10.859440741,216,1.0,0.5253367704503676,0.4650130095305266,,,,,,,,,,,,,,,,
10.867402741000001,216,1.0,0.526125010322122,0.4651048448350694,,,,,,,,,,,,,,,,
10.871382741000001,216,1.0,0.5257838193108054,0.46496683756510415,,,,,,,,,,,,,,,,
10.875397741,217,1.0,0.5255842769847197,0.4654335304542824,,,,,,,,,,,,,,,,
10.879413741,217,1.0,0.5263321259442497,0.4647776850947627,,,,,,,,,,,,,,,,
10.887505741,217,1.0,0.5259158751543831,0.46397863317418986,,,,,,,,,,,,,,,,
10.891623741,217,1.0,0.5257323769962087,0.4642374674479167,,,,,,,,,,,,,,,,
10.895447741,217,1.0,0.5255618375890395,0.4654396339699074,,,,,,,,,,,,,,,,
10.899355741,217,1.0,0.5253739637487075,0.46528755470558447,,,,,,,,,,,,,,,,
10.907377741000001,217,1.0,0.5249372931087718,0.4650027804904514,,,,,,,,,,,,,,,,
10.911402741,217,1.0,0.524314375484691,0.46483578152126737,,,,,,,,,,,,,,,,
10.915479741,218,1.0,0.5234433342428768,0.46473982069227426,,,,,,,,,,,,,,,,
10.919411741000001,218,1.0,0.5233119515811696,0.46485906530309606,,,,,,,,,,,,,,,,
10.927410741000001,218,1.0,0.5223827923045439,0.4646856802481192,,,,,,,,,,,,,,,,
10.931478741000001,218,1.0,0.5215428296257468,0.4645766646773727,,,,,,,,,,,,,,,,
10.935414741,218,1.0,0.5208109126371496,0.46517729582609957,,,,,,,,,,,,,,,,
10.939364741,218,1.0,0.5202827453613281,0.4660328617802373,,,,,,,,,,,,,,,,
10.947387741,218,1.0,0.5186838262221393,0.4654092294198495,,,,,,,,,,,,,,,,
10.951371741,219,1.0,0.5181713104248047,0.46517384847005205,,,,,,,,,,,,,,,,
10.955379741000002,219,1.0,0.5177850723266602,0.4657106752748843,,,,,,,,,,,,,,,,
10.959404741,219,1.0,0.5175595564000747,0.46661433467158564,,,,,,,,,,,,,,,,
10.967404741000001,219,1.0,0.5169034284703872,0.4681248982747396,,,,,,,,,,,,,,,,
10.971534741000001,219,1.0,0.5170385697308708,0.46789952030888315,,,,,,,,,,,,,,,,
10.975712741,219,1.0,0.516360507291906,0.46791257505063655,,,,,,,,,,,,,,,,
10.979411741,219,1.0,0.5164238424862132,0.4676146895797164,,,,,,,,,,,,,,,,
10.987365741000001,219,1.0,0.5158700942993164,0.46715234827112273,,,,,,,,,,,,,,,,
10.991382741,220,1.0,0.5155271081363454,0.46694324634693285,,,,,,,,,,,,,,,,
10.995438741000001,220,1.0,0.5149435716516831,0.46747775607638886,,,,,,,,,,,,,,,,
10.999437741000001,220,1.0,0.5147047603831572,0.46718879982277195,,,,,,,,,,,,,,,,
11.007439741,220,1.0,0.5146472033332375,0.46739705403645837,,,,,,,,,,,,,,,,
11.011397741000001,220,1.0,0.5144912495332605,0.46757857711226847,,,,,,,,,,,,,,,,
11.015566741,220,1.0,0.5140859379487879,0.46730194091796873,,,,,,,,,,,,,,,,
11.019355741,220,1.0,0.5141367070815143,0.46741027832031246,,,,,,,,,,,,,,,,
11.027400741000001,221,1.0,0.5142594505758846,0.4670784844292535,,,,,,,,,,,,,,,,
11.031404741000001,221,1.0,0.5142023423138786,0.4672375149197049,,,,,,,,,,,,,,,,
11.035397741,221,1.0,0.5141411388621611,0.4672068277994792,,,,,,,,,,,,,,,,
11.039457741000001,221,1.0,0.5141243654138902,0.4679248951099537,,,,,,,,,,,,,,,,
11.048687741,221,1.0,0.5140538496129653,0.467562018500434,,,,,,,,,,,,,,,,
11.051411741,221,1.0,0.5136848898494945,0.46748357702184606,,,,,,,,,,,,,,,,
11.055417741000001,221,1.0,0.5137950111837948,0.4673194037543402,,,,,,,,,,,,,,,,
11.059407741000001,221,1.0,0.5137053096995634,0.46739349365234373,,,,,,,,,,,,,,,,
11.067393741,222,1.0,0.513531348284553,0.4674021968135127,,,,,,,,,,,,,,,,
11.071399741,222,1.0,0.5134873109705308,0.4672769617151331,,,,,,,,,,,,,,,,
11.075397741000002,222,1.0,0.5132229187909294,0.4671435885959201,,,,,,,,,,,,,,,,
11.079445741,222,1.0,0.5130109226002413,0.46710205078125,,,,,,,,,,,,,,,,
11.087423741,222,1.0,0.5130509769215303,0.4668472290039063,,,,,,,,,,,,,,,,
11.091422741,222,1.0,0.5132651048548081,0.46672493263527204,,,,,,,,,,,,,,,,
11.095423741000001,222,1.0,0.5131187999949736,0.46667706524884256,,,,,,,,,,,,,,,,
11.099456741000001,222,1.0,0.5129712609683766,0.4665726838288484,,,,,,,,,,,,,,,,
11.107489741,223,1.0,0.5130767822265625,0.46639076515480327,,,,,,,,,,,,,,,,
11.111399741000001,223,1.0,0.5130396450267118,0.4659626713505498,,,,,,,,,,,,,,,,
11.115392741,223,1.0,0.5128900303560144,0.4659392180266204,,,,,,,,,,,,,,,,
11.120285741,223,1.0,0.5129575729370117,0.46567218921802667,,,,,,,,,,,,,,,,
11.127445741,223,1.0,0.5111799801097197,0.4647894400137442,,,,,,,,,,,,,,,,
11.131376741,223,1.0,0.511234956629136,0.4644846033166956,,,,,,,,,,,,,,,,
11.135410741000001,223,1.0,0.5113766614128562,0.4579379611545139,,,,,,,,,,,,,,,,
11.139395741000001,223,1.0,0.510075569152832,0.45109405517578127,,,,,,,,,,,,,,,,
11.147373741000001,224,1.0,0.5037651622996611,0.43558264838324656,,,,,,,,,,,,,,,,
11.151393741000001,224,1.0,0.4991537542904125,0.42533235903139466,,,,,,,,,,,,,,,,
11.155393741000001,224,1.0,0.49495472627527576,0.42036098904079866,,,,,,,,,,,,,,,,
11.159496741,224,1.0,0.4911622440113741,0.41419632523148153,,,,,,,,,,,,,,,,
11.167786741,224,1.0,0.48539060704848347,0.4102753815827547,,,,,,,,,,,,,,,,
11.171424741000001,224,1.0,0.4846176259657916,0.40981891773365164,,,,,,,,,,,,,,,,
11.175384741,224,1.0,0.48439699060776653,0.40900466353804976,,,,,,,,,,,,,,,,
11.179399741000001,224,1.0,0.48443104239071116,0.4083341245298032,,,,,,,,,,,,,,,,
11.187441741,225,1.0,0.4810371398925781,0.40335501211660885,,,,,,,,,,,,,,,,
11.191432741,225,1.0,0.481291322147145,0.40229571307146994,,,,,,,,,,,,,,,,
11.195553741000001,225,1.0,0.4816104664522059,0.4034019752785012,,,,,,,,,,,,,,,,
11.201437741000001,225,1.0,0.48255230398739085,0.4047426576967592,,,,,,,,,,,,,,,,
11.207444741000002,225,1.0,0.4840679729686064,0.40618981255425346,,,,,,,,,,,,,,,,
11.211647741,225,1.0,0.48435508503633384,0.4045319168655961,,,,,,,,,,,,,,,,
11.215530741,225,1.0,0.48415761835434856,0.40472214310257526,,,,,,,,,,,,,,,,
11.219409741000002,225,1.0,0.48307452482335705,0.4039615207248264,,,,,,,,,,,,,,,,
11.227535741,226,1.0,0.48433668473187613,0.40283338758680554,,,,,,,,,,,,,,,,
11.231401741,226,1.0,0.48506703096277576,0.40314104998553246,,,,,,,,,,,,,,,,
11.235433741000001,226,1.0,0.48563284032485066,0.40515351472077543,,,,,,,,,,,,,,,,
11.239398741,226,1.0,0.48630310507381663,0.40490259241174764,,,,,,,,,,,,,,,,
11.247482741,226,1.0,0.4857938990873449,0.40473440664785876,,,,,,,,,,,,,,,,
11.251448741,226,1.0,0.48542235879337087,0.4053281430844907,,,,,,,,,,,,,,,,
11.255414741000001,226,1.0,0.48566335790297566,0.4067837185329861,,,,,,,,,,,,,,,,
11.259518741,226,1.0,0.4850475647870232,0.40598472312644673,,,,,,,,,,,,,,,,
11.267414741000001,227,1.0,0.4858352436738856,0.4071609497070312,,,,,,,,,,,,,,,,
11.271397741000001,227,1.0,0.4849087771247415,0.4081257007740162,,,,,,,,,,,,,,,,
11.275409741,227,1.0,0.4845730837653665,0.4092772307219329,,,,,,,,,,,,,,,,
11.280424741000001,227,1.0,0.48471439585966225,0.41107262505425346,,,,,,,,,,,,,,,,
11.287430741000001,227,1.0,0.48514719570384307,0.4124947441948785,,,,,,,,,,,,,,,,
11.291431741,227,1.0,0.48501766429227944,0.41381530761718754,,,,,,,,,,,,,,,,
11.295403741000001,227,1.0,0.48529737135943246,0.4143774527090567,,,,,,,,,,,,,,,,
11.299394741,227,1.0,0.4853672139784869,0.41541776303891786,,,,,,,,,,,,,,,,
11.307494741000001,227,1.0,0.4846184113446404,0.41696726481119795,,,,,,,,,,,,,,,,
11.311388741,228,1.0,0.48514753229477825,0.4177487973813657,,,,,,,,,,,,,,,,
11.315400741000001,228,1.0,0.48499494440415325,0.4184590657552083,,,,,,,,,,,,,,,,
11.323410741,228,1.0,0.48493054333855123,0.41925845675998263,,,,,,,,,,,,,,,,
11.327411741,228,1.0,0.4850631601670209,0.4196983619972512,,,,,,,,,,,,,,,,
11.331431741000001,228,1.0,0.4847613502951229,0.4201279251663773,,,,,,,,,,,,,,,,
11.335397741000001,228,1.0,0.48470340055577893,0.42058828848379626,,,,,,,,,,,,,,,,
11.343440741,228,1.0,0.4853941973517923,0.42179768880208335,,,,,,,,,,,,,,,,
11.347410741000001,228,1.0,0.4857020097620347,0.42213524712456596,,,,,,,,,,,,,,,,
11.351368741,228,1.0,0.48491651871625113,0.4223995067455151,,,,,,,,,,,,,,,,
11.355399741000001,229,1.0,0.48525524139404297,0.42269840946903936,,,,,,,,,,,,,,,,
11.363407741000001,229,1.0,0.4857926088220933,0.42317962646484375,,,,,,,,,,,,,,,,
11.367384741,229,1.0,0.48583417780259075,0.4247454042787905,,,,,,,,,,,,,,,,
11.372195741,229,1.0,0.48596539216883045,0.4251537181712963,,,,,,,,,,,,,,,,
11.375389741000001,229,1.0,0.48617374195772056,0.4256254973234954,,,,,,,,,,,,,,,,
11.383378741000001,229,1.0,0.48594261618221507,0.42529415554470484,,,,,,,,,,,,,,,,
11.387522741000002,229,1.0,0.4857349395751953,0.4253744619864005,,,,,,,,,,,,,,,,
11.391389741000001,229,1.0,0.4859536675845875,0.4256409256546586,,,,,,,,,,,,,,,,
11.395366741,230,1.0,0.48630619049072266,0.425950848614728,,,,,,,,,,,,,,,,
11.403414741,230,1.0,0.486384111292222,0.426088629828559,,,,,,,,,,,,,,,,
11.407483741,230,1.0,0.4866303275613224,0.4261254204644097,,,,,,,,,,,,,,,,
11.411393741000001,230,1.0,0.4864985522101907,0.42634763364438655,,,,,,,,,,,,,,,,
11.415377741,230,1.0,0.48683789197136373,0.4264304832175926,,,,,,,,,,,,,,,,
11.423376741,230,1.0,0.48672928529627185,0.42748119212962965,,,,,,,,,,,,,,,,
11.427388741000001,230,1.0,0.48669927260454965,0.42742614746093754,,,,,,,,,,,,,,,,
11.431387741,230,1.0,0.48684484818402457,0.42739591245298036,,,,,,,,,,,,,,,,
11.435408741000002,231,1.0,0.48698290656594667,0.4278852109555845,,,,,,,,,,,,,,,,
11.443421741,231,1.0,0.4870295244104722,0.42796382197627314,,,,,,,,,,,,,,,,
11.447422741,231,1.0,0.48661131017348347,0.4278770729347512,,,,,,,,,,,,,,,,
11.451477741000001,231,1.0,0.48673640980440025,0.42859350133825236,,,,,,,,,,,,,,,,
11.455422741000001,231,1.0,0.4869784747852999,0.42898079201027195,,,,,,,,,,,,,,,,
11.463459741000001,231,1.0,0.4871801488539752,0.42938288935908564,,,,,,,,,,,,,,,,
11.467383741,231,1.0,0.4866933822631836,0.4293892189308449,,,,,,,,,,,,,,,,
11.471404741,231,1.0,0.48685775083654065,0.429348698368779,,,,,,,,,,,,,,,,
11.475406741,232,1.0,0.4866822186638327,0.4293329309534144,,,,,,,,,,,,,,,,
11.483402741,232,1.0,0.4871048085829791,0.42910178855613423,,,,,,,,,,,,,,,,
11.487685741,232,1.0,0.48719338809742646,0.42895247847945606,,,,,,,,,,,,,,,,
11.491433741000002,232,1.0,0.486967591678395,0.4289553606951678,,,,,,,,,,,,,,,,
11.495433741000001,232,1.0,0.4880416533526252,0.42914219609013315,,,,,,,,,,,,,,,,
11.503378741,232,1.0,0.48803480933694277,0.42930704752604165,,,,,,,,,,,,,,,,
11.507388741000002,232,1.0,0.4881325329051298,0.42987840440538194,,,,,,,,,,,,,,,,
11.511379741,232,1.0,0.4883156383738798,0.4301700733326099,,,,,,,,,,,,,,,,
11.515393741,233,1.0,0.48851630266974955,0.4304315637659144,,,,,,,,,,,,,,,,
11.523393741000001,233,1.0,0.48859618691837087,0.4302921436451099,,,,,,,,,,,,,,,,
11.527414741000001,233,1.0,0.48862333858714385,0.4303439670138889,,,,,,,,,,,,,,,,
11.531453741,233,1.0,0.48857200846952553,0.43037205448857063,,,,,,,,,,,,,,,,
11.535434741000001,233,1.0,0.4886840371524586,0.4304759272822627,,,,,,,,,,,,,,,,
11.543401741,233,1.0,0.48827210594626036,0.4313617282443576,,,,,,,,,,,,,,,,
11.547382741,233,1.0,0.48808832729563995,0.4313403094256366,,,,,,,,,,,,,,,,
11.551378741,234,1.0,0.48796911800608916,0.4319634331597222,,,,,,,,,,,,,,,,
11.555424741000001,234,1.0,0.4880194383509019,0.43219361481843166,,,,,,,,,,,,,,,,
11.563406741000001,234,1.0,0.48885255701401653,0.4329214025426794,,,,,,,,,,,,,,,,
11.567410741000002,234,1.0,0.4886457218843348,0.43296079282407407,,,,,,,,,,,,,,,,
11.571727741,234,1.0,0.48890040902530446,0.43290574815538196,,,,,,,,,,,,,,,,
11.575448741,234,1.0,0.48926499310661764,0.4324524490921585,,,,,,,,,,,,,,,,
11.583409741,234,1.0,0.4893500945147346,0.43323358606409146,,,,,,,,,,,,,,,,
11.587350741,234,1.0,0.49009182873894186,0.43340222394024885,,,,,,,,,,,,,,,,
11.591388741000001,235,1.0,0.4897008222692153,0.4338189019097223,,,,,,,,,,,,,,,,
11.595419741,235,1.0,0.4897143420051126,0.4354380289713542,,,,,,,,,,,,,,,,
11.603392741,235,1.0,0.4902790293974035,0.4355155662254051,,,,,,,,,,,,,,,,
11.607445741000001,235,1.0,0.49058712230009194,0.43544797544126157,,,,,,,,,,,,,,,,
11.611419741,235,1.0,0.4905472923727596,0.43511516429759833,,,,,,,,,,,,,,,,
11.615426741,235,1.0,0.4906447354485007,0.4350255895543982,,,,,,,,,,,,,,,,
11.623456741,235,1.0,0.4901266659007353,0.43488232647931135,,,,,,,,,,,,,,,,
11.627408741,236,1.0,0.48944922054515166,0.43486548529730906,,,,,,,,,,,,,,,,
11.631399741000001,236,1.0,0.48949623107910156,0.4347895869502315,,,,,,,,,,,,,,,,
11.635509741,236,1.0,0.4895792007446289,0.43472928647641784,,,,,,,,,,,,,,,,
11.643398741,236,1.0,0.4896496604470646,0.4350983796296296,,,,,,,,,,,,,,,,
11.647697741,236,1.0,0.48965734594008503,0.43505237720630785,,,,,,,,,,,,,,,,
11.651382741,236,1.0,0.4896424798404469,0.4355951944986979,,,,,,,,,,,,,,,,
11.655417741,236,1.0,0.4909519868738511,0.4356440791377315,,,,,,,,,,,,,,,,
11.663446741000001,237,1.0,0.4900878457462086,0.4356977109555845,,,,,,,,,,,,,,,,
11.667371741,237,1.0,0.49005968430463004,0.4358823988172743,,,,,,,,,,,,,,,,
11.671400741000001,237,1.0,0.489991917329676,0.435886863425926,,,,,,,,,,,,,,,,
11.675454741000001,237,1.0,0.48929601557114544,0.4358907628942419,,,,,,,,,,,,,,,,
11.684905741000001,237,1.0,0.4879736058852252,0.4357422440140336,,,,,,,,,,,,,,,,
11.687585741000001,237,1.0,0.48796693016501036,0.43595535843460653,,,,,,,,,,,,,,,,
11.691558741000001,237,1.0,0.48764671998865466,0.43615796124493633,,,,,,,,,,,,,,,,
11.695400741,237,1.0,0.488100107978372,0.43646228931568287,,,,,,,,,,,,,,,,
11.703401741,238,1.0,0.48840152516084556,0.4363065366391783,,,,,,,,,,,,,,,,
11.707478741000001,238,1.0,0.48873228185317097,0.4365558200412326,,,,,,,,,,,,,,,,
11.711358741000002,238,1.0,0.4888307347017176,0.4364913375289352,,,,,,,,,,,,,,,,
11.715382741,238,1.0,0.48881884182200713,0.43619503445095487,,,,,,,,,,,,,,,,
11.723371741000001,238,1.0,0.4892435073852539,0.4362890738028067,,,,,,,,,,,,,,,,
11.727416741,238,1.0,0.48923756094539866,0.43683420817057295,,,,,,,,,,,,,,,,
11.731367741000001,238,1.0,0.48937219731947956,0.43667845549406825,,,,,,,,,,,,,,,,
11.735388741000001,238,1.0,0.48938313652487364,0.4367545233832465,,,,,,,,,,,,,,,,
11.743364741,239,1.0,0.49013586605296416,0.43736182318793404,,,,,,,,,,,,,,,,
11.747368741,239,1.0,0.49021092583151427,0.43745071976273153,,,,,,,,,,,,,,,,
11.751365741,239,1.0,0.4902040818158318,0.43740743001302085,,,,,,,,,,,,,,,,
11.755361741000002,239,1.0,0.4896687339333927,0.43743743896484377,,,,,,,,,,,,,,,,
11.763365741000001,239,1.0,0.4897095175350414,0.4379108570240162,,,,,,,,,,,,,,,,
11.767382741,239,1.0,0.4897981531479779,0.4378783614547165,,,,,,,,,,,,,,,,
11.771548741,239,1.0,0.4898241267484777,0.43836387351707173,,,,,,,,,,,,,,,,
11.775449741000001,239,1.0,0.4898354586432962,0.4383061726888021,,,,,,,,,,,,,,,,
11.783370741,239,1.0,0.48812585718491497,0.43819964373553244,,,,,,,,,,,,,,,,
11.787828741,239,1.0,0.4884196449728573,0.4382508454499421,,,,,,,,,,,,,,,,
11.791400741,240,1.0,0.488889638115378,0.4383491233543113,,,,,,,,,,,,,,,,
11.795413741,240,1.0,0.4890448065365062,0.4386904681170428,,,,,,,,,,,,,,,,
11.803383741000001,240,1.0,0.48886574015897866,0.4383555659541377,,,,,,,,,,,,,,,,
11.807406741000001,240,1.0,0.4889682881972369,0.4382823237666378,,,,,,,,,,,,,,,,
11.811624741000001,240,1.0,0.4891783209408031,0.4383057770905672,,,,,,,,,,,,,,,,
11.815388741000001,240,1.0,0.4888758939855239,0.43847616690176505,,,,,,,,,,,,,,,,
11.823404741000001,240,1.0,0.4883965323953068,0.43914280644169557,,,,,,,,,,,,,,,,
11.827411741,240,1.0,0.4889368730432847,0.43900361237702545,,,,,,,,,,,,,,,,
11.831398741000001,240,1.0,0.4887912974638097,0.43892703586154513,,,,,,,,,,,,,,,,
11.835410741,241,1.0,0.48855074714211855,0.4388789989330151,,,,,,,,,,,,,,,,
11.843416741,241,1.0,0.4888452642104205,0.4382523713288484,,,,,,,,,,,,,,,,
11.847430741,241,1.0,0.48903566248276653,0.4382000393337674,,,,,,,,,,,,,,,,
11.851706741000001,241,1.0,0.4893140231861788,0.4381384955512153,,,,,,,,,,,,,,,,
11.855406741000001,241,1.0,0.4894135980045094,0.4382078947844329,,,,,,,,,,,,,,,,
11.863389741,241,1.0,0.48984095629523783,0.43816138373480906,,,,,,,,,,,,,,,,
11.867396741,241,1.0,0.4900158713845646,0.4384914822048611,,,,,,,,,,,,,,,,
11.871390741,241,1.0,0.49001502990722656,0.4388136687102141,,,,,,,,,,,,,,,,
11.875594741,242,1.0,0.4905937980203068,0.4387575502748843,,,,,,,,,,,,,,,,
11.883430741000002,242,1.0,0.4905416825238396,0.43888402868200227,,,,,,,,,,,,,,,,
11.887399741000001,242,1.0,0.49053461411420035,0.4383856314199942,,,,,,,,,,,,,,,,
11.891374741,242,1.0,0.4903918434591854,0.4382857146086516,,,,,,,,,,,,,,,,
11.895435741,242,1.0,0.49080270879408894,0.43864808259186916,,,,,,,,,,,,,,,,
11.903397741000001,242,1.0,0.49098581426283894,0.43819523564091434,,,,,,,,,,,,,,,,
11.907461741,242,1.0,0.49058207343606386,0.43861536096643516,,,,,,,,,,,,,,,,
11.911384741,243,1.0,0.4913952210370232,0.43864559597439234,,,,,,,,,,,,,,,,
11.915420741,243,1.0,0.49123646231258616,0.43882740162037037,,,,,,,,,,,,,,,,
11.923419741,243,1.0,0.49146511975456686,0.4393791481300636,,,,,,,,,,,,,,,,
11.927503741,243,1.0,0.4910353492288029,0.4394663492838542,,,,,,,,,,,,,,,,
11.931503741,243,1.0,0.49060754215016084,0.44019068965205443,,,,,,,,,,,,,,,,
11.935464741,243,1.0,0.49064041586483226,0.4399024115668403,,,,,,,,,,,,,,,,
11.943383741,243,1.0,0.4903420840992647,0.4397603352864583,,,,,,,,,,,,,,,,
11.947393741,243,1.0,0.490204979391659,0.4396961918583623,,,,,,,,,,,,,,,,
11.951363741000002,243,1.0,0.49020105249741497,0.43938683403862844,,,,,,,,,,,,,,,,
11.955959741000001,244,1.0,0.4901271707871381,0.43383167408130785,,,,,,,,,,,,,,,,
11.963412741,244,1.0,0.49005407445571003,0.42725072790075236,,,,,,,,,,,,,,,,
11.967363741000002,244,1.0,0.490483844981474,0.42185035988136577,,,,,,,,,,,,,,,,
11.971413741000001,244,1.0,0.4945060505586512,0.4159356011284723,,,,,,,,,,,,,,,,
11.975410741000001,244,1.0,0.49470239527085247,0.41108206289785876,,,,,,,,,,,,,,,,
11.983379741,244,1.0,0.4958964516134823,0.40465234827112273,,,,,,,,,,,,,,,,
11.987374741,244,1.0,0.49769771800321694,0.4025187174479167,,,,,,,,,,,,,,,,
11.991378741,245,1.0,0.49847787969252644,0.3991912841796875,,,,,,,,,,,,,,,,
11.995403741,245,1.0,0.49846166722914753,0.39830418339482065,,,,,,,,,,,,,,,,
12.004043741,245,1.0,0.5013268975650563,0.398416589807581,,,,,,,,,,,,,,,,
12.007420741,245,1.0,0.5012641794541303,0.3984625357168692,,,,,,,,,,,,,,,,
12.011489741,245,1.0,0.5021877288818359,0.40019158257378473,,,,,,,,,,,,,,,,
12.015391741,245,1.0,0.5019934598137351,0.4016354031032986,,,,,,,,,,,,,,,,
12.023563741,245,1.0,0.5031515009262982,0.39970324480975117,,,,,,,,,,,,,,,,
12.027361741,245,1.0,0.5027967340805951,0.3985809891312211,,,,,,,,,,,,,,,,
12.031414741,246,1.0,0.5027023203232709,0.39619389286747686,,,,,,,,,,,,,,,,
12.035384741000001,246,1.0,0.5025292003855986,0.3974604288736979,,,,,,,,,,,,,,,,
12.043631741,246,1.0,0.5015973483814913,0.39803879349320026,,,,,,,,,,,,,,,,
12.047419741,246,1.0,0.5013205023372874,0.3973633942780671,,,,,,,,,,,,,,,,
12.051444741000001,246,1.0,0.5010530247407801,0.39771428991247104,,,,,,,,,,,,,,,,
12.055397741,246,1.0,0.501158545998966,0.39765856707537617,,,,,,,,,,,,,,,,
12.063394741000002,246,1.0,0.5007440903607536,0.39697254322193287,,,,,,,,,,,,,,,,
12.067395741,246,1.0,0.5005177890553194,0.39512249981915504,,,,,,,,,,,,,,,,
12.071380741,247,1.0,0.5004569782930262,0.3953279848451967,,,,,,,,,,,,,,,,
12.079421741,247,1.0,0.5012847115011776,0.39575958251953125,,,,,,,,,,,,,,,,
12.083814741000001,247,1.0,0.5011177623973173,0.39609685827184604,,,,,,,,,,,,,,,,
12.087606741,247,1.0,0.5009244470035329,0.3955201325593172,,,,,,,,,,,,,,,,
12.091466741000001,247,1.0,0.5012685551362879,0.39380012794777197,,,,,,,,,,,,,,,,
12.099476741,247,1.0,0.5012368033914005,0.3955802069769965,,,,,,,,,,,,,,,,
12.103352741,247,1.0,0.5012713600607479,0.39420431631582753,,,,,,,,,,,,,,,,
12.107444741,247,1.0,0.501406894010656,0.3933750293872974,,,,,,,,,,,,,,,,
12.111404741000001,247,1.0,0.5012718649471507,0.3937280725549769,,,,,,,,,,,,,,,,
12.119352741,248,1.0,0.5007065604714787,0.3936605382848669,,,,,,,,,,,,,,,,
12.123409741000001,248,1.0,0.5005617702708525,0.3944116663049768,,,,,,,,,,,,,,,,
12.127392741000001,248,1.0,0.5004406536326689,0.39368613914207173,,,,,,,,,,,,,,,,
12.131503741000001,248,1.0,0.500368735369514,0.3929196393048322,,,,,,,,,,,,,,,,
12.139430741,248,1.0,0.5002509846406824,0.39256721779152204,,,,,,,,,,,,,,,,
12.143373741000001,248,1.0,0.5013020459343406,0.3934751157407408,,,,,,,,,,,,,,,,
12.147403741000002,248,1.0,0.5011603411506204,0.3922638504593461,,,,,,,,,,,,,,,,
12.151409741,248,1.0,0.5010424221263212,0.3919339215313947,,,,,,,,,,,,,,,,
12.159401741,249,1.0,0.501196917365579,0.3912581832320602,,,,,,,,,,,,,,,,
12.163447741,249,1.0,0.5013031118056354,0.3895697699652778,,,,,,,,,,,,,,,,
12.167421741,249,1.0,0.5018938288969153,0.3903309574833622,,,,,,,,,,,,,,,,
12.171437741,249,1.0,0.5020270628087661,0.39004996970847805,,,,,,,,,,,,,,,,
12.179404741,249,1.0,0.5017723195693072,0.39154787416811343,,,,,,,,,,,,,,,,
12.183783741000001,249,1.0,0.5016358319450828,0.3906666508427372,,,,,,,,,,,,,,,,
12.187524741,250,1.0,0.5015369864071116,0.3910934448242187,,,,,,,,,,,,,,,,
12.191388741,250,1.0,0.5014413945815143,0.39161422164351856,,,,,,,,,,,,,,,,
12.199493741000001,250,1.0,0.5014190112843233,0.39232680709273726,,,,,,,,,,,,,,,,
12.203476741000001,250,1.0,0.501237196080825,0.3923684579354746,,,,,,,,,,,,,,,,
12.207503741,250,1.0,0.5011545069077435,0.39246860080295143,,,,,,,,,,,,,,,,
12.212200741,250,1.0,0.5010545954984778,0.3918156941731771,,,,,,,,,,,,,,,,
12.219391741,250,1.0,0.5004995570463293,0.39283368145978004,,,,,,,,,,,,,,,,
12.223402741000001,251,1.0,0.5004642149981331,0.39296891954210067,,,,,,,,,,,,,,,,
12.227440741,251,1.0,0.500397289500517,0.39479053638599537,,,,,,,,,,,,,,,,
12.231396741000001,251,1.0,0.5005503822775448,0.3970944439923322,,,,,,,,,,,,,,,,
12.239446741,251,1.0,0.5005333844353171,0.40647803412543404,,,,,,,,,,,,,,,,
12.243455741,251,1.0,0.5023641025318819,0.41638522677951384,,,,,,,,,,,,,,,,
12.247401741000001,251,1.0,0.5053869696224437,0.42465718587239587,,,,,,,,,,,,,,,,
12.251410741,251,1.0,0.5169641831341911,0.42753923204210065,,,,,,,,,,,,,,,,
12.259397741,251,1.0,0.5256004333496094,0.4343573111074942,,,,,,,,,,,,,,,,
12.263431741000002,252,1.0,0.5291072621065027,0.4397368819625289,,,,,,,,,,,,,,,,
12.267819741,252,1.0,0.530428269330193,0.4397467719184027,,,,,,,,,,,,,,,,
12.271432741,252,1.0,0.5303837271297679,0.43851928710937504,,,,,,,,,,,,,,,,
12.279398741000001,252,1.0,0.5283675474279067,0.4429212782118056,,,,,,,,,,,,,,,,
12.283938741,252,1.0,0.5265855228199678,0.4427004213686343,,,,,,,,,,,,,,,,
12.287383741000001,252,1.0,0.5285787582397461,0.4424051920572917,,,,,,,,,,,,,,,,
12.291434741000002,252,1.0,0.5279246498556698,0.44157997413917827,,,,,,,,,,,,,,,,
12.299415741,252,1.0,0.5260178061092601,0.4431193033854167,,,,,,,,,,,,,,,,
12.303450741,253,1.0,0.5260429382324219,0.44377588342737273,,,,,,,,,,,,,,,,
12.307425741000001,253,1.0,0.5260821510763729,0.4426908139829282,,,,,,,,,,,,,,,,
12.311411741,253,1.0,0.5261889625998104,0.44160455774377894,,,,,,,,,,,,,,,,
12.319408741,253,1.0,0.5263411017025218,0.4413994683159722,,,,,,,,,,,,,,,,
12.323469741,253,1.0,0.5264263714061064,0.4408681233723958,,,,,,,,,,,,,,,,
12.327419741,253,1.0,0.5266601899090935,0.4414263689959491,,,,,,,,,,,,,,,,
12.331448741,253,1.0,0.5280588374418371,0.44217885335286455,,,,,,,,,,,,,,,,
12.339407741,253,1.0,0.5263309478759766,0.44063319453486693,,,,,,,,,,,,,,,,
12.343403741000001,253,1.0,0.5257973390467027,0.4416925500940394,,,,,,,,,,,,,,,,
12.347369741000001,254,1.0,0.5259387072394875,0.44234054000289347,,,,,,,,,,,,,,,,
12.351405741,254,1.0,0.5255747963400448,0.44286329481336806,,,,,,,,,,,,,,,,
12.359432741000001,254,1.0,0.5248788945815143,0.4430071795428241,,,,,,,,,,,,,,,,
12.363528741000001,254,1.0,0.5241789537317613,0.44311811659071176,,,,,,,,,,,,,,,,
12.367418741000002,254,1.0,0.5240333781522863,0.4426091512044271,,,,,,,,,,,,,,,,
12.371588741,254,1.0,0.5236130882711971,0.4424267239040799,,,,,,,,,,,,,,,,
12.379398741000001,254,1.0,0.5247711293837604,0.44065156159577545,,,,,,,,,,,,,,,,
12.383387741,254,1.0,0.5244353799258962,0.4407598424840856,,,,,,,,,,,,,,,,
12.387410741,254,1.0,0.5245879678165212,0.44163535789207176,,,,,,,,,,,,,,,,
12.391432741000001,255,1.0,0.524636380812701,0.4417968184859664,,,,,,,,,,,,,,,,
12.399391741,255,1.0,0.5240175022798426,0.44126129150390625,,,,,,,,,,,,,,,,
12.403521741,255,1.0,0.524238249834846,0.44100392659505205,,,,,,,,,,,,,,,,
12.407432741000001,255,1.0,0.5242309009327608,0.4409326058846933,,,,,,,,,,,,,,,,
12.411429741000001,255,1.0,0.523919610416188,0.4404488457573785,,,,,,,,,,,,,,,,
12.419402741,255,1.0,0.5241461922140682,0.4393377798574942,,,,,,,,,,,,,,,,
12.423417741000002,255,1.0,0.5237897424136891,0.4399536697952836,,,,,,,,,,,,,,,,
12.427397741,255,1.0,0.5243144876816693,0.440547858344184,,,,,,,,,,,,,,,,
12.431423741000001,255,1.0,0.5244559119729435,0.44048625804759833,,,,,,,,,,,,,,,,
12.439382741000001,256,1.0,0.5241174697875977,0.4421767058195891,,,,,,,,,,,,,,,,
12.443416741,256,1.0,0.5238194746129653,0.44237032289858214,,,,,,,,,,,,,,,,
12.447440741000001,256,1.0,0.5239193860222312,0.44240287498191555,,,,,,,,,,,,,,,,
12.451438741,256,1.0,0.5240171095904183,0.4422260990849247,,,,,,,,,,,,,,,,
12.459421741000002,256,1.0,0.5237472197588753,0.4411500153718171,,,,,,,,,,,,,,,,
12.463433741000001,256,1.0,0.5235342137953815,0.4416090223524306,,,,,,,,,,,,,,,,
12.467396741,256,1.0,0.523348471697639,0.4421426278573496,,,,,,,,,,,,,,,,
12.471397741,256,1.0,0.5231804567224839,0.44199795193142366,,,,,,,,,,,,,,,,
12.479424741,257,1.0,0.5237181046429802,0.441135886863426,,,,,,,,,,,,,,,,
12.483542741,257,1.0,0.523530455196605,0.44075662118417247,,,,,,,,,,,,,,,,
12.487399741,257,1.0,0.52331823461196,0.44064715350115746,,,,,,,,,,,,,,,,
12.491424741000001,257,1.0,0.5231549319098977,0.4404169718424479,,,,,,,,,,,,,,,,
12.499408741000002,257,1.0,0.522886220146628,0.4405922218605324,,,,,,,,,,,,,,,,
12.503427741000001,257,1.0,0.522733632256003,0.4412502147533276,,,,,,,,,,,,,,,,
12.507412741000001,257,1.0,0.5230500838335823,0.4413834748444734,,,,,,,,,,,,,,,,
12.511372741,258,1.0,0.5242380254408893,0.443724681712963,,,,,,,,,,,,,,,,
12.519451741000001,258,1.0,0.5348865284639246,0.44432706479673034,,,,,,,,,,,,,,,,
12.523681741,258,1.0,0.5409986271577722,0.4449555573640046,,,,,,,,,,,,,,,,
12.527437741,258,1.0,0.5486389047959271,0.4445790043583623,,,,,,,,,,,,,,,,
12.531402741,258,1.0,0.5543934317196116,0.4448870058412905,,,,,,,,,,,,,,,,
12.539427741,258,1.0,0.5615540111766142,0.44415933114510997,,,,,,,,,,,,,,,,
12.543415741,258,1.0,0.5612201690673828,0.4438621238425926,,,,,,,,,,,,,,,,
12.547406741000001,258,1.0,0.5611529069788316,0.4440035784686053,,,,,,,,,,,,,,,,
12.551403741000001,259,1.0,0.5608002157772288,0.44414548520688657,,,,,,,,,,,,,,,,
12.559378741000002,259,1.0,0.5589753319235409,0.4438789650245949,,,,,,,,,,,,,,,,
12.563385741000001,259,1.0,0.559849458582261,0.44401555944372106,,,,,,,,,,,,,,,,
12.567652741000002,259,1.0,0.5583608290728401,0.44435848659939237,,,,,,,,,,,,,,,,
12.571410741000001,259,1.0,0.5581785089829389,0.4442004733615451,,,,,,,,,,,,,,,,
12.579420741000002,259,1.0,0.5608533410465016,0.44458595558449077,,,,,,,,,,,,,,,,
12.583389741000001,259,1.0,0.5598750394933364,0.4446872287326389,,,,,,,,,,,,,,,,
12.587378741,259,1.0,0.5602313770967371,0.444509435583044,,,,,,,,,,,,,,,,
12.591396741,259,1.0,0.5604120703304515,0.4443534003363715,,,,,,,,,,,,,,,,
12.599372741000002,260,1.0,0.5604341731351965,0.44497375488281254,,,,,,,,,,,,,,,,
12.603396741000001,260,1.0,0.5604075263528263,0.44503761574074074,,,,,,,,,,,,,,,,
12.607428741000001,260,1.0,0.5598135555491728,0.44476578323929394,,,,,,,,,,,,,,,,
12.611587741000001,260,1.0,0.5609375448787913,0.44530108416521996,,,,,,,,,,,,,,,,
12.619379741000001,260,1.0,0.5606926749734318,0.4449228357385706,,,,,,,,,,,,,,,,
12.623392741,260,1.0,0.5609037735882927,0.44535754168475117,,,,,,,,,,,,,,,,
12.627400741,260,1.0,0.5609498865464154,0.4450593736436632,,,,,,,,,,,,,,,,
12.631401741000001,260,1.0,0.5608340992647058,0.44490418610749416,,,,,,,,,,,,,,,,
12.639379741,261,1.0,0.5594852671903723,0.444932782208478,,,,,,,,,,,,,,,,
12.643383741000001,261,1.0,0.5590405744664809,0.4453189425998264,,,,,,,,,,,,,,,,
12.647407741,261,1.0,0.5586800294763902,0.44544847276475696,,,,,,,,,,,,,,,,
12.651468741,261,1.0,0.5598681393791648,0.4456816496672453,,,,,,,,,,,,,,,,
12.659390741000001,261,1.0,0.5602658215691062,0.4455397994429977,,,,,,,,,,,,,,,,
12.663465741000001,261,1.0,0.559903200934915,0.4455937703450521,,,,,,,,,,,,,,,,
12.667404741,261,1.0,0.559079787310432,0.445866111472801,,,,,,,,,,,,,,,,
12.671393741000001,261,1.0,0.5590193692375632,0.4457535920319734,,,,,,,,,,,,,,,,
12.679621741,262,1.0,0.5618724822998047,0.44696966100622104,,,,,,,,,,,,,,,,
12.683403741000001,262,1.0,0.561061746933881,0.4467777958622685,,,,,,,,,,,,,,,,
12.687479741,262,1.0,0.5606861114501953,0.4467056274414063,,,,,,,,,,,,,,,,
12.691559741,262,1.0,0.5603307836196002,0.44665284333405675,,,,,,,,,,,,,,,,
12.699391741000001,262,1.0,0.56001158321605,0.4463409423828125,,,,,,,,,,,,,,,,
12.703368741,262,1.0,0.5596496918622185,0.4467487476490162,,,,,,,,,,,,,,,,
12.707423741000001,262,1.0,0.5592076357673196,0.44666386357060184,,,,,,,,,,,,,,,,
12.711396741000001,262,1.0,0.5592415192547966,0.4465313381618924,,,,,,,,,,,,,,,,
12.719445741000001,263,1.0,0.5585405125337488,0.4462505199291088,,,,,,,,,,,,,,,,
12.723381741,263,1.0,0.5584583843455595,0.4463264747902199,,,,,,,,,,,,,,,,
12.727393741,263,1.0,0.5588575811947093,0.44594404432508683,,,,,,,,,,,,,,,,
12.731450741000002,263,1.0,0.5602842218735639,0.44535974573206016,,,,,,,,,,,,,,,,
12.739456741000001,263,1.0,0.5606433083029354,0.4457925867151331,,,,,,,,,,,,,,,,
12.743380741000001,263,1.0,0.5606669257668888,0.4456891095196759,,,,,,,,,,,,,,,,
12.747376741,263,1.0,0.5601653491749483,0.445777667010272,,,,,,,,,,,,,,,,
12.751379741000001,264,1.0,0.5596390892477596,0.4461799339011864,,,,,,,,,,,,,,,,
12.759391741,264,1.0,0.5607138241038603,0.4472282127097801,,,,,,,,,,,,,,,,
12.763379741000001,264,1.0,0.5609462962431067,0.4471051816587095,,,,,,,,,,,,,,,,
12.767401741,264,1.0,0.5604740591610179,0.44709738272207755,,,,,,,,,,,,,,,,
12.771419741,264,1.0,0.5603895748362822,0.44660819724754053,,,,,,,,,,,,,,,,
12.779460741000001,264,1.0,0.5596452039830825,0.44640209056712965,,,,,,,,,,,,,,,,
12.783430741,265,1.0,0.5608449823716107,0.44630505597149883,,,,,,,,,,,,,,,,
12.787448741,265,1.0,0.5604199802174288,0.4460895679615162,,,,,,,,,,,,,,,,
12.791404741000001,265,1.0,0.5600386226878447,0.4455531932689526,,,,,,,,,,,,,,,,
12.799400741000001,265,1.0,0.5595480413997874,0.44546056676793977,,,,,,,,,,,,,,,,
12.803407741000001,265,1.0,0.5608349968405331,0.44536562319155093,,,,,,,,,,,,,,,,
12.807509741,265,1.0,0.5611485873951632,0.44528706868489587,,,,,,,,,,,,,,,,
12.811444741,265,1.0,0.5612192714915556,0.44521020959924773,,,,,,,,,,,,,,,,
12.819504741000001,265,1.0,0.5618472940781537,0.4450965033637153,,,,,,,,,,,,,,,,
12.823403741,266,1.0,0.5617631463443532,0.4450436627423322,,,,,,,,,,,,,,,,
12.827412741000002,266,1.0,0.562342924230239,0.44454351354528354,,,,,,,,,,,,,,,,
12.831427741,266,1.0,0.5620693318984088,0.4446043226453993,,,,,,,,,,,,,,,,
12.839563741000001,266,1.0,0.5617160236134249,0.44436651159215856,,,,,,,,,,,,,,,,
12.843450741000002,266,1.0,0.5615038030287799,0.4444369280779803,,,,,,,,,,,,,,,,
12.847400741000001,266,1.0,0.5619761523078469,0.44444127965856484,,,,,,,,,,,,,,,,
12.851443741,266,1.0,0.562415179084329,0.4442860921223958,,,,,,,,,,,,,,,,
12.859412741000002,266,1.0,0.5623473560108858,0.44359260841652204,,,,,,,,,,,,,,,,
12.863891741000002,267,1.0,0.5622671351713293,0.443658447265625,,,,,,,,,,,,,,,,
12.867458741,267,1.0,0.5622609643375173,0.4437232123480903,,,,,,,,,,,,,,,,
12.875441741000001,267,1.0,0.5618288376752067,0.4437218560112848,,,,,,,,,,,,,,,,
12.879429741000001,267,1.0,0.5627511529361501,0.44364386664496525,,,,,,,,,,,,,,,,
12.884287741000001,267,1.0,0.5624622457167682,0.44362148708767357,,,,,,,,,,,,,,,,
12.887364741,267,1.0,0.5627600164974437,0.4439708003291377,,,,,,,,,,,,,,,,
12.895401741,267,1.0,0.5628781038172105,0.4463508888527199,,,,,,,,,,,,,,,,
12.899551741000002,267,1.0,0.5623667660881492,0.44787778501157405,,,,,,,,,,,,,,,,
12.903534741000001,267,1.0,0.5622182172887465,0.4490032619900174,,,,,,,,,,,,,,,,
12.907403741000001,268,1.0,0.5606261421652401,0.45134752061631944,,,,,,,,,,,,,,,,
12.915394741,268,1.0,0.5496430677526137,0.45792134602864587,,,,,,,,,,,,,,,,
12.919835741,268,1.0,0.5460704915663775,0.46366639313874425,,,,,,,,,,,,,,,,
12.923598741000001,268,1.0,0.5429627474616555,0.4653585928457754,,,,,,,,,,,,,,,,
12.927450741000001,268,1.0,0.5396672978120691,0.46585060402199074,,,,,,,,,,,,,,,,
12.935376741,268,1.0,0.5389694326064166,0.4673288981119792,,,,,,,,,,,,,,,,
12.939391741000001,268,1.0,0.5373287761912626,0.4695000542534722,,,,,,,,,,,,,,,,
12.943378741,268,1.0,0.5366307426901424,0.469997321234809,,,,,,,,,,,,,,,,
12.947408741,268,1.0,0.5353911904727712,0.47037393075448497,,,,,,,,,,,,,,,,
12.955497741,269,1.0,0.5354052711935604,0.4699998078522859,,,,,,,,,,,,,,,,
12.959409741,269,1.0,0.5354695039636949,0.4695298936631944,,,,,,,,,,,,,,,,
12.963591741,269,1.0,0.5339449714211857,0.46990373399522567,,,,,,,,,,,,,,,,
12.967449741000001,269,1.0,0.534269276787253,0.46977522108289926,,,,,,,,,,,,,,,,
12.975425741,269,1.0,0.5355244804831112,0.4700395937319155,,,,,,,,,,,,,,,,
12.980115741,269,1.0,0.5355603274177102,0.47174332230179394,,,,,,,,,,,,,,,,
12.983377741,269,1.0,0.5358992183909697,0.4718330665870949,,,,,,,,,,,,,,,,
12.987444741000001,269,1.0,0.5351734161376953,0.472031091760706,,,,,,,,,,,,,,,,
12.995434741,269,1.0,0.5325473336612477,0.47481158221209496,,,,,,,,,,,,,,,,
12.999422741,270,1.0,0.533205649432014,0.4743103592484086,,,,,,,,,,,,,,,,
13.003413741000001,270,1.0,0.5338793922873104,0.4739651715313947,,,,,,,,,,,,,,,,
13.007397741,270,1.0,0.5320953481337604,0.474382245099103,,,,,,,,,,,,,,,,
13.015535741,270,1.0,0.5335014567655676,0.47711458559389464,,,,,,,,,,,,,,,,
13.019482741000001,270,1.0,0.5314677743350759,0.47641092936197915,,,,,,,,,,,,,,,,
13.023374741000001,270,1.0,0.528983564937816,0.47567613389756946,,,,,,,,,,,,,,,,
13.027399741,270,1.0,0.5291778340059168,0.4768242164894386,,,,,,,,,,,,,,,,
13.037215741,271,1.0,0.5309603635002585,0.47585799605758106,,,,,,,,,,,,,,,,
13.039418741,271,1.0,0.5309650757733513,0.4759218004014757,,,,,,,,,,,,,,,,
13.043492741000001,271,1.0,0.5309503218706917,0.4766785798249421,,,,,,,,,,,,,,,,
13.047416741000001,271,1.0,0.530737932990579,0.4759901823820891,,,,,,,,,,,,,,,,
13.055429741000001,271,1.0,0.5315066505880917,0.47530568440755205,,,,,,,,,,,,,,,,
13.059554741000001,271,1.0,0.5311682084027458,0.4758472018771701,,,,,,,,,,,,,,,,
13.063410741,271,1.0,0.5313627579632927,0.4752340246129919,,,,,,,,,,,,,,,,
13.067394741000001,271,1.0,0.5318940106560203,0.474553539134838,,,,,,,,,,,,,,,,
13.075709741,271,1.0,0.5328067891737994,0.47541159170645253,,,,,,,,,,,,,,,,
13.079437741000001,272,1.0,0.532847011790556,0.4752833048502604,,,,,,,,,,,,,,,,
13.083422741000001,272,1.0,0.532800225650563,0.47506922969111687,,,,,,,,,,,,,,,,
13.087412741000001,272,1.0,0.5325168160831227,0.47512681749131946,,,,,,,,,,,,,,,,
13.095504741000001,272,1.0,0.5332512575037339,0.47644252070674187,,,,,,,,,,,,,,,,
13.099510741000001,272,1.0,0.5323036418241613,0.47605008725766784,,,,,,,,,,,,,,,,
13.103412741000001,272,1.0,0.5318816689883962,0.4761819344979745,,,,,,,,,,,,,,,,
13.107362741000001,272,1.0,0.5322331821217257,0.4760698106553819,,,,,,,,,,,,,,,,
13.115398741000002,272,1.0,0.5329152275534237,0.47539107711226847,,,,,,,,,,,,,,,,
13.119407741000002,273,1.0,0.5329052981208352,0.47507211190682874,,,,,,,,,,,,,,,,
13.123416741000002,273,1.0,0.5331998151891372,0.47465961597583917,,,,,,,,,,,,,,,,
13.127391741,273,1.0,0.5333480273976046,0.4743691903573496,,,,,,,,,,,,,,,,
13.135578741000002,273,1.0,0.5338388891781077,0.47438213207103586,,,,,,,,,,,,,,,,
13.139386741000001,273,1.0,0.5340037065393785,0.47442966037326384,,,,,,,,,,,,,,,,
13.143428741000001,273,1.0,0.5342204150031594,0.47440213803891784,,,,,,,,,,,,,,,,
13.147396741000001,273,1.0,0.5344205744126264,0.47454704002097803,,,,,,,,,,,,,,,,
13.155374741000001,273,1.0,0.533009921803194,0.4740065398039641,,,,,,,,,,,,,,,,
13.159386741,274,1.0,0.5327164145076976,0.4737620035807292,,,,,,,,,,,,,,,,
13.163423741,274,1.0,0.5328868978163775,0.4739197342484086,,,,,,,,,,,,,,,,
13.167440741,274,1.0,0.5328224406522863,0.47423949065031834,,,,,,,,,,,,,,,,
13.175502741,274,1.0,0.5330724155201632,0.4740494904694734,,,,,,,,,,,,,,,,
13.179445741,274,1.0,0.5327639299280503,0.4743743896484375,,,,,,,,,,,,,,,,
13.183375741,274,1.0,0.532927905811983,0.47494342945240164,,,,,,,,,,,,,,,,
13.187387741,274,1.0,0.5325782439287972,0.47474738226996527,,,,,,,,,,,,,,,,
13.195419741,274,1.0,0.5329090567196116,0.47432821768301503,,,,,,,,,,,,,,,,
13.199357741,275,1.0,0.5330865523394417,0.4741330747251158,,,,,,,,,,,,,,,,
13.203394741,275,1.0,0.533256867352654,0.4739943327727141,,,,,,,,,,,,,,,,
13.207420741,275,1.0,0.5329580867991728,0.4741667005750868,,,,,,,,,,,,,,,,
13.217081741000001,275,1.0,0.5329374425551471,0.47420756022135413,,,,,,,,,,,,,,,,
13.219454741000002,275,1.0,0.533027312334846,0.47412194146050346,,,,,,,,,,,,,,,,
13.223402741000001,275,1.0,0.5328500411089729,0.47382450810185184,,,,,,,,,,,,,,,,
13.227384741000002,275,1.0,0.5327568054199219,0.47226008662471064,,,,,,,,,,,,,,,,
13.235384741,275,1.0,0.533014690174776,0.4720183195891203,,,,,,,,,,,,,,,,
13.239471741000001,276,1.0,0.533120828516343,0.47191682038483795,,,,,,,,,,,,,,,,
13.243378741,276,1.0,0.5332382987527287,0.4718535246672454,,,,,,,,,,,,,,,,
13.247401741000001,276,1.0,0.5331991420072668,0.47175513373480904,,,,,,,,,,,,,,,,
13.255491741,276,1.0,0.5333800035364488,0.47162283438223385,,,,,,,,,,,,,,,,
13.259435741,276,1.0,0.5333673252778894,0.4714536313657407,,,,,,,,,,,,,,,,
13.263397741,276,1.0,0.533120267531451,0.4711585715964989,,,,,,,,,,,,,,,,
13.267377741,276,1.0,0.5332236009485581,0.4708406236436632,,,,,,,,,,,,,,,,
13.275439741000001,276,1.0,0.5343243094051585,0.4707069114402488,,,,,,,,,,,,,,,,
13.279385741,277,1.0,0.5345497692332548,0.4706681993272569,,,,,,,,,,,,,,,,
13.283391741,277,1.0,0.5337958616368911,0.4706273396809896,,,,,,,,,,,,,,,,
13.287524741,277,1.0,0.5329641454360065,0.4704423127350984,,,,,,,,,,,,,,,,
13.295427741000001,277,1.0,0.5330949110143325,0.4706801803023727,,,,,,,,,,,,,,,,
13.299416741000002,277,1.0,0.533355712890625,0.4704839635778356,,,,,,,,,,,,,,,,
13.303387741000002,277,1.0,0.5332347084494198,0.47023942735460067,,,,,,,,,,,,,,,,
13.307358741000002,277,1.0,0.5329790115356445,0.4703864203559027,,,,,,,,,,,,,,,,
13.315572741,277,1.0,0.5322966856115005,0.4716162787543403,,,,,,,,,,,,,,,,
13.319379741,278,1.0,0.5326442718505859,0.47203148735894096,,,,,,,,,,,,,,,,
13.323397741,278,1.0,0.5338114009183996,0.4735684430157697,,,,,,,,,,,,,,,,
13.327395741,278,1.0,0.5339824452119715,0.4744868525752315,,,,,,,,,,,,,,,,
13.336039741,278,1.0,0.5348007538739372,0.4759099889684606,,,,,,,,,,,,,,,,
13.339679741000001,278,1.0,0.5361166000366211,0.47793353045428244,,,,,,,,,,,,,,,,
13.343409741,278,1.0,0.5366608114803538,0.4792332967122396,,,,,,,,,,,,,,,,
13.347406741,278,1.0,0.539924284991096,0.4801813761393229,,,,,,,,,,,,,,,,
13.355345741,279,1.0,0.539881145252901,0.48191935221354165,,,,,,,,,,,,,,,,
13.359439741000001,279,1.0,0.5399715199190027,0.48169205277054394,,,,,,,,,,,,,,,,
13.363500741000001,279,1.0,0.5402452244478113,0.48203904893663196,,,,,,,,,,,,,,,,
13.367435741000001,279,1.0,0.5407189200906193,0.48190155029296877,,,,,,,,,,,,,,,,
13.376009741,279,1.0,0.5405799641328699,0.4817429719147859,,,,,,,,,,,,,,,,
13.379421741000002,279,1.0,0.5406540702371037,0.48167114257812504,,,,,,,,,,,,,,,,
13.383439741,279,1.0,0.5412439458510455,0.4816666779694734,,,,,,,,,,,,,,,,
13.387434741000002,280,1.0,0.5411708495196175,0.4815836023401331,,,,,,,,,,,,,,,,
13.395530741,280,1.0,0.5410855237175437,0.48150047019675923,,,,,,,,,,,,,,,,
13.399393741,280,1.0,0.5416761847103343,0.4812466656720197,,,,,,,,,,,,,,,,
13.403449741000001,280,1.0,0.5419100593118107,0.48182418258101856,,,,,,,,,,,,,,,,
13.407423741,280,1.0,0.5418080722584444,0.4820038972077546,,,,,,,,,,,,,,,,
13.415408741,280,1.0,0.5418332604800954,0.4816259313512732,,,,,,,,,,,,,,,,
13.419420741000001,280,1.0,0.5419620065128102,0.4813664754231771,,,,,,,,,,,,,,,,
13.423371741,280,1.0,0.5424084943883559,0.4815589057074653,,,,,,,,,,,,,,,,
13.427395741000002,281,1.0,0.5414609348072725,0.4820985016999422,,,,,,,,,,,,,,,,
13.435458741000001,281,1.0,0.5413568160113167,0.4825991595232928,,,,,,,,,,,,,,,,
13.439401741000001,281,1.0,0.5416891995598289,0.4827152393482349,,,,,,,,,,,,,,,,
13.443411741,281,1.0,0.5415721220128676,0.4825872350622107,,,,,,,,,,,,,,,,
13.447424741,281,1.0,0.5411934572107652,0.4824371337890625,,,,,,,,,,,,,,,,
13.455398741000002,281,1.0,0.5414508931777057,0.4820738615813078,,,,,,,,,,,,,,,,
13.459636741,281,1.0,0.541400292340447,0.4823644567418981,,,,,,,,,,,,,,,,
13.463408741,281,1.0,0.5411543004653033,0.48262911196108216,,,,,,,,,,,,,,,,
13.467456741000001,282,1.0,0.5410184860229492,0.4827011108398438,,,,,,,,,,,,,,,,
13.476775741,282,1.0,0.5417720009298885,0.4841710973668981,,,,,,,,,,,,,,,,
13.479380741000002,282,1.0,0.5417326758889591,0.4847264607747396,,,,,,,,,,,,,,,,
13.483442741000001,282,1.0,0.540718583499684,0.4845375343605324,,,,,,,,,,,,,,,,
13.488171741,282,1.0,0.5406944050508387,0.4842290242513021,,,,,,,,,,,,,,,,
13.495409741000001,282,1.0,0.5418597950654871,0.4869789406105324,,,,,,,,,,,,,,,,
13.499462741,282,1.0,0.5417142194860122,0.4872777868200231,,,,,,,,,,,,,,,,
13.503577741,282,1.0,0.5416684992173139,0.48690784595630787,,,,,,,,,,,,,,,,
13.507420741,283,1.0,0.5403889487771427,0.48658396402994797,,,,,,,,,,,,,,,,
13.515390741000001,283,1.0,0.5343471414902631,0.4860422770182292,,,,,,,,,,,,,,,,
13.519441741000001,283,1.0,0.5303950590245864,0.48576948377821183,,,,,,,,,,,,,,,,
13.523484741,283,1.0,0.5280546861536363,0.4861313431351273,,,,,,,,,,,,,,,,
13.527428741000001,283,1.0,0.528105847975787,0.4858626754195602,,,,,,,,,,,,,,,,
13.535506741,283,1.0,0.5253569098079905,0.4854368421766493,,,,,,,,,,,,,,,,
13.539442741,283,1.0,0.5256158043356502,0.4852628354673032,,,,,,,,,,,,,,,,
13.543415741,283,1.0,0.5253740759456859,0.4848469486942998,,,,,,,,,,,,,,,,
13.547446741000002,283,1.0,0.5252841500674977,0.4846795541268808,,,,,,,,,,,,,,,,
13.555491741,284,1.0,0.5237756616928998,0.48438816776982063,,,,,,,,,,,,,,,,
13.559431741000001,284,1.0,0.5234498977661133,0.484267736364294,,,,,,,,,,,,,,,,
13.563470741000001,284,1.0,0.5240424100090476,0.48412436026114003,,,,,,,,,,,,,,,,
13.567424741000002,284,1.0,0.5233109979068532,0.48409163863570603,,,,,,,,,,,,,,,,
13.575407741000001,284,1.0,0.5237273608936983,0.48384970205801503,,,,,,,,,,,,,,,,
13.579458741000002,284,1.0,0.523648318122415,0.48368716769748266,,,,,,,,,,,,,,,,
13.583369741,284,1.0,0.5216521655811983,0.4836822509765625,,,,,,,,,,,,,,,,
13.587517741000001,284,1.0,0.5221677667954389,0.48357391357421875,,,,,,,,,,,,,,,,
13.595510741,284,1.0,0.5231764176312614,0.4836257369429977,,,,,,,,,,,,,,,,
13.599397741,285,1.0,0.5230843600104836,0.48315231888382526,,,,,,,,,,,,,,,,
13.603393741000001,285,1.0,0.5228730931001551,0.48309207492404516,,,,,,,,,,,,,,,,
13.611432741000002,285,1.0,0.5226880241842831,0.4832932083695023,,,,,,,,,,,,,,,,
13.615456741000001,285,1.0,0.5225495731129366,0.48298797607421873,,,,,,,,,,,,,,,,
13.619398741000001,285,1.0,0.522908603443819,0.48339425546151615,,,,,,,,,,,,,,,,
13.623352741000001,285,1.0,0.5228784785551184,0.4833468401873553,,,,,,,,,,,,,,,,
13.631392741,285,1.0,0.5233616548426011,0.48332225658275463,,,,,,,,,,,,,,,,
13.635387741,286,1.0,0.5236741795259363,0.48325675681785296,,,,,,,,,,,,,,,,
13.639360741,286,1.0,0.5216480142929975,0.4830869321469907,,,,,,,,,,,,,,,,
13.643413741000002,286,1.0,0.5212011337280273,0.48305245858651624,,,,,,,,,,,,,,,,
13.651469741000001,286,1.0,0.5204710118910846,0.48277412697120947,,,,,,,,,,,,,,,,
13.655432741,286,1.0,0.5197494731229895,0.4827240555374711,,,,,,,,,,,,,,,,
13.659401741000002,286,1.0,0.5190955891328699,0.4826720061125579,,,,,,,,,,,,,,,,
13.663381741,286,1.0,0.5195121204151827,0.482621991192853,,,,,,,,,,,,,,,,
13.671381741000001,286,1.0,0.5202080782722024,0.4827022411205151,,,,,,,,,,,,,,,,
13.675347741000001,287,1.0,0.520477575414321,0.4823929398148148,,,,,,,,,,,,,,,,
13.679376741,287,1.0,0.5208523133221794,0.4825178358289931,,,,,,,,,,,,,,,,
13.683388741000002,287,1.0,0.5208295934340533,0.48207996509693285,,,,,,,,,,,,,,,,
13.691439741000002,287,1.0,0.5211907555075252,0.48136438440393514,,,,,,,,,,,,,,,,
13.695388741,287,1.0,0.5214063420015222,0.4813882333260996,,,,,,,,,,,,,,,,
13.699983741,287,1.0,0.5211394814883962,0.48156387894241903,,,,,,,,,,,,,,,,
13.704242741000002,287,1.0,0.521024367388557,0.4814207854094329,,,,,,,,,,,,,,,,
13.711471741,287,1.0,0.5218394784366384,0.4824171843352141,,,,,,,,,,,,,,,,
13.715386741000001,288,1.0,0.5219954322366154,0.48263148555049185,,,,,,,,,,,,,,,,
13.719405741000001,288,1.0,0.5220730164471794,0.48259181269892937,,,,,,,,,,,,,,,,
13.723428741000001,288,1.0,0.5222517462337718,0.48257327609592016,,,,,,,,,,,,,,,,
13.731584741,288,1.0,0.5204714606789982,0.48238259774667247,,,,,,,,,,,,,,,,
13.735451741,288,1.0,0.520594596862793,0.4824577614113137,,,,,,,,,,,,,,,,
13.739901741,288,1.0,0.5216062209185433,0.48254903157552087,,,,,,,,,,,,,,,,
13.743491741000001,288,1.0,0.5216732586131376,0.48267098885995374,,,,,,,,,,,,,,,,
13.751391741,288,1.0,0.5219660366282743,0.4827265986689815,,,,,,,,,,,,,,,,
13.755480741000001,289,1.0,0.5225251141716453,0.4827531602647569,,,,,,,,,,,,,,,,
13.759388741,289,1.0,0.5226501016055837,0.48255976924189814,,,,,,,,,,,,,,,,
13.763462741000001,289,1.0,0.5225303874296301,0.4825673421223958,,,,,,,,,,,,,,,,
13.771812741000002,289,1.0,0.5225170920876896,0.48329060872395835,,,,,,,,,,,,,,,,
13.775437741000001,289,1.0,0.5225418876199162,0.48302211055049193,,,,,,,,,,,,,,,,
13.779427741000001,289,1.0,0.5225176530725816,0.4832812273943866,,,,,,,,,,,,,,,,
13.783493741000001,289,1.0,0.5226251938763786,0.4841289944118924,,,,,,,,,,,,,,,,
13.791412741,289,1.0,0.5228226044598747,0.4839198924877025,,,,,,,,,,,,,,,,
13.795583741000002,289,1.0,0.5231013017542222,0.484010993109809,,,,,,,,,,,,,,,,
13.799420741,290,1.0,0.5231487610760857,0.4840833875868056,,,,,,,,,,,,,,,,
13.803454741000001,290,1.0,0.5239600013284123,0.4840504399052372,,,,,,,,,,,,,,,,
13.811503741000001,290,1.0,0.5229530334472656,0.4839805885597511,,,,,,,,,,,,,,,,
13.815465741,290,1.0,0.523034039665671,0.48396278663917824,,,,,,,,,,,,,,,,
13.819389741,290,1.0,0.5231473025153665,0.4839454368308739,,,,,,,,,,,,,,,,
13.823424741,290,1.0,0.5230206882252413,0.48417183204933445,,,,,,,,,,,,,,,,
13.831412741000001,290,1.0,0.5242087420295266,0.4842880249023438,,,,,,,,,,,,,,,,
13.835441741,291,1.0,0.5243985793169808,0.4843532986111111,,,,,,,,,,,,,,,,
13.839405741,291,1.0,0.5243336733649758,0.4843680487738715,,,,,,,,,,,,,,,,
13.843474741000001,291,1.0,0.5243750740500057,0.48477636266637736,,,,,,,,,,,,,,,,
13.851446741,291,1.0,0.5245236228494083,0.48466356065538196,,,,,,,,,,,,,,,,
13.856631741000001,291,1.0,0.5245731017168831,0.48503180609809027,,,,,,,,,,,,,,,,
13.859448741000001,291,1.0,0.5246356515323415,0.4851277104130498,,,,,,,,,,,,,,,,
13.863743741,291,1.0,0.5237742031321806,0.4849327935112847,,,,,,,,,,,,,,,,
13.871407741,291,1.0,0.52418254403507,0.4842644020363137,,,,,,,,,,,,,,,,
13.875430741,291,1.0,0.5243905011345359,0.4842505560980903,,,,,,,,,,,,,,,,
13.879434741,292,1.0,0.5243813570807961,0.48340872305410876,,,,,,,,,,,,,,,,
13.883402741000001,292,1.0,0.5243925767786363,0.4840728194625289,,,,,,,,,,,,,,,,
13.891588741000001,292,1.0,0.5240412319407743,0.4849778351960359,,,,,,,,,,,,,,,,
13.895483741000001,292,1.0,0.5247022965375114,0.4849300243236401,,,,,,,,,,,,,,,,
13.899430741000002,292,1.0,0.5246950598324046,0.484934828016493,,,,,,,,,,,,,,,,
13.903534741000001,292,1.0,0.5248243107515222,0.4847599170826099,,,,,,,,,,,,,,,,
13.911417741000001,292,1.0,0.5232762729420382,0.48399002640335653,,,,,,,,,,,,,,,,
13.915512741,292,1.0,0.5230311225442326,0.48386055275245954,,,,,,,,,,,,,,,,
13.919376741,292,1.0,0.5231873568366555,0.484031903302228,,,,,,,,,,,,,,,,
13.923449741,293,1.0,0.5235183379229378,0.4842443960684317,,,,,,,,,,,,,,,,
13.931487741000002,293,1.0,0.5232076644897461,0.48428779884620954,,,,,,,,,,,,,,,,
13.935527741000001,293,1.0,0.5234764323515051,0.4839276349103009,,,,,,,,,,,,,,,,
13.939428741,293,1.0,0.5239665648516487,0.4836581194842303,,,,,,,,,,,,,,,,
13.943488741000001,293,1.0,0.5239725673899931,0.48237948947482634,,,,,,,,,,,,,,,,
13.951384741,293,1.0,0.5239310545079848,0.4823754769784433,,,,,,,,,,,,,,,,
13.955622741,294,1.0,0.5249233245849609,0.48245956986038774,,,,,,,,,,,,,,,,
13.959368741,294,1.0,0.5249556373147404,0.48225668447989,,,,,,,,,,,,,,,,
13.963407741000001,294,1.0,0.5249959721284754,0.48236078332971644,,,,,,,,,,,,,,,,
13.971822741,294,1.0,0.5257369209738338,0.482267083062066,,,,,,,,,,,,,,,,
13.975465741,294,1.0,0.5257001764634076,0.482151511863426,,,,,,,,,,,,,,,,
13.979407741000001,294,1.0,0.5252602521110984,0.4821681835033276,,,,,,,,,,,,,,,,
13.983423741000001,294,1.0,0.5253777223474839,0.4821876808449074,,,,,,,,,,,,,,,,
13.991388741000002,295,1.0,0.525362631853889,0.48191731770833335,,,,,,,,,,,,,,,,
13.995397741000001,295,1.0,0.5256860957426184,0.482091380931713,,,,,,,,,,,,,,,,
13.999422741,295,1.0,0.5256856469547048,0.48206301088686343,,,,,,,,,,,,,,,,
14.003419741,295,1.0,0.5257505529067096,0.48144695140697336,,,,,,,,,,,,,,,,
14.011393741000001,295,1.0,0.5257972829482135,0.4818817138671875,,,,,,,,,,,,,,,,
14.015928741000002,295,1.0,0.5257830339319566,0.48183265968605327,,,,,,,,,,,,,,,,
14.019419741,295,1.0,0.5264522328096277,0.4818496138961227,,,,,,,,,,,,,,,,
14.023447741,295,1.0,0.5286813062780044,0.4818412498191551,,,,,,,,,,,,,,,,
14.031504741000001,296,1.0,0.5295058418722713,0.4816583138925058,,,,,,,,,,,,,,,,
14.035450741,296,1.0,0.5330481248743394,0.48169267442491315,,,,,,,,,,,,,,,,
14.039532741,296,1.0,0.5370195052203011,0.4817223442925347,,,,,,,,,,,,,,,,
14.043856741,296,1.0,0.5396702710319968,0.4822264494719328,,,,,,,,,,,,,,,,
14.051423741,296,1.0,0.5420112048878389,0.48226713957609957,,,,,,,,,,,,,,,,
14.055467741000001,296,1.0,0.5427496853996726,0.48233100043402777,,,,,,,,,,,,,,,,
14.059563741000002,296,1.0,0.5431024326997644,0.48248799641927087,,,,,,,,,,,,,,,,
14.064373741,296,1.0,0.5442627177518957,0.4827997278284144,,,,,,,,,,,,,,,,
14.071573741000002,297,1.0,0.5427736394545611,0.4836073698820891,,,,,,,,,,,,,,,,
14.075461741000002,297,1.0,0.5431164012235754,0.4838763201678241,,,,,,,,,,,,,,,,
14.079389741000002,297,1.0,0.5430120580336627,0.4839931911892361,,,,,,,,,,,,,,,,
14.083995741,297,1.0,0.5436535442576689,0.4844794379340278,,,,,,,,,,,,,,,,
14.091459741000001,297,1.0,0.5443351409014534,0.48443123146339695,,,,,,,,,,,,,,,,
14.095489741000002,297,1.0,0.5438669429105871,0.4844857675057871,,,,,,,,,,,,,,,,
14.099396741000001,297,1.0,0.5445081486421472,0.4846046730324074,,,,,,,,,,,,,,,,
14.103531741000001,297,1.0,0.5462497823378619,0.48578152126736107,,,,,,,,,,,,,,,,
14.111625741000001,298,1.0,0.5456369624418371,0.4863482439959491,,,,,,,,,,,,,,,,
14.115689741,298,1.0,0.5454607570872587,0.4864760222258391,,,,,,,,,,,,,,,,
14.119418741,298,1.0,0.5450270035687614,0.48643974021629055,,,,,,,,,,,,,,,,
14.123390741000001,298,1.0,0.5460730159983915,0.48661069516782407,,,,,,,,,,,,,,,,
14.131418741000001,298,1.0,0.5455162384930778,0.48833589907045716,,,,,,,,,,,,,,,,
14.135420741,298,1.0,0.5470061582677505,0.4883426242404514,,,,,,,,,,,,,,,,
14.139381741000001,298,1.0,0.5467763227574965,0.48825694896556715,,,,,,,,,,,,,,,,
14.143394741000002,298,1.0,0.5465032914105583,0.4888561672634548,,,,,,,,,,,,,,,,
14.151578741000002,299,1.0,0.5455454658059513,0.4886833473488137,,,,,,,,,,,,,,,,
14.155433741000001,299,1.0,0.5451070561128504,0.4887724699797453,,,,,,,,,,,,,,,,
14.159413741000002,299,1.0,0.5450834386488971,0.48882785373263893,,,,,,,,,,,,,,,,
14.163457741,299,1.0,0.5446894028607536,0.4884130407262731,,,,,,,,,,,,,,,,
14.171446741,299,1.0,0.5447585161994485,0.4883430763527199,,,,,,,,,,,,,,,,
14.176053741,299,1.0,0.5445122438318589,0.48824592872902195,,,,,,,,,,,,,,,,
14.179404741,299,1.0,0.5448976404526654,0.4882234926576967,,,,,,,,,,,,,,,,
14.183372741000001,299,1.0,0.5448904037475586,0.48849289505570026,,,,,,,,,,,,,,,,
14.191410741,299,1.0,0.5462854048785042,0.4883364642107928,,,,,,,,,,,,,,,,
14.195604741,300,1.0,0.5459502725040212,0.48881994176793986,,,,,,,,,,,,,,,,
14.199380741,300,1.0,0.5461851007798139,0.48985991301359955,,,,,,,,,,,,,,,,
14.203406741,300,1.0,0.5458400950712317,0.48975479691116897,,,,,,,,,,,,,,,,
14.211590741,300,1.0,0.5459755729226505,0.4899397673430266,,,,,,,,,,,,,,,,
14.216138741000002,300,1.0,0.5456927243401023,0.4898156625253183,,,,,,,,,,,,,,,,
14.219419741000001,300,1.0,0.5456287159639246,0.4897887053313079,,,,,,,,,,,,,,,,
14.223441741,300,1.0,0.5454186832203585,0.4902296843352141,,,,,,,,,,,,,,,,
14.231403741000001,300,1.0,0.5457426519954905,0.4900257817021123,,,,,,,,,,,,,,,,
14.235416741000002,300,1.0,0.5459048327277688,0.48983176902488423,,,,,,,,,,,,,,,,
14.239403741,301,1.0,0.5456640580121208,0.4885588469328703,,,,,,,,,,,,,,,,
14.243450741,301,1.0,0.5454561009126551,0.4847273649992766,,,,,,,,,,,,,,,,
14.251424741000001,301,1.0,0.5450335670919979,0.46956787109375,,,,,,,,,,,,,,,,
14.255438741,301,1.0,0.5449421265546013,0.46155785454644094,,,,,,,,,,,,,,,,
14.259411741000001,301,1.0,0.5444558648502126,0.45039881953486693,,,,,,,,,,,,,,,,
14.263425741,301,1.0,0.540904213400448,0.43960424352575234,,,,,,,,,,,,,,,,
14.271405741,301,1.0,0.5329000809613396,0.4304962158203125,,,,,,,,,,,,,,,,
14.275402741,301,1.0,0.5272288041956285,0.4213151154694734,,,,,,,,,,,,,,,,
14.279436741000001,302,1.0,0.5257687849156997,0.4182140209056713,,,,,,,,,,,,,,,,
14.283429741,302,1.0,0.5244650560266831,0.4177302607783565,,,,,,,,,,,,,,,,
14.291430741000001,302,1.0,0.522544355953441,0.4137039749710648,,,,,,,,,,,,,,,,
14.295724741,302,1.0,0.5209160412059111,0.41243433069299773,,,,,,,,,,,,,,,,
14.299431741000001,302,1.0,0.5195347281063304,0.41303614863642935,,,,,,,,,,,,,,,,
14.303509741000001,302,1.0,0.5200622782987707,0.4117650349934896,,,,,,,,,,,,,,,,
14.311402741,302,1.0,0.5162302465999827,0.41288011338975694,,,,,,,,,,,,,,,,
14.315385741,302,1.0,0.5169644636266372,0.41235860188802087,,,,,,,,,,,,,,,,
14.320093741,303,1.0,0.5173969268798828,0.4152122214988426,,,,,,,,,,,,,,,,
14.323425741000001,303,1.0,0.5148380503934973,0.41215289080584494,,,,,,,,,,,,,,,,
14.331415741,303,1.0,0.5139276841107536,0.40861516881872106,,,,,,,,,,,,,,,,
14.335380741000002,303,1.0,0.5151059767779183,0.4105261908637152,,,,,,,,,,,,,,,,
14.339400741,303,1.0,0.515571818632238,0.41138141773365167,,,,,,,,,,,,,,,,
14.343417741000001,303,1.0,0.5158790700575885,0.4101813987449363,,,,,,,,,,,,,,,,
14.351384741,303,1.0,0.5172437219058766,0.40744544135199656,,,,,,,,,,,,,,,,
14.355403741000002,303,1.0,0.5175975911757525,0.40806918674045134,,,,,,,,,,,,,,,,
14.359391741000001,304,1.0,0.5174053416532629,0.40767341896339704,,,,,,,,,,,,,,,,
14.363421741000002,304,1.0,0.5180740917430204,0.40672036630136,,,,,,,,,,,,,,,,
14.371476741,304,1.0,0.5187460394466624,0.40213617395471646,,,,,,,,,,,,,,,,
14.375702741000001,304,1.0,0.5190550860236672,0.40087534586588547,,,,,,,,,,,,,,,,
14.379436741000001,304,1.0,0.5194237091962028,0.4018359714084201,,,,,,,,,,,,,,,,
14.387428741,304,1.0,0.5200521805707146,0.40251753065321183,,,,,,,,,,,,,,,,
14.391420741000001,304,1.0,0.5204220940085018,0.40072275797526047,,,,,,,,,,,,,,,,
14.395428741000002,304,1.0,0.5206988839542165,0.4010456791630498,,,,,,,,,,,,,,,,
14.399451741,305,1.0,0.5209178363575655,0.40146795202184604,,,,,,,,,,,,,,,,
14.407878741000001,305,1.0,0.5183002247529871,0.4007818716543692,,,,,,,,,,,,,,,,
14.411453741,305,1.0,0.5184005288516774,0.4016803882740162,,,,,,,,,,,,,,,,
14.415504741000001,305,1.0,0.5187674129710478,0.4007327609592014,,,,,,,,,,,,,,,,
14.419752741000002,305,1.0,0.5188924565034754,0.4001732720269098,,,,,,,,,,,,,,,,
14.427423741,305,1.0,0.5183646258185891,0.39662379512080437,,,,,,,,,,,,,,,,
14.431393741,305,1.0,0.5186046712538775,0.3972443757233797,,,,,,,,,,,,,,,,
14.435397741000001,305,1.0,0.5186027078067555,0.39645346182364005,,,,,,,,,,,,,,,,
14.439415741000001,306,1.0,0.5189145032097312,0.39623090955946183,,,,,,,,,,,,,,,,
14.447406741000002,306,1.0,0.5193795596852022,0.3970095033998843,,,,,,,,,,,,,,,,
14.451438741,306,1.0,0.5196344712201286,0.3953228420681424,,,,,,,,,,,,,,,,
14.455585741,306,1.0,0.5198842777925379,0.3944386234989873,,,,,,,,,,,,,,,,
14.459428741000002,306,1.0,0.5200703564812156,0.39504603633174185,,,,,,,,,,,,,,,,
14.467410741,306,1.0,0.5223546308629653,0.3930574770326968,,,,,,,,,,,,,,,,
14.471380741,306,1.0,0.5227485544541303,0.39081822148075807,,,,,,,,,,,,,,,,
14.475396741,306,1.0,0.5228252971873564,0.39083602340133106,,,,,,,,,,,,,,,,
14.479437741000002,307,1.0,0.5227806427899528,0.3915154916268808,,,,,,,,,,,,,,,,
14.487421741,307,1.0,0.5229249281041762,0.39078629105179397,,,,,,,,,,,,,,,,
14.491447741000002,307,1.0,0.5228182287777171,0.3903212370695891,,,,,,,,,,,,,,,,
14.495434741,307,1.0,0.5229233012479895,0.39089660644531254,,,,,,,,,,,,,,,,
14.499398741,307,1.0,0.5231766981237075,0.3867324263961227,,,,,,,,,,,,,,,,
14.507404741,307,1.0,0.5238446628346163,0.3881114253291378,,,,,,,,,,,,,,,,
14.511395741000001,307,1.0,0.5250484242158777,0.38810373942057297,,,,,,,,,,,,,,,,
14.515388741,307,1.0,0.5250393923591165,0.3867599487304687,,,,,,,,,,,,,,,,
14.519389741000001,308,1.0,0.5250901053933537,0.38578785083912037,,,,,,,,,,,,,,,,
14.527444741,308,1.0,0.5259197459501379,0.3826618335865162,,,,,,,,,,,,,,,,
14.531413741000001,308,1.0,0.5267700307509479,0.3812745270905671,,,,,,,,,,,,,,,,
14.535702741000001,308,1.0,0.527043342590332,0.38095703125,,,,,,,,,,,,,,,,
14.539443741000001,308,1.0,0.5274483736823586,0.37972259521484375,,,,,,,,,,,,,,,,
14.547378741000001,308,1.0,0.5281794491936179,0.3796101888020833,,,,,,,,,,,,,,,,
14.551438741,309,1.0,0.5282218596514534,0.3784401222511574,,,,,,,,,,,,,,,,
14.555379741000001,309,1.0,0.5285601335413316,0.377934886791088,,,,,,,,,,,,,,,,
14.559380741000002,309,1.0,0.5301927117740407,0.37713080512152775,,,,,,,,,,,,,,,,
14.567801741,309,1.0,0.5311486861285042,0.37565539324725117,,,,,,,,,,,,,,,,
14.571482741,309,1.0,0.5318710663739372,0.3745985808195891,,,,,,,,,,,,,,,,
14.575439741,309,1.0,0.5328079672420726,0.3778073346173322,,,,,,,,,,,,,,,,
14.579426741,309,1.0,0.5329580867991728,0.3803651032624421,,,,,,,,,,,,,,,,
14.587446741,309,1.0,0.5343400169821346,0.38394758436414933,,,,,,,,,,,,,,,,
14.591431741000001,310,1.0,0.5365124870749081,0.38539931685836226,,,,,,,,,,,,,,,,
14.595776741000002,310,1.0,0.5389848035924575,0.3862977769639757,,,,,,,,,,,,,,,,
14.599382741000001,310,1.0,0.5399686027975643,0.39013270625361685,,,,,,,,,,,,,,,,
14.607592741000001,310,1.0,0.543326265671674,0.39953070746527775,,,,,,,,,,,,,,,,
14.611437741000001,310,1.0,0.5456290525548598,0.40103884096498843,,,,,,,,,,,,,,,,
14.615427741000001,310,1.0,0.5488510692820829,0.4033075403284143,,,,,,,,,,,,,,,,
14.619406741,310,1.0,0.5501229903277229,0.4039775707103588,,,,,,,,,,,,,,,,
14.627572741000002,310,1.0,0.5541877746582031,0.4061092235423901,,,,,,,,,,,,,,,,
14.631406741000001,311,1.0,0.5537270377664005,0.4075814706307871,,,,,,,,,,,,,,,,
14.635391741000001,311,1.0,0.5538823183845071,0.4079632229275174,,,,,,,,,,,,,,,,
14.639567741,311,1.0,0.5531042323392981,0.4079748648184317,,,,,,,,,,,,,,,,
14.647493741000002,311,1.0,0.5511649075676414,0.4081030386465567,,,,,,,,,,,,,,,,
14.651409741,311,1.0,0.5501193439259249,0.40804838957609957,,,,,,,,,,,,,,,,
14.655621741000001,311,1.0,0.55071600745706,0.40746290418836806,,,,,,,,,,,,,,,,
14.659384741,311,1.0,0.5502306433284984,0.4073247273763021,,,,,,,,,,,,,,,,
14.667460741000001,312,1.0,0.5509845509248621,0.4058982566550926,,,,,,,,,,,,,,,,
14.671409741000002,312,1.0,0.550744000603171,0.4058767248083044,,,,,,,,,,,,,,,,
14.675391741,312,1.0,0.5500288570628447,0.4057991310402199,,,,,,,,,,,,,,,,
14.679385741,312,1.0,0.549963446224437,0.4056088482892072,,,,,,,,,,,,,,,,
14.688110741000001,312,1.0,0.5487250159768498,0.40504461217809606,,,,,,,,,,,,,,,,
14.691417741,312,1.0,0.5483496609856101,0.4046335290979456,,,,,,,,,,,,,,,,
14.695434741000001,312,1.0,0.5478613236371208,0.4041040491174769,,,,,,,,,,,,,,,,
14.699386741000001,312,1.0,0.5475354475133559,0.4030931260850694,,,,,,,,,,,,,,,,
14.707381741,313,1.0,0.546932669246898,0.39864824083116324,,,,,,,,,,,,,,,,
14.711392741000001,313,1.0,0.5466213226318359,0.3983257717556423,,,,,,,,,,,,,,,,
14.715386741000001,313,1.0,0.5463832406436696,0.39820511429398153,,,,,,,,,,,,,,,,
14.719393741000001,313,1.0,0.5460706598618451,0.3975741916232639,,,,,,,,,,,,,,,,
14.727506741000001,313,1.0,0.5455303753123564,0.39508582221137156,,,,,,,,,,,,,,,,
14.731409741,313,1.0,0.5450468624339384,0.394294512713397,,,,,,,,,,,,,,,,
14.735446741,313,1.0,0.5432579938103171,0.39280977602358214,,,,,,,,,,,,,,,,
14.739409741000001,313,1.0,0.5420939501594094,0.3918096471715856,,,,,,,,,,,,,,,,
14.747408741000001,313,1.0,0.5419069738949046,0.39009670681423614,,,,,,,,,,,,,,,,
14.751435741000002,313,1.0,0.5404232249540442,0.3889059561270255,,,,,,,,,,,,,,,,
14.755452741000001,314,1.0,0.5403493432437673,0.38745518437138315,,,,,,,,,,,,,,,,
14.759405741,314,1.0,0.538419667412253,0.38533562554253475,,,,,,,,,,,,,,,,
14.769155741,314,1.0,0.5387695536893957,0.38006942183883097,,,,,,,,,,,,,,,,
14.772164741000001,314,1.0,0.5387825685388902,0.37902775517216436,,,,,,,,,,,,,,,,
14.775485741,314,1.0,0.5389261806712431,0.37814263237847223,,,,,,,,,,,,,,,,
14.779468741,314,1.0,0.5394651749554802,0.37455427381727435,,,,,,,,,,,,,,,,
14.787409741000001,314,1.0,0.5422404794132009,0.3688325104890047,,,,,,,,,,,,,,,,
14.791431741,314,1.0,0.5430259704589844,0.3624373259367766,,,,,,,,,,,,,,,,
14.795429741000001,315,1.0,0.5429468154907227,0.3574161670826099,,,,,,,,,,,,,,,,
14.799391741,315,1.0,0.5434271307552562,0.3562778049045139,,,,,,,,,,,,,,,,
14.807461741000001,315,1.0,0.5471487606272978,0.34970793547453705,,,,,,,,,,,,,,,,
14.811448741000001,315,1.0,0.5472453061272117,0.34823913574218746,,,,,,,,,,,,,,,,
14.815460741,315,1.0,0.5474135454963235,0.3469151814778646,,,,,,,,,,,,,,,,
14.819469741,315,1.0,0.5495001849006204,0.34520167598017937,,,,,,,,,,,,,,,,
14.827436741000001,315,1.0,0.5518912708058077,0.34145575629340275,,,,,,,,,,,,,,,,
14.831419741000001,315,1.0,0.5527875002692727,0.3424347488968461,,,,,,,,,,,,,,,,
14.835455741,316,1.0,0.5529573103960823,0.3425091778790509,,,,,,,,,,,,,,,,
14.839945741000001,316,1.0,0.5527767854578355,0.3410894323278356,,,,,,,,,,,,,,,,
14.847442741,316,1.0,0.5530545290778665,0.3382324783890336,,,,,,,,,,,,,,,,
14.851561741000001,316,1.0,0.552647310144761,0.33584238688151047,,,,,,,,,,,,,,,,
14.855453741000002,316,1.0,0.5523975035723518,0.3367616441514757,,,,,,,,,,,,,,,,
14.859383741,316,1.0,0.5524980320649988,0.33624544496889464,,,,,,,,,,,,,,,,
14.867406741000002,316,1.0,0.552467570585363,0.3377280906394676,,,,,,,,,,,,,,,,
14.871417741,316,1.0,0.5522457571590648,0.3378838433159722,,,,,,,,,,,,,,,,
14.875392741,317,1.0,0.5523451636819279,0.33769423873336224,,,,,,,,,,,,,,,,
14.879399741,317,1.0,0.5520942351397347,0.33692875614872686,,,,,,,,,,,,,,,,
14.887452741,317,1.0,0.5515499675975126,0.3370595861364294,,,,,,,,,,,,,,,,
14.891411741,317,1.0,0.5512736264397117,0.33604849356192135,,,,,,,,,,,,,,,,
14.896112741000001,317,1.0,0.5510057000552907,0.33747795952690973,,,,,,,,,,,,,,,,
14.899405741,317,1.0,0.5501586128683651,0.33580463550708917,,,,,,,,,,,,,,,,
14.907436741000001,317,1.0,0.5498404783361098,0.3363126966688368,,,,,,,,,,,,,,,,
14.911414741000002,317,1.0,0.549706402946921,0.3365760520652489,,,,,,,,,,,,,,,,
14.915403741,317,1.0,0.5491703818826115,0.33765903049045143,,,,,,,,,,,,,,,,
14.919414741,318,1.0,0.5488066392786363,0.3383686772099248,,,,,,,,,,,,,,,,
14.927390741000002,318,1.0,0.5482712913961971,0.335037683557581,,,,,,,,,,,,,,,,
14.931410741,318,1.0,0.5480029162238625,0.3370551780418113,,,,,,,,,,,,,,,,
14.935455741,318,1.0,0.5479370004990521,0.33711078785083914,,,,,,,,,,,,,,,,
14.939436741000002,318,1.0,0.547363561742446,0.3390512537073206,,,,,,,,,,,,,,,,
14.947395741000001,318,1.0,0.5452226190006032,0.33965047200520837,,,,,,,,,,,,,,,,
14.951394741000001,318,1.0,0.5445325514849495,0.33789966724537035,,,,,,,,,,,,,,,,
14.955405741000002,318,1.0,0.5434155744664809,0.3378191912615741,,,,,,,,,,,,,,,,
14.959395741000002,319,1.0,0.5415207918952493,0.33827723750361693,,,,,,,,,,,,,,,,
14.967513741000001,319,1.0,0.5401697158813477,0.3387279934353299,,,,,,,,,,,,,,,,
14.971406741000001,319,1.0,0.5401064367855296,0.3394950018988715,,,,,,,,,,,,,,,,
14.975432741,319,1.0,0.53997522241929,0.3397249575014467,,,,,,,,,,,,,,,,
14.979500741,319,1.0,0.5400101156795726,0.33642448142722803,,,,,,,,,,,,,,,,
14.987449741,319,1.0,0.5402181288775276,0.3345445421006944,,,,,,,,,,,,,,,,
14.991428741000002,319,1.0,0.5394046446856331,0.33523175274884254,,,,,,,,,,,,,,,,
14.995384741,319,1.0,0.5377743103924919,0.33550482855902775,,,,,,,,,,,,,,,,
14.999389741000002,320,1.0,0.5379116394940544,0.3355859261971933,,,,,,,,,,,,,,,,
15.007611741000002,320,1.0,0.5371882494758157,0.3347101847330729,,,,,,,,,,,,,,,,
15.011421741000001,320,1.0,0.5370366713579964,0.3349678322120949,,,,,,,,,,,,,,,,
15.015451741000001,320,1.0,0.5369499991921818,0.3346624868887442,,,,,,,,,,,,,,,,
15.019418741,320,1.0,0.5360489452586454,0.3349917376482928,,,,,,,,,,,,,,,,
15.027411741000002,320,1.0,0.536095002118279,0.33421647813585065,,,,,,,,,,,,,,,,
15.031430741000001,320,1.0,0.5362403533037972,0.33338069209346066,,,,,,,,,,,,,,,,
15.035787741000002,320,1.0,0.5359901540419635,0.33375854492187496,,,,,,,,,,,,,,,,
15.039410741000001,321,1.0,0.5342450983384076,0.3327703970449942,,,,,,,,,,,,,,,,
15.047398741,321,1.0,0.5341906828038833,0.3315127337420428,,,,,,,,,,,,,,,,
15.051439741000001,321,1.0,0.5340318118824678,0.331369470666956,,,,,,,,,,,,,,,,
15.055430741,321,1.0,0.5333767498240751,0.3312383015950521,,,,,,,,,,,,,,,,
15.059475741000002,321,1.0,0.532962350284352,0.3306459780092592,,,,,,,,,,,,,,,,
15.067409741,321,1.0,0.5322091158698586,0.3305278636791088,,,,,,,,,,,,,,,,
15.071365741000001,321,1.0,0.5323043150060317,0.3314809728551794,,,,,,,,,,,,,,,,
15.075389741,321,1.0,0.5324160631965188,0.3316528885452835,,,,,,,,,,,,,,,,
15.079612741000002,322,1.0,0.5321180680218864,0.33167142514829284,,,,,,,,,,,,,,,,
15.087420741,322,1.0,0.5305115194881663,0.3318034419307002,,,,,,,,,,,,,,,,
15.091505741,322,1.0,0.5308333004222197,0.33205854627821185,,,,,,,,,,,,,,,,
15.095471741,322,1.0,0.5308568056891946,0.33215529830367474,,,,,,,,,,,,,,,,
15.099438741,322,1.0,0.5307243010577034,0.33190782335069446,,,,,,,,,,,,,,,,
15.107399741000002,322,1.0,0.5311151392319623,0.3297189783166956,,,,,,,,,,,,,,,,
15.111398741,322,1.0,0.5298199934117934,0.3299593325014467,,,,,,,,,,,,,,,,
15.115528741,322,1.0,0.5296191608204561,0.3294784545898437,,,,,,,,,,,,,,,,
15.119360741000001,323,1.0,0.5294325211468864,0.32943120885778354,,,,,,,,,,,,,,,,
15.127392741000001,323,1.0,0.5298777187571806,0.3304938422309027,,,,,,,,,,,,,,,,
15.131435741,323,1.0,0.5301388572244083,0.33098771837022567,,,,,,,,,,,,,,,,
15.135499741,323,1.0,0.5302678837495691,0.33013627794053824,,,,,,,,,,,,,,,,
15.139617741,323,1.0,0.530126178965849,0.3294158370406539,,,,,,,,,,,,,,,,
15.147441741000002,323,1.0,0.5300416946411133,0.3283343844943576,,,,,,,,,,,,,,,,
15.151379741000001,324,1.0,0.5301117616541245,0.32801151982060184,,,,,,,,,,,,,,,,
15.155393741000001,324,1.0,0.530310125911937,0.32817066333912037,,,,,,,,,,,,,,,,
15.163399741000001,324,1.0,0.5276639601763558,0.3280563919632523,,,,,,,,,,,,,,,,
15.167406741,324,1.0,0.5276871849508846,0.327240894458912,,,,,,,,,,,,,,,,
15.171676741,324,1.0,0.5279887143303367,0.32768978542751737,,,,,,,,,,,,,,,,
15.175531741,324,1.0,0.5280357809627757,0.3281849048755787,,,,,,,,,,,,,,,,
15.183413741,324,1.0,0.5289279152365292,0.328101885760272,,,,,,,,,,,,,,,,
15.187430741000002,325,1.0,0.5291443993063534,0.3283710621021412,,,,,,,,,,,,,,,,
15.191388741,325,1.0,0.5293278974645278,0.3278659396701389,,,,,,,,,,,,,,,,
15.195392741000001,325,1.0,0.5299302269430721,0.3280921653464989,,,,,,,,,,,,,,,,
15.203414741000001,325,1.0,0.5330946866203757,0.3287348994502315,,,,,,,,,,,,,,,,
15.207399741000001,325,1.0,0.5393589244169348,0.3292159469039352,,,,,,,,,,,,,,,,
15.211488741,325,1.0,0.5457584156709558,0.32971700032552087,,,,,,,,,,,,,,,,
15.215415741000001,325,1.0,0.5532449834487018,0.33021415427879053,,,,,,,,,,,,,,,,
15.223663741000001,325,1.0,0.5600642035989201,0.3306550202546297,,,,,,,,,,,,,,,,
15.227424741,326,1.0,0.560152670916389,0.33118026168258097,,,,,,,,,,,,,,,,
15.231391741000001,326,1.0,0.5604930765488568,0.3313821863245081,,,,,,,,,,,,,,,,
15.235445741000001,326,1.0,0.5602836047901827,0.33162796585648147,,,,,,,,,,,,,,,,
15.243459741,326,1.0,0.5612478256225586,0.33241735387731486,,,,,,,,,,,,,,,,
15.247448741000001,326,1.0,0.5628710915060604,0.3325756496853298,,,,,,,,,,,,,,,,
15.251474741000001,326,1.0,0.5626553367165958,0.3333216349283854,,,,,,,,,,,,,,,,
15.255423741000001,326,1.0,0.5615697748520795,0.33439489293981484,,,,,,,,,,,,,,,,
15.263498741000001,326,1.0,0.5619861939374138,0.33455595793547455,,,,,,,,,,,,,,,,
15.267431741000001,327,1.0,0.5611757390639361,0.3350830078125,,,,,,,,,,,,,,,,
15.271378741000001,327,1.0,0.5606265348546645,0.33510843912760413,,,,,,,,,,,,,,,,
15.275389741000001,327,1.0,0.5605916976928711,0.3361551920572917,,,,,,,,,,,,,,,,
15.283426741000001,327,1.0,0.5604180167703068,0.33616898148148144,,,,,,,,,,,,,,,,
15.287389741,327,1.0,0.5605787389418658,0.33634880913628473,,,,,,,,,,,,,,,,
15.291579741000001,327,1.0,0.5604971156400793,0.3369464450412326,,,,,,,,,,,,,,,,
15.295426741000002,327,1.0,0.5606051613302792,0.3364273636429398,,,,,,,,,,,,,,,,
15.303682741000001,327,1.0,0.5601040335262523,0.3374745686848958,,,,,,,,,,,,,,,,
15.307408741000001,327,1.0,0.5600558449240292,0.3380394264503762,,,,,,,,,,,,,,,,
15.311391741000001,328,1.0,0.5596691019394818,0.33823722556785296,,,,,,,,,,,,,,,,
15.315494741,328,1.0,0.5605502970078412,0.3386129873770255,,,,,,,,,,,,,,,,
15.323418741000001,328,1.0,0.5593798581291648,0.33953642668547457,,,,,,,,,,,,,,,,
15.327406741,328,1.0,0.5590193131390739,0.3399637858072917,,,,,,,,,,,,,,,,
15.331448741,328,1.0,0.5587917776668773,0.34010038022641786,,,,,,,,,,,,,,,,
15.335605741,328,1.0,0.5587145300472484,0.340093994140625,,,,,,,,,,,,,,,,
15.343494741,328,1.0,0.5587702358470243,0.34064370614510997,,,,,,,,,,,,,,,,
15.347372741000001,328,1.0,0.5584773456349093,0.3415673715096933,,,,,,,,,,,,,,,,
15.351649741000001,328,1.0,0.5582576639512006,0.34215167010271996,,,,,,,,,,,,,,,,
15.355405741,329,1.0,0.557987325331744,0.34308940746166083,,,,,,,,,,,,,,,,
15.363441741,329,1.0,0.5573957667631262,0.34322040699146417,,,,,,,,,,,,,,,,
15.367471741000001,329,1.0,0.5571107864379883,0.34348737928602435,,,,,,,,,,,,,,,,
15.371464741,329,1.0,0.5568498723647174,0.34338435420283564,,,,,,,,,,,,,,,,
15.375440741,329,1.0,0.5569733451394474,0.3438093397352431,,,,,,,,,,,,,,,,
15.383383741000001,329,1.0,0.5566994723151711,0.34492503978587963,,,,,,,,,,,,,,,,
15.387408741000002,329,1.0,0.5563968770644244,0.3447826809353298,,,,,,,,,,,,,,,,
15.391458741000001,329,1.0,0.5560410443474265,0.34465755886501737,,,,,,,,,,,,,,,,
15.395494741,329,1.0,0.5552577411427218,0.34491255018446176,,,,,,,,,,,,,,,,
15.403463741000001,330,1.0,0.5549683851354262,0.34639186152705437,,,,,,,,,,,,,,,,
15.407447741,330,1.0,0.5548338048598346,0.34626035337094907,,,,,,,,,,,,,,,,
15.411453741,330,1.0,0.5548352634205538,0.34678011293764466,,,,,,,,,,,,,,,,
15.415767741000002,330,1.0,0.5547023100011489,0.34731541386357057,,,,,,,,,,,,,,,,
15.423387741,330,1.0,0.5524481044096106,0.3488278989438658,,,,,,,,,,,,,,,,
15.427413741,330,1.0,0.5524047402774587,0.3491980093496817,,,,,,,,,,,,,,,,
15.431403741,330,1.0,0.551940637476304,0.3490951538085938,,,,,,,,,,,,,,,,
15.435390741,330,1.0,0.5507371004889993,0.3490214029947917,,,,,,,,,,,,,,,,
15.443362741000001,331,1.0,0.5514855665319106,0.3501283433702257,,,,,,,,,,,,,,,,
15.447432741,331,1.0,0.5502474167767692,0.3500098334418402,,,,,,,,,,,,,,,,
15.451421741,331,1.0,0.5492166070377126,0.350318682635272,,,,,,,,,,,,,,,,
15.455457741000002,331,1.0,0.5493834439445945,0.35034190990306713,,,,,,,,,,,,,,,,
15.463601741000002,331,1.0,0.5481514650232652,0.35077836778428817,,,,,,,,,,,,,,,,
15.467399741000001,331,1.0,0.5485328225528493,0.35064674660011574,,,,,,,,,,,,,,,,
15.471416741,331,1.0,0.5485700719496783,0.3509642989547165,,,,,,,,,,,,,,,,
15.475373741,331,1.0,0.5485866210039925,0.35071642840350115,,,,,,,,,,,,,,,,
15.483429741,332,1.0,0.5487221549539005,0.3503345630787037,,,,,,,,,,,,,,,,
15.487503741000001,332,1.0,0.5480953665340648,0.35104754412615746,,,,,,,,,,,,,,,,
15.491547741000002,332,1.0,0.5480039259966683,0.3521291097005208,,,,,,,,,,,,,,,,
15.495447741000001,332,1.0,0.5479813183055204,0.3518896597403067,,,,,,,,,,,,,,,,
15.503542741,332,1.0,0.5464864618637982,0.3515336778428819,,,,,,,,,,,,,,,,
15.507397741,332,1.0,0.5472189959357766,0.3513305098922165,,,,,,,,,,,,,,,,
15.511395741000001,332,1.0,0.5453881095437443,0.35205999303747104,,,,,,,,,,,,,,,,
15.515392741000001,333,1.0,0.5454260321224437,0.35210339581524885,,,,,,,,,,,,,,,,
15.523379741000001,333,1.0,0.5464566174675437,0.35284559461805554,,,,,,,,,,,,,,,,
15.527401741,333,1.0,0.5461612028234145,0.3528570104528357,,,,,,,,,,,,,,,,
15.531477741000002,333,1.0,0.5462033888872933,0.35277291757089124,,,,,,,,,,,,,,,,
15.535472741000001,333,1.0,0.5461255241842831,0.3525455050998264,,,,,,,,,,,,,,,,
15.543476741000001,333,1.0,0.5455108530381146,0.3531556871202257,,,,,,,,,,,,,,,,
15.547415741000002,333,1.0,0.5456448162303251,0.35311013680917247,,,,,,,,,,,,,,,,
15.551483741,333,1.0,0.5457061879775104,0.35356066668475117,,,,,,,,,,,,,,,,
15.555426741000002,334,1.0,0.5456507065716911,0.35359434904875575,,,,,,,,,,,,,,,,
15.563407741,334,1.0,0.5458196752211627,0.3538484926576968,,,,,,,,,,,,,,,,
15.567401741000001,334,1.0,0.5458869373097139,0.3537940131293402,,,,,,,,,,,,,,,,
15.571419741000001,334,1.0,0.5461111629710478,0.35422402841073497,,,,,,,,,,,,,,,,
15.575455741,334,1.0,0.5455659978529986,0.3546089454933449,,,,,,,,,,,,,,,,
15.583391741000002,334,1.0,0.5457028781666475,0.35422657154224535,,,,,,,,,,,,,,,,
15.587390741,334,1.0,0.5456228256225586,0.3548209296332465,,,,,,,,,,,,,,,,
15.591439741,334,1.0,0.5455446243286133,0.3545948734989872,,,,,,,,,,,,,,,,
15.595417741,335,1.0,0.5457368177526137,0.35439221417462385,,,,,,,,,,,,,,,,
15.603391741000001,335,1.0,0.5457471398746266,0.3541264851888021,,,,,,,,,,,,,,,,
15.607407741000001,335,1.0,0.5456860486198875,0.35420498318142357,,,,,,,,,,,,,,,,
15.611398741,335,1.0,0.5464937546673942,0.35433971263744213,,,,,,,,,,,,,,,,
15.615626741000002,335,1.0,0.5469220666324391,0.3541860509801794,,,,,,,,,,,,,,,,
15.623408741,335,1.0,0.5471411312327665,0.35455045346860536,,,,,,,,,,,,,,,,
15.627395741,335,1.0,0.5469034980325138,0.35445827907986116,,,,,,,,,,,,,,,,
15.631419741,335,1.0,0.546726899988511,0.35431778519241897,,,,,,,,,,,,,,,,
15.635377741000001,336,1.0,0.5467495076796588,0.3559522840711805,,,,,,,,,,,,,,,,
15.643411741000001,336,1.0,0.5471507240744198,0.35606751618561916,,,,,,,,,,,,,,,,
15.647655741000001,336,1.0,0.5472491208244773,0.3558637830946181,,,,,,,,,,,,,,,,
15.651418741,336,1.0,0.5474544973934398,0.35571876808449077,,,,,,,,,,,,,,,,
15.655482741,336,1.0,0.5474711586447323,0.35561336941189237,,,,,,,,,,,,,,,,
15.663729741000001,336,1.0,0.5484568090999827,0.35534001103153934,,,,,,,,,,,,,,,,
15.667388741000002,336,1.0,0.5481365428251379,0.3556506121600116,,,,,,,,,,,,,,,,
15.671417741,336,1.0,0.5481065301334157,0.3557031136971933,,,,,,,,,,,,,,,,
15.675403741,337,1.0,0.5480943567612592,0.3559398509837963,,,,,,,,,,,,,,,,
15.683364741,337,1.0,0.5477478363934685,0.35622564245153354,,,,,,,,,,,,,,,,
15.687428741000002,337,1.0,0.5477167578304515,0.3560668380172164,,,,,,,,,,,,,,,,
15.691414741,337,1.0,0.5456825144150678,0.3567547268337674,,,,,,,,,,,,,,,,
15.695533741,337,1.0,0.5456528383142808,0.3570253160264757,,,,,,,,,,,,,,,,
15.703417741,337,1.0,0.545755947337431,0.35777921323423034,,,,,,,,,,,,,,,,
15.707445741,337,1.0,0.5457823697258445,0.3577352453161169,,,,,,,,,,,,,,,,
15.711432741000001,337,1.0,0.5458140092737535,0.3575543438946759,,,,,,,,,,,,,,,,
15.715434741000001,337,1.0,0.5468577777638155,0.3575854831271701,,,,,,,,,,,,,,,,
15.723410741,338,1.0,0.5466728210449219,0.35738525390625,,,,,,,,,,,,,,,,
15.727456741000001,338,1.0,0.546592207515941,0.35723362675419557,,,,,,,,,,,,,,,,
15.731434741000001,338,1.0,0.5466447718003217,0.35715625904224535,,,,,,,,,,,,,,,,
15.735414741000001,338,1.0,0.5467884400311638,0.35702384666160303,,,,,,,,,,,,,,,,
15.743447741,338,1.0,0.5462998782887178,0.3572851675528067,,,,,,,,,,,,,,,,
15.747394741,338,1.0,0.5463072832892922,0.35716236255787037,,,,,,,,,,,,,,,,
15.751379741000001,339,1.0,0.5460099612965303,0.3577299895109953,,,,,,,,,,,,,,,,
15.755371741000001,339,1.0,0.5460430594051585,0.35779396339699077,,,,,,,,,,,,,,,,
15.763403741000001,339,1.0,0.5461656907025505,0.358973072193287,,,,,,,,,,,,,,,,
15.767418741,339,1.0,0.5459435967838063,0.35908689145688655,,,,,,,,,,,,,,,,
15.771525741000001,339,1.0,0.5459790510289809,0.3592743485062211,,,,,,,,,,,,,,,,
15.775527741000001,339,1.0,0.5462475944967831,0.35918160897714124,,,,,,,,,,,,,,,,
15.783472741,339,1.0,0.5466483060051414,0.35943580910011574,,,,,,,,,,,,,,,,
15.787383741000001,340,1.0,0.5459367527681238,0.3605474401403357,,,,,,,,,,,,,,,,
15.791389741000001,340,1.0,0.5458170385921702,0.36049618191189237,,,,,,,,,,,,,,,,
15.795386741000002,340,1.0,0.545832914464614,0.3628835607458044,,,,,,,,,,,,,,,,
15.803494741000002,340,1.0,0.5443210040821749,0.3623005619755497,,,,,,,,,,,,,,,,
15.807424741,340,1.0,0.5455379486083984,0.36230163574218754,,,,,,,,,,,,,,,,
15.811436741000001,340,1.0,0.5452862907858456,0.36271610966435186,,,,,,,,,,,,,,,,
15.815467741,340,1.0,0.5453229230992934,0.36295776367187504,,,,,,,,,,,,,,,,
15.823693741000001,340,1.0,0.5454459470861098,0.36335398356119797,,,,,,,,,,,,,,,,
15.827560741000001,341,1.0,0.545234343584846,0.3641608909324363,,,,,,,,,,,,,,,,
15.831399741,341,1.0,0.5452726588529699,0.3643235948350695,,,,,,,,,,,,,,,,
15.835401741000002,341,1.0,0.5440286187564626,0.36411647090205435,,,,,,,,,,,,,,,,
15.843439741000001,341,1.0,0.5437486872953528,0.3653193155924479,,,,,,,,,,,,,,,,
15.847524741,341,1.0,0.5432717379401711,0.3649974681712963,,,,,,,,,,,,,,,,
15.851460741,341,1.0,0.5432785819558537,0.36522171585648144,,,,,,,,,,,,,,,,
15.855407741,341,1.0,0.5433524636661305,0.3653015701859086,,,,,,,,,,,,,,,,
15.863479741,341,1.0,0.5440703560324276,0.36556797734013313,,,,,,,,,,,,,,,,
15.867403741,342,1.0,0.5441246032714844,0.3662198667173032,,,,,,,,,,,,,,,,
15.871512741000002,342,1.0,0.5442761252908146,0.3666117915400753,,,,,,,,,,,,,,,,
15.875426741000002,342,1.0,0.5443147771498736,0.36686853479456016,,,,,,,,,,,,,,,,
15.883539741000002,342,1.0,0.5428001740399528,0.36757202148437496,,,,,,,,,,,,,,,,
15.887438741,342,1.0,0.542880282682531,0.368181073224103,,,,,,,,,,,,,,,,
15.891425741,342,1.0,0.5429619059843176,0.3681680184823496,,,,,,,,,,,,,,,,
15.895420741,342,1.0,0.5430385926190544,0.36839492232711224,,,,,,,,,,,,,,,,
15.903385741000001,342,1.0,0.5429277981028837,0.36784588849103006,,,,,,,,,,,,,,,,
15.907401741000001,343,1.0,0.5429088929120232,0.367708502875434,,,,,,,,,,,,,,,,
15.912334741,343,1.0,0.5429616254918715,0.3689586498119213,,,,,,,,,,,,,,,,
15.919379741,343,1.0,0.5427832322962144,0.3700086805555556,,,,,,,,,,,,,,,,
15.923400741000002,343,1.0,0.5428510553696576,0.3698689778645833,,,,,,,,,,,,,,,,
15.927416741000002,343,1.0,0.5431929756613338,0.37081773546006946,,,,,,,,,,,,,,,,
15.931439741,343,1.0,0.543123301337747,0.37048707184968166,,,,,,,,,,,,,,,,
15.939434741000001,343,1.0,0.5431297526640051,0.3709331371166088,,,,,,,,,,,,,,,,
15.943409741000002,343,1.0,0.5431855145622703,0.3708159270109954,,,,,,,,,,,,,,,,
15.947432741000002,343,1.0,0.5426857331219841,0.37087170636212385,,,,,,,,,,,,,,,,
15.951420741000002,343,1.0,0.5430590124691234,0.3708149662724247,,,,,,,,,,,,,,,,
15.959536741,344,1.0,0.5428199768066406,0.3712654961480035,,,,,,,,,,,,,,,,
15.963457741000001,344,1.0,0.543650795431698,0.3709704363787616,,,,,,,,,,,,,,,,
15.967411741000001,344,1.0,0.5432871650247013,0.370815983525029,,,,,,,,,,,,,,,,
15.971483741,344,1.0,0.543273364796358,0.37067837185329866,,,,,,,,,,,,,,,,
15.979432741000002,344,1.0,0.5419874752269072,0.3704421997070313,,,,,,,,,,,,,,,,
15.983398741,344,1.0,0.540774008807014,0.3703583893952547,,,,,,,,,,,,,,,,
15.987449741,344,1.0,0.5408640468821806,0.3698044953522859,,,,,,,,,,,,,,,,
15.991419741000001,344,1.0,0.5410734625423655,0.3700203224464699,,,,,,,,,,,,,,,,
15.999443741,345,1.0,0.5407620037303251,0.3701110274703414,,,,,,,,,,,,,,,,
16.003407741,345,1.0,0.5413245593800264,0.37004049795645255,,,,,,,,,,,,,,,,
16.007451741,345,1.0,0.5403851340798771,0.37088662606698497,,,,,,,,,,,,,,,,
16.011497741,345,1.0,0.5407050637637868,0.3709441008391203,,,,,,,,,,,,,,,,
16.019626741,345,1.0,0.5408855326035443,0.3716281467013889,,,,,,,,,,,,,,,,
16.023435741,345,1.0,0.5409353480619543,0.3714333993417246,,,,,,,,,,,,,,,,
16.027440741,345,1.0,0.5410131566664752,0.37123695656105327,,,,,,,,,,,,,,,,
16.031429741,345,1.0,0.5410817651187673,0.3711559154369213,,,,,,,,,,,,,,,,
16.039404741000002,346,1.0,0.5391295376945945,0.37087656656901047,,,,,,,,,,,,,,,,
16.043413741000002,346,1.0,0.5392376955817727,0.370724430790654,,,,,,,,,,,,,,,,
16.047420741,346,1.0,0.5393012551700368,0.37066000479239003,,,,,,,,,,,,,,,,
16.051455741,346,1.0,0.5391094544354607,0.373085700141059,,,,,,,,,,,,,,,,
16.059433741,346,1.0,0.5393404119154986,0.376602624963831,,,,,,,,,,,,,,,,
16.063431741000002,346,1.0,0.5391467038322898,0.38316853841145837,,,,,,,,,,,,,,,,
16.067414741,346,1.0,0.5339796402875114,0.39371411358868635,,,,,,,,,,,,,,,,
16.071439741000002,346,1.0,0.5309149798224954,0.39777560763888886,,,,,,,,,,,,,,,,
16.079389741,346,1.0,0.5229414210600012,0.4110942699291088,,,,,,,,,,,,,,,,
16.083431741000002,347,1.0,0.517228407018325,0.4110976042570891,,,,,,,,,,,,,,,,
16.087408741,347,1.0,0.5158482719870174,0.4201370804398148,,,,,,,,,,,,,,,,
16.091441741,347,1.0,0.5165374980253332,0.4203196772822627,,,,,,,,,,,,,,,,
16.099488741000002,347,1.0,0.5138437046724207,0.4199056554723669,,,,,,,,,,,,,,,,
16.103394741000002,347,1.0,0.5109688253963695,0.4205594663266783,,,,,,,,,,,,,,,,
16.107385741,347,1.0,0.5112536374260398,0.4195978235315394,,,,,,,,,,,,,,,,
16.111397741,347,1.0,0.5123316820930032,0.4197655571831598,,,,,,,,,,,,,,,,
16.119394741,348,1.0,0.5129255406996783,0.4196901674623843,,,,,,,,,,,,,,,,
16.123415741000002,348,1.0,0.5118454764871037,0.41793518066406254,,,,,,,,,,,,,,,,
16.127462741000002,348,1.0,0.5104937833898208,0.41865991663049773,,,,,,,,,,,,,,,,
16.131743741,348,1.0,0.508969924029182,0.4185577392578125,,,,,,,,,,,,,,,,
16.140613741,348,1.0,0.5084688523236442,0.4186635900426794,,,,,,,,,,,,,,,,
16.143522741,348,1.0,0.5079120187198415,0.4198835019712095,,,,,,,,,,,,,,,,
16.147481741,348,1.0,0.5083568236407112,0.4195433440031828,,,,,,,,,,,,,,,,
16.151393741,348,1.0,0.5088655808392692,0.4189056961624711,,,,,,,,,,,,,,,,
16.160861741,349,1.0,0.5082539390115177,0.42180023193359373,,,,,,,,,,,,,,,,
16.163388741000002,349,1.0,0.5090923870311064,0.4211930451569734,,,,,,,,,,,,,,,,
16.167419741,349,1.0,0.5094674054314109,0.41922336154513884,,,,,,,,,,,,,,,,
16.171451741000002,349,1.0,0.5095622118781594,0.41999602141203707,,,,,,,,,,,,,,,,
16.179385741,349,1.0,0.5096413668464211,0.4177195796260127,,,,,,,,,,,,,,,,
16.183399741000002,349,1.0,0.510619275710162,0.41754020408347803,,,,,,,,,,,,,,,,
16.187342741000002,349,1.0,0.5114192962646484,0.4170640733506944,,,,,,,,,,,,,,,,
16.191392741,349,1.0,0.5105427012724035,0.41897763852719905,,,,,,,,,,,,,,,,
16.199381741,350,1.0,0.5085840786204618,0.41809093334056713,,,,,,,,,,,,,,,,
16.203360741,350,1.0,0.5088385413674748,0.4181806211118345,,,,,,,,,,,,,,,,
16.207378741,350,1.0,0.5084924136891085,0.4171574910481771,,,,,,,,,,,,,,,,
16.211388741,350,1.0,0.5077003030215993,0.41611797191478583,,,,,,,,,,,,,,,,
16.219381741,350,1.0,0.5058770460240981,0.4169521190502026,,,,,,,,,,,,,,,,
16.223474741,350,1.0,0.5062923992381376,0.41698393645109955,,,,,,,,,,,,,,,,
16.227401741,350,1.0,0.5071791480569279,0.41717077184606477,,,,,,,,,,,,,,,,
16.231386741,351,1.0,0.5074009053847369,0.41672826696325227,,,,,,,,,,,,,,,,
16.239372741,351,1.0,0.5060071384205538,0.41942155626085065,,,,,,,,,,,,,,,,
16.243508741,351,1.0,0.5056567472570083,0.4196927105938947,,,,,,,,,,,,,,,,
16.247411741,351,1.0,0.506414020762724,0.4196511727792246,,,,,,,,,,,,,,,,
16.251384741000003,351,1.0,0.5072425954482135,0.4190460205078125,,,,,,,,,,,,,,,,
16.259369741,351,1.0,0.5082661123836741,0.4190156159577546,,,,,,,,,,,,,,,,
16.263408741000003,351,1.0,0.5088667028090533,0.4181216204607928,,,,,,,,,,,,,,,,
16.267682741,351,1.0,0.5087772257187787,0.4178742020218461,,,,,,,,,,,,,,,,
16.271402741,351,1.0,0.5092206281774184,0.41751833315248843,,,,,,,,,,,,,,,,
16.279336741,352,1.0,0.5099997800939223,0.4184587831850405,,,,,,,,,,,,,,,,
16.283372741,352,1.0,0.50994452308206,0.4177007039388021,,,,,,,,,,,,,,,,
16.287851741,352,1.0,0.5103551079245174,0.41709481698495365,,,,,,,,,,,,,,,,
16.291372741,352,1.0,0.5105165593764361,0.4173879552770544,,,,,,,,,,,,,,,,
16.299365741000003,352,1.0,0.5110285141888786,0.4168620921947338,,,,,,,,,,,,,,,,
16.303407741,352,1.0,0.5113249386058134,0.4163464016384548,,,,,,,,,,,,,,,,
16.307359741000003,352,1.0,0.511592191808364,0.41601003011067705,,,,,,,,,,,,,,,,
16.311391741,352,1.0,0.5116526098812327,0.4155595567491319,,,,,,,,,,,,,,,,
16.319346741,353,1.0,0.5120918610516716,0.4149533307110822,,,,,,,,,,,,,,,,
16.323357741000002,353,1.0,0.5113797468297622,0.4145943535698785,,,,,,,,,,,,,,,,
16.327553741000003,353,1.0,0.5116021773394417,0.41425447817201966,,,,,,,,,,,,,,,,
16.331369741,353,1.0,0.5131223902982824,0.4139967176649305,,,,,,,,,,,,,,,,
16.339361741,353,1.0,0.5133372475119198,0.4141088980215567,,,,,,,,,,,,,,,,
16.343424741,353,1.0,0.5139183156630572,0.4139051649305555,,,,,,,,,,,,,,,,
16.347502741,353,1.0,0.5139534894157859,0.4136610808195891,,,,,,,,,,,,,,,,
16.351393741000003,354,1.0,0.5151449091294232,0.41376387984664353,,,,,,,,,,,,,,,,
16.359363741000003,354,1.0,0.5158970215741325,0.4133897004304109,,,,,,,,,,,,,,,,
16.363381741,354,1.0,0.5164099300608915,0.4134398848922164,,,,,,,,,,,,,,,,
16.368521741000002,354,1.0,0.5164546966552734,0.4131993611653646,,,,,,,,,,,,,,,,
16.371434741,354,1.0,0.5165120854097254,0.4130746346932871,,,,,,,,,,,,,,,,
16.379373741000002,354,1.0,0.5165804133695715,0.41339196099175346,,,,,,,,,,,,,,,,
16.383448741000002,354,1.0,0.5166142968570485,0.41346876356336804,,,,,,,,,,,,,,,,
16.387409741000003,355,1.0,0.5167805727790383,0.413526690447772,,,,,,,,,,,,,,,,
16.391538741,355,1.0,0.5169821907492245,0.4144489994755498,,,,,,,,,,,,,,,,
16.399388741000003,355,1.0,0.5172267240636489,0.4141429194697628,,,,,,,,,,,,,,,,
16.403406741,355,1.0,0.5172121384564567,0.4147926047996239,,,,,,,,,,,,,,,,
16.407435741,355,1.0,0.5172818127800437,0.4148878874602141,,,,,,,,,,,,,,,,
16.411370741000002,355,1.0,0.5173350502462948,0.41491314923321754,,,,,,,,,,,,,,,,
16.419412741000002,355,1.0,0.519346181084128,0.41478084988064234,,,,,,,,,,,,,,,,
16.423596741,355,1.0,0.5192413330078125,0.4148425632052951,,,,,,,,,,,,,,,,
16.427396741000003,356,1.0,0.518882527070887,0.4145814683702257,,,,,,,,,,,,,,,,
16.431441741,356,1.0,0.5197365704704734,0.4144249244972512,,,,,,,,,,,,,,,,
16.442005741000003,356,1.0,0.5189845141242532,0.41501962167245365,,,,,,,,,,,,,,,,
16.443417741,356,1.0,0.519010487724753,0.4151315759729456,,,,,,,,,,,,,,,,
16.447420741000002,356,1.0,0.5189971362843233,0.4150779441550926,,,,,,,,,,,,,,,,
16.451387741,356,1.0,0.519012170679429,0.41703711615668404,,,,,,,,,,,,,,,,
16.459390741,356,1.0,0.5190466151517981,0.41658150001808447,,,,,,,,,,,,,,,,
16.463386741,356,1.0,0.5191880955415613,0.4164150096752025,,,,,,,,,,,,,,,,
16.467376741000002,357,1.0,0.519232806037454,0.4170601173683449,,,,,,,,,,,,,,,,
16.471391741,357,1.0,0.5193663204417509,0.4172088057906539,,,,,,,,,,,,,,,,
16.479378741,357,1.0,0.5185692731071921,0.4170210096571181,,,,,,,,,,,,,,,,
16.483404741,357,1.0,0.5185637754552505,0.41686045328776045,,,,,,,,,,,,,,,,
16.487392741,357,1.0,0.5173991708194509,0.41677958170572915,,,,,,,,,,,,,,,,
16.491707741000003,357,1.0,0.5165557300343233,0.4165957415545428,,,,,,,,,,,,,,,,
16.499397741000003,357,1.0,0.517733517815085,0.4164836177119502,,,,,,,,,,,,,,,,
16.503391741,357,1.0,0.517910732942469,0.4163647121853299,,,,,,,,,,,,,,,,
16.507379741,358,1.0,0.5184190413531136,0.41629017017505787,,,,,,,,,,,,,,,,
16.511419741,358,1.0,0.5182652192957261,0.4161759553132234,,,,,,,,,,,,,,,,
16.519366741000002,358,1.0,0.5174415812772863,0.4159893459743924,,,,,,,,,,,,,,,,
16.523393741,358,1.0,0.5171974967507755,0.4159041228117766,,,,,,,,,,,,,,,,
16.527390741,358,1.0,0.5167611627017751,0.4157585991753472,,,,,,,,,,,,,,,,
16.531364741,358,1.0,0.5165165171903723,0.4156444973415798,,,,,,,,,,,,,,,,
16.539376741,358,1.0,0.5167896046357996,0.4159010710539641,,,,,,,,,,,,,,,,
16.543637741,358,1.0,0.5168079488417682,0.4157942595305266,,,,,,,,,,,,,,,,
16.547383741,359,1.0,0.5169037089628332,0.41564873589409723,,,,,,,,,,,,,,,,
16.551623741,359,1.0,0.5170594383688534,0.41584325719762727,,,,,,,,,,,,,,,,
16.559328741,359,1.0,0.5165874256807215,0.4176240709092882,,,,,,,,,,,,,,,,
16.563381741,359,1.0,0.516626189736759,0.4175004182038484,,,,,,,,,,,,,,,,
16.567393741,359,1.0,0.5166479559505687,0.4179553561740451,,,,,,,,,,,,,,,,
16.571413741,359,1.0,0.5166318556841683,0.41774433277271417,,,,,,,,,,,,,,,,
16.579408741,359,1.0,0.5172235264497644,0.41749233669704866,,,,,,,,,,,,,,,,
16.583356741,359,1.0,0.517401751349954,0.41723717583550346,,,,,,,,,,,,,,,,
16.587413741000002,359,1.0,0.5174707524916705,0.417141667118779,,,,,,,,,,,,,,,,
16.591651741,360,1.0,0.5174441618077895,0.4166176124855324,,,,,,,,,,,,,,,,
16.599368741,360,1.0,0.5177487766041475,0.4164644594545718,,,,,,,,,,,,,,,,
16.603513741,360,1.0,0.5181280584896312,0.4163834183304398,,,,,,,,,,,,,,,,
16.607405741,360,1.0,0.5176545311422909,0.41630265977647574,,,,,,,,,,,,,,,,
16.611395741000003,360,1.0,0.5177147248212028,0.4162376121238426,,,,,,,,,,,,,,,,
16.619376741,360,1.0,0.5171545814065373,0.4162490844726563,,,,,,,,,,,,,,,,
16.623383741,360,1.0,0.5171626595889821,0.4161742033781829,,,,,,,,,,,,,,,,
16.627399741,360,1.0,0.5165342443129596,0.4165338021737558,,,,,,,,,,,,,,,,
16.631344741,360,1.0,0.5166682075051701,0.41685587565104165,,,,,,,,,,,,,,,,
16.639348741000003,361,1.0,0.5167649213005515,0.41906274866174764,,,,,,,,,,,,,,,,
16.643359741,361,1.0,0.5166709002326516,0.41923376012731484,,,,,,,,,,,,,,,,
16.647439741,361,1.0,0.516929121578441,0.41907829002097796,,,,,,,,,,,,,,,,
16.651422741,361,1.0,0.5162974525900448,0.420143805609809,,,,,,,,,,,,,,,,
16.659393741000002,361,1.0,0.5164406159344841,0.42065344916449654,,,,,,,,,,,,,,,,
16.663381741000002,361,1.0,0.5164714140050551,0.42089855052806713,,,,,,,,,,,,,,,,
16.667410741,361,1.0,0.5168075561523438,0.42120231345847803,,,,,,,,,,,,,,,,
16.675411741,362,1.0,0.5176954830394072,0.4214909871419271,,,,,,,,,,,,,,,,
16.679418741000003,362,1.0,0.5177699818330652,0.42129211425781254,,,,,,,,,,,,,,,,
16.683406741000002,362,1.0,0.5177787892958697,0.4213296395760996,,,,,,,,,,,,,,,,
16.687390741,362,1.0,0.5177164077758789,0.42154218885633676,,,,,,,,,,,,,,,,
16.695545741,362,1.0,0.5182387408088235,0.4243030689380787,,,,,,,,,,,,,,,,
16.699558741,362,1.0,0.5182432847864488,0.42436003508391207,,,,,,,,,,,,,,,,
16.703395741,362,1.0,0.51739081214456,0.4240727177372685,,,,,,,,,,,,,,,,
16.707435741,362,1.0,0.5169454462387982,0.4251476146556713,,,,,,,,,,,,,,,,
16.715462741,363,1.0,0.518124916974236,0.4251861572265625,,,,,,,,,,,,,,,,
16.719448741,363,1.0,0.517853905172909,0.42531568739149306,,,,,,,,,,,,,,,,
16.723408741,363,1.0,0.5178629370296702,0.4250356038411458,,,,,,,,,,,,,,,,
16.727433741000002,363,1.0,0.5175762176513672,0.42479089807581016,,,,,,,,,,,,,,,,
16.735425741,363,1.0,0.5177975822897518,0.42445882161458337,,,,,,,,,,,,,,,,
16.739446741000002,363,1.0,0.5175715614767635,0.42610434072989,,,,,,,,,,,,,,,,
16.743396741,363,1.0,0.5176692850449506,0.4267947726779514,,,,,,,,,,,,,,,,
16.747419741,363,1.0,0.5176520628087661,0.42651813648365167,,,,,,,,,,,,,,,,
16.756065741,364,1.0,0.5179534238927505,0.42685529920789933,,,,,,,,,,,,,,,,
16.759414741,364,1.0,0.5172349705415613,0.4268971761067708,,,,,,,,,,,,,,,,
16.763411741000002,364,1.0,0.5166647854973289,0.4272655910915799,,,,,,,,,,,,,,,,
16.767517741000002,364,1.0,0.5168892916511086,0.4274710196035879,,,,,,,,,,,,,,,,
16.775466741000002,364,1.0,0.5168659546796013,0.4278147379557292,,,,,,,,,,,,,,,,
16.779387741,364,1.0,0.5170828875373391,0.4276107222945602,,,,,,,,,,,,,,,,
16.783387741000002,364,1.0,0.5169439315795898,0.42799258761935766,,,,,,,,,,,,,,,,
16.787393741000002,364,1.0,0.5169494853300207,0.42790860776548034,,,,,,,,,,,,,,,,
16.795384741,365,1.0,0.5169308606316062,0.42781654640480327,,,,,,,,,,,,,,,,
16.799385741000002,365,1.0,0.5167654822854435,0.42757319697627316,,,,,,,,,,,,,,,,
16.803455741,365,1.0,0.5167792825137868,0.42762858072916665,,,,,,,,,,,,,,,,
16.807495741,365,1.0,0.5172248167150161,0.4278562757703993,,,,,,,,,,,,,,,,
16.815433741,365,1.0,0.514737185309915,0.42803412543402775,,,,,,,,,,,,,,,,
16.819663741,365,1.0,0.5145682166604435,0.42784175166377314,,,,,,,,,,,,,,,,
16.823497741,365,1.0,0.5144976447610294,0.4285004792390046,,,,,,,,,,,,,,,,
16.827407741000002,365,1.0,0.5146892772001379,0.42859005398220484,,,,,,,,,,,,,,,,
16.835446741000002,366,1.0,0.5147904788746553,0.4282513088650174,,,,,,,,,,,,,,,,
16.839453741,366,1.0,0.5147950228522805,0.4280633431893808,,,,,,,,,,,,,,,,
16.843485741000002,366,1.0,0.5151970246258903,0.4278858891239873,,,,,,,,,,,,,,,,
16.847433741,366,1.0,0.5152429131900563,0.4278242323133681,,,,,,,,,,,,,,,,
16.855599741000002,366,1.0,0.5152022978838753,0.4284834685149016,,,,,,,,,,,,,,,,
16.859435741000002,366,1.0,0.515233039855957,0.4284419872142651,,,,,,,,,,,,,,,,
16.863467741,366,1.0,0.51507989098044,0.4284545333297164,,,,,,,,,,,,,,,,
16.867441741,366,1.0,0.5164609235875747,0.42860480414496527,,,,,,,,,,,,,,,,
16.875458741000003,367,1.0,0.5164228327134076,0.4283105920862269,,,,,,,,,,,,,,,,
16.879435741,367,1.0,0.5162002900067497,0.428096290870949,,,,,,,,,,,,,,,,
16.883474741,367,1.0,0.5163248286527746,0.42821785255714695,,,,,,,,,,,,,,,,
16.887403741,367,1.0,0.5155765309053308,0.42788153754340275,,,,,,,,,,,,,,,,
16.895478741,367,1.0,0.5162982940673828,0.4277049311885127,,,,,,,,,,,,,,,,
16.899408741000002,367,1.0,0.5163268481983858,0.42793251320167824,,,,,,,,,,,,,,,,
16.903363741,367,1.0,0.5168114830465877,0.42784045184100117,,,,,,,,,,,,,,,,
16.907393741,367,1.0,0.5173653995289522,0.42778371175130203,,,,,,,,,,,,,,,,
16.915447741,368,1.0,0.5181113411398495,0.4294236924913194,,,,,,,,,,,,,,,,
16.919376741,368,1.0,0.5180964189417222,0.42928139015480327,,,,,,,,,,,,,,,,
16.923436741,368,1.0,0.5173851461971507,0.4301389341001157,,,,,,,,,,,,,,,,
16.927946741,368,1.0,0.5173027936150046,0.42994509096498845,,,,,,,,,,,,,,,,
16.935503741,368,1.0,0.5183010101318359,0.42965104844835067,,,,,,,,,,,,,,,,
16.939363741,368,1.0,0.518841967863195,0.4296719021267361,,,,,,,,,,,,,,,,
16.943374741,368,1.0,0.5187611299402574,0.4295393202039931,,,,,,,,,,,,,,,,
16.947400741000003,368,1.0,0.5190215391271255,0.42984754774305556,,,,,,,,,,,,,,,,
16.955412741,369,1.0,0.5203127580530503,0.4300326312029803,,,,,,,,,,,,,,,,
16.959384741,369,1.0,0.5204384747673484,0.4303496184172454,,,,,,,,,,,,,,,,
16.963450741000003,369,1.0,0.5214772504918715,0.4304712366174769,,,,,,,,,,,,,,,,
16.967442741000003,369,1.0,0.5216500338386086,0.43034023708767366,,,,,,,,,,,,,,,,
16.975605741000003,369,1.0,0.5217355279361501,0.43018753616898153,,,,,,,,,,,,,,,,
16.979430741,369,1.0,0.5216073428883272,0.43008445457175926,,,,,,,,,,,,,,,,
16.983439741,369,1.0,0.5216814489925609,0.43022336606626155,,,,,,,,,,,,,,,,
16.987403741,369,1.0,0.5223866631002987,0.43010819046585647,,,,,,,,,,,,,,,,
16.995500741,369,1.0,0.5223585577572093,0.4303027117693866,,,,,,,,,,,,,,,,
16.999578741,370,1.0,0.5223803800695083,0.4302467063621238,,,,,,,,,,,,,,,,
17.003442741,370,1.0,0.5225697124705595,0.43014769377531825,,,,,,,,,,,,,,,,
17.007854741000003,370,1.0,0.5241916319903206,0.4296574910481771,,,,,,,,,,,,,,,,
17.015659741,370,1.0,0.5239450230317957,0.4299459951895255,,,,,,,,,,,,,,,,
17.019665741,370,1.0,0.5243962231804343,0.4300343266239872,,,,,,,,,,,,,,,,
17.023471741,370,1.0,0.5243025948019588,0.42897627088758683,,,,,,,,,,,,,,,,
17.027380741,370,1.0,0.5257198109346277,0.42892309118200234,,,,,,,,,,,,,,,,
17.035546741,370,1.0,0.5261279274435604,0.4288405241789641,,,,,,,,,,,,,,,,
17.039653741000002,371,1.0,0.526341438293457,0.4287897745768229,,,,,,,,,,,,,,,,
17.043510741000002,371,1.0,0.5263312844669118,0.428817296911169,,,,,,,,,,,,,,,,
17.049645741000003,371,1.0,0.5263577629538143,0.4281395806206597,,,,,,,,,,,,,,,,
17.055686741000002,371,1.0,0.5261335372924805,0.4270979139539931,,,,,,,,,,,,,,,,
17.060001741,371,1.0,0.5261666914995979,0.4253421924732349,,,,,,,,,,,,,,,,
17.064326741000002,371,1.0,0.5263161378748277,0.4215268735532407,,,,,,,,,,,,,,,,
17.067631741,371,1.0,0.5248625138226677,0.4142006202980324,,,,,,,,,,,,,,,,
17.075451741000002,372,1.0,0.5129539826337028,0.4035903930664062,,,,,,,,,,,,,,,,
17.079425741,372,1.0,0.5061532188864315,0.4004006844979745,,,,,,,,,,,,,,,,
17.083561741,372,1.0,0.49771398656508503,0.39582881221064814,,,,,,,,,,,,,,,,
17.087482741000002,372,1.0,0.49173960966222424,0.3942375465675637,,,,,,,,,,,,,,,,
17.095705741,372,1.0,0.48076590369729433,0.38723071063006365,,,,,,,,,,,,,,,,
17.099395741000002,372,1.0,0.4794386695413029,0.38439240632233795,,,,,,,,,,,,,,,,
17.103425741000002,372,1.0,0.47533568213967714,0.38183746337890623,,,,,,,,,,,,,,,,
17.107454741,372,1.0,0.47664182326372934,0.3810304994936342,,,,,,,,,,,,,,,,
17.115446741,373,1.0,0.4774697808658375,0.3810838487413194,,,,,,,,,,,,,,,,
17.119458741000003,373,1.0,0.4771180994370404,0.3812266597041377,,,,,,,,,,,,,,,,
17.123589741,373,1.0,0.47852263731115,0.38325805664062496,,,,,,,,,,,,,,,,
17.127470741,373,1.0,0.47968090281767006,0.3842255768952546,,,,,,,,,,,,,,,,
17.135423741,373,1.0,0.4779819039737477,0.38599130135995374,,,,,,,,,,,,,,,,
17.139406741000002,373,1.0,0.4791582331937902,0.3843083134403935,,,,,,,,,,,,,,,,
17.143411741,373,1.0,0.47622837739832263,0.3835872508861401,,,,,,,,,,,,,,,,
17.147445741000002,373,1.0,0.4760466743918026,0.384019696270978,,,,,,,,,,,,,,,,
17.155569741,374,1.0,0.47649669647216797,0.3874246102792246,,,,,,,,,,,,,,,,
17.159396741000002,374,1.0,0.4768512950224035,0.3869806925455729,,,,,,,,,,,,,,,,
17.163467741,374,1.0,0.477876999798943,0.3864352756076389,,,,,,,,,,,,,,,,
17.167791741000002,374,1.0,0.47716914906221275,0.3878792091652199,,,,,,,,,,,,,,,,
17.175415741000002,374,1.0,0.4795356077306411,0.38768327501085065,,,,,,,,,,,,,,,,
17.179369741000002,374,1.0,0.4797989901374368,0.38763874195240167,,,,,,,,,,,,,,,,
17.183383741,374,1.0,0.48073863983154297,0.38604538529007526,,,,,,,,,,,,,,,,
17.187436741000003,374,1.0,0.4802281996783088,0.3858030531141493,,,,,,,,,,,,,,,,
17.195707741,375,1.0,0.4793710147633272,0.3863593207465278,,,,,,,,,,,,,,,,
17.199357741,375,1.0,0.47923879062428193,0.38660572193287035,,,,,,,,,,,,,,,,
17.203421741,375,1.0,0.4801642474006204,0.38675079345703123,,,,,,,,,,,,,,,,
17.207417741,375,1.0,0.48031992070815144,0.38642385977285876,,,,,,,,,,,,,,,,
17.215409741000002,375,1.0,0.4800853168263155,0.3878653632269965,,,,,,,,,,,,,,,,
17.219662741,375,1.0,0.4794161179486443,0.3874444467050058,,,,,,,,,,,,,,,,
17.223375741,375,1.0,0.479613696827608,0.3862909952799479,,,,,,,,,,,,,,,,
17.227408741,375,1.0,0.4788800968843348,0.38652049877025463,,,,,,,,,,,,,,,,
17.235391741,376,1.0,0.47420114629408894,0.38715707284432865,,,,,,,,,,,,,,,,
17.239350741000003,376,1.0,0.4741455526912914,0.3877052589699074,,,,,,,,,,,,,,,,
17.243386741000002,376,1.0,0.47433797050924864,0.38807373046875004,,,,,,,,,,,,,,,,
17.247400741,376,1.0,0.4753849366131951,0.3881303010163484,,,,,,,,,,,,,,,,
17.255580741000003,376,1.0,0.4763493257410386,0.38835731788917827,,,,,,,,,,,,,,,,
17.259456741,376,1.0,0.47701504651237936,0.38628432662398726,,,,,,,,,,,,,,,,
17.263385741,376,1.0,0.47603831571691174,0.3867250230577257,,,,,,,,,,,,,,,,
17.267696741,376,1.0,0.4768957811243394,0.3863578513816551,,,,,,,,,,,,,,,,
17.275381741,377,1.0,0.4774499780991498,0.3872068617078993,,,,,,,,,,,,,,,,
17.279555741,377,1.0,0.4778715582454906,0.38739618372034146,,,,,,,,,,,,,,,,
17.283378741,377,1.0,0.47823042028090534,0.38566877577039926,,,,,,,,,,,,,,,,
17.287427741000002,377,1.0,0.4786042606129366,0.3859229193793403,,,,,,,,,,,,,,,,
17.295413741,377,1.0,0.4791723139145795,0.3868214925130208,,,,,,,,,,,,,,,,
17.299395741,377,1.0,0.47968146380256205,0.3871530603479456,,,,,,,,,,,,,,,,
17.303365741,377,1.0,0.4801173490636489,0.38747140389901624,,,,,,,,,,,,,,,,
17.307446741,377,1.0,0.4805128995110007,0.38779200801142943,,,,,,,,,,,,,,,,
17.315588741000003,378,1.0,0.4807910358204561,0.3873315881799768,,,,,,,,,,,,,,,,
17.319370741,378,1.0,0.4803592457490809,0.38721793845847796,,,,,,,,,,,,,,,,
17.323422741,378,1.0,0.48061685001148896,0.3859051174587673,,,,,,,,,,,,,,,,
17.327553741000003,378,1.0,0.48076197680305033,0.3850979840313947,,,,,,,,,,,,,,,,
17.335373741,378,1.0,0.48125295078053193,0.38144130000361687,,,,,,,,,,,,,,,,
17.339412741,378,1.0,0.48139532874612245,0.38172844780815973,,,,,,,,,,,,,,,,
17.343371741000002,378,1.0,0.48134708404541016,0.3822798552336516,,,,,,,,,,,,,,,,
17.348580741000003,378,1.0,0.48007858500761147,0.38179213912398724,,,,,,,,,,,,,,,,
17.355388741000002,379,1.0,0.479617904214298,0.3819022849754051,,,,,,,,,,,,,,,,
17.359378741,379,1.0,0.47965380724738627,0.38203424524377894,,,,,,,,,,,,,,,,
17.363399741000002,379,1.0,0.4795223123887006,0.3823796025028935,,,,,,,,,,,,,,,,
17.367532741,379,1.0,0.4795661253087661,0.3823261402271412,,,,,,,,,,,,,,,,
17.375411741,379,1.0,0.4797483893001781,0.38074182581018523,,,,,,,,,,,,,,,,
17.379399741,379,1.0,0.4799156188964844,0.38019731309678817,,,,,,,,,,,,,,,,
17.383511741,379,1.0,0.48048754299388213,0.3803751627604167,,,,,,,,,,,,,,,,
17.387398741000002,379,1.0,0.4806825974408318,0.3807374742296007,,,,,,,,,,,,,,,,
17.395377741,380,1.0,0.48113323660457835,0.3799784342447917,,,,,,,,,,,,,,,,
17.399393741,380,1.0,0.48096146303064685,0.38022930003978583,,,,,,,,,,,,,,,,
17.403385741,380,1.0,0.48113222683177276,0.3800199720594618,,,,,,,,,,,,,,,,
17.407436741,380,1.0,0.4815991906558766,0.3803348682544849,,,,,,,,,,,,,,,,
17.415396741000002,380,1.0,0.4816526525160846,0.38106378625940396,,,,,,,,,,,,,,,,
17.419420741,380,1.0,0.4829697328455308,0.38118286132812496,,,,,,,,,,,,,,,,
17.423715741000002,380,1.0,0.4831732020658605,0.38137195728443285,,,,,,,,,,,,,,,,
17.427372741000003,381,1.0,0.48323805191937613,0.3816216927987558,,,,,,,,,,,,,,,,
17.435389741,381,1.0,0.48323586407829733,0.3814474035192419,,,,,,,,,,,,,,,,
17.439375741000003,381,1.0,0.4833051457124598,0.3814925017180266,,,,,,,,,,,,,,,,
17.443384741000003,381,1.0,0.483367639429429,0.381467522515191,,,,,,,,,,,,,,,,
17.451402741000003,381,1.0,0.4834438772762523,0.3815899319118924,,,,,,,,,,,,,,,,
17.455376741000002,381,1.0,0.48350390265969667,0.3817396941008391,,,,,,,,,,,,,,,,
17.459401741,381,1.0,0.4836026360006893,0.3819482308846933,,,,,,,,,,,,,,,,
17.463389741,381,1.0,0.4839906131519991,0.3820572464554398,,,,,,,,,,,,,,,,
17.471378741000002,382,1.0,0.48492762621711283,0.38116132948133685,,,,,,,,,,,,,,,,
17.475389741,382,1.0,0.4847688674926758,0.3813696967230903,,,,,,,,,,,,,,,,
17.479363741,382,1.0,0.4849640341366039,0.38159309669777197,,,,,,,,,,,,,,,,
17.483477741,382,1.0,0.4859866534962374,0.38177688033492474,,,,,,,,,,,,,,,,
17.491401741,382,1.0,0.4858832639806411,0.38209968849464704,,,,,,,,,,,,,,,,
17.495404741,382,1.0,0.4859455894021427,0.38224735966435186,,,,,,,,,,,,,,,,
17.499374741,382,1.0,0.48603904948515053,0.3823729338469328,,,,,,,,,,,,,,,,
17.503339741,382,1.0,0.48624061135684743,0.3824887311017072,,,,,,,,,,,,,,,,
17.511378741,383,1.0,0.4868791804594152,0.382179034197772,,,,,,,,,,,,,,,,
17.515375741,383,1.0,0.4870464100557215,0.3825011641890914,,,,,,,,,,,,,,,,
17.519399741,383,1.0,0.48688097561106963,0.3830032913773148,,,,,,,,,,,,,,,,
17.523480741,383,1.0,0.48674678802490234,0.38301956741898147,,,,,,,,,,,,,,,,
17.531735741000002,383,1.0,0.4868456896613626,0.3830988000940394,,,,,,,,,,,,,,,,
17.535504741,383,1.0,0.4868457457598518,0.3831467805085359,,,,,,,,,,,,,,,,
17.540017741,383,1.0,0.48624835294835705,0.38338628698278354,,,,,,,,,,,,,,,,
17.543409741,383,1.0,0.486360045040355,0.3834510520652489,,,,,,,,,,,,,,,,
17.551434741,384,1.0,0.4863451228422277,0.3835996274594907,,,,,,,,,,,,,,,,
17.555417741,384,1.0,0.4867655810187845,0.3836592497649016,,,,,,,,,,,,,,,,
17.560895741,384,1.0,0.4876224854413201,0.38375074598524306,,,,,,,,,,,,,,,,
17.563489741,384,1.0,0.4874572192921358,0.38357741744429974,,,,,,,,,,,,,,,,
17.572004741,384,1.0,0.4875156739178826,0.38254829689308445,,,,,,,,,,,,,,,,
17.575701741,384,1.0,0.48749693702248964,0.382639001916956,,,,,,,,,,,,,,,,
17.579765741000003,384,1.0,0.4875192642211914,0.3825491446035879,,,,,,,,,,,,,,,,
17.583401741,384,1.0,0.4874674853156595,0.3825639512803819,,,,,,,,,,,,,,,,
17.591513741,385,1.0,0.486295363482307,0.3827278984917535,,,,,,,,,,,,,,,,
17.595479741000002,385,1.0,0.48627505582921643,0.3827860514322917,,,,,,,,,,,,,,,,
17.599419741000002,385,1.0,0.4862256891587201,0.382692633734809,,,,,,,,,,,,,,,,
17.603439741000003,385,1.0,0.4863181955674115,0.38227239538122104,,,,,,,,,,,,,,,,
17.611767741,385,1.0,0.48620207169476676,0.3821187902379919,,,,,,,,,,,,,,,,
17.615438741000002,385,1.0,0.4864956350887523,0.3812610202365452,,,,,,,,,,,,,,,,
17.619418741,385,1.0,0.4864061579984777,0.38087457727502894,,,,,,,,,,,,,,,,
17.623404741,385,1.0,0.48654747009277344,0.3809885660807292,,,,,,,,,,,,,,,,
17.631434741,386,1.0,0.4863324445836684,0.3811722366898148,,,,,,,,,,,,,,,,
17.635782741,386,1.0,0.4863537620095646,0.3810700028030961,,,,,,,,,,,,,,,,
17.639443741,386,1.0,0.4862796559053309,0.3807343094437211,,,,,,,,,,,,,,,,
17.643452741,386,1.0,0.4861481610466452,0.38087909839771417,,,,,,,,,,,,,,,,
17.651482741000002,386,1.0,0.48722166173598347,0.3812211778428819,,,,,,,,,,,,,,,,
17.655392741,386,1.0,0.48694397421444163,0.38003692626953123,,,,,,,,,,,,,,,,
17.659409741,386,1.0,0.4868965148925781,0.3797496089228878,,,,,,,,,,,,,,,,
17.663414741,386,1.0,0.48637788435992074,0.3791025797526042,,,,,,,,,,,,,,,,
17.671401741,387,1.0,0.4858502780689913,0.3789729930736401,,,,,,,,,,,,,,,,
17.675439741,387,1.0,0.48575300328871784,0.37866674352575236,,,,,,,,,,,,,,,,
17.679551741,387,1.0,0.48583249484791474,0.37824690077039935,,,,,,,,,,,,,,,,
17.683451741000002,387,1.0,0.48581403844496784,0.3782573558666088,,,,,,,,,,,,,,,,
17.691700741000002,387,1.0,0.48580506268669577,0.37838168674045136,,,,,,,,,,,,,,,,
17.695425741,387,1.0,0.48577454510857077,0.3783784654405382,,,,,,,,,,,,,,,,
17.699439741000003,387,1.0,0.4857050951789407,0.37843961362485534,,,,,,,,,,,,,,,,
17.703398741,387,1.0,0.48501233493580537,0.378555749963831,,,,,,,,,,,,,,,,
17.711414741000002,388,1.0,0.48515718123492074,0.37814511899594905,,,,,,,,,,,,,,,,
17.715414741,388,1.0,0.4850291083840763,0.3769955670392072,,,,,,,,,,,,,,,,
17.719397741,388,1.0,0.4847570868099437,0.3771270751953125,,,,,,,,,,,,,,,,
17.723458741,388,1.0,0.4847540574915269,0.37724439832899304,,,,,,,,,,,,,,,,
17.731469741,388,1.0,0.4838537328383502,0.37663704201027204,,,,,,,,,,,,,,,,
17.735393741000003,388,1.0,0.48291857102338004,0.3767176310221354,,,,,,,,,,,,,,,,
17.739393741,388,1.0,0.48297842811135683,0.37686807137948497,,,,,,,,,,,,,,,,
17.743418741000003,388,1.0,0.48218491498161764,0.3766111020688657,,,,,,,,,,,,,,,,
17.751414741,389,1.0,0.48238860859590416,0.3767767447012442,,,,,,,,,,,,,,,,
17.755397741,389,1.0,0.48233705408432903,0.3763072261103877,,,,,,,,,,,,,,,,
17.759383741,389,1.0,0.4825110154993394,0.37615661621093754,,,,,,,,,,,,,,,,
17.763463741000002,389,1.0,0.480253443998449,0.37450849745008685,,,,,,,,,,,,,,,,
17.771398741000002,389,1.0,0.47998882742489085,0.37488228126808454,,,,,,,,,,,,,,,,
17.775730741,389,1.0,0.47989317950080423,0.3748480337637442,,,,,,,,,,,,,,,,
17.779366741,389,1.0,0.48001721326042623,0.3750201755099827,,,,,,,,,,,,,,,,
17.783361741,389,1.0,0.48012593213249655,0.3751109370478878,,,,,,,,,,,,,,,,
17.791460741,390,1.0,0.48016952065860524,0.3754326149269387,,,,,,,,,,,,,,,,
17.795428741000002,390,1.0,0.4802091261919807,0.3772336041485822,,,,,,,,,,,,,,,,
17.799511741,390,1.0,0.4803191353293026,0.3827664410626447,,,,,,,,,,,,,,,,
17.803421741,390,1.0,0.4804220760569853,0.38818008987991903,,,,,,,,,,,,,,,,
17.811430741000002,390,1.0,0.4820244172040154,0.39517409713179974,,,,,,,,,,,,,,,,
17.815457741,390,1.0,0.4878215789794922,0.3988153528284144,,,,,,,,,,,,,,,,
17.819554741,390,1.0,0.49522826250861673,0.40205801504629635,,,,,,,,,,,,,,,,
17.823403741,390,1.0,0.502309238209444,0.40597183792679403,,,,,,,,,,,,,,,,
17.831426741,390,1.0,0.5169200336231905,0.4141979076244213,,,,,,,,,,,,,,,,
17.835433741000003,391,1.0,0.5273716309491325,0.4160967791521991,,,,,,,,,,,,,,,,
17.839392741,391,1.0,0.5337168188656077,0.41768567120587385,,,,,,,,,,,,,,,,
17.843419741,391,1.0,0.5384873221902287,0.4193305121527777,,,,,,,,,,,,,,,,
17.851426741,391,1.0,0.5438114615047679,0.42243087203414353,,,,,,,,,,,,,,,,
17.856053741,391,1.0,0.5450880948235007,0.4246953328450521,,,,,,,,,,,,,,,,
17.859401741000003,391,1.0,0.5457631840425379,0.4233654446072048,,,,,,,,,,,,,,,,
17.863520741000002,391,1.0,0.5472661186667049,0.4217590897171586,,,,,,,,,,,,,,,,
17.871429741,391,1.0,0.5437246210434857,0.4214115284107349,,,,,,,,,,,,,,,,
17.875392741000002,392,1.0,0.543307809268727,0.42070357711226847,,,,,,,,,,,,,,,,
17.879404741000002,392,1.0,0.5422163570628447,0.42194665979456014,,,,,,,,,,,,,,,,
17.883423741,392,1.0,0.5426343469058766,0.42250191017433447,,,,,,,,,,,,,,,,
17.891406741,392,1.0,0.5419570137472713,0.4259857742874711,,,,,,,,,,,,,,,,
17.895483741,392,1.0,0.5430729809929343,0.42573276095920143,,,,,,,,,,,,,,,,
17.899429741000002,392,1.0,0.544281566844267,0.4247359664351852,,,,,,,,,,,,,,,,
17.903448741000002,392,1.0,0.542238572064568,0.4263666223596644,,,,,,,,,,,,,,,,
17.911431741,393,1.0,0.5439356635598576,0.42612033420138884,,,,,,,,,,,,,,,,
17.915375741000002,393,1.0,0.5416498745188993,0.42655340124059604,,,,,,,,,,,,,,,,
17.919399741,393,1.0,0.5410698161405676,0.4266838356300636,,,,,,,,,,,,,,,,
17.923368741,393,1.0,0.5389894597670611,0.42687101010923034,,,,,,,,,,,,,,,,
17.932471741,393,1.0,0.5394476161283606,0.42531099672670714,,,,,,,,,,,,,,,,
17.935648741,393,1.0,0.5405804129207835,0.4256550541630497,,,,,,,,,,,,,,,,
17.939371741000002,393,1.0,0.5404192419613109,0.4269429524739583,,,,,,,,,,,,,,,,
17.943420741,393,1.0,0.5389289294972139,0.42662432635271996,,,,,,,,,,,,,,,,
17.951465741,393,1.0,0.5390880248125862,0.42940029568142357,,,,,,,,,,,,,,,,
17.955393741,394,1.0,0.5373985066133387,0.42928709807219334,,,,,,,,,,,,,,,,
17.959382741000002,394,1.0,0.5366508259492762,0.4298273157190393,,,,,,,,,,,,,,,,
17.963370741000002,394,1.0,0.53625909019919,0.4298995406539352,,,,,,,,,,,,,,,,
17.971448741,394,1.0,0.5370487886316636,0.43078070746527775,,,,,,,,,,,,,,,,
17.975520741,394,1.0,0.537477549384622,0.4294461850766782,,,,,,,,,,,,,,,,
17.979382741000002,394,1.0,0.536924025591682,0.42931789822048616,,,,,,,,,,,,,,,,
17.983405741000002,394,1.0,0.5367289711447323,0.43059511537905093,,,,,,,,,,,,,,,,
17.991443741,394,1.0,0.538177209741929,0.428495110405816,,,,,,,,,,,,,,,,
17.995441741,394,1.0,0.5377959083108341,0.4292778862847222,,,,,,,,,,,,,,,,
17.999414741000002,395,1.0,0.5370448617374196,0.42927325213396994,,,,,,,,,,,,,,,,
18.003394741,395,1.0,0.5367163489846623,0.43023093894675923,,,,,,,,,,,,,,,,
18.011443741,395,1.0,0.537498249727137,0.42956316912615744,,,,,,,,,,,,,,,,
18.015511741,395,1.0,0.5372366624719956,0.43033345540364587,,,,,,,,,,,,,,,,
18.019435741000002,395,1.0,0.5369062423706055,0.43029197410300923,,,,,,,,,,,,,,,,
18.023400741,395,1.0,0.5377180436078239,0.4308002613208912,,,,,,,,,,,,,,,,
18.031370741,395,1.0,0.5387568754308364,0.42983878806785303,,,,,,,,,,,,,,,,
18.035439741,395,1.0,0.5384388530955595,0.42935468885633676,,,,,,,,,,,,,,,,
18.039389741,396,1.0,0.5390429216272691,0.4300919144241898,,,,,,,,,,,,,,,,
18.043954741,396,1.0,0.5386732325834387,0.43011497214988426,,,,,,,,,,,,,,,,
18.051492741,396,1.0,0.5373780306647805,0.4304849130135996,,,,,,,,,,,,,,,,
18.055655741000002,396,1.0,0.5369597042308134,0.42989518907335067,,,,,,,,,,,,,,,,
18.059429741000002,396,1.0,0.5365042405969956,0.4292309796368634,,,,,,,,,,,,,,,,
18.063716741,396,1.0,0.5359614877139821,0.42882125289351847,,,,,,,,,,,,,,,,
18.071373741000002,396,1.0,0.5324947132783777,0.42403315791377316,,,,,,,,,,,,,,,,
18.075415741,396,1.0,0.5283509983735926,0.4184898659035011,,,,,,,,,,,,,,,,
18.079438741,397,1.0,0.5189851873061236,0.41568456579137736,,,,,,,,,,,,,,,,
18.083375741,397,1.0,0.5024285035974839,0.4107544510452835,,,,,,,,,,,,,,,,
18.092003741000003,397,1.0,0.48763415392707377,0.41003203215422457,,,,,,,,,,,,,,,,
18.095429741,397,1.0,0.48286039689007926,0.40720243100766784,,,,,,,,,,,,,,,,
18.099385741000003,397,1.0,0.48317494111902576,0.40679451271339695,,,,,,,,,,,,,,,,
18.103368741,397,1.0,0.48148312288172107,0.4053239045319734,,,,,,,,,,,,,,,,
18.111379741,397,1.0,0.4833206849939683,0.4042852331090856,,,,,,,,,,,,,,,,
18.115385741,397,1.0,0.4803244085872875,0.40227542453342013,,,,,,,,,,,,,,,,
18.119386741,398,1.0,0.4808148776783663,0.4019116436993634,,,,,,,,,,,,,,,,
18.123368741,398,1.0,0.48121295255773205,0.40156543872974537,,,,,,,,,,,,,,,,
18.131489741000003,398,1.0,0.4796270482680377,0.40158307110821756,,,,,,,,,,,,,,,,
18.135848741,398,1.0,0.4768175798303941,0.40212204544632524,,,,,,,,,,,,,,,,
18.139570741,398,1.0,0.47766517190372243,0.401825855396412,,,,,,,,,,,,,,,,
18.143428741,398,1.0,0.4774864982156193,0.40098204436125584,,,,,,,,,,,,,,,,
18.151399741000002,398,1.0,0.47925174937528725,0.3998931884765625,,,,,,,,,,,,,,,,
18.155398741000003,398,1.0,0.47781916225657745,0.40029099075882524,,,,,,,,,,,,,,,,
18.159421741000003,399,1.0,0.4790017184089212,0.400698909053096,,,,,,,,,,,,,,,,
18.163417741,399,1.0,0.4804202809053309,0.40100419786241315,,,,,,,,,,,,,,,,
18.171462741000003,399,1.0,0.48339131299187155,0.40063340928819446,,,,,,,,,,,,,,,,
18.175503741,399,1.0,0.4837791779462029,0.40083183006004053,,,,,,,,,,,,,,,,
18.179473741000002,399,1.0,0.48305315129897175,0.4006338048864294,,,,,,,,,,,,,,,,
18.183392741000002,399,1.0,0.48066986308378334,0.39996993453414353,,,,,,,,,,,,,,,,
18.191392741,399,1.0,0.4813241397633272,0.3983142994068287,,,,,,,,,,,,,,,,
18.195373741,399,1.0,0.4815681120928596,0.39838884141710074,,,,,,,,,,,,,,,,
18.199384741,400,1.0,0.48287195317885456,0.3970800894278067,,,,,,,,,,,,,,,,
18.203329741,400,1.0,0.48239051594453697,0.3975045098198785,,,,,,,,,,,,,,,,
18.211481741,400,1.0,0.4818982517018038,0.3984580711082176,,,,,,,,,,,,,,,,
18.215624741000003,400,1.0,0.4832031586590935,0.39884609646267366,,,,,,,,,,,,,,,,
18.219413741,400,1.0,0.4837215647977941,0.39920993381076386,,,,,,,,,,,,,,,,
18.227415741,400,1.0,0.4839465197394876,0.39962921142578123,,,,,,,,,,,,,,,,
18.233147741,400,1.0,0.48232072942397175,0.39955099600332755,,,,,,,,,,,,,,,,
18.235405741,400,1.0,0.4821020014145795,0.39965260823567705,,,,,,,,,,,,,,,,
18.239381741000003,401,1.0,0.48110367270076976,0.3997233638057003,,,,,,,,,,,,,,,,
18.247491741,401,1.0,0.480166659635656,0.39864473696108216,,,,,,,,,,,,,,,,
18.251488741000003,401,1.0,0.48011033675249887,0.39822738082320597,,,,,,,,,,,,,,,,
18.256577741,401,1.0,0.4812654046451344,0.39827603940610534,,,,,,,,,,,,,,,,
18.259581741,401,1.0,0.48192742291618795,0.39850017406322336,,,,,,,,,,,,,,,,
18.267415741,401,1.0,0.4826796475578757,0.39833990026403354,,,,,,,,,,,,,,,,
18.271389741,402,1.0,0.48317623138427734,0.3984412864402488,,,,,,,,,,,,,,,,
18.276208741,402,1.0,0.4830622392542222,0.3987187703450521,,,,,,,,,,,,,,,,
18.279403741,402,1.0,0.48323143229765053,0.39867305049189816,,,,,,,,,,,,,,,,
18.287504741000003,402,1.0,0.483374932233025,0.3987026073314526,,,,,,,,,,,,,,,,
18.291730741000002,402,1.0,0.483432881972369,0.39793701171874996,,,,,,,,,,,,,,,,
18.295410741,402,1.0,0.483215051538804,0.39804670545789933,,,,,,,,,,,,,,,,
18.299433741,402,1.0,0.48322324191822724,0.39769004539207176,,,,,,,,,,,,,,,,
18.307436741,403,1.0,0.48213762395522175,0.3965610080295139,,,,,,,,,,,,,,,,
18.311397741,403,1.0,0.4825701433069566,0.3957785147207754,,,,,,,,,,,,,,,,
18.315380741000002,403,1.0,0.4829861136043773,0.39549294930917245,,,,,,,,,,,,,,,,
18.319466741,403,1.0,0.483189863317153,0.39579388653790504,,,,,,,,,,,,,,,,
18.327518741000002,403,1.0,0.4829898722031537,0.3963198626482928,,,,,,,,,,,,,,,,
18.331431741,403,1.0,0.4827313703649184,0.3964549877025463,,,,,,,,,,,,,,,,
18.335436741000002,403,1.0,0.48294802273021026,0.3965954250759549,,,,,,,,,,,,,,,,
18.339474741,403,1.0,0.4812837488511029,0.39676869710286455,,,,,,,,,,,,,,,,
18.347449741000002,404,1.0,0.48192798390107994,0.3964758413809317,,,,,,,,,,,,,,,,
18.351390741,404,1.0,0.4817039265352137,0.3965914690936053,,,,,,,,,,,,,,,,
18.355405741000002,404,1.0,0.48188338560216565,0.3967782479745371,,,,,,,,,,,,,,,,
18.359418741000002,404,1.0,0.48204365898581114,0.3969485812717014,,,,,,,,,,,,,,,,
18.367800741,404,1.0,0.48165377448586855,0.39678429497612844,,,,,,,,,,,,,,,,
18.371431741000002,404,1.0,0.48169343611773324,0.39692648428457755,,,,,,,,,,,,,,,,
18.375427741000003,404,1.0,0.4812939587761374,0.3966797440140336,,,,,,,,,,,,,,,,
18.379398741000003,404,1.0,0.4816146177404067,0.3964672512478299,,,,,,,,,,,,,,,,
18.387684741,405,1.0,0.48119387907140393,0.396322179723669,,,,,,,,,,,,,,,,
18.391416741,405,1.0,0.48114776611328125,0.3963418466073495,,,,,,,,,,,,,,,,
18.395394741,405,1.0,0.4807174346026252,0.3964807581018519,,,,,,,,,,,,,,,,
18.399501741,405,1.0,0.4809733559103573,0.39623147469979747,,,,,,,,,,,,,,,,
18.407401741,405,1.0,0.481470500721651,0.3962450945818866,,,,,,,,,,,,,,,,
18.411542741,405,1.0,0.48140278984518614,0.39639400906032984,,,,,,,,,,,,,,,,
18.415411741,405,1.0,0.4810892553890453,0.3960868552879051,,,,,,,,,,,,,,,,
18.419419741000002,405,1.0,0.48227495305678425,0.39622316713686345,,,,,,,,,,,,,,,,
18.427404741,406,1.0,0.48116504444795494,0.39716497350622104,,,,,,,,,,,,,,,,
18.431455741,406,1.0,0.48138562370749083,0.3974104704680266,,,,,,,,,,,,,,,,
18.435387741,406,1.0,0.48122400396010456,0.39749309398509836,,,,,,,,,,,,,,,,
18.439690741,406,1.0,0.48142292920280905,0.3975719875759549,,,,,,,,,,,,,,,,
18.447480741,406,1.0,0.4798118366914637,0.3973953247070312,,,,,,,,,,,,,,,,
18.451439741,406,1.0,0.47905641443589153,0.39746223732277197,,,,,,,,,,,,,,,,
18.455453741,406,1.0,0.47929859161376953,0.3973396583839699,,,,,,,,,,,,,,,,
18.459438741,406,1.0,0.4795577666338752,0.3972938820167824,,,,,,,,,,,,,,,,
18.467439741,406,1.0,0.4800144083359662,0.39782392713758685,,,,,,,,,,,,,,,,
18.471491741,406,1.0,0.48018472334917855,0.39803314208984375,,,,,,,,,,,,,,,,
18.475461741,407,1.0,0.4800363989437328,0.3980260213216146,,,,,,,,,,,,,,,,
18.479426741,407,1.0,0.48021333357867074,0.39807309751157405,,,,,,,,,,,,,,,,
18.487401741000003,407,1.0,0.48052114598891316,0.39817047119140625,,,,,,,,,,,,,,,,
18.491870741,407,1.0,0.4805884080774644,0.3974865948712384,,,,,,,,,,,,,,,,
18.495467741000002,407,1.0,0.4806746314553654,0.397542882848669,,,,,,,,,,,,,,,,
18.499412741,407,1.0,0.480777572183048,0.3975597240306713,,,,,,,,,,,,,,,,
18.507409741,407,1.0,0.4815823050106273,0.3976108692310475,,,,,,,,,,,,,,,,
18.511436741,407,1.0,0.48120644513298483,0.3975425437644676,,,,,,,,,,,,,,,,
18.515437741,408,1.0,0.4809403139002183,0.3975785997178819,,,,,,,,,,,,,,,,
18.519394741000003,408,1.0,0.4808226753683651,0.3976174813729746,,,,,,,,,,,,,,,,
18.527426741000003,408,1.0,0.48090093276079965,0.3976202505606192,,,,,,,,,,,,,,,,
18.531439741,408,1.0,0.4800204669727999,0.3978915179217303,,,,,,,,,,,,,,,,
18.535519741,408,1.0,0.4801696328555836,0.3979983294451678,,,,,,,,,,,,,,,,
18.539537741,408,1.0,0.4801415275124943,0.3982271547670717,,,,,,,,,,,,,,,,
18.547403741,408,1.0,0.479889477000517,0.39762318929036455,,,,,,,,,,,,,,,,
18.551391741,408,1.0,0.4798009535845588,0.3975708572952835,,,,,,,,,,,,,,,,
18.555554741,409,1.0,0.47978535820456114,0.39761640760633676,,,,,,,,,,,,,,,,
18.559380741000002,409,1.0,0.479734645170324,0.39716435185185184,,,,,,,,,,,,,,,,
18.567433741000002,409,1.0,0.47988089393166933,0.3975191469545718,,,,,,,,,,,,,,,,
18.572103741,409,1.0,0.4800398770500632,0.3975060922128183,,,,,,,,,,,,,,,,
18.575443741,409,1.0,0.4802095188814051,0.3970997563114873,,,,,,,,,,,,,,,,
18.579380741,409,1.0,0.47997693454518037,0.3969908537688078,,,,,,,,,,,,,,,,
18.587393741,409,1.0,0.48015628141515393,0.3973067672164352,,,,,,,,,,,,,,,,
18.591444741,409,1.0,0.4802685344920439,0.3981054235387731,,,,,,,,,,,,,,,,
18.595447741,409,1.0,0.4799038943122415,0.3982639454029224,,,,,,,,,,,,,,,,
18.599424741,410,1.0,0.47988448423497815,0.3983731305157697,,,,,,,,,,,,,,,,
18.607426741,410,1.0,0.4802705540376551,0.3999838369864005,,,,,,,,,,,,,,,,
18.611408741,410,1.0,0.47988375495461855,0.40432857937282984,,,,,,,,,,,,,,,,
18.616144741,410,1.0,0.4797081666834214,0.40910412823712383,,,,,,,,,,,,,,,,
18.619461741000002,410,1.0,0.47967248804428997,0.4108838116681134,,,,,,,,,,,,,,,,
18.627525741,410,1.0,0.48296238394344554,0.4122169777199074,,,,,,,,,,,,,,,,
18.631409741000002,410,1.0,0.48482468548943014,0.41516339337384256,,,,,,,,,,,,,,,,
18.635400741,410,1.0,0.4892720054177677,0.41715144404658566,,,,,,,,,,,,,,,,
18.639427741000002,411,1.0,0.4936734367819393,0.41871857819733793,,,,,,,,,,,,,,,,
18.647400741000002,411,1.0,0.5008756413179285,0.42231880470558447,,,,,,,,,,,,,,,,
18.651660741,411,1.0,0.501439094543457,0.42521565755208335,,,,,,,,,,,,,,,,
18.655473741,411,1.0,0.5028074488920324,0.4246454874674479,,,,,,,,,,,,,,,,
18.659654741,411,1.0,0.5045215382295496,0.4256906580041956,,,,,,,,,,,,,,,,
18.667443741,411,1.0,0.5056165807387408,0.4261216905381945,,,,,,,,,,,,,,,,
18.671415741,411,1.0,0.5054392534143785,0.4266512835467303,,,,,,,,,,,,,,,,
18.675427741,412,1.0,0.5060073628145105,0.42561266863787617,,,,,,,,,,,,,,,,
18.679472741,412,1.0,0.5059154734892004,0.42718200683593754,,,,,,,,,,,,,,,,
18.687419741000003,412,1.0,0.5049423329970416,0.42759320294415504,,,,,,,,,,,,,,,,
18.691398741,412,1.0,0.5046914044548484,0.4274477358217592,,,,,,,,,,,,,,,,
18.695429741,412,1.0,0.5057948617374196,0.4264456854926215,,,,,,,,,,,,,,,,
18.699420741,412,1.0,0.505098959978889,0.42555858470775465,,,,,,,,,,,,,,,,
18.707395741000003,412,1.0,0.5051648757036995,0.4259540134006077,,,,,,,,,,,,,,,,
18.711397741000003,412,1.0,0.5053356395048254,0.42516575566044557,,,,,,,,,,,,,,,,
18.715395741000002,412,1.0,0.5051369947545669,0.4248893455222801,,,,,,,,,,,,,,,,
18.719352741,413,1.0,0.506499683155733,0.4243859750253183,,,,,,,,,,,,,,,,
18.727405741000002,413,1.0,0.5068685307222254,0.42450018988715277,,,,,,,,,,,,,,,,
18.731477741000003,413,1.0,0.5064795998965993,0.425123370135272,,,,,,,,,,,,,,,,
18.735636741,413,1.0,0.5061825583962833,0.4249973438404224,,,,,,,,,,,,,,,,
18.739451741,413,1.0,0.5078880085664637,0.42564606843171293,,,,,,,,,,,,,,,,
18.747426741,413,1.0,0.5080059275907629,0.42441779242621525,,,,,,,,,,,,,,,,
18.751384741000003,413,1.0,0.5072819204891429,0.4261353669343171,,,,,,,,,,,,,,,,
18.755388741,413,1.0,0.5067554922664866,0.42546358461733214,,,,,,,,,,,,,,,,
18.759398741000002,414,1.0,0.5066781324498794,0.42491630271629055,,,,,,,,,,,,,,,,
18.767865741,414,1.0,0.5078912622788373,0.4251887003580729,,,,,,,,,,,,,,,,
18.772457741,414,1.0,0.5075390198651482,0.4246125962999132,,,,,,,,,,,,,,,,
18.775451741,414,1.0,0.5075883865356445,0.4242750379774306,,,,,,,,,,,,,,,,
18.779459741,414,1.0,0.5079443875481101,0.4241364655671296,,,,,,,,,,,,,,,,
18.787396741000002,414,1.0,0.5078059364767635,0.4240549723307292,,,,,,,,,,,,,,,,
18.791378741000003,414,1.0,0.5073191698859719,0.4238352457682292,,,,,,,,,,,,,,,,
18.795467741,415,1.0,0.5073198430678424,0.42367717601634836,,,,,,,,,,,,,,,,
18.799558741000002,415,1.0,0.5068780674653894,0.42348638463903354,,,,,,,,,,,,,,,,
18.807434741,415,1.0,0.5064086353077608,0.4229830706561053,,,,,,,,,,,,,,,,
18.811422741,415,1.0,0.5061285355511833,0.4227924488208912,,,,,,,,,,,,,,,,
18.815506741,415,1.0,0.5066501954022575,0.42264715124059604,,,,,,,,,,,,,,,,
18.819432741,415,1.0,0.5065919090719784,0.42256175853587963,,,,,,,,,,,,,,,,
18.827402741,415,1.0,0.507044231190401,0.42243398030598955,,,,,,,,,,,,,,,,
18.831436741,415,1.0,0.5069982304292566,0.42226189507378475,,,,,,,,,,,,,,,,
18.835499741,416,1.0,0.5073334189022288,0.4221845838758681,,,,,,,,,,,,,,,,
18.839396741,416,1.0,0.5073609632604262,0.4221121893988715,,,,,,,,,,,,,,,,
18.847401741000002,416,1.0,0.506872345419491,0.42163295039424187,,,,,,,,,,,,,,,,
18.851403741000002,416,1.0,0.5066420611213235,0.42236667209201384,,,,,,,,,,,,,,,,
18.855660741,416,1.0,0.5065197103163775,0.4225529988606771,,,,,,,,,,,,,,,,
18.859515741000003,416,1.0,0.5067864025340361,0.42240346272786455,,,,,,,,,,,,,,,,
18.869465741000003,417,1.0,0.5063109117395738,0.4223051848234953,,,,,,,,,,,,,,,,
18.871365741,417,1.0,0.5062952041625977,0.42224663628472225,,,,,,,,,,,,,,,,
18.875403741,417,1.0,0.5061487871057847,0.4221886528862847,,,,,,,,,,,,,,,,
18.879403741,417,1.0,0.5056525398703182,0.42159881591796877,,,,,,,,,,,,,,,,
18.887403741,417,1.0,0.5053814158720129,0.42003942418981477,,,,,,,,,,,,,,,,
18.891401741000003,417,1.0,0.5051811442655676,0.4185017338505498,,,,,,,,,,,,,,,,
18.895408741,417,1.0,0.5040100322050207,0.4172876428674769,,,,,,,,,,,,,,,,
18.899429741000002,417,1.0,0.5009607427260455,0.41698455810546875,,,,,,,,,,,,,,,,
18.907417741,418,1.0,0.49723372739904065,0.41374195240162037,,,,,,,,,,,,,,,,
18.911661741,418,1.0,0.4941239076502183,0.4121394404658565,,,,,,,,,,,,,,,,
18.915526741,418,1.0,0.49167526469511147,0.4108460037796585,,,,,,,,,,,,,,,,
18.919847741,418,1.0,0.4909466575173771,0.41041429307725696,,,,,,,,,,,,,,,,
18.927441741000003,418,1.0,0.48780452503877525,0.4099255032009549,,,,,,,,,,,,,,,,
18.931438741,418,1.0,0.48583754371194277,0.4100840815791378,,,,,,,,,,,,,,,,
18.935408741,418,1.0,0.485202340518727,0.4094728823061342,,,,,,,,,,,,,,,,
18.939461741000002,418,1.0,0.48567553127513213,0.4084867124204282,,,,,,,,,,,,,,,,
18.947444741,419,1.0,0.48313550388111787,0.4074100070529514,,,,,,,,,,,,,,,,
18.951405741000002,419,1.0,0.48188501245835247,0.4076740971317998,,,,,,,,,,,,,,,,
18.955440741,419,1.0,0.48108140160055723,0.4066926744249132,,,,,,,,,,,,,,,,
18.959404741,419,1.0,0.47980555366067323,0.40562478524667245,,,,,,,,,,,,,,,,
18.967445741000002,419,1.0,0.4811047385720646,0.4047398885091146,,,,,,,,,,,,,,,,
18.971391741,419,1.0,0.4811399123247932,0.40290792959707755,,,,,,,,,,,,,,,,
18.975417741,419,1.0,0.48139364579144645,0.4031282212999132,,,,,,,,,,,,,,,,
18.979426741,419,1.0,0.48119500104118795,0.4018295288085938,,,,,,,,,,,,,,,,
18.987428741000002,420,1.0,0.4821319019093233,0.3998454341182003,,,,,,,,,,,,,,,,
18.991418741,420,1.0,0.4821729099049288,0.4004408094618056,,,,,,,,,,,,,,,,
18.995439741000002,420,1.0,0.48241009431726795,0.4010206434461806,,,,,,,,,,,,,,,,
19.003414741,420,1.0,0.48272015066707835,0.4016357421875,,,,,,,,,,,,,,,,
19.007373741000002,420,1.0,0.48308709088493795,0.4014063517252604,,,,,,,,,,,,,,,,
19.011492741,420,1.0,0.4834892048555262,0.40185162579571754,,,,,,,,,,,,,,,,
19.015523741000003,420,1.0,0.4831381405101103,0.40199240225332755,,,,,,,,,,,,,,,,
19.023428741,420,1.0,0.48293349322150736,0.4026527122214988,,,,,,,,,,,,,,,,
19.028143741,420,1.0,0.48190638598273783,0.40252838134765623,,,,,,,,,,,,,,,,
19.031417741000002,421,1.0,0.4822462867288029,0.40240580240885415,,,,,,,,,,,,,,,,
19.035450741000002,421,1.0,0.4816226398243624,0.4026734528718171,,,,,,,,,,,,,,,,
19.043437741,421,1.0,0.48073403975542855,0.4031555740921585,,,,,,,,,,,,,,,,
19.047444741,421,1.0,0.4803554310518153,0.4033245510525174,,,,,,,,,,,,,,,,
19.051562741,421,1.0,0.48079687006333294,0.40334998236762154,,,,,,,,,,,,,,,,
19.055392741000002,421,1.0,0.481171215281767,0.4035581235532407,,,,,,,,,,,,,,,,
19.063412741,421,1.0,0.48123612123377185,0.40365719265407984,,,,,,,,,,,,,,,,
19.067424741,421,1.0,0.4814555224250345,0.40380881980613426,,,,,,,,,,,,,,,,
19.071389741,421,1.0,0.4815650266759536,0.4038873743127893,,,,,,,,,,,,,,,,
19.075450741,422,1.0,0.482238208546358,0.4040558991608796,,,,,,,,,,,,,,,,
19.083449741000003,422,1.0,0.48221459108240466,0.4043173330801505,,,,,,,,,,,,,,,,
19.088661741000003,422,1.0,0.4824252970078412,0.40433739556206594,,,,,,,,,,,,,,,,
19.091454741,422,1.0,0.48243629231172447,0.4043603967737268,,,,,,,,,,,,,,,,
19.095512741,422,1.0,0.48203417834113627,0.4042048136393229,,,,,,,,,,,,,,,,
19.103426741,422,1.0,0.4825119691736558,0.4044527972186053,,,,,,,,,,,,,,,,
19.107584741,422,1.0,0.4831854876349954,0.40453089961299193,,,,,,,,,,,,,,,,
19.111428741,422,1.0,0.4832202125998104,0.4041394269024884,,,,,,,,,,,,,,,,
19.115415741,422,1.0,0.4833291558658375,0.40425239845558447,,,,,,,,,,,,,,,,
19.123402741,423,1.0,0.4843728682574104,0.4044165717230903,,,,,,,,,,,,,,,,
19.127425741,423,1.0,0.484469918643727,0.40449009648075807,,,,,,,,,,,,,,,,
19.131494741,423,1.0,0.4843757853788488,0.4045858312536169,,,,,,,,,,,,,,,,
19.135426741,423,1.0,0.4846479191499598,0.40466964156539353,,,,,,,,,,,,,,,,
19.143553741,423,1.0,0.4842480491189396,0.4045452541775174,,,,,,,,,,,,,,,,
19.147403741,423,1.0,0.4837058011223288,0.40462539107711226,,,,,,,,,,,,,,,,
19.151446741,423,1.0,0.4834895975449506,0.40471903483072913,,,,,,,,,,,,,,,,
19.155433741,423,1.0,0.4835971944472369,0.40470812762225117,,,,,,,,,,,,,,,,
19.163423741000003,424,1.0,0.48397131527171416,0.4040733054832176,,,,,,,,,,,,,,,,
19.167420741,424,1.0,0.4833212459788603,0.4040027194552951,,,,,,,,,,,,,,,,
19.171484741,424,1.0,0.4834728240966797,0.4040052625868056,,,,,,,,,,,,,,,,
19.175415741000002,424,1.0,0.48377194124109607,0.4042048701533565,,,,,,,,,,,,,,,,
19.183379741,424,1.0,0.4839310926549575,0.4028533935546875,,,,,,,,,,,,,,,,
19.187567741000002,424,1.0,0.48401658675249887,0.4033832691333912,,,,,,,,,,,,,,,,
19.191404741,424,1.0,0.4838748258702895,0.40332008644386574,,,,,,,,,,,,,,,,
19.195398741,424,1.0,0.4840865415685317,0.40341570818865746,,,,,,,,,,,,,,,,
19.203380741,425,1.0,0.48417388691621666,0.40296551739728004,,,,,,,,,,,,,,,,
19.207497741,425,1.0,0.48430268904742074,0.4028793900101273,,,,,,,,,,,,,,,,
19.211394741,425,1.0,0.4842720031738281,0.40297636809172455,,,,,,,,,,,,,,,,
19.215367741,425,1.0,0.4845096363740809,0.4032166657624421,,,,,,,,,,,,,,,,
19.223455741000002,425,1.0,0.48449981913847084,0.4029252794053819,,,,,,,,,,,,,,,,
19.227403741,425,1.0,0.48439564424402576,0.4030704639576099,,,,,,,,,,,,,,,,
19.231415741000003,425,1.0,0.4845116559196921,0.4030916002061632,,,,,,,,,,,,,,,,
19.235392741000002,425,1.0,0.4849884930778952,0.4032160441080729,,,,,,,,,,,,,,,,
19.243419741,426,1.0,0.4847872677971335,0.4044897008825231,,,,,,,,,,,,,,,,
19.247433741000002,426,1.0,0.4853384354535271,0.4044804890950521,,,,,,,,,,,,,,,,
19.251427741,426,1.0,0.4852754929486443,0.40449405246310766,,,,,,,,,,,,,,,,
19.255490741000003,426,1.0,0.48551161148968863,0.40498233371310766,,,,,,,,,,,,,,,,
19.263581741,426,1.0,0.4857601277968463,0.40501539442274304,,,,,,,,,,,,,,,,
19.267418741,426,1.0,0.4853191375732422,0.4050428602430556,,,,,,,,,,,,,,,,
19.271396741,426,1.0,0.4854286418241613,0.4050775598596643,,,,,,,,,,,,,,,,
19.275393741000002,426,1.0,0.4845522712258732,0.40530672426576964,,,,,,,,,,,,,,,,
19.283428741,427,1.0,0.4843340481028837,0.4053463971173322,,,,,,,,,,,,,,,,
19.287453741,427,1.0,0.48452506345861096,0.4049708048502604,,,,,,,,,,,,,,,,
19.291476741,427,1.0,0.48441847632913027,0.4050000226056134,,,,,,,,,,,,,,,,
19.295473741000002,427,1.0,0.4841366375193876,0.40501330340350117,,,,,,,,,,,,,,,,
19.303388741000003,427,1.0,0.48435020446777344,0.4043285228587963,,,,,,,,,,,,,,,,
19.307389741,427,1.0,0.4840209063361673,0.4043138292100694,,,,,,,,,,,,,,,,
19.311405741,427,1.0,0.4841301300946404,0.4042361789279514,,,,,,,,,,,,,,,,
19.315624741,427,1.0,0.4848604202270508,0.40424313015407987,,,,,,,,,,,,,,,,
19.323452741,428,1.0,0.4860116173239315,0.40454706262659146,,,,,,,,,,,,,,,,
19.327409741,428,1.0,0.48629104389863853,0.40451089364510995,,,,,,,,,,,,,,,,
19.331402741,428,1.0,0.4863848405725816,0.40436412669994215,,,,,,,,,,,,,,,,
19.335502741000003,428,1.0,0.4864393122055951,0.4044561880606192,,,,,,,,,,,,,,,,
19.343530741000002,428,1.0,0.4872443255256204,0.4044112594039352,,,,,,,,,,,,,,,,
19.347390741,428,1.0,0.4873197779935949,0.4045510751229745,,,,,,,,,,,,,,,,
19.351398741,428,1.0,0.48688333174761605,0.4048318368417245,,,,,,,,,,,,,,,,
19.355389741,428,1.0,0.48671526067397175,0.4048272026909723,,,,,,,,,,,,,,,,
19.363398741,429,1.0,0.48781288371366616,0.40477673565899885,,,,,,,,,,,,,,,,
19.367401741000002,429,1.0,0.48755325990564685,0.404794763635706,,,,,,,,,,,,,,,,
19.371477741,429,1.0,0.4884166717529297,0.4048254507559317,,,,,,,,,,,,,,,,
19.375468741000002,429,1.0,0.4884076959946576,0.4047587076822917,,,,,,,,,,,,,,,,
19.383545741000002,429,1.0,0.48884066413430605,0.4048478868272569,,,,,,,,,,,,,,,,
19.387640741000002,429,1.0,0.4888605790979722,0.40484200936776615,,,,,,,,,,,,,,,,
19.391444741,429,1.0,0.488807061139275,0.40459272596571183,,,,,,,,,,,,,,,,
19.395435741,429,1.0,0.4887226890115177,0.4045063725224247,,,,,,,,,,,,,,,,
19.403355741000002,430,1.0,0.4886459462782916,0.4047280770760996,,,,,,,,,,,,,,,,
19.407413741000003,430,1.0,0.48857470119700713,0.40470801459418404,,,,,,,,,,,,,,,,
19.411442741000002,430,1.0,0.4873225829180549,0.40457571524160885,,,,,,,,,,,,,,,,
19.415418741,430,1.0,0.4872441011316636,0.4048491301359953,,,,,,,,,,,,,,,,
19.423397741000002,430,1.0,0.48642708273494945,0.40355512830946183,,,,,,,,,,,,,,,,
19.427395741,430,1.0,0.4864192289464614,0.4032046847873264,,,,,,,,,,,,,,,,
19.431429741000002,430,1.0,0.486448231865378,0.4031613950376157,,,,,,,,,,,,,,,,
19.435376741000002,431,1.0,0.4862836388980641,0.4028987743236401,,,,,,,,,,,,,,,,
19.443373741000002,431,1.0,0.48563699161305146,0.40342893247251155,,,,,,,,,,,,,,,,
19.447548741000002,431,1.0,0.48520677229937387,0.4036014133029514,,,,,,,,,,,,,,,,
19.451404741,431,1.0,0.48373856264002185,0.40356371844256367,,,,,,,,,,,,,,,,
19.455405741,431,1.0,0.4845137876622817,0.40359299271195026,,,,,,,,,,,,,,,,
19.463409741,431,1.0,0.48455316880170035,0.40377457230179403,,,,,,,,,,,,,,,,
19.467432741,431,1.0,0.4844189251170439,0.4037085639105903,,,,,,,,,,,,,,,,
19.471394741,432,1.0,0.48487012526568246,0.4037390814887153,,,,,,,,,,,,,,,,
19.475438741,432,1.0,0.4847848555620979,0.4033838342737268,,,,,,,,,,,,,,,,
19.483383741,432,1.0,0.4858497731825885,0.4019162213360822,,,,,,,,,,,,,,,,
19.487445741000002,432,1.0,0.4857914307538201,0.40220947265624996,,,,,,,,,,,,,,,,
19.491415741,432,1.0,0.4854007047765395,0.40228559705946176,,,,,,,,,,,,,,,,
19.496047741,432,1.0,0.4855516097124885,0.4023970992476852,,,,,,,,,,,,,,,,
19.503408741,432,1.0,0.4849704854628619,0.40160776774088547,,,,,,,,,,,,,,,,
19.507396741,432,1.0,0.4850908728206859,0.40163483796296295,,,,,,,,,,,,,,,,
19.511460741,433,1.0,0.48468685150146484,0.4016756976092303,,,,,,,,,,,,,,,,
19.515404741,433,1.0,0.48439929064582377,0.40181732177734375,,,,,,,,,,,,,,,,
19.523525741,433,1.0,0.4840198965633617,0.40173678927951384,,,,,,,,,,,,,,,,
19.527449741,433,1.0,0.4831450967227711,0.4017695674189815,,,,,,,,,,,,,,,,
19.531368741,433,1.0,0.4832325542674345,0.40182517722800926,,,,,,,,,,,,,,,,
19.535459741,433,1.0,0.4833523806403665,0.40476808901186345,,,,,,,,,,,,,,,,
19.544435741,433,1.0,0.48410359550924864,0.40924411349826384,,,,,,,,,,,,,,,,
19.547426741000002,433,1.0,0.48406578512752757,0.4098957203052662,,,,,,,,,,,,,,,,
19.551405741,434,1.0,0.48630568560431986,0.41040830258969907,,,,,,,,,,,,,,,,
19.555815741,434,1.0,0.4901607176836799,0.41262919108072915,,,,,,,,,,,,,,,,
19.563420741,434,1.0,0.49634641759535847,0.4186620076497396,,,,,,,,,,,,,,,,
19.567438741,434,1.0,0.5006258347455192,0.4196827641239873,,,,,,,,,,,,,,,,
19.571433741,434,1.0,0.5029085383695715,0.4205855758101852,,,,,,,,,,,,,,,,
19.575415741,434,1.0,0.5042341456693762,0.42101542154947913,,,,,,,,,,,,,,,,
19.583446741,434,1.0,0.5088264240938074,0.4207767062717014,,,,,,,,,,,,,,,,
19.587404741,434,1.0,0.5090523327098173,0.42103429723668984,,,,,,,,,,,,,,,,
19.591424741,435,1.0,0.5111634310554055,0.4224908899377894,,,,,,,,,,,,,,,,
19.596003741,435,1.0,0.511358709896312,0.4226027312102141,,,,,,,,,,,,,,,,
19.603368741,435,1.0,0.5103100608376896,0.422080315483941,,,,,,,,,,,,,,,,
19.607526741,435,1.0,0.5096352521110984,0.4234233714916088,,,,,,,,,,,,,,,,
19.611380741,435,1.0,0.5101260016946232,0.42327671757450813,,,,,,,,,,,,,,,,
19.615395741,435,1.0,0.509004929486443,0.42385135226779513,,,,,,,,,,,,,,,,
19.623375741,435,1.0,0.5118082831887638,0.4245084409360532,,,,,,,,,,,,,,,,
19.627420741,435,1.0,0.5110576293047737,0.42470753987630205,,,,,,,,,,,,,,,,
19.631397741,435,1.0,0.5104479509241441,0.4246393274377893,,,,,,,,,,,,,,,,
19.635455741,436,1.0,0.5100974475636202,0.42471053512008106,,,,,,,,,,,,,,,,
19.643382741,436,1.0,0.5089131523581112,0.4251604998553241,,,,,,,,,,,,,,,,
19.647480741000003,436,1.0,0.5090326982385972,0.42491647225839124,,,,,,,,,,,,,,,,
19.651419741,436,1.0,0.50829657386331,0.424362634729456,,,,,,,,,,,,,,,,
19.655396741,436,1.0,0.5090004977057961,0.4251207139756944,,,,,,,,,,,,,,,,
19.663370741,436,1.0,0.5104454825906193,0.42408192952473955,,,,,,,,,,,,,,,,
19.667386741,436,1.0,0.509711882647346,0.423922786006221,,,,,,,,,,,,,,,,
19.671358741000002,436,1.0,0.5095182306626264,0.4236505579065394,,,,,,,,,,,,,,,,
19.676494741000003,437,1.0,0.5102481281056124,0.42468566894531246,,,,,,,,,,,,,,,,
19.683441741000003,437,1.0,0.5105239643770105,0.4240207813404224,,,,,,,,,,,,,,,,
19.687410741,437,1.0,0.5121684354894301,0.42400959156177664,,,,,,,,,,,,,,,,
19.691426741,437,1.0,0.5116300582885742,0.42408763744212963,,,,,,,,,,,,,,,,
19.695564741000002,437,1.0,0.5111637676463407,0.42392448142722805,,,,,,,,,,,,,,,,
19.703448741000003,437,1.0,0.5100428637336282,0.4234115600585937,,,,,,,,,,,,,,,,
19.707401741,437,1.0,0.5101739659028894,0.4233327794958044,,,,,,,,,,,,,,,,
19.711391741,438,1.0,0.5102137397317326,0.4232033058449074,,,,,,,,,,,,,,,,
19.715435741,438,1.0,0.5098096062155331,0.4245841132269965,,,,,,,,,,,,,,,,
19.723384741,438,1.0,0.508995953728171,0.42399354157624425,,,,,,,,,,,,,,,,
19.727402741000002,438,1.0,0.5091386121862075,0.4238509566695602,,,,,,,,,,,,,,,,
19.731421741000002,438,1.0,0.5092275282915901,0.4236258612738715,,,,,,,,,,,,,,,,
19.739466741,438,1.0,0.5107481900383445,0.424622486255787,,,,,,,,,,,,,,,,
19.743392741,438,1.0,0.510410421034869,0.42498553240740744,,,,,,,,,,,,,,,,
19.747396741000003,438,1.0,0.5100351782406077,0.42513529459635413,,,,,,,,,,,,,,,,
19.751358741,438,1.0,0.5100867327521829,0.4250585485387731,,,,,,,,,,,,,,,,
19.759674741,439,1.0,0.5094298194436466,0.4285846286349826,,,,,,,,,,,,,,,,
19.763689741,439,1.0,0.5092795315910789,0.42928014684606486,,,,,,,,,,,,,,,,
19.767418741,439,1.0,0.5108592650469612,0.429979168927228,,,,,,,,,,,,,,,,
19.771424741,439,1.0,0.5126711901496438,0.43175065782335065,,,,,,,,,,,,,,,,
19.779406741000003,439,1.0,0.5154641656314626,0.433398041901765,,,,,,,,,,,,,,,,
19.783353741000003,439,1.0,0.5184442856732536,0.43445558901186343,,,,,,,,,,,,,,,,
19.787410741000002,439,1.0,0.5208655525656307,0.4347511008933739,,,,,,,,,,,,,,,,
19.791398741000002,439,1.0,0.5212358025943532,0.4356543081778067,,,,,,,,,,,,,,,,
19.799385741000002,440,1.0,0.5236069174373851,0.43552426938657407,,,,,,,,,,,,,,,,
19.803398741000002,440,1.0,0.5257428113152,0.43579757125289353,,,,,,,,,,,,,,,,
19.807399741,440,1.0,0.5254741556504193,0.43587810375072333,,,,,,,,,,,,,,,,
19.811425741,440,1.0,0.5273105396943933,0.43630800600405095,,,,,,,,,,,,,,,,
19.819407741000003,440,1.0,0.5258460325353286,0.43583181875723376,,,,,,,,,,,,,,,,
19.823441741,440,1.0,0.5246404199039235,0.4359851413302951,,,,,,,,,,,,,,,,
19.827415741000003,440,1.0,0.5245142544017118,0.43555619981553817,,,,,,,,,,,,,,,,
19.831392741000002,440,1.0,0.5243043338551241,0.4352175112123843,,,,,,,,,,,,,,,,
19.839444741,441,1.0,0.5259445975808537,0.4360109117296007,,,,,,,,,,,,,,,,
19.843418741,441,1.0,0.525280615862678,0.43619802969473376,,,,,,,,,,,,,,,,
19.847465741,441,1.0,0.5260157304651597,0.43635174786603004,,,,,,,,,,,,,,,,
19.851453741,441,1.0,0.5251974779016831,0.4365305582682292,,,,,,,,,,,,,,,,
19.859508741000003,441,1.0,0.5257191938512465,0.43663674813729747,,,,,,,,,,,,,,,,
19.863826741,441,1.0,0.5258122612448299,0.43644279197410296,,,,,,,,,,,,,,,,
19.867424741,441,1.0,0.5251394720638499,0.436083588776765,,,,,,,,,,,,,,,,
19.871384741,441,1.0,0.5244448044720817,0.43607867205584494,,,,,,,,,,,,,,,,
19.879367741000003,442,1.0,0.5253718881046071,0.43556156864872686,,,,,,,,,,,,,,,,
19.883353741,442,1.0,0.5249109829173368,0.43633383291739003,,,,,,,,,,,,,,,,
19.887469741,442,1.0,0.5243765887092141,0.4361423068576389,,,,,,,,,,,,,,,,
19.891772741,442,1.0,0.5239101858700023,0.437269366229022,,,,,,,,,,,,,,,,
19.899398741000002,442,1.0,0.5244601193596335,0.4369103890878183,,,,,,,,,,,,,,,,
19.903431741000002,442,1.0,0.5242172689998851,0.4370551780418114,,,,,,,,,,,,,,,,
19.908074741,442,1.0,0.5237800373750574,0.43690795898437496,,,,,,,,,,,,,,,,
19.911408741000002,442,1.0,0.5235284356509938,0.43712649875217013,,,,,,,,,,,,,,,,
19.919376741,443,1.0,0.5237608516917509,0.4369368376555266,,,,,,,,,,,,,,,,
19.923450741,443,1.0,0.5238833707921645,0.43663567437065975,,,,,,,,,,,,,,,,
19.927393741,443,1.0,0.5245391060324276,0.43631196198640043,,,,,,,,,,,,,,,,
19.931538741,443,1.0,0.5241426580092486,0.43132815890842013,,,,,,,,,,,,,,,,
19.939463741,443,1.0,0.5282210181741154,0.42683681911892357,,,,,,,,,,,,,,,,
19.943425741000002,443,1.0,0.5278912712545956,0.42199209707754626,,,,,,,,,,,,,,,,
19.947717741,443,1.0,0.5297158746158376,0.41589881049262156,,,,,,,,,,,,,,,,
19.951414741,443,1.0,0.5352809569414925,0.40846308955439814,,,,,,,,,,,,,,,,
19.959433741,444,1.0,0.5492730421178481,0.39994297734013307,,,,,,,,,,,,,,,,
19.963420741,444,1.0,0.5522398668176988,0.39441415292245374,,,,,,,,,,,,,,,,
19.967397741000003,444,1.0,0.5526525273042566,0.39215647379557295,,,,,,,,,,,,,,,,
19.971506741000002,444,1.0,0.551706033594468,0.3912062468352141,,,,,,,,,,,,,,,,
19.979605741,444,1.0,0.5534495185403263,0.3881080910011574,,,,,,,,,,,,,,,,
19.983385741000003,444,1.0,0.5559994192684398,0.38916558159722225,,,,,,,,,,,,,,,,
19.987404741000002,444,1.0,0.5536200018490062,0.38940073649088547,,,,,,,,,,,,,,,,
19.991403741000003,444,1.0,0.5538959503173828,0.3878381234628183,,,,,,,,,,,,,,,,
19.999413741,445,1.0,0.5515124377082375,0.3889700995551215,,,,,,,,,,,,,,,,
20.003439741,445,1.0,0.5510070464190315,0.38882310655381946,,,,,,,,,,,,,,,,
20.007447741,445,1.0,0.5524019914514878,0.39010721842447915,,,,,,,,,,,,,,,,
20.011433741,445,1.0,0.554114397834329,0.3921170270001447,,,,,,,,,,,,,,,,
20.019434741,445,1.0,0.5544154223273782,0.3919972172489873,,,,,,,,,,,,,,,,
20.023447741000002,445,1.0,0.5535599203670726,0.3930827388057002,,,,,,,,,,,,,,,,
20.027461741,445,1.0,0.5532351662130917,0.39458776403356477,,,,,,,,,,,,,,,,
20.031415741,445,1.0,0.5539265800924862,0.39458776403356477,,,,,,,,,,,,,,,,
20.039392741,446,1.0,0.5516069636625403,0.39579055220992476,,,,,,,,,,,,,,,,
20.043396741000002,446,1.0,0.5510717279770795,0.3960031580041956,,,,,,,,,,,,,,,,
20.047392741000003,446,1.0,0.5510799744549919,0.3955768726490162,,,,,,,,,,,,,,,,
20.051441741,446,1.0,0.5530980054069968,0.3966977154767072,,,,,,,,,,,,,,,,
20.059471741000003,446,1.0,0.5516098246854895,0.3971571745695891,,,,,,,,,,,,,,,,
20.063476741000002,446,1.0,0.5513525570140165,0.3976578889069734,,,,,,,,,,,,,,,,
20.068314741000002,446,1.0,0.5500408621395335,0.3984021222149884,,,,,,,,,,,,,,,,
20.071401741000003,447,1.0,0.5524120891795439,0.3984497635452836,,,,,,,,,,,,,,,,
20.079388741000002,447,1.0,0.5512511309455422,0.3990123042353877,,,,,,,,,,,,,,,,
20.083468741,447,1.0,0.5508855370914235,0.3994670726634838,,,,,,,,,,,,,,,,
20.087532741,447,1.0,0.5500208910773782,0.39877844916449656,,,,,,,,,,,,,,,,
20.091884741,447,1.0,0.5493015401503619,0.39847739890769673,,,,,,,,,,,,,,,,
20.099416741000002,447,1.0,0.5484359404620003,0.3991987440321181,,,,,,,,,,,,,,,,
20.104159741,447,1.0,0.5482467202579274,0.3990697224934896,,,,,,,,,,,,,,,,
20.107423741,447,1.0,0.5481066984288833,0.3994189227068866,,,,,,,,,,,,,,,,
20.111764741000002,448,1.0,0.5478364159079159,0.399844416865596,,,,,,,,,,,,,,,,
20.119758741000002,448,1.0,0.5469775480382583,0.4002345897533276,,,,,,,,,,,,,,,,
20.123444741,448,1.0,0.546656889073989,0.40099662498191546,,,,,,,,,,,,,,,,
20.127458741,448,1.0,0.546597536872415,0.4073014435944734,,,,,,,,,,,,,,,,
20.131912741,448,1.0,0.5477246677174288,0.413177490234375,,,,,,,,,,,,,,,,
20.139400741000003,448,1.0,0.5494171030381146,0.42082519531249996,,,,,,,,,,,,,,,,
20.143437741,448,1.0,0.5509572309606215,0.4248090955946181,,,,,,,,,,,,,,,,
20.147473741000002,448,1.0,0.5532126707189223,0.4275399667245371,,,,,,,,,,,,,,,,
20.151498741,449,1.0,0.555303741903866,0.4296332465277778,,,,,,,,,,,,,,,,
20.159490741000003,449,1.0,0.5548040165620691,0.4295238918728299,,,,,,,,,,,,,,,,
20.163415741,449,1.0,0.5544836941887351,0.4287636085792824,,,,,,,,,,,,,,,,
20.167677741000002,449,1.0,0.5546850877649644,0.42981516520182295,,,,,,,,,,,,,,,,
20.171451741000002,449,1.0,0.5551715177648208,0.43031237566912617,,,,,,,,,,,,,,,,
20.179521741000002,449,1.0,0.5549502092249253,0.43026772958260995,,,,,,,,,,,,,,,,
20.183392741000002,449,1.0,0.5551146338967716,0.430477057562934,,,,,,,,,,,,,,,,
20.187398741000003,449,1.0,0.5544885186588063,0.4305171825267651,,,,,,,,,,,,,,,,
20.191413741,450,1.0,0.5544582254746381,0.43126186794704857,,,,,,,,,,,,,,,,
20.199418741000002,450,1.0,0.5536246580236098,0.4335078486689815,,,,,,,,,,,,,,,,
20.203378741,450,1.0,0.5537251304177677,0.4324513753255208,,,,,,,,,,,,,,,,
20.207467741000002,450,1.0,0.5537288890165442,0.4325564914279514,,,,,,,,,,,,,,,,
20.211370741,450,1.0,0.5533815271714154,0.43250670256438084,,,,,,,,,,,,,,,,
20.219382741,450,1.0,0.5527876124662512,0.43265702989366317,,,,,,,,,,,,,,,,
20.223364741,450,1.0,0.5527326359468347,0.4325094152379919,,,,,,,,,,,,,,,,
20.227381741000002,450,1.0,0.5527624242446002,0.4323979130497685,,,,,,,,,,,,,,,,
20.231408741000003,450,1.0,0.5525301764993107,0.4340881912796586,,,,,,,,,,,,,,,,
20.239388741000003,451,1.0,0.5520188948687386,0.43684630217375575,,,,,,,,,,,,,,,,
20.243371741,451,1.0,0.5518204745124368,0.43665754530164935,,,,,,,,,,,,,,,,
20.247925741,451,1.0,0.551605224609375,0.43589132803457753,,,,,,,,,,,,,,,,
20.251521741,451,1.0,0.5513815599329331,0.4355465924298322,,,,,,,,,,,,,,,,
20.259597741,451,1.0,0.5505156236536363,0.43415397361472796,,,,,,,,,,,,,,,,
20.263494741000002,451,1.0,0.5483450048110065,0.43354554352936925,,,,,,,,,,,,,,,,
20.267405741,451,1.0,0.5466886408188764,0.432362535264757,,,,,,,,,,,,,,,,
20.271435741,451,1.0,0.5449400509105009,0.43097200746889464,,,,,,,,,,,,,,,,
20.279464741,452,1.0,0.5361208635218003,0.4249022307219329,,,,,,,,,,,,,,,,
20.283531741,452,1.0,0.5257138644947725,0.4211166381835938,,,,,,,,,,,,,,,,
20.287464741,452,1.0,0.5183270959293141,0.418260418927228,,,,,,,,,,,,,,,,
20.291389741,452,1.0,0.5111158034380745,0.41684344256365746,,,,,,,,,,,,,,,,
20.299549741,452,1.0,0.5035606272080365,0.41019094961660885,,,,,,,,,,,,,,,,
20.303493741,452,1.0,0.5029575123506433,0.40836758083767366,,,,,,,,,,,,,,,,
20.307443741,452,1.0,0.5016308391795439,0.40703000669126155,,,,,,,,,,,,,,,,
20.311409741000002,452,1.0,0.5005825267118567,0.40657303421585644,,,,,,,,,,,,,,,,
20.319427741000002,453,1.0,0.4985511443194221,0.4065103036385995,,,,,,,,,,,,,,,,
20.323392741000003,453,1.0,0.4971526650821461,0.40652019359447333,,,,,,,,,,,,,,,,
20.327439741000003,453,1.0,0.4993395524866441,0.4045235527886285,,,,,,,,,,,,,,,,
20.331427741000002,453,1.0,0.4983874489279354,0.40452457004123266,,,,,,,,,,,,,,,,
20.339448741,453,1.0,0.4994289173799403,0.4035013834635417,,,,,,,,,,,,,,,,
20.343384741,453,1.0,0.49814285951502185,0.4040442007559317,,,,,,,,,,,,,,,,
20.347423741,453,1.0,0.4976656857658835,0.4023166797779224,,,,,,,,,,,,,,,,
20.351354741,453,1.0,0.4990803774665384,0.401338873969184,,,,,,,,,,,,,,,,
20.359398741,454,1.0,0.5011415481567383,0.4019905938042535,,,,,,,,,,,,,,,,
20.363401741,454,1.0,0.5007469513837028,0.4008245962637442,,,,,,,,,,,,,,,,
20.367407741,454,1.0,0.5021162033081055,0.4015845404730902,,,,,,,,,,,,,,,,
20.371466741000003,454,1.0,0.5022234075209674,0.4019960756655092,,,,,,,,,,,,,,,,
20.379437741,454,1.0,0.5031428617589614,0.4024568910951968,,,,,,,,,,,,,,,,
20.383390741000003,454,1.0,0.5039826000438017,0.4024527655707465,,,,,,,,,,,,,,,,
20.387417741,454,1.0,0.5027956121108111,0.40183947527850117,,,,,,,,,,,,,,,,
20.391408741000003,454,1.0,0.5023915346931008,0.40150242558232063,,,,,,,,,,,,,,,,
20.399400741,454,1.0,0.5029847762163948,0.40203710485387734,,,,,,,,,,,,,,,,
20.403405741,455,1.0,0.5032200532801011,0.4022540622287326,,,,,,,,,,,,,,,,
20.407427741000003,455,1.0,0.5030083936803481,0.4021237973813657,,,,,,,,,,,,,,,,
20.411432741000002,455,1.0,0.5029982398538029,0.4020835593894676,,,,,,,,,,,,,,,,
20.420520741,455,1.0,0.5034925236421472,0.40277031792534723,,,,,,,,,,,,,,,,
20.423892741,455,1.0,0.5031477423275218,0.4030215793185764,,,,,,,,,,,,,,,,
20.427438741,455,1.0,0.503230094909668,0.4025031195746528,,,,,,,,,,,,,,,,
20.431395741000003,455,1.0,0.5040076199699851,0.4027217723705151,,,,,,,,,,,,,,,,
20.439387741,455,1.0,0.5040732552023495,0.40272391990379053,,,,,,,,,,,,,,,,
20.443384741000003,456,1.0,0.5047781327191521,0.40260591860170714,,,,,,,,,,,,,,,,
20.447422741,456,1.0,0.5053667741663316,0.40235878273292824,,,,,,,,,,,,,,,,
20.451432741,456,1.0,0.5046765944536995,0.40134243435329864,,,,,,,,,,,,,,,,
20.459470741,456,1.0,0.5059653450460995,0.39871351453993054,,,,,,,,,,,,,,,,
20.463548741,456,1.0,0.5064853780409869,0.39716921205873845,,,,,,,,,,,,,,,,
20.467421741000003,456,1.0,0.5069567175472484,0.39560541223596646,,,,,,,,,,,,,,,,
20.471405741,456,1.0,0.5046891044167912,0.3942534270109954,,,,,,,,,,,,,,,,
20.479399741,456,1.0,0.500364247490378,0.3900912249529803,,,,,,,,,,,,,,,,
20.483407741,457,1.0,0.4968610651352826,0.3897790414315683,,,,,,,,,,,,,,,,
20.487417741,457,1.0,0.49014652476591225,0.389610516583478,,,,,,,,,,,,,,,,
20.491452741,457,1.0,0.48626114340389476,0.3902564154730903,,,,,,,,,,,,,,,,
20.499504741000003,457,1.0,0.4861272924086627,0.3906138667353878,,,,,,,,,,,,,,,,
20.503370741,457,1.0,0.48433101878446694,0.39130559850622104,,,,,,,,,,,,,,,,
20.507428741000002,457,1.0,0.4833713419297162,0.39065246582031254,,,,,,,,,,,,,,,,
20.515441741,457,1.0,0.48273058498606963,0.38980062979239005,,,,,,,,,,,,,,,,
20.519382741,458,1.0,0.482820286470301,0.3885664763274016,,,,,,,,,,,,,,,,
20.523374741,458,1.0,0.48403240652645335,0.38785965530960653,,,,,,,,,,,,,,,,
20.527398741000003,458,1.0,0.484767801621381,0.3885762532552083,,,,,,,,,,,,,,,,
20.535491741,458,1.0,0.4845513175515568,0.3885638201678241,,,,,,,,,,,,,,,,
20.539433741,458,1.0,0.48295116424560547,0.38930341932508683,,,,,,,,,,,,,,,,
20.543461741,458,1.0,0.4833788030287799,0.3896503024631076,,,,,,,,,,,,,,,,
20.547419741000002,458,1.0,0.48325370339786305,0.389955817328559,,,,,,,,,,,,,,,,
20.555531741000003,458,1.0,0.4818946053000057,0.39002668592664935,,,,,,,,,,,,,,,,
20.559501741000002,458,1.0,0.4819076201495002,0.3886724966543692,,,,,,,,,,,,,,,,
20.563394741,459,1.0,0.48203249538646026,0.38923842818648724,,,,,,,,,,,,,,,,
20.567395741000002,459,1.0,0.4834274965174058,0.3894366794162326,,,,,,,,,,,,,,,,
20.576450741000002,459,1.0,0.4837938757503734,0.3902751781322338,,,,,,,,,,,,,,,,
20.579630741000003,459,1.0,0.48365963206571694,0.39045975296585644,,,,,,,,,,,,,,,,
20.583399741,459,1.0,0.4842013751759249,0.3887578893590856,,,,,,,,,,,,,,,,
20.587567741,459,1.0,0.4847012127147001,0.38927804452401615,,,,,,,,,,,,,,,,
20.595478741,459,1.0,0.4832911210901597,0.3900753445095486,,,,,,,,,,,,,,,,
20.599382741000003,459,1.0,0.4841771967270795,0.39027839943214704,,,,,,,,,,,,,,,,
20.603377741000003,460,1.0,0.4850321377024931,0.3899757667824074,,,,,,,,,,,,,,,,
20.607415741,460,1.0,0.48428137162152457,0.3900064539026331,,,,,,,,,,,,,,,,
20.616442741,460,1.0,0.4853236815508674,0.39022329824942126,,,,,,,,,,,,,,,,
20.619941741,460,1.0,0.48526747086468863,0.39011224817346646,,,,,,,,,,,,,,,,
20.623525741,460,1.0,0.48430762571447034,0.39032858389395253,,,,,,,,,,,,,,,,
20.627413741,460,1.0,0.4844277886783375,0.3905118589048032,,,,,,,,,,,,,,,,
20.635452741,461,1.0,0.4832145466524012,0.39016181098090275,,,,,,,,,,,,,,,,
20.639358741000002,461,1.0,0.48349851720473347,0.3898024382414641,,,,,,,,,,,,,,,,
20.643389741,461,1.0,0.483423906214097,0.38953620062934025,,,,,,,,,,,,,,,,
20.647400741000002,461,1.0,0.4841019686530618,0.3895375569661458,,,,,,,,,,,,,,,,
20.656028741,461,1.0,0.48463905558866616,0.3897310610170718,,,,,,,,,,,,,,,,
20.659436741,461,1.0,0.48493486292221966,0.38991501419632524,,,,,,,,,,,,,,,,
20.663402741000002,461,1.0,0.48459518657011147,0.39008348253038194,,,,,,,,,,,,,,,,
20.667519741,461,1.0,0.48480089973000917,0.39026670102719907,,,,,,,,,,,,,,,,
20.675412741000002,462,1.0,0.48456326652975645,0.3906363593207465,,,,,,,,,,,,,,,,
20.679402741,462,1.0,0.4847344230203068,0.3908076533564815,,,,,,,,,,,,,,,,
20.683422741,462,1.0,0.48502450830796184,0.3909690574363426,,,,,,,,,,,,,,,,
20.687415741000002,462,1.0,0.4849446240593405,0.39105846263744215,,,,,,,,,,,,,,,,
20.697163741,462,1.0,0.4852564194623162,0.39103139241536455,,,,,,,,,,,,,,,,
20.699423741,462,1.0,0.485225845785702,0.39107264765986693,,,,,,,,,,,,,,,,
20.703403741000002,462,1.0,0.48551026512594786,0.3911873711480035,,,,,,,,,,,,,,,,
20.707455741,462,1.0,0.48570745131548715,0.3907661155418113,,,,,,,,,,,,,,,,
20.715391741,463,1.0,0.4861599978278665,0.3906871654369213,,,,,,,,,,,,,,,,
20.719676741,463,1.0,0.4863937041338752,0.3907947681568287,,,,,,,,,,,,,,,,
20.723407741000003,463,1.0,0.48535941628848805,0.3908970020435475,,,,,,,,,,,,,,,,
20.728647741,463,1.0,0.4855678221758674,0.3906256216543692,,,,,,,,,,,,,,,,
20.735475741000002,463,1.0,0.4855176701265223,0.39077657063802085,,,,,,,,,,,,,,,,
20.739493741,463,1.0,0.4852677513571346,0.39088338216145835,,,,,,,,,,,,,,,,
20.743497741000002,463,1.0,0.4854700425091912,0.39097244827835653,,,,,,,,,,,,,,,,
20.747483741,463,1.0,0.48547862557803884,0.39090694851345487,,,,,,,,,,,,,,,,
20.755509741,464,1.0,0.48579659181482654,0.3910860979998553,,,,,,,,,,,,,,,,
20.759459741,464,1.0,0.48585785136503334,0.39078284369574656,,,,,,,,,,,,,,,,
20.763450741,464,1.0,0.4868618460262523,0.3908725879810474,,,,,,,,,,,,,,,,
20.767385741000002,464,1.0,0.4869157005758846,0.3910686351634838,,,,,,,,,,,,,,,,
20.775624741,464,1.0,0.48715978510239544,0.3914221869574652,,,,,,,,,,,,,,,,
20.779394741,464,1.0,0.48656407524557677,0.3915140787760417,,,,,,,,,,,,,,,,
20.786200741000002,464,1.0,0.4867885813993566,0.3914577907986111,,,,,,,,,,,,,,,,
20.787373741,464,1.0,0.48682740155388327,0.39157257080078123,,,,,,,,,,,,,,,,
20.795683741,465,1.0,0.4876530591179343,0.39184056034794557,,,,,,,,,,,,,,,,
20.799462741000003,465,1.0,0.48782898398006663,0.39188825819227435,,,,,,,,,,,,,,,,
20.803368741,465,1.0,0.4879118975471048,0.3921642162181713,,,,,,,,,,,,,,,,
20.807896741,465,1.0,0.48804541195140166,0.39225633409288196,,,,,,,,,,,,,,,,
20.815848741,465,1.0,0.4888459373922909,0.391880120171441,,,,,,,,,,,,,,,,
20.819451741,465,1.0,0.48889367720660043,0.39168503372757524,,,,,,,,,,,,,,,,
20.823391741000002,465,1.0,0.4902187235215131,0.3916496559425636,,,,,,,,,,,,,,,,
20.827434741,465,1.0,0.4906947192023782,0.39170136628327545,,,,,,,,,,,,,,,,
20.835382741,466,1.0,0.489715856664321,0.38629885073061343,,,,,,,,,,,,,,,,
20.839417741000002,466,1.0,0.4892853568581974,0.3812015109592014,,,,,,,,,,,,,,,,
20.843351741000003,466,1.0,0.4894245372099035,0.3750844884801794,,,,,,,,,,,,,,,,
20.847438741,466,1.0,0.4891947577981388,0.36981144657841436,,,,,,,,,,,,,,,,
20.855460741,466,1.0,0.49039722891414866,0.3623099998191551,,,,,,,,,,,,,,,,
20.859410741,466,1.0,0.49220528322107654,0.35846602828414353,,,,,,,,,,,,,,,,
20.863464741,466,1.0,0.4966911989099839,0.3552196926540798,,,,,,,,,,,,,,,,
20.867404741,466,1.0,0.49783650566549864,0.3500106811523438,,,,,,,,,,,,,,,,
20.875476741,467,1.0,0.4989902271943934,0.3465727064344618,,,,,,,,,,,,,,,,
20.879413741,467,1.0,0.4994533763212316,0.34698949743200236,,,,,,,,,,,,,,,,
20.883451741000002,467,1.0,0.49964556974523205,0.34520738389756944,,,,,,,,,,,,,,,,
20.888228741000002,467,1.0,0.49937040665570426,0.34575257477936916,,,,,,,,,,,,,,,,
20.895464741,467,1.0,0.5010470222024357,0.3453607064706308,,,,,,,,,,,,,,,,
20.899397741,467,1.0,0.5041361416087431,0.34393581814236107,,,,,,,,,,,,,,,,
20.903503741,467,1.0,0.5037683038150563,0.3418162593135128,,,,,,,,,,,,,,,,
20.907408741,467,1.0,0.5033183378331801,0.34139500370732057,,,,,,,,,,,,,,,,
20.915446741,468,1.0,0.5030961317174575,0.3387092872902199,,,,,,,,,,,,,,,,
20.919440741000003,468,1.0,0.5029890397015739,0.3396006831416377,,,,,,,,,,,,,,,,
20.923394741000003,468,1.0,0.5027026008157169,0.3411786679868345,,,,,,,,,,,,,,,,
20.927746741,468,1.0,0.5025490031522863,0.34292500813802085,,,,,,,,,,,,,,,,
20.935588741,468,1.0,0.5020037819357479,0.3438642148618345,,,,,,,,,,,,,,,,
20.939561741000002,468,1.0,0.5018925386316636,0.3438626324688947,,,,,,,,,,,,,,,,
20.943453741000003,468,1.0,0.5016975402832031,0.34388455991391786,,,,,,,,,,,,,,,,
20.947411741,468,1.0,0.5014702292049632,0.34412790934244797,,,,,,,,,,,,,,,,
20.955396741,469,1.0,0.5009306178373449,0.34456589310257524,,,,,,,,,,,,,,,,
20.959424741000003,469,1.0,0.5016293806188247,0.34324103461371525,,,,,,,,,,,,,,,,
20.963471741000003,469,1.0,0.5014192356782801,0.3427446718569155,,,,,,,,,,,,,,,,
20.967442741000003,469,1.0,0.501322914572323,0.3420935171621817,,,,,,,,,,,,,,,,
20.975431741,469,1.0,0.5009820040534524,0.343257423683449,,,,,,,,,,,,,,,,
20.979402741,469,1.0,0.5011799756218406,0.34466400146484377,,,,,,,,,,,,,,,,
20.983471741000002,469,1.0,0.5011825561523438,0.3437149047851562,,,,,,,,,,,,,,,,
20.987397741000002,469,1.0,0.5010507808012121,0.34447727909794557,,,,,,,,,,,,,,,,
20.995447741,470,1.0,0.5007690541884479,0.3452414053457754,,,,,,,,,,,,,,,,
20.999446741,470,1.0,0.5006810356588924,0.3456270005967882,,,,,,,,,,,,,,,,
21.003409741000002,470,1.0,0.5007796007044175,0.3461525245949074,,,,,,,,,,,,,,,,
21.007472741,470,1.0,0.5010421977323645,0.3455590707284433,,,,,,,,,,,,,,,,
21.015537741000003,470,1.0,0.5008125305175781,0.3472401936848958,,,,,,,,,,,,,,,,
21.019691741000003,470,1.0,0.5006902919096106,0.3464674773039641,,,,,,,,,,,,,,,,
21.023434741000003,470,1.0,0.501326280481675,0.3461766560872396,,,,,,,,,,,,,,,,
21.027436741000002,470,1.0,0.5011975905474495,0.3452788741500289,,,,,,,,,,,,,,,,
21.035409741000002,471,1.0,0.5014278748456169,0.3462248625578703,,,,,,,,,,,,,,,,
21.039394741000002,471,1.0,0.5013441198012408,0.3454994484230324,,,,,,,,,,,,,,,,
21.043390741,471,1.0,0.5004909178789925,0.34617541277850117,,,,,,,,,,,,,,,,
21.047388741000002,471,1.0,0.5004017212811638,0.34681221290870945,,,,,,,,,,,,,,,,
21.055434741000003,471,1.0,0.5001544952392578,0.3447392781575521,,,,,,,,,,,,,,,,
21.059429741000002,471,1.0,0.5003458471859202,0.34499703866464115,,,,,,,,,,,,,,,,
21.063460741,471,1.0,0.5001753638772404,0.3452742965133102,,,,,,,,,,,,,,,,
21.067386741,471,1.0,0.5004109214333927,0.3439996790002894,,,,,,,,,,,,,,,,
21.075456741,471,1.0,0.5002583335427677,0.34447400128399885,,,,,,,,,,,,,,,,
21.079407741,472,1.0,0.4991616641773897,0.3438992535626447,,,,,,,,,,,,,,,,
21.083381741,472,1.0,0.497745626112994,0.34314541286892364,,,,,,,,,,,,,,,,
21.087406741000002,472,1.0,0.49558746113496666,0.3436084323459201,,,,,,,,,,,,,,,,
21.095428741000003,472,1.0,0.49465123344870177,0.34478912353515623,,,,,,,,,,,,,,,,
21.099761741000002,472,1.0,0.4946533651912914,0.345136797869647,,,,,,,,,,,,,,,,
21.103386741,472,1.0,0.4947508643655216,0.3450384634512442,,,,,,,,,,,,,,,,
21.107385741,472,1.0,0.49465353348675895,0.3454597755714699,,,,,,,,,,,,,,,,
21.115365741,472,1.0,0.49383169061997356,0.3434690122251157,,,,,,,,,,,,,,,,
21.119355741,473,1.0,0.49304917279411764,0.34392875388816546,,,,,,,,,,,,,,,,
21.123366741,473,1.0,0.49276116315056295,0.344241389521846,,,,,,,,,,,,,,,,
21.127447741,473,1.0,0.4912563211777631,0.34466484917534723,,,,,,,,,,,,,,,,
21.136096741000003,473,1.0,0.4900680429795209,0.34464433458116317,,,,,,,,,,,,,,,,
21.139497741,473,1.0,0.4900822358972886,0.34490610758463547,,,,,,,,,,,,,,,,
21.143815741,473,1.0,0.4901854571174173,0.34363194218388315,,,,,,,,,,,,,,,,
21.147448741,473,1.0,0.4901687958661248,0.34395362006293406,,,,,,,,,,,,,,,,
21.155555741,473,1.0,0.4902159185970531,0.3436386108398437,,,,,,,,,,,,,,,,
21.159364741,474,1.0,0.49032727409811583,0.34385986328124996,,,,,,,,,,,,,,,,
21.163460741,474,1.0,0.49039722891414866,0.34390077944155095,,,,,,,,,,,,,,,,
21.167417741,474,1.0,0.48870193257051353,0.3444923683449074,,,,,,,,,,,,,,,,
21.175901741,474,1.0,0.4886323704439051,0.34493899875217016,,,,,,,,,,,,,,,,
21.179425741000003,474,1.0,0.4886472926420324,0.3451501916956019,,,,,,,,,,,,,,,,
21.184456741,474,1.0,0.4884720970602596,0.3453431871202257,,,,,,,,,,,,,,,,
21.187369741,474,1.0,0.4884655335370232,0.34550346091941553,,,,,,,,,,,,,,,,
21.195387741,474,1.0,0.48807727589326744,0.3465956511320891,,,,,,,,,,,,,,,,
21.199393741,474,1.0,0.4884338939891142,0.3467522515190973,,,,,,,,,,,,,,,,
21.203385741,475,1.0,0.4885877160465016,0.3468673706054688,,,,,,,,,,,,,,,,
21.207428741,475,1.0,0.4887298135196461,0.3470092208297164,,,,,,,,,,,,,,,,
21.215487741,475,1.0,0.48897412244011373,0.3472301341869213,,,,,,,,,,,,,,,,
21.219466741,475,1.0,0.4883471657248104,0.3469472249348958,,,,,,,,,,,,,,,,
21.223556741000003,475,1.0,0.48748919543098,0.34707760281032984,,,,,,,,,,,,,,,,
21.227546741,475,1.0,0.4874888588400448,0.3471967343930845,,,,,,,,,,,,,,,,
21.235393741000003,475,1.0,0.48901137183694277,0.34740137170862273,,,,,,,,,,,,,,,,
21.239384741000002,476,1.0,0.48894259508918314,0.34750151457609957,,,,,,,,,,,,,,,,
21.243394741000003,476,1.0,0.4883749344769646,0.3473421450014468,,,,,,,,,,,,,,,,
21.247410741000003,476,1.0,0.4884793898638557,0.34739673755787037,,,,,,,,,,,,,,,,
21.255381741,476,1.0,0.48831793841193705,0.3472902086046007,,,,,,,,,,,,,,,,
21.259417741,476,1.0,0.48841285705566406,0.3470913922345197,,,,,,,,,,,,,,,,
21.263416741,476,1.0,0.48828843060661764,0.34717390272352433,,,,,,,,,,,,,,,,
21.271345741,476,1.0,0.488125015707577,0.34651257550274883,,,,,,,,,,,,,,,,
21.275415741,477,1.0,0.4885968601002413,0.34690879539207176,,,,,,,,,,,,,,,,
21.279372741000003,477,1.0,0.4889264387242934,0.3466625072337963,,,,,,,,,,,,,,,,
21.284684741000003,477,1.0,0.48894309997558594,0.3468369660554109,,,,,,,,,,,,,,,,
21.291455741,477,1.0,0.4888099782607135,0.34675795943648724,,,,,,,,,,,,,,,,
21.295599741,477,1.0,0.48895123425652,0.34684352168330435,,,,,,,,,,,,,,,,
21.299929741,477,1.0,0.48875101874856386,0.3469278971354167,,,,,,,,,,,,,,,,
21.303353741000002,477,1.0,0.48880812701056986,0.3468403003833912,,,,,,,,,,,,,,,,
21.311587741,477,1.0,0.4891181272618911,0.34672348587601276,,,,,,,,,,,,,,,,
21.315529741000002,478,1.0,0.4890684240004596,0.3465278908058449,,,,,,,,,,,,,,,,
21.319397741000003,478,1.0,0.48923716825597424,0.34675326877170143,,,,,,,,,,,,,,,,
21.323441741,478,1.0,0.48923397064208984,0.34643345585575813,,,,,,,,,,,,,,,,
21.331477741,478,1.0,0.4886444877175724,0.3447061044198495,,,,,,,,,,,,,,,,
21.335405741000002,478,1.0,0.4887090009801528,0.3448338826497396,,,,,,,,,,,,,,,,
21.339542741000002,478,1.0,0.48911453695858226,0.3450750280309607,,,,,,,,,,,,,,,,
21.343415741,478,1.0,0.4889843884636374,0.34518517388237846,,,,,,,,,,,,,,,,
21.351406741,478,1.0,0.48967383889590993,0.34541835078486693,,,,,,,,,,,,,,,,
21.355415741,479,1.0,0.4896138696109547,0.34550639964916086,,,,,,,,,,,,,,,,
21.359413741,479,1.0,0.4895833520328297,0.34567300302010995,,,,,,,,,,,,,,,,
21.363389741000002,479,1.0,0.48978912129121666,0.3452843560112847,,,,,,,,,,,,,,,,
21.371466741000003,479,1.0,0.48850418539608226,0.34682509810836226,,,,,,,,,,,,,,,,
21.375524741000003,479,1.0,0.48854777392219095,0.34662955955222796,,,,,,,,,,,,,,,,
21.381320741,479,1.0,0.48857251335592833,0.3463857014973958,,,,,,,,,,,,,,,,
21.383366741,479,1.0,0.48912940305822034,0.3464163886176215,,,,,,,,,,,,,,,,
21.391406741,480,1.0,0.48919930177576404,0.34659825077763307,,,,,,,,,,,,,,,,
21.395484741,480,1.0,0.48932019401999083,0.3467451307508681,,,,,,,,,,,,,,,,
21.399412741000003,480,1.0,0.48900996937471275,0.34695660626446756,,,,,,,,,,,,,,,,
21.404205741000002,480,1.0,0.4891009050257066,0.3470112553349247,,,,,,,,,,,,,,,,
21.411461741,480,1.0,0.4891961602603688,0.34733920627170134,,,,,,,,,,,,,,,,
21.415406741,480,1.0,0.48923245598288145,0.3473600599500868,,,,,,,,,,,,,,,,
21.419457741000002,480,1.0,0.48995231179630055,0.34732490822120954,,,,,,,,,,,,,,,,
21.423399741,480,1.0,0.48981386072495403,0.34711676703559025,,,,,,,,,,,,,,,,
21.431386741,480,1.0,0.49009227752685547,0.34686742711950236,,,,,,,,,,,,,,,,
21.436701741,481,1.0,0.4900387034696691,0.34699848316333914,,,,,,,,,,,,,,,,
21.439364741000002,481,1.0,0.4900774114272174,0.34702459264684604,,,,,,,,,,,,,,,,
21.443483741,481,1.0,0.49010877048268037,0.3467484650788484,,,,,,,,,,,,,,,,
21.451656741,481,1.0,0.48984628565171184,0.34610527886284725,,,,,,,,,,,,,,,,
21.455392741,481,1.0,0.4898041556863224,0.34564576325593166,,,,,,,,,,,,,,,,
21.459507741000003,481,1.0,0.48947755028219786,0.3456807454427083,,,,,,,,,,,,,,,,
21.463394741000002,481,1.0,0.4894992603975184,0.34573878535517943,,,,,,,,,,,,,,,,
21.471405741,481,1.0,0.48918527715346394,0.3456222534179687,,,,,,,,,,,,,,,,
21.475488741000003,481,1.0,0.4889809664557962,0.346107256854022,,,,,,,,,,,,,,,,
21.479468741,482,1.0,0.48931273292092714,0.3459963763201678,,,,,,,,,,,,,,,,
21.483400741,482,1.0,0.4893668118645163,0.34604158754701964,,,,,,,,,,,,,,,,
21.491465741000003,482,1.0,0.4895003262688132,0.34709664803964124,,,,,,,,,,,,,,,,
21.495495741000003,482,1.0,0.4892837300020106,0.34679904513888893,,,,,,,,,,,,,,,,
21.499469741000002,482,1.0,0.4892892276539522,0.34636484781901045,,,,,,,,,,,,,,,,
21.503404741,482,1.0,0.48979899462531595,0.3464133933738426,,,,,,,,,,,,,,,,
21.511404741,482,1.0,0.4896078109741211,0.34643294722945606,,,,,,,,,,,,,,,,
21.515376741,482,1.0,0.4894598231596105,0.34646566885489005,,,,,,,,,,,,,,,,
21.519387741000003,482,1.0,0.4894539328182445,0.3465595386646412,,,,,,,,,,,,,,,,
21.523381741,483,1.0,0.4894089418299058,0.34674145733868633,,,,,,,,,,,,,,,,
21.531465741,483,1.0,0.48957493725944967,0.3470148722330729,,,,,,,,,,,,,,,,
21.535440741000002,483,1.0,0.4890289867625517,0.34713134765625,,,,,,,,,,,,,,,,
21.539473741000002,483,1.0,0.4887689141666188,0.3478596440067998,,,,,,,,,,,,,,,,
21.543427741000002,483,1.0,0.48835165360394645,0.3476812857168692,,,,,,,,,,,,,,,,
21.551422741,483,1.0,0.48749474918141084,0.34605684633608214,,,,,,,,,,,,,,,,
21.555535741,483,1.0,0.48752554725198183,0.3462141814055266,,,,,,,,,,,,,,,,
21.559423741,483,1.0,0.48746434380026427,0.34624498155381944,,,,,,,,,,,,,,,,
21.563413741,484,1.0,0.4873877693625057,0.34711032443576384,,,,,,,,,,,,,,,,
21.571458741,484,1.0,0.48859040877398324,0.34845513237847225,,,,,,,,,,,,,,,,
21.575498741,484,1.0,0.4884403453153722,0.3484677915219907,,,,,,,,,,,,,,,,
21.580375741,484,1.0,0.488618626314051,0.3480354026511864,,,,,,,,,,,,,,,,
21.583526741,484,1.0,0.4885529910816866,0.3478423507125289,,,,,,,,,,,,,,,,
21.591424741,484,1.0,0.4888310151941636,0.3484277230721933,,,,,,,,,,,,,,,,
21.595542741000003,484,1.0,0.4889080945183249,0.34834408230251734,,,,,,,,,,,,,,,,
21.599413741000003,485,1.0,0.4888928357292624,0.34838104248046875,,,,,,,,,,,,,,,,
21.603422741000003,485,1.0,0.488889918607824,0.3483803077980324,,,,,,,,,,,,,,,,
21.611707741,485,1.0,0.48892587773940144,0.3486497667100694,,,,,,,,,,,,,,,,
21.615485741,485,1.0,0.4886881884406595,0.3486776281286169,,,,,,,,,,,,,,,,
21.619405741,485,1.0,0.4886952568502987,0.34867802372685186,,,,,,,,,,,,,,,,
21.623405741000003,485,1.0,0.48873553556554455,0.3486753110532408,,,,,,,,,,,,,,,,
21.631396741,485,1.0,0.4882309296551873,0.3486628214518229,,,,,,,,,,,,,,,,
21.635387741000002,485,1.0,0.4883722978479722,0.3492406209309896,,,,,,,,,,,,,,,,
21.639369741000003,486,1.0,0.48830077227424173,0.3487851178204572,,,,,,,,,,,,,,,,
21.643381741000002,486,1.0,0.4882550520055434,0.34876912434895835,,,,,,,,,,,,,,,,
21.651473741,486,1.0,0.4880394655115464,0.34875810411241315,,,,,,,,,,,,,,,,
21.656065741000003,486,1.0,0.48799576478845935,0.3487533004195602,,,,,,,,,,,,,,,,
21.659409741,486,1.0,0.48772531397202434,0.34874098036024304,,,,,,,,,,,,,,,,
21.663448741,486,1.0,0.4879734936882468,0.34879274721498843,,,,,,,,,,,,,,,,
21.671454741,486,1.0,0.48726407219381895,0.34849305329499425,,,,,,,,,,,,,,,,
21.675399741,486,1.0,0.48620083752800436,0.348486328125,,,,,,,,,,,,,,,,
21.679397741000002,487,1.0,0.48626260196461396,0.3486400462962963,,,,,,,,,,,,,,,,
21.683382741000003,487,1.0,0.4868488311767578,0.3484543976960359,,,,,,,,,,,,,,,,
21.693432741000002,487,1.0,0.4873698178459616,0.347567805537471,,,,,,,,,,,,,,,,
21.695666741,487,1.0,0.48729515075683594,0.3474538167317708,,,,,,,,,,,,,,,,
21.699404741000002,487,1.0,0.487245615790872,0.3491234673394097,,,,,,,,,,,,,,,,
21.703406741000002,487,1.0,0.48802415062399473,0.3483293886537905,,,,,,,,,,,,,,,,
21.711438741000002,487,1.0,0.48805780971751495,0.34819556342230906,,,,,,,,,,,,,,,,
21.715450741,487,1.0,0.48775644863353057,0.34995789704499425,,,,,,,,,,,,,,,,
21.719397741,488,1.0,0.48770545510684743,0.34921332465277777,,,,,,,,,,,,,,,,
21.723395741,488,1.0,0.48715871923110066,0.3490065963179977,,,,,,,,,,,,,,,,
21.731409741,488,1.0,0.48717863419476676,0.3491943924515336,,,,,,,,,,,,,,,,
21.738407741,488,1.0,0.48706615672392006,0.34902976707175926,,,,,,,,,,,,,,,,
21.739396741,488,1.0,0.48709908653708067,0.3490301626699942,,,,,,,,,,,,,,,,
21.743526741,488,1.0,0.4871928271125345,0.3493192884657118,,,,,,,,,,,,,,,,
21.751417741,488,1.0,0.4869245080386891,0.3494824444806134,,,,,,,,,,,,,,,,
21.755429741,488,1.0,0.48702582191018495,0.34952121310763884,,,,,,,,,,,,,,,,
21.759370741,489,1.0,0.48703659282011147,0.3495713410554109,,,,,,,,,,,,,,,,
21.763395741,489,1.0,0.48703872456270103,0.34957235830801503,,,,,,,,,,,,,,,,
21.771427741,489,1.0,0.48699154573328357,0.35159923412181715,,,,,,,,,,,,,,,,
21.775519741,489,1.0,0.4869190664852367,0.35144189905237266,,,,,,,,,,,,,,,,
21.779401741,489,1.0,0.48686448265524473,0.3512765389901621,,,,,,,,,,,,,,,,
21.783405741000003,489,1.0,0.4863387837129481,0.3510287814670139,,,,,,,,,,,,,,,,
21.791408741,489,1.0,0.4883544585284065,0.3509319729275173,,,,,,,,,,,,,,,,
21.795411741000002,489,1.0,0.48845650168026195,0.35079193115234375,,,,,,,,,,,,,,,,
21.799399741000002,490,1.0,0.48843591353472543,0.3508122762044271,,,,,,,,,,,,,,,,
21.803406741,490,1.0,0.4883384143604952,0.3500894617151331,,,,,,,,,,,,,,,,
21.811409741000002,490,1.0,0.4887755898868336,0.3494491012008102,,,,,,,,,,,,,,,,
21.815498741000003,490,1.0,0.48877093371223,0.34924389874493633,,,,,,,,,,,,,,,,
21.819616741,490,1.0,0.48840124466839957,0.3489573725947628,,,,,,,,,,,,,,,,
21.823377741,490,1.0,0.4885457543765797,0.3495659157081886,,,,,,,,,,,,,,,,
21.831545741000003,490,1.0,0.48824545916389017,0.3493291784215856,,,,,,,,,,,,,,,,
21.835392741,490,1.0,0.4885718962725471,0.35002599645543986,,,,,,,,,,,,,,,,
21.839360741,491,1.0,0.4888470593620749,0.34998965793185766,,,,,,,,,,,,,,,,
21.843385741000002,491,1.0,0.48883696163401885,0.3499980785228588,,,,,,,,,,,,,,,,
21.851417741000002,491,1.0,0.48851950028363395,0.35144302933304394,,,,,,,,,,,,,,,,
21.857435741,491,1.0,0.48872779397403493,0.3523940474898727,,,,,,,,,,,,,,,,
21.859449741000002,491,1.0,0.48870283014634075,0.35326588948567705,,,,,,,,,,,,,,,,
21.864574741000002,491,1.0,0.49056406582103057,0.35429252341941553,,,,,,,,,,,,,,,,
21.871361741,491,1.0,0.4915352989645565,0.3552414505570023,,,,,,,,,,,,,,,,
21.875407741,492,1.0,0.49218132916618795,0.35599206995081023,,,,,,,,,,,,,,,,
21.879394741000002,492,1.0,0.492710225722369,0.3562194259078414,,,,,,,,,,,,,,,,
21.883415741,492,1.0,0.4925063077141257,0.3588952523690683,,,,,,,,,,,,,,,,
21.891432741000003,492,1.0,0.4930126526776482,0.360592594853154,,,,,,,,,,,,,,,,
21.895516741,492,1.0,0.49293966854319854,0.3616244845920139,,,,,,,,,,,,,,,,
21.899482741,492,1.0,0.4943256378173828,0.3627671418366609,,,,,,,,,,,,,,,,
21.903390741000003,492,1.0,0.49420491386862364,0.36252390543619795,,,,,,,,,,,,,,,,
21.911380741000002,492,1.0,0.4940186668844784,0.3638328834816261,,,,,,,,,,,,,,,,
21.915433741,493,1.0,0.4940999535953297,0.3641413935908565,,,,,,,,,,,,,,,,
21.919401741,493,1.0,0.49436473846435547,0.3639370388454861,,,,,,,,,,,,,,,,
21.923400741000002,493,1.0,0.49588169771082263,0.36402457908347796,,,,,,,,,,,,,,,,
21.931784741,493,1.0,0.49573393429026885,0.36722061722366894,,,,,,,,,,,,,,,,
21.935459741000003,493,1.0,0.4963072608498966,0.36736331515842013,,,,,,,,,,,,,,,,
21.940818741,493,1.0,0.4955197502585018,0.3672344066478588,,,,,,,,,,,,,,,,
21.943388741,493,1.0,0.4962172788732192,0.3671665332935474,,,,,,,,,,,,,,,,
21.951374741000002,494,1.0,0.49594750123865466,0.37030176233362266,,,,,,,,,,,,,,,,
21.955404741000002,494,1.0,0.49585549971636605,0.3709954720956308,,,,,,,,,,,,,,,,
21.959400741,494,1.0,0.49585606070125804,0.37132472285517937,,,,,,,,,,,,,,,,
21.963445741,494,1.0,0.49554673363180723,0.3706349125614873,,,,,,,,,,,,,,,,
21.971408741,494,1.0,0.49591883491067323,0.37085899070457173,,,,,,,,,,,,,,,,
21.975470741000002,494,1.0,0.4958923003252815,0.3711049397786458,,,,,,,,,,,,,,,,
21.979504741000003,494,1.0,0.49692215639002185,0.37083723280164926,,,,,,,,,,,,,,,,
21.983370741,494,1.0,0.49780896130730123,0.37072098343460647,,,,,,,,,,,,,,,,
21.991380741,495,1.0,0.49758344538071575,0.3719724867078993,,,,,,,,,,,,,,,,
21.995417741,495,1.0,0.49741127911735983,0.3716205738208912,,,,,,,,,,,,,,,,
21.999376741000003,495,1.0,0.49673108493580537,0.3712048000759549,,,,,,,,,,,,,,,,
22.003387741,495,1.0,0.49657025056726795,0.37068261040581596,,,,,,,,,,,,,,,,
22.011443741,495,1.0,0.4969788158641142,0.3703101829246238,,,,,,,,,,,,,,,,
22.015499741000003,495,1.0,0.49665916667265053,0.37005654794198495,,,,,,,,,,,,,,,,
22.019538741,495,1.0,0.49669501360724955,0.3699482670536748,,,,,,,,,,,,,,,,
22.023402741,495,1.0,0.49707883947035847,0.3698894359447338,,,,,,,,,,,,,,,,
22.031473741000003,496,1.0,0.49886215434354897,0.3708398889612269,,,,,,,,,,,,,,,,
22.035508741,496,1.0,0.4992305531221278,0.37044570357711226,,,,,,,,,,,,,,,,
22.040326741,496,1.0,0.4992964688469382,0.3700215092411747,,,,,,,,,,,,,,,,
22.047402741000003,496,1.0,0.4980328503776999,0.3696688616717303,,,,,,,,,,,,,,,,
22.051381741,496,1.0,0.4979127435123219,0.3694507175021702,,,,,,,,,,,,,,,,
22.055407741,496,1.0,0.4975392397712259,0.3691853276005498,,,,,,,,,,,,,,,,
22.059452741,496,1.0,0.497071995454676,0.3689367788809317,,,,,,,,,,,,,,,,
22.067491741,496,1.0,0.49696815715116616,0.36861572265625,,,,,,,,,,,,,,,,
22.071372741,496,1.0,0.49666881561279297,0.3685538963035301,,,,,,,,,,,,,,,,
22.075408741,497,1.0,0.4966583812938017,0.36835858380353004,,,,,,,,,,,,,,,,
22.079388741000002,497,1.0,0.4959389742682962,0.3681697704173901,,,,,,,,,,,,,,,,
22.087411741,497,1.0,0.495882370892693,0.3684934262876157,,,,,,,,,,,,,,,,
22.091625741,497,1.0,0.4958349676693187,0.36874694824218746,,,,,,,,,,,,,,,,
22.095483741000002,497,1.0,0.4970654880299288,0.3686775490089699,,,,,,,,,,,,,,,,
22.099427741000003,497,1.0,0.4960648592780618,0.3686903776945891,,,,,,,,,,,,,,,,
22.107422741,497,1.0,0.4959538403679343,0.3683770638925058,,,,,,,,,,,,,,,,
22.111408741,497,1.0,0.4960475248448989,0.36823916965060766,,,,,,,,,,,,,,,,
22.115463741000003,498,1.0,0.49637564490823183,0.3681085657190394,,,,,,,,,,,,,,,,
22.119405741,498,1.0,0.49629733141730814,0.3679083930121527,,,,,,,,,,,,,,,,
22.127421741000003,498,1.0,0.4967492608463063,0.3676842583550347,,,,,,,,,,,,,,,,
22.131502741000002,498,1.0,0.4972618888406193,0.3675837198893229,,,,,,,,,,,,,,,,
22.135428741000002,498,1.0,0.4972087635713465,0.3674846507884838,,,,,,,,,,,,,,,,
22.139476741000003,498,1.0,0.49713656481574564,0.36740293149594905,,,,,,,,,,,,,,,,
22.147392741,498,1.0,0.4974852169261259,0.3672450878002026,,,,,,,,,,,,,,,,
22.151441741000003,498,1.0,0.4992216895608341,0.36799695050274883,,,,,,,,,,,,,,,,
22.155443741000003,499,1.0,0.49932115218218637,0.37315001311125584,,,,,,,,,,,,,,,,
22.159404741000003,499,1.0,0.5012025833129883,0.3778774685329861,,,,,,,,,,,,,,,,
22.167445741,499,1.0,0.504538423874799,0.38459014892578125,,,,,,,,,,,,,,,,
22.171528741000003,499,1.0,0.5056092318366555,0.3871161001699942,,,,,,,,,,,,,,,,
22.175470741,499,1.0,0.5089394625495461,0.39082782886646417,,,,,,,,,,,,,,,,
22.179408741000003,499,1.0,0.514004202450023,0.3968448780201099,,,,,,,,,,,,,,,,
22.187409741,499,1.0,0.5219378751866958,0.40443601255063655,,,,,,,,,,,,,,,,
22.191411741000003,499,1.0,0.5334688074448529,0.40740362096715854,,,,,,,,,,,,,,,,
22.195440741000002,499,1.0,0.542964823105756,0.4117093686704283,,,,,,,,,,,,,,,,
22.199630741,500,1.0,0.5501511517693015,0.4141263608579282,,,,,,,,,,,,,,,,
22.207380741,500,1.0,0.5517822714412913,0.41618697554976847,,,,,,,,,,,,,,,,
22.211461741,500,1.0,0.5535360224106732,0.41797541865596066,,,,,,,,,,,,,,,,
22.215454741000002,500,1.0,0.5557156170115751,0.4175301445855035,,,,,,,,,,,,,,,,
22.219469741,500,1.0,0.5536612903370577,0.41521595142505785,,,,,,,,,,,,,,,,
22.227394741,500,1.0,0.5510785158942727,0.41617742467809604,,,,,,,,,,,,,,,,
22.231411741000002,500,1.0,0.5485007342170266,0.41575662118417245,,,,,,,,,,,,,,,,
22.235402741,500,1.0,0.5481627408195945,0.4165354975947627,,,,,,,,,,,,,,,,
22.239353741000002,501,1.0,0.5477683684405159,0.41470546015986687,,,,,,,,,,,,,,,,
22.247521741,501,1.0,0.5533161163330078,0.4127564041702836,,,,,,,,,,,,,,,,
22.251538741,501,1.0,0.5503031786750344,0.41234226933232065,,,,,,,,,,,,,,,,
22.255473741000003,501,1.0,0.5489744298598346,0.4136778654875579,,,,,,,,,,,,,,,,
22.259401741,501,1.0,0.5474812563727883,0.4144805908203125,,,,,,,,,,,,,,,,
22.267396741000002,501,1.0,0.5484091253841624,0.412689208984375,,,,,,,,,,,,,,,,
22.271389741,501,1.0,0.5465220844044405,0.4137776127567998,,,,,,,,,,,,,,,,
22.275427741,501,1.0,0.5466378155876609,0.4154276529947917,,,,,,,,,,,,,,,,
22.279407741,502,1.0,0.545434783486759,0.41445634629991324,,,,,,,,,,,,,,,,
22.287431741000002,502,1.0,0.5452778199139763,0.41471874095775463,,,,,,,,,,,,,,,,
22.291567741,502,1.0,0.5458991667803597,0.41471715856481484,,,,,,,,,,,,,,,,
22.295471741,502,1.0,0.5449592926922966,0.4148831402813947,,,,,,,,,,,,,,,,
22.299873741000003,502,1.0,0.5446666829726275,0.4143761528862847,,,,,,,,,,,,,,,,
22.307514741000002,502,1.0,0.5454887502333697,0.41376557526765045,,,,,,,,,,,,,,,,
22.311387741,502,1.0,0.5459061229930204,0.4135135226779514,,,,,,,,,,,,,,,,
22.315388741000003,502,1.0,0.5471101087682387,0.41368899875217013,,,,,,,,,,,,,,,,
22.319366741,503,1.0,0.5472831726074219,0.41438869900173614,,,,,,,,,,,,,,,,
22.327411741000002,503,1.0,0.550456215353573,0.4157432838722511,,,,,,,,,,,,,,,,
22.331427741000002,503,1.0,0.548770175260656,0.41644609239366315,,,,,,,,,,,,,,,,
22.335813741000003,503,1.0,0.5490240209242877,0.4163203486689815,,,,,,,,,,,,,,,,
22.339704741000002,503,1.0,0.5478586870081285,0.41540391710069446,,,,,,,,,,,,,,,,
22.347432741000002,503,1.0,0.5491414911606732,0.41493581136067703,,,,,,,,,,,,,,,,
22.351404741,503,1.0,0.5498062582576976,0.4174879851164641,,,,,,,,,,,,,,,,
22.355385741000003,503,1.0,0.5490322113037109,0.41614848949291083,,,,,,,,,,,,,,,,
22.359358741,503,1.0,0.5494564841775333,0.415962897406684,,,,,,,,,,,,,,,,
22.367398741000002,504,1.0,0.5504397223977482,0.41676856146918406,,,,,,,,,,,,,,,,
22.371401741,504,1.0,0.549918062546674,0.4176947134512442,,,,,,,,,,,,,,,,
22.375416741000002,504,1.0,0.5500935947193819,0.4177640561704282,,,,,,,,,,,,,,,,
22.379464741000003,504,1.0,0.5508480633006376,0.4169961434823496,,,,,,,,,,,,,,,,
22.387405741000002,504,1.0,0.5495928035062903,0.41673318368417245,,,,,,,,,,,,,,,,
22.391391741,504,1.0,0.5494029662188362,0.4160435994466146,,,,,,,,,,,,,,,,
22.395402741,504,1.0,0.549521895015941,0.4163327252423322,,,,,,,,,,,,,,,,
22.399407741,505,1.0,0.549219524159151,0.4168465508355035,,,,,,,,,,,,,,,,
22.407540741000002,505,1.0,0.5495821447933421,0.416622868290654,,,,,,,,,,,,,,,,
22.411430741,505,1.0,0.5494385887594784,0.4165607028537326,,,,,,,,,,,,,,,,
22.415520741,505,1.0,0.5495356391457951,0.4168917055483218,,,,,,,,,,,,,,,,
22.420276741000002,505,1.0,0.5489725225112018,0.4164181744610822,,,,,,,,,,,,,,,,
22.427421741,505,1.0,0.5494634403901941,0.41591768617983216,,,,,,,,,,,,,,,,
22.431533741000003,505,1.0,0.549248639275046,0.41671854654947915,,,,,,,,,,,,,,,,
22.435417741000002,505,1.0,0.5491032319910386,0.4163760149920428,,,,,,,,,,,,,,,,
22.439380741,506,1.0,0.5485413495232078,0.4160404346607349,,,,,,,,,,,,,,,,
22.447413741000002,506,1.0,0.5479983722462374,0.4153741342050058,,,,,,,,,,,,,,,,
22.451397741,506,1.0,0.5477509218103745,0.41487189398871527,,,,,,,,,,,,,,,,
22.455425741000003,506,1.0,0.5473424687105066,0.41215792055483214,,,,,,,,,,,,,,,,
22.459539741,506,1.0,0.5455083286061007,0.4056754783347801,,,,,,,,,,,,,,,,
22.467374741,506,1.0,0.529262430527631,0.4012317798755787,,,,,,,,,,,,,,,,
22.471376741,506,1.0,0.5222530364990234,0.3984385737666377,,,,,,,,,,,,,,,,
22.475388741,506,1.0,0.516230863683364,0.394849028410735,,,,,,,,,,,,,,,,
22.479442741,506,1.0,0.5150755152982824,0.38847452799479165,,,,,,,,,,,,,,,,
22.487442741000002,507,1.0,0.5109581105849322,0.3839764065212674,,,,,,,,,,,,,,,,
22.491419741,507,1.0,0.5068868188297048,0.3820166693793403,,,,,,,,,,,,,,,,
22.495464741000003,507,1.0,0.5045503728529986,0.3795074462890625,,,,,,,,,,,,,,,,
22.499425741000003,507,1.0,0.503362262950224,0.3799054746274595,,,,,,,,,,,,,,,,
22.507410741,507,1.0,0.5065955554737764,0.37815800419560186,,,,,,,,,,,,,,,,
22.511402741,507,1.0,0.5046648137709674,0.37820219816984957,,,,,,,,,,,,,,,,
22.515572741,507,1.0,0.5048509485581342,0.37708785445601856,,,,,,,,,,,,,,,,
22.519381741,508,1.0,0.505681598887724,0.37610688386140045,,,,,,,,,,,,,,,,
22.527446741000002,508,1.0,0.5072776009054745,0.37638408519603583,,,,,,,,,,,,,,,,
22.531426741,508,1.0,0.5065896090339211,0.37661059344256365,,,,,,,,,,,,,,,,
22.535671741,508,1.0,0.5062737745397231,0.37681398744936345,,,,,,,,,,,,,,,,
22.539420741,508,1.0,0.5064818999346565,0.3769872594762731,,,,,,,,,,,,,,,,
22.547358741,508,1.0,0.5064029693603516,0.3771552756980613,,,,,,,,,,,,,,,,
22.551453741000003,508,1.0,0.5059284322402057,0.37690446641710074,,,,,,,,,,,,,,,,
22.555443741,509,1.0,0.506387430078843,0.37471347384982634,,,,,,,,,,,,,,,,
22.559424741,509,1.0,0.5057610343484318,0.37451380976924187,,,,,,,,,,,,,,,,
22.567436741,509,1.0,0.5052134008968577,0.3743256745515047,,,,,,,,,,,,,,,,
22.571556741000002,509,1.0,0.5059574912576115,0.37484164767795136,,,,,,,,,,,,,,,,
22.575507741000003,509,1.0,0.5040077321669635,0.3741338659215856,,,,,,,,,,,,,,,,
22.579797741,509,1.0,0.5041732227101046,0.3752781055591724,,,,,,,,,,,,,,,,
22.587419741,509,1.0,0.505082410924575,0.37586980749059606,,,,,,,,,,,,,,,,
22.591959741,510,1.0,0.5055734410005457,0.3749280011212385,,,,,,,,,,,,,,,,
22.595539741000003,510,1.0,0.5052691627951229,0.3733707569263599,,,,,,,,,,,,,,,,
22.599372741,510,1.0,0.5043833676506492,0.37366468641493056,,,,,,,,,,,,,,,,
22.607427741000002,510,1.0,0.5039075963637408,0.37391560872395835,,,,,,,,,,,,,,,,
22.611501741,510,1.0,0.5046894410077263,0.3732550161856192,,,,,,,,,,,,,,,,
22.615431741000002,510,1.0,0.5046976874856388,0.3734315095124421,,,,,,,,,,,,,,,,
22.620069741000002,510,1.0,0.5047176585477942,0.37444164134837965,,,,,,,,,,,,,,,,
22.627429741,510,1.0,0.5041357489193187,0.3756628530996817,,,,,,,,,,,,,,,,
22.631617741000003,511,1.0,0.5046723870670095,0.3759437278464989,,,,,,,,,,,,,,,,
22.635432741000002,511,1.0,0.5042350432452034,0.37615695529513893,,,,,,,,,,,,,,,,
22.639652741000003,511,1.0,0.5038895887487075,0.376606920030382,,,,,,,,,,,,,,,,
22.647413741,511,1.0,0.5047541225657743,0.37530319779007526,,,,,,,,,,,,,,,,
22.653032741,511,1.0,0.5054433486040901,0.37489782262731486,,,,,,,,,,,,,,,,
22.655990741,511,1.0,0.5051989274866441,0.37528997350622106,,,,,,,,,,,,,,,,
22.659486741000002,511,1.0,0.5053489348467659,0.3756328441478588,,,,,,,,,,,,,,,,
22.667402741,511,1.0,0.5050454420201919,0.3760748969184028,,,,,,,,,,,,,,,,
22.671601741,511,1.0,0.5048763611737419,0.3759471186885127,,,,,,,,,,,,,,,,
22.675466741,512,1.0,0.5053316565120921,0.37605766013816555,,,,,,,,,,,,,,,,
22.679437741,512,1.0,0.5056943332447725,0.37548709445529516,,,,,,,,,,,,,,,,
22.687424741,512,1.0,0.5050167756922105,0.37542622884114585,,,,,,,,,,,,,,,,
22.691503741000002,512,1.0,0.5028437446145451,0.37574553313078707,,,,,,,,,,,,,,,,
22.695373741,512,1.0,0.5027167376349954,0.37529641610604747,,,,,,,,,,,,,,,,
22.699418741000002,512,1.0,0.502223295323989,0.37435257523148147,,,,,,,,,,,,,,,,
22.707536741000002,512,1.0,0.5021782482371611,0.3744111802842882,,,,,,,,,,,,,,,,
22.711420741,512,1.0,0.5025334638707778,0.3747591371889467,,,,,,,,,,,,,,,,
22.715434741000003,512,1.0,0.5025897306554458,0.374015129937066,,,,,,,,,,,,,,,,
22.719445741,513,1.0,0.5027617847218233,0.3732601589626736,,,,,,,,,,,,,,,,
22.727466741,513,1.0,0.5025047975427964,0.37346903483072913,,,,,,,,,,,,,,,,
22.732127741000003,513,1.0,0.5024633407592773,0.37367836281105327,,,,,,,,,,,,,,,,
22.735489741000002,513,1.0,0.5027666652903837,0.3738090232566551,,,,,,,,,,,,,,,,
22.741061741000003,513,1.0,0.5028353859396542,0.3729981599030672,,,,,,,,,,,,,,,,
22.747403741000003,513,1.0,0.5032113580142751,0.37323868362991897,,,,,,,,,,,,,,,,
22.751389741,513,1.0,0.5029595879947438,0.372682868109809,,,,,,,,,,,,,,,,
22.755462741000002,513,1.0,0.5029255923102883,0.3725485342520255,,,,,,,,,,,,,,,,
22.759398741000002,514,1.0,0.5032069262336282,0.37183820936414935,,,,,,,,,,,,,,,,
22.767396741000002,514,1.0,0.5035785787245807,0.3724797566731771,,,,,,,,,,,,,,,,
22.771384741000002,514,1.0,0.5034385007970473,0.3727589925130208,,,,,,,,,,,,,,,,
22.775488741,514,1.0,0.5035540636848,0.3752552738896122,,,,,,,,,,,,,,,,
22.779417741000003,514,1.0,0.5037578133975759,0.37834223994502314,,,,,,,,,,,,,,,,
22.787697741000002,514,1.0,0.5040817260742188,0.3890299479166667,,,,,,,,,,,,,,,,
22.791383741,514,1.0,0.5054803175084731,0.39195257116247106,,,,,,,,,,,,,,,,
22.795426741,514,1.0,0.5065974067239201,0.39865451388888884,,,,,,,,,,,,,,,,
22.804190741000003,515,1.0,0.5116663540110868,0.40694399233217593,,,,,,,,,,,,,,,,
22.807427741,515,1.0,0.5188291213091683,0.4089496753833912,,,,,,,,,,,,,,,,
22.811507741,515,1.0,0.5313005447387695,0.41329679135923036,,,,,,,,,,,,,,,,
22.815435741,515,1.0,0.5422449672923368,0.4179706714771412,,,,,,,,,,,,,,,,
22.823406741000003,515,1.0,0.5505782295675838,0.4237515484845197,,,,,,,,,,,,,,,,
22.827577741000002,515,1.0,0.5529143389533547,0.4243582831488715,,,,,,,,,,,,,,,,
22.831390741,515,1.0,0.5543031692504883,0.4256884539568866,,,,,,,,,,,,,,,,
22.835418741,515,1.0,0.5557959500481101,0.4242819326895254,,,,,,,,,,,,,,,,
22.843452741,516,1.0,0.5544343275182387,0.42383468062789353,,,,,,,,,,,,,,,,
22.847369741,516,1.0,0.5553610184613396,0.42433239972149883,,,,,,,,,,,,,,,,
22.851452741000003,516,1.0,0.5554499906652114,0.4231328328450521,,,,,,,,,,,,,,,,
22.855451741000003,516,1.0,0.5551070606007296,0.42439654314959496,,,,,,,,,,,,,,,,
22.863404741,516,1.0,0.5570141848395852,0.4261070534035012,,,,,,,,,,,,,,,,
22.867407741,516,1.0,0.5558490192188936,0.4255122997142651,,,,,,,,,,,,,,,,
22.871383741000002,516,1.0,0.5562807531917796,0.4256621749312789,,,,,,,,,,,,,,,,
22.875408741,516,1.0,0.5555575314690085,0.42572343614366315,,,,,,,,,,,,,,,,
22.883371741,517,1.0,0.5527357213637408,0.4258205837673611,,,,,,,,,,,,,,,,
22.887481741000002,517,1.0,0.5562767141005572,0.42464554398148147,,,,,,,,,,,,,,,,
22.891464741,517,1.0,0.5572603450101965,0.42621657760054976,,,,,,,,,,,,,,,,
22.895430741000002,517,1.0,0.5575769087847542,0.4269758436414931,,,,,,,,,,,,,,,,
22.903385741,517,1.0,0.5560821645400104,0.43025591814959496,,,,,,,,,,,,,,,,
22.907623741000002,517,1.0,0.5553979873657227,0.4293442337601273,,,,,,,,,,,,,,,,
22.911387741000002,517,1.0,0.5549764633178711,0.42851472077546293,,,,,,,,,,,,,,,,
22.915434741000002,517,1.0,0.55475134008071,0.42910743995949074,,,,,,,,,,,,,,,,
22.923351741,518,1.0,0.5544047636144301,0.4271864714445891,,,,,,,,,,,,,,,,
22.927382741000002,518,1.0,0.5546483993530273,0.42820321542245365,,,,,,,,,,,,,,,,
22.931410741,518,1.0,0.5542618246639476,0.42987207483362266,,,,,,,,,,,,,,,,
22.935456741000003,518,1.0,0.5539411656996783,0.43022336606626155,,,,,,,,,,,,,,,,
22.943382741,518,1.0,0.5553190567914177,0.4286736947518808,,,,,,,,,,,,,,,,
22.947398741,518,1.0,0.5557482102338005,0.43100676359953705,,,,,,,,,,,,,,,,
22.951382741,518,1.0,0.5561459485222312,0.43070345278139466,,,,,,,,,,,,,,,,
22.955429741,518,1.0,0.5553533329683191,0.42970264576099537,,,,,,,,,,,,,,,,
22.963389741,519,1.0,0.5554513370289522,0.4292549415870949,,,,,,,,,,,,,,,,
22.967439741,519,1.0,0.5566793890560374,0.4288333468967014,,,,,,,,,,,,,,,,
22.971427741000003,519,1.0,0.556553560144761,0.4295483059353299,,,,,,,,,,,,,,,,
22.976676741000002,519,1.0,0.5553312301635742,0.4299240677445023,,,,,,,,,,,,,,,,
22.983418741,519,1.0,0.5555838977589327,0.42959368670428244,,,,,,,,,,,,,,,,
22.987505741,519,1.0,0.5548815446741441,0.42895863850911453,,,,,,,,,,,,,,,,
22.991392741000002,519,1.0,0.5540209377513212,0.42900661892361114,,,,,,,,,,,,,,,,
22.995397741,519,1.0,0.5532650667078355,0.4291300455729167,,,,,,,,,,,,,,,,
23.003368741000003,520,1.0,0.5530300140380859,0.427638527199074,,,,,,,,,,,,,,,,
23.007409741,520,1.0,0.5534713408526253,0.42739642107928244,,,,,,,,,,,,,,,,
23.011428741000003,520,1.0,0.5542150385239545,0.4279013174551505,,,,,,,,,,,,,,,,
23.015423741000003,520,1.0,0.5535400054034065,0.42894886158130785,,,,,,,,,,,,,,,,
23.023400741,520,1.0,0.5543754802030676,0.42996368408203123,,,,,,,,,,,,,,,,
23.027385741,520,1.0,0.553762716405532,0.43029999909577543,,,,,,,,,,,,,,,,
23.031407741000002,520,1.0,0.553840861600988,0.43021890145761,,,,,,,,,,,,,,,,
23.035414741,520,1.0,0.5537074032951804,0.42970484980830437,,,,,,,,,,,,,,,,
23.043374741,521,1.0,0.5536054723403033,0.42948054560908566,,,,,,,,,,,,,,,,
23.047436741000002,521,1.0,0.5531784506405101,0.43004529034649885,,,,,,,,,,,,,,,,
23.051401741000003,521,1.0,0.5531483257518095,0.4313260113751447,,,,,,,,,,,,,,,,
23.055452741,521,1.0,0.5530940224142635,0.4315242626048901,,,,,,,,,,,,,,,,
23.063376741000003,521,1.0,0.5523973913753734,0.432647705078125,,,,,,,,,,,,,,,,
23.067406741000003,521,1.0,0.5520820056690889,0.43215919777199074,,,,,,,,,,,,,,,,
23.071392741,521,1.0,0.552826769211713,0.4318567346643518,,,,,,,,,,,,,,,,
23.075375741000002,521,1.0,0.5542812347412109,0.43137834337022574,,,,,,,,,,,,,,,,
23.083464741,522,1.0,0.5558192870196175,0.43128944679542824,,,,,,,,,,,,,,,,
23.087447741000002,522,1.0,0.5553515378166648,0.4310108891239872,,,,,,,,,,,,,,,,
23.091433741000003,522,1.0,0.5549249649047852,0.4305492259837963,,,,,,,,,,,,,,,,
23.095572741,522,1.0,0.5548765519086052,0.4309739289460359,,,,,,,,,,,,,,,,
23.103415741000003,522,1.0,0.5544133466832778,0.430293556495949,,,,,,,,,,,,,,,,
23.107451741000002,522,1.0,0.5541347615859088,0.4300799899631076,,,,,,,,,,,,,,,,
23.111412741000002,522,1.0,0.5539025699391085,0.4299846507884838,,,,,,,,,,,,,,,,
23.115996741,522,1.0,0.5537287768195657,0.4298646149811921,,,,,,,,,,,,,,,,
23.123443741000003,523,1.0,0.5537692238302792,0.43126096372251155,,,,,,,,,,,,,,,,
23.127775741,523,1.0,0.554349843193503,0.4311084323459201,,,,,,,,,,,,,,,,
23.131415741,523,1.0,0.554089209612678,0.43089113588686345,,,,,,,,,,,,,,,,
23.135476741,523,1.0,0.5539169872508329,0.43059195059317135,,,,,,,,,,,,,,,,
23.143568741000003,523,1.0,0.5535140879013959,0.4304175482855903,,,,,,,,,,,,,,,,
23.147393741000002,523,1.0,0.5535656985114602,0.4305022063078704,,,,,,,,,,,,,,,,
23.151411741,523,1.0,0.5539812200209674,0.430423821343316,,,,,,,,,,,,,,,,
23.155403741,523,1.0,0.5541993309469784,0.4301884969075521,,,,,,,,,,,,,,,,
23.163386741,524,1.0,0.5532852060654584,0.43016216136791086,,,,,,,,,,,,,,,,
23.167425741000002,524,1.0,0.5529440150541418,0.4310014512803819,,,,,,,,,,,,,,,,
23.171407741000003,524,1.0,0.5528882531558766,0.4308989348234954,,,,,,,,,,,,,,,,
23.175495741000002,524,1.0,0.5524640363805434,0.4307589495623553,,,,,,,,,,,,,,,,
23.183425741,524,1.0,0.5527573753805721,0.43036872016059025,,,,,,,,,,,,,,,,
23.187420741,524,1.0,0.5526323318481445,0.43022415726273144,,,,,,,,,,,,,,,,
23.191428741000003,525,1.0,0.5525296716129079,0.4299541332103588,,,,,,,,,,,,,,,,
23.195402741000002,525,1.0,0.5525480719173655,0.42986094156901045,,,,,,,,,,,,,,,,
23.203380741,525,1.0,0.5529555152444279,0.4308020132559317,,,,,,,,,,,,,,,,
23.207642741,525,1.0,0.5529400881598977,0.4313161214192708,,,,,,,,,,,,,,,,
23.211430741,525,1.0,0.5528387181899127,0.43115149603949654,,,,,,,,,,,,,,,,
23.216016741,525,1.0,0.5532519957598518,0.4309453328450521,,,,,,,,,,,,,,,,
23.223442741000003,525,1.0,0.553444974562701,0.4309829146773727,,,,,,,,,,,,,,,,
23.227451741000003,525,1.0,0.5530209821813247,0.4308257491500289,,,,,,,,,,,,,,,,
23.231462741,526,1.0,0.5532278734094956,0.4314847592954283,,,,,,,,,,,,,,,,
23.235426741,526,1.0,0.5535006242639878,0.4314180162217882,,,,,,,,,,,,,,,,
23.243396741,526,1.0,0.5531586478738224,0.4311630249023437,,,,,,,,,,,,,,,,
23.247838741000002,526,1.0,0.5525937921860639,0.4310046160662616,,,,,,,,,,,,,,,,
23.251865741000003,526,1.0,0.5528479183421415,0.4308642917209201,,,,,,,,,,,,,,,,
23.255469741000002,526,1.0,0.5529915865729836,0.43103129069010415,,,,,,,,,,,,,,,,
23.264528741000003,526,1.0,0.5529825547162224,0.430937816478588,,,,,,,,,,,,,,,,
23.267392741000002,526,1.0,0.5524105745203355,0.4308630484121817,,,,,,,,,,,,,,,,
23.271441741,527,1.0,0.5520757226382985,0.4309745506004051,,,,,,,,,,,,,,,,
23.275456741000003,527,1.0,0.551946808310116,0.43086739999276624,,,,,,,,,,,,,,,,
23.283406741,527,1.0,0.5513979406917796,0.43116596363208914,,,,,,,,,,,,,,,,
23.287430741,527,1.0,0.5500864141127643,0.4313013147424769,,,,,,,,,,,,,,,,
23.291450741000002,527,1.0,0.5498090631821576,0.43083450882523144,,,,,,,,,,,,,,,,
23.295426741,527,1.0,0.5498036777271944,0.4304312246817129,,,,,,,,,,,,,,,,
23.303399741,527,1.0,0.5488256566664752,0.4292132342303241,,,,,,,,,,,,,,,,
23.307392741,527,1.0,0.5482666352215935,0.42913462320963547,,,,,,,,,,,,,,,,
23.311431741,528,1.0,0.5476802938124713,0.4284111305519387,,,,,,,,,,,,,,,,
23.315510741,528,1.0,0.5470817229327034,0.42852444118923616,,,,,,,,,,,,,,,,
23.323405741000002,528,1.0,0.5471821953268612,0.42850873028790504,,,,,,,,,,,,,,,,
23.327399741,528,1.0,0.5463273104499368,0.4282832392939815,,,,,,,,,,,,,,,,
23.331429741,528,1.0,0.5463815576889935,0.4273374769422743,,,,,,,,,,,,,,,,
23.335426741000003,528,1.0,0.5460599450504079,0.4274193092628762,,,,,,,,,,,,,,,,
23.343388741000002,528,1.0,0.546142017140108,0.42832432499638307,,,,,,,,,,,,,,,,
23.347428741,528,1.0,0.5462284649119657,0.4283452351888021,,,,,,,,,,,,,,,,
23.351441741000002,528,1.0,0.5458855909459731,0.42824068422670714,,,,,,,,,,,,,,,,
23.355445741,529,1.0,0.5458747078390682,0.42830138029875575,,,,,,,,,,,,,,,,
23.363558741000002,529,1.0,0.5452826443840476,0.42812658239293977,,,,,,,,,,,,,,,,
23.367497741,529,1.0,0.5453090667724609,0.42800880714699074,,,,,,,,,,,,,,,,
23.371434741,529,1.0,0.5455532073974609,0.4279826411494503,,,,,,,,,,,,,,,,
23.375474741,529,1.0,0.5457536472993738,0.4277924714265047,,,,,,,,,,,,,,,,
23.383398741,529,1.0,0.5458605710197898,0.4284910413953993,,,,,,,,,,,,,,,,
23.387434741,529,1.0,0.5458952398861155,0.4275627418800637,,,,,,,,,,,,,,,,
23.391428741000002,529,1.0,0.5449661928064683,0.42681896068431713,,,,,,,,,,,,,,,,
23.395632741,530,1.0,0.5430942423203412,0.42603884096498845,,,,,,,,,,,,,,,,
23.403427741,530,1.0,0.5419905606438132,0.4234809592918113,,,,,,,,,,,,,,,,
23.407438741,530,1.0,0.5415628096636604,0.4200633296260128,,,,,,,,,,,,,,,,
23.411446741000002,530,1.0,0.5406076767865349,0.4165759616427951,,,,,,,,,,,,,,,,
23.415450741,530,1.0,0.5369187523336971,0.414903485333478,,,,,,,,,,,,,,,,
23.423448741,530,1.0,0.523560411789838,0.41423040319372106,,,,,,,,,,,,,,,,
23.427774741,530,1.0,0.5198011959300322,0.41274826614945026,,,,,,,,,,,,,,,,
23.431458741,530,1.0,0.5181225047392004,0.4095688431351273,,,,,,,,,,,,,,,,
23.435415741,530,1.0,0.5155697990866268,0.4064648663556134,,,,,,,,,,,,,,,,
23.443406741,531,1.0,0.5124584085801068,0.4040886207863137,,,,,,,,,,,,,,,,
23.447426741,531,1.0,0.5096010881311753,0.40452863905164926,,,,,,,,,,,,,,,,
23.451411741,531,1.0,0.5108719433055204,0.40365137170862264,,,,,,,,,,,,,,,,
23.455477741000003,531,1.0,0.5099294325884651,0.40369387026186343,,,,,,,,,,,,,,,,
23.463710741,531,1.0,0.5091230729046989,0.4015448111074942,,,,,,,,,,,,,,,,
23.467467741,531,1.0,0.5088171117446002,0.401074614348235,,,,,,,,,,,,,,,,
23.471379741,531,1.0,0.5080021128934973,0.40168632224754053,,,,,,,,,,,,,,,,
23.475406741,531,1.0,0.5095914952895221,0.4023725721571181,,,,,,,,,,,,,,,,
23.483403741,532,1.0,0.5094023311839384,0.4030475192599826,,,,,,,,,,,,,,,,
23.487444741,532,1.0,0.5110115724451402,0.40345803719979745,,,,,,,,,,,,,,,,
23.491443741,532,1.0,0.5112181270823759,0.4034494470666956,,,,,,,,,,,,,,,,
23.495430741,532,1.0,0.5122772665584788,0.4027436433015046,,,,,,,,,,,,,,,,
23.503420741000003,532,1.0,0.5080365012673771,0.4033398098415799,,,,,,,,,,,,,,,,
23.507436741000003,532,1.0,0.508785696590648,0.4023361771195023,,,,,,,,,,,,,,,,
23.511416741,532,1.0,0.5098402359906364,0.4010786833586516,,,,,,,,,,,,,,,,
23.515409741000003,532,1.0,0.5104535607730641,0.4001577871817129,,,,,,,,,,,,,,,,
23.523405741,533,1.0,0.5087693158318015,0.3971927218967014,,,,,,,,,,,,,,,,
23.527446741000002,533,1.0,0.5072390612433938,0.39698876274956596,,,,,,,,,,,,,,,,
23.531438741000002,533,1.0,0.5076076283174402,0.3941274572301794,,,,,,,,,,,,,,,,
23.535740741,533,1.0,0.5060096067540786,0.3890558878580729,,,,,,,,,,,,,,,,
23.543414741000003,533,1.0,0.5073600095861098,0.3812874122902199,,,,,,,,,,,,,,,,
23.547509741000002,533,1.0,0.50544475106632,0.37732238769531246,,,,,,,,,,,,,,,,
23.551402741,533,1.0,0.5041578517240637,0.37422767921730327,,,,,,,,,,,,,,,,
23.555467741,533,1.0,0.50384240991929,0.37480756971571183,,,,,,,,,,,,,,,,
23.563385741,534,1.0,0.5024029787848977,0.37460869683159725,,,,,,,,,,,,,,,,
23.567397741,534,1.0,0.49826711766860066,0.37360353823061343,,,,,,,,,,,,,,,,
23.571484741000003,534,1.0,0.4962462817921358,0.36921697545934606,,,,,,,,,,,,,,,,
23.579831741000003,534,1.0,0.49533524232752185,0.36597696940104163,,,,,,,,,,,,,,,,
23.583468741,534,1.0,0.4956401376163258,0.3673058403862848,,,,,,,,,,,,,,,,
23.587399741000002,534,1.0,0.4932086047004251,0.3675582885742188,,,,,,,,,,,,,,,,
23.591359741,534,1.0,0.4934081470265108,0.3678424976490162,,,,,,,,,,,,,,,,
23.599379741,535,1.0,0.49396587820614085,0.3688031797055845,,,,,,,,,,,,,,,,
23.603383741000002,535,1.0,0.4954194461598116,0.3695764047128183,,,,,,,,,,,,,,,,
23.607405741,535,1.0,0.49388588176054116,0.3701729103370949,,,,,,,,,,,,,,,,
23.611428741,535,1.0,0.49415818382711973,0.37006423385054976,,,,,,,,,,,,,,,,
23.619467741,535,1.0,0.4939401289995979,0.3652505945276331,,,,,,,,,,,,,,,,
23.623389741,535,1.0,0.4933777416453642,0.3664494267216435,,,,,,,,,,,,,,,,
23.627417741000002,535,1.0,0.49268279356115,0.36827646891276045,,,,,,,,,,,,,,,,
23.631381741000002,535,1.0,0.49309680041144877,0.3677477801287615,,,,,,,,,,,,,,,,
23.639383741000003,536,1.0,0.49272582110236673,0.3677563702618635,,,,,,,,,,,,,,,,
23.643525741,536,1.0,0.49375562106861787,0.3670665034541377,,,,,,,,,,,,,,,,
23.647414741000002,536,1.0,0.493625192081227,0.3674418696650752,,,,,,,,,,,,,,,,
23.653589741,536,1.0,0.49400890574735756,0.3667902628580729,,,,,,,,,,,,,,,,
23.659418741000003,536,1.0,0.4938198538387523,0.3681137084960937,,,,,,,,,,,,,,,,
23.663394741,536,1.0,0.4936036502613741,0.36784102828414356,,,,,,,,,,,,,,,,
23.667386741,536,1.0,0.49425798303940716,0.368686760796441,,,,,,,,,,,,,,,,
23.671397741,536,1.0,0.49368824678308826,0.3692355120623553,,,,,,,,,,,,,,,,
23.679398741,537,1.0,0.49540194343118105,0.3699163366247107,,,,,,,,,,,,,,,,
23.683403741000003,537,1.0,0.4949932659373564,0.37053256564670134,,,,,,,,,,,,,,,,
23.687441741,537,1.0,0.4955561020795037,0.3708830656828703,,,,,,,,,,,,,,,,
23.691523741,537,1.0,0.4962342206169577,0.3718128345630787,,,,,,,,,,,,,,,,
23.699899741000003,537,1.0,0.4973146775189568,0.37228873923972805,,,,,,,,,,,,,,,,
23.703391741,537,1.0,0.49714430640725527,0.3728905006691262,,,,,,,,,,,,,,,,
23.707397741,537,1.0,0.4961981492884019,0.37330808286313655,,,,,,,,,,,,,,,,
23.711411741000003,537,1.0,0.49575384925393495,0.3732490256980613,,,,,,,,,,,,,,,,
23.719393741,537,1.0,0.4966715644387638,0.3729065506546586,,,,,,,,,,,,,,,,
23.723388741,538,1.0,0.4957987841437845,0.37251400417751734,,,,,,,,,,,,,,,,
23.727411741,538,1.0,0.4960797253776999,0.37286716037326384,,,,,,,,,,,,,,,,
23.731401741000003,538,1.0,0.49651185204001036,0.3728722466362847,,,,,,,,,,,,,,,,
23.739438741,538,1.0,0.4960963866289924,0.3734723691587095,,,,,,,,,,,,,,,,
23.743419741,538,1.0,0.4959697723388672,0.3733081958912037,,,,,,,,,,,,,,,,
23.747378741000002,538,1.0,0.4953131395227769,0.3737365157515914,,,,,,,,,,,,,,,,
23.751402741,538,1.0,0.4940965876859777,0.37276554814091434,,,,,,,,,,,,,,,,
23.759383741,538,1.0,0.49452933143166933,0.37163888436776615,,,,,,,,,,,,,,,,
23.763374741,539,1.0,0.4946714850033031,0.37145233154296875,,,,,,,,,,,,,,,,
23.767431741000003,539,1.0,0.4950227737426758,0.3719254105179398,,,,,,,,,,,,,,,,
23.771469741,539,1.0,0.49443379570456114,0.3718896936487268,,,,,,,,,,,,,,,,
23.780020741,539,1.0,0.49388907937442555,0.3724500868055556,,,,,,,,,,,,,,,,
23.783615741000002,539,1.0,0.49417736951042623,0.37236237702546293,,,,,,,,,,,,,,,,
23.787364741,539,1.0,0.49445561801686005,0.3720458984375,,,,,,,,,,,,,,,,
23.791404741,539,1.0,0.49479052599738627,0.3721823233145255,,,,,,,,,,,,,,,,
23.799433741,540,1.0,0.4940960827995749,0.3703594066478588,,,,,,,,,,,,,,,,
23.803366741,540,1.0,0.4938352248247932,0.3701161137333623,,,,,,,,,,,,,,,,
23.807384741,540,1.0,0.49358710120705995,0.3698655305085359,,,,,,,,,,,,,,,,
23.811805741,540,1.0,0.4937339670517865,0.36867381908275465,,,,,,,,,,,,,,,,
23.820632741,540,1.0,0.49420715780819163,0.3689993399160879,,,,,,,,,,,,,,,,
23.823442741,540,1.0,0.49436400918399587,0.3691636262116609,,,,,,,,,,,,,,,,
23.827496741,540,1.0,0.4946147133322323,0.36954910843460653,,,,,,,,,,,,,,,,
23.831439741,540,1.0,0.4948238484999713,0.3695762351707176,,,,,,,,,,,,,,,,
23.839472741,541,1.0,0.49433814778047447,0.3697048611111111,,,,,,,,,,,,,,,,
23.843370741,541,1.0,0.49450548957375917,0.36950610125506367,,,,,,,,,,,,,,,,
23.847548741,541,1.0,0.4947215248556698,0.36979211877893514,,,,,,,,,,,,,,,,
23.852489741000003,541,1.0,0.49494030896355123,0.37000116418909146,,,,,,,,,,,,,,,,
23.859595741000003,541,1.0,0.49448248919318705,0.3704096476236979,,,,,,,,,,,,,,,,
23.863750741,541,1.0,0.4940814410938936,0.37058874059606484,,,,,,,,,,,,,,,,
23.871493741000002,541,1.0,0.49451272627886605,0.3704076131184896,,,,,,,,,,,,,,,,
23.879973741,542,1.0,0.494846175698673,0.37073692039207173,,,,,,,,,,,,,,,,
23.883424741000002,542,1.0,0.4949483310475069,0.37089041250723376,,,,,,,,,,,,,,,,
23.887837741000002,542,1.0,0.4943167181576,0.3709406534830729,,,,,,,,,,,,,,,,
23.891469741,542,1.0,0.4944622376385857,0.3709699842664931,,,,,,,,,,,,,,,,
23.899448741,542,1.0,0.49445079354678884,0.3711997703269676,,,,,,,,,,,,,,,,
23.903412741,542,1.0,0.4946378820082721,0.37129895245587385,,,,,,,,,,,,,,,,
23.907381741000002,542,1.0,0.49470677095301013,0.371291662145544,,,,,,,,,,,,,,,,
23.911472741,543,1.0,0.49491652320413027,0.37123333966290506,,,,,,,,,,,,,,,,
23.919399741000003,543,1.0,0.49642417010139017,0.37139050519024885,,,,,,,,,,,,,,,,
23.923387741000003,543,1.0,0.49662141238941865,0.3714632387514467,,,,,,,,,,,,,,,,
23.927445741000003,543,1.0,0.4963616202859318,0.3715650770399306,,,,,,,,,,,,,,,,
23.931389741,543,1.0,0.4964321360868566,0.371281150535301,,,,,,,,,,,,,,,,
23.939372741000003,543,1.0,0.49643668006448183,0.37145928276909723,,,,,,,,,,,,,,,,
23.944197741,543,1.0,0.4973720662734088,0.37158355712890623,,,,,,,,,,,,,,,,
23.947625741000003,543,1.0,0.4970599342794979,0.37116410997178817,,,,,,,,,,,,,,,,
23.951562741,544,1.0,0.496797617743997,0.3712649310076678,,,,,,,,,,,,,,,,
23.959351741000003,544,1.0,0.4964112674488741,0.3709666499385127,,,,,,,,,,,,,,,,
23.963372741,544,1.0,0.49681775710161996,0.37095998128255203,,,,,,,,,,,,,,,,
23.967424741000002,544,1.0,0.49677366368910847,0.37074223271122686,,,,,,,,,,,,,,,,
23.971354741000003,544,1.0,0.49666376674876495,0.3708280210141782,,,,,,,,,,,,,,,,
23.979452741000003,544,1.0,0.4966844670912799,0.37101248281973376,,,,,,,,,,,,,,,,
23.983376741,544,1.0,0.4964294994578642,0.37127250388816546,,,,,,,,,,,,,,,,
23.987375741,544,1.0,0.4964779124540441,0.37127883345992474,,,,,,,,,,,,,,,,
23.991393741000003,545,1.0,0.4965062421910903,0.3707713939525463,,,,,,,,,,,,,,,,
23.999369741000002,545,1.0,0.49674583883846507,0.3704605667679398,,,,,,,,,,,,,,,,
24.003368741000003,545,1.0,0.4967511120964499,0.3698496500651042,,,,,,,,,,,,,,,,
24.007468741,545,1.0,0.4968440672930549,0.37074195014105904,,,,,,,,,,,,,,,,
24.011403741000002,545,1.0,0.4964657390818876,0.3708019680447049,,,,,,,,,,,,,,,,
24.019389741,545,1.0,0.4968699847950655,0.3708491572627315,,,,,,,,,,,,,,,,
24.023430741000002,545,1.0,0.49672267016242533,0.3709354541919849,,,,,,,,,,,,,,,,
24.027408741000002,545,1.0,0.49594637926887064,0.371713708948206,,,,,,,,,,,,,,,,
24.031401741,546,1.0,0.4958958906285903,0.3747917457863137,,,,,,,,,,,,,,,,
24.039403741,546,1.0,0.49571727303897634,0.38154404251663776,,,,,,,,,,,,,,,,
24.043390741000003,546,1.0,0.49748976090375113,0.38454702871817126,,,,,,,,,,,,,,,,
24.047410741,546,1.0,0.49880577536190257,0.3928568522135417,,,,,,,,,,,,,,,,
24.051401741000003,546,1.0,0.502908426172593,0.398377369068287,,,,,,,,,,,,,,,,
24.059361741,546,1.0,0.5177431106567383,0.4057837592230903,,,,,,,,,,,,,,,,
24.063441741000002,546,1.0,0.5223957510555491,0.406450116192853,,,,,,,,,,,,,,,,
24.067394741,546,1.0,0.5305815304026884,0.4094735604745371,,,,,,,,,,,,,,,,
24.071410741,546,1.0,0.5361504835240981,0.4141355161313658,,,,,,,,,,,,,,,,
24.079386741,547,1.0,0.5492519490859088,0.419863043891059,,,,,,,,,,,,,,,,
24.083345741000002,547,1.0,0.5498469857608571,0.420897533275463,,,,,,,,,,,,,,,,
24.087536741,547,1.0,0.551980130812701,0.42221515796802667,,,,,,,,,,,,,,,,
24.092028741,547,1.0,0.5500475378597484,0.42010565863715277,,,,,,,,,,,,,,,,
24.099394741,547,1.0,0.5510785158942727,0.42230818006727433,,,,,,,,,,,,,,,,
24.103475741,547,1.0,0.5505826052497415,0.42159429479528354,,,,,,,,,,,,,,,,
24.107409741,547,1.0,0.5490529116462258,0.42036443639684606,,,,,,,,,,,,,,,,
24.111448741,547,1.0,0.5465254503137925,0.41839023166232636,,,,,,,,,,,,,,,,
24.119399741000002,548,1.0,0.5488450106452493,0.42252005117910885,,,,,,,,,,,,,,,,
24.123433741000003,548,1.0,0.5485378714168773,0.4206895051179109,,,,,,,,,,,,,,,,
24.127402741,548,1.0,0.5487815071554745,0.42118920220269096,,,,,,,,,,,,,,,,
24.131423741000003,548,1.0,0.5464193119722254,0.41915367974175344,,,,,,,,,,,,,,,,
24.139621741000003,548,1.0,0.5495560028973747,0.418197179723669,,,,,,,,,,,,,,,,
24.143409741000003,548,1.0,0.5489914838005515,0.4171874434859665,,,,,,,,,,,,,,,,
24.147413741,548,1.0,0.5493606679579791,0.41767985026041665,,,,,,,,,,,,,,,,
24.151385741000002,549,1.0,0.5479317272410673,0.4182135122793692,,,,,,,,,,,,,,,,
24.159403741000002,549,1.0,0.5455052431891946,0.41727775291160296,,,,,,,,,,,,,,,,
24.163420741000003,549,1.0,0.5462498945348403,0.41866189462167247,,,,,,,,,,,,,,,,
24.167456741000002,549,1.0,0.5444815018597771,0.4177933869538484,,,,,,,,,,,,,,,,
24.171516741,549,1.0,0.5445101681877585,0.4181658709490741,,,,,,,,,,,,,,,,
24.179782741,549,1.0,0.5430939618278953,0.4180692884657118,,,,,,,,,,,,,,,,
24.183427741000003,549,1.0,0.5436225217931411,0.4176031607168692,,,,,,,,,,,,,,,,
24.187448741,549,1.0,0.5434803121230182,0.41843493426287615,,,,,,,,,,,,,,,,
24.191443741,549,1.0,0.5440202600815717,0.4180939850983796,,,,,,,,,,,,,,,,
24.199380741000002,550,1.0,0.5447692310108858,0.4184969866717303,,,,,,,,,,,,,,,,
24.203422741,550,1.0,0.5456486309275907,0.41887269196686916,,,,,,,,,,,,,,,,
24.207412741000002,550,1.0,0.5453255597282859,0.41838085033275463,,,,,,,,,,,,,,,,
24.211619741,550,1.0,0.5440916734583238,0.4179051717122396,,,,,,,,,,,,,,,,
24.219423741,550,1.0,0.5434361626120174,0.41859582971643516,,,,,,,,,,,,,,,,
24.223401741,550,1.0,0.5428593579460593,0.4180659541377315,,,,,,,,,,,,,,,,
24.227433741000002,550,1.0,0.5422022202435661,0.41724706579137727,,,,,,,,,,,,,,,,
24.231367741000003,550,1.0,0.5420682570513558,0.4166390313042535,,,,,,,,,,,,,,,,
24.239367741000002,551,1.0,0.5415586022769704,0.4159956755461516,,,,,,,,,,,,,,,,
24.243349741000003,551,1.0,0.5435773064108456,0.4165488914207176,,,,,,,,,,,,,,,,
24.247454741000002,551,1.0,0.5436743567971623,0.4164229216399016,,,,,,,,,,,,,,,,
24.251905741,551,1.0,0.5431390089147231,0.4164645724826389,,,,,,,,,,,,,,,,
24.259481741000002,551,1.0,0.5474680732278263,0.41779734293619797,,,,,,,,,,,,,,,,
24.263376741000002,551,1.0,0.5487170499913833,0.41830060040509254,,,,,,,,,,,,,,,,
24.267419741,551,1.0,0.548594082103056,0.4185957732024016,,,,,,,,,,,,,,,,
24.271381741000003,551,1.0,0.5500717163085938,0.41935803448712383,,,,,,,,,,,,,,,,
24.279466741,551,1.0,0.5553344838759479,0.4186893604419849,,,,,,,,,,,,,,,,
24.283396741,552,1.0,0.5565377964692957,0.4196063571506077,,,,,,,,,,,,,,,,
24.287398741,552,1.0,0.5598605099846335,0.4208265516493056,,,,,,,,,,,,,,,,
24.291425741,552,1.0,0.5610372879925896,0.4222429628725405,,,,,,,,,,,,,,,,
24.299435741,552,1.0,0.5623182408949908,0.4232079965096933,,,,,,,,,,,,,,,,
24.303412741000002,552,1.0,0.5621818654677447,0.4231517085322627,,,,,,,,,,,,,,,,
24.307430741,552,1.0,0.561897782718434,0.42308411774811916,,,,,,,,,,,,,,,,
24.315410741,552,1.0,0.560455322265625,0.422232903374566,,,,,,,,,,,,,,,,
24.319441741000002,553,1.0,0.5612814847160789,0.42283070882161455,,,,,,,,,,,,,,,,
24.323405741000002,553,1.0,0.5625976113712087,0.4223251907913773,,,,,,,,,,,,,,,,
24.327429741000003,553,1.0,0.5614030501421761,0.42330248797381365,,,,,,,,,,,,,,,,
24.335989741000002,553,1.0,0.5625124538646025,0.42663585521556713,,,,,,,,,,,,,,,,
24.339458741,553,1.0,0.5621546577004826,0.4258930912724248,,,,,,,,,,,,,,,,
24.343416741000002,553,1.0,0.5625661401187673,0.4251321863245081,,,,,,,,,,,,,,,,
24.347450741000003,553,1.0,0.5623612123377183,0.4246397795500578,,,,,,,,,,,,,,,,
24.355410741,554,1.0,0.5651226604686064,0.42390764024522565,,,,,,,,,,,,,,,,
24.359373741000002,554,1.0,0.5651573293349322,0.4234318485966435,,,,,,,,,,,,,,,,
24.363391741,554,1.0,0.5649397232953239,0.42330864800347223,,,,,,,,,,,,,,,,
24.367373741,554,1.0,0.5646179423612707,0.4229061550564236,,,,,,,,,,,,,,,,
24.375496741000003,554,1.0,0.5639882368199965,0.42226946795428244,,,,,,,,,,,,,,,,
24.379876741,554,1.0,0.5638924766989315,0.42190919099030666,,,,,,,,,,,,,,,,
24.383360741,554,1.0,0.5644279928768382,0.42206324824580443,,,,,,,,,,,,,,,,
24.387395741000002,554,1.0,0.5647938111249138,0.4218053181966146,,,,,,,,,,,,,,,,
24.395402741,554,1.0,0.5647390589994543,0.42243505407262727,,,,,,,,,,,,,,,,
24.399363741000002,554,1.0,0.5652011983534869,0.4221598872432002,,,,,,,,,,,,,,,,
24.403366741000003,555,1.0,0.5650111927705652,0.4225171124493634,,,,,,,,,,,,,,,,
24.407406741000003,555,1.0,0.5652246475219727,0.42252649377893514,,,,,,,,,,,,,,,,
24.415588741,555,1.0,0.5646959753597484,0.42206793891059025,,,,,,,,,,,,,,,,
24.419463741,555,1.0,0.5639245650347542,0.422714685510706,,,,,,,,,,,,,,,,
24.423386741,555,1.0,0.5635935278499827,0.42250479239004635,,,,,,,,,,,,,,,,
24.427434741000003,555,1.0,0.5607007531558766,0.4221097027813947,,,,,,,,,,,,,,,,
24.435507741000002,555,1.0,0.5568888047162224,0.4201546563042535,,,,,,,,,,,,,,,,
24.439379741,555,1.0,0.5431209452012006,0.4188166300455729,,,,,,,,,,,,,,,,
24.443407741,556,1.0,0.5290880764231962,0.41877944381148724,,,,,,,,,,,,,,,,
24.447398741,556,1.0,0.5090574937708238,0.4181126912434896,,,,,,,,,,,,,,,,
24.455416741,556,1.0,0.4937351451200597,0.4185445149739583,,,,,,,,,,,,,,,,
24.459476741000003,556,1.0,0.48482176836799173,0.417413330078125,,,,,,,,,,,,,,,,
24.464081741,556,1.0,0.4832756379071404,0.41740581371166086,,,,,,,,,,,,,,,,
24.467529741,556,1.0,0.4829089220832376,0.41743491843894676,,,,,,,,,,,,,,,,
24.475426741000003,556,1.0,0.48677147136015053,0.41737518310546873,,,,,,,,,,,,,,,,
24.479398741,557,1.0,0.4860944186939913,0.417206714771412,,,,,,,,,,,,,,,,
24.483399741000003,557,1.0,0.48572433696073647,0.4167219373914931,,,,,,,,,,,,,,,,
24.487420741,557,1.0,0.48506759194766774,0.4168103253399884,,,,,,,,,,,,,,,,
24.495446741000002,557,1.0,0.4884788288789637,0.41674951623987266,,,,,,,,,,,,,,,,
24.499536741,557,1.0,0.4881310182459214,0.41675821940104163,,,,,,,,,,,,,,,,
24.503450741,557,1.0,0.4852556901819566,0.41667090521918404,,,,,,,,,,,,,,,,
24.507390741000002,557,1.0,0.4852427875294405,0.4166434393988715,,,,,,,,,,,,,,,,
24.515501741,558,1.0,0.486606710097369,0.41634464970341434,,,,,,,,,,,,,,,,
24.519402741,558,1.0,0.4862123377182904,0.4159927933304398,,,,,,,,,,,,,,,,
24.523873741000003,558,1.0,0.48621463775634766,0.4160420735677083,,,,,,,,,,,,,,,,
24.527591741000002,558,1.0,0.484647694756003,0.4151069923683449,,,,,,,,,,,,,,,,
24.535747741,558,1.0,0.48669932870303884,0.4147685298213253,,,,,,,,,,,,,,,,
24.539534741,558,1.0,0.48868151272044463,0.41505358660662617,,,,,,,,,,,,,,,,
24.543406741000002,558,1.0,0.48964937995461855,0.4144914980287905,,,,,,,,,,,,,,,,
24.547401741,558,1.0,0.4884958267211914,0.41356975414134833,,,,,,,,,,,,,,,,
24.555410741000003,559,1.0,0.4898514467127183,0.41208614773220487,,,,,,,,,,,,,,,,
24.559740741000002,559,1.0,0.49090076895321116,0.4121354844835069,,,,,,,,,,,,,,,,
24.563454741,559,1.0,0.491056105669807,0.41186653419777197,,,,,,,,,,,,,,,,
24.568058741,559,1.0,0.4918472065645106,0.4119468406394676,,,,,,,,,,,,,,,,
24.575368741000002,559,1.0,0.4887813680312213,0.4117472895869503,,,,,,,,,,,,,,,,
24.579406741000003,559,1.0,0.48984213436351104,0.4113056889286748,,,,,,,,,,,,,,,,
24.583395741,559,1.0,0.48987489588120403,0.4109920360423901,,,,,,,,,,,,,,,,
24.587393741000003,559,1.0,0.4907948550056009,0.41096298782913776,,,,,,,,,,,,,,,,
24.595442741000003,560,1.0,0.49052075778736787,0.410783612286603,,,,,,,,,,,,,,,,
24.599373741,560,1.0,0.48947979422176585,0.41072235107421873,,,,,,,,,,,,,,,,
24.603407741,560,1.0,0.4902275870828068,0.4107955367476852,,,,,,,,,,,,,,,,
24.607403741000002,560,1.0,0.4915167864631204,0.4106087013527199,,,,,,,,,,,,,,,,
24.615491741000003,560,1.0,0.4903710309196921,0.41129540337456594,,,,,,,,,,,,,,,,
24.619394741,560,1.0,0.4895804349113913,0.41222415500217013,,,,,,,,,,,,,,,,
24.623418741000002,560,1.0,0.48938891466926127,0.4136670147931134,,,,,,,,,,,,,,,,
24.627411741000003,560,1.0,0.48935362871955423,0.4139698169849537,,,,,,,,,,,,,,,,
24.635470741000002,561,1.0,0.4903862336102654,0.4139778984917535,,,,,,,,,,,,,,,,
24.639407741000003,561,1.0,0.49101027320413027,0.4135309855143229,,,,,,,,,,,,,,,,
24.643407741,561,1.0,0.49057478063246784,0.41344875759548616,,,,,,,,,,,,,,,,
24.647454741,561,1.0,0.4913626278147978,0.41365124737774883,,,,,,,,,,,,,,,,
24.655435741,561,1.0,0.4897053662468405,0.41370674415870945,,,,,,,,,,,,,,,,
24.659718741000002,561,1.0,0.49002355687758503,0.41377105712890627,,,,,,,,,,,,,,,,
24.663928741000003,561,1.0,0.4889465780819164,0.41375958478009256,,,,,,,,,,,,,,,,
24.667434741,561,1.0,0.48974985234877644,0.4139506587275752,,,,,,,,,,,,,,,,
24.675450741000002,562,1.0,0.4899769390330595,0.41390640823929403,,,,,,,,,,,,,,,,
24.679553741000003,562,1.0,0.49073948579676013,0.4139997129087095,,,,,,,,,,,,,,,,
24.683392741000002,562,1.0,0.49144256816190834,0.4141787493670428,,,,,,,,,,,,,,,,
24.687458741,562,1.0,0.4916439617381376,0.41456089726200807,,,,,,,,,,,,,,,,
24.695458741000003,562,1.0,0.49034567440257354,0.4133302476671007,,,,,,,,,,,,,,,,
24.699406741,562,1.0,0.488826920004452,0.41449907090928817,,,,,,,,,,,,,,,,
24.703473741,562,1.0,0.48823339798871207,0.4144987318250868,,,,,,,,,,,,,,,,
24.707488741000002,562,1.0,0.4885400884291705,0.4146678218135127,,,,,,,,,,,,,,,,
24.715413741000003,563,1.0,0.48916760612936583,0.4157712018048322,,,,,,,,,,,,,,,,
24.719393741,563,1.0,0.4882648692411535,0.41598058629918977,,,,,,,,,,,,,,,,
24.723400741000003,563,1.0,0.4889356388765223,0.416080955222801,,,,,,,,,,,,,,,,
24.727424741,563,1.0,0.48949230418485756,0.41615007188585074,,,,,,,,,,,,,,,,
24.735539741,563,1.0,0.48931884765625,0.41635420057508676,,,,,,,,,,,,,,,,
24.739412741000002,563,1.0,0.48939211228314566,0.41672199390552667,,,,,,,,,,,,,,,,
24.743379741000002,563,1.0,0.4898499881519991,0.41717710141782405,,,,,,,,,,,,,,,,
24.747398741,563,1.0,0.4901863546932445,0.4175656919126157,,,,,,,,,,,,,,,,
24.755419741,564,1.0,0.4900301764993107,0.41751200358072915,,,,,,,,,,,,,,,,
24.759365741,564,1.0,0.49039504107306986,0.4174605192961516,,,,,,,,,,,,,,,,
24.763375741,564,1.0,0.49071654151467714,0.4175486246744792,,,,,,,,,,,,,,,,
24.767434741000002,564,1.0,0.49106743756462545,0.4179363109447338,,,,,,,,,,,,,,,,
24.775406741,564,1.0,0.4915595335118911,0.41785854763454866,,,,,,,,,,,,,,,,
24.779430741000002,564,1.0,0.4916784062105067,0.4177280567310474,,,,,,,,,,,,,,,,
24.783412741000003,564,1.0,0.49189118778004365,0.4189525462962963,,,,,,,,,,,,,,,,
24.787391741,564,1.0,0.4921290453742532,0.4191561098451968,,,,,,,,,,,,,,,,
24.795438741,564,1.0,0.4919725866878734,0.41904573793764466,,,,,,,,,,,,,,,,
24.799412741,565,1.0,0.4921546262853286,0.4195101702654803,,,,,,,,,,,,,,,,
24.803412741000002,565,1.0,0.49253402036779065,0.41974153871889464,,,,,,,,,,,,,,,,
24.807440741,565,1.0,0.4926732007194968,0.4196730437102141,,,,,,,,,,,,,,,,
24.815450741000003,565,1.0,0.4929338903988109,0.42016013816550923,,,,,,,,,,,,,,,,
24.819600741000002,565,1.0,0.49308277578914866,0.42027983488859955,,,,,,,,,,,,,,,,
24.823416741000003,565,1.0,0.49321657068589153,0.42073963306568285,,,,,,,,,,,,,,,,
24.827393741,565,1.0,0.49335507785572724,0.420768963849103,,,,,,,,,,,,,,,,
24.835377741000002,565,1.0,0.49238087149227366,0.4206174497251157,,,,,,,,,,,,,,,,
24.839394741000003,566,1.0,0.4923234266393325,0.42183933964482057,,,,,,,,,,,,,,,,
24.843393741,566,1.0,0.49241868187399473,0.4219347918475116,,,,,,,,,,,,,,,,
24.847603741,566,1.0,0.49253003737505746,0.42337075692635995,,,,,,,,,,,,,,,,
24.856970741,566,1.0,0.49243977490593405,0.425883314344618,,,,,,,,,,,,,,,,
24.859434741,566,1.0,0.49245649225571575,0.4259544089988426,,,,,,,,,,,,,,,,
24.863534741000002,566,1.0,0.4920165679034065,0.4264081036603009,,,,,,,,,,,,,,,,
24.867371741000003,566,1.0,0.4918995464549345,0.42611699987340856,,,,,,,,,,,,,,,,
24.875459741,566,1.0,0.49215086768655214,0.4267092104311343,,,,,,,,,,,,,,,,
24.879374741000003,567,1.0,0.4922703013700597,0.4265996862340856,,,,,,,,,,,,,,,,
24.883385741,567,1.0,0.4922021978041705,0.42634446885850696,,,,,,,,,,,,,,,,
24.887401741,567,1.0,0.4924958733951344,0.42649490921585653,,,,,,,,,,,,,,,,
24.895514741000003,567,1.0,0.49262473162482767,0.42958504005714704,,,,,,,,,,,,,,,,
24.899453741000002,567,1.0,0.49267325681798596,0.429207526312934,,,,,,,,,,,,,,,,
24.903430741,567,1.0,0.49271291844985066,0.42916881419994213,,,,,,,,,,,,,,,,
24.907408741,567,1.0,0.4927547118243049,0.42923312717013884,,,,,,,,,,,,,,,,
24.915523741,567,1.0,0.4927792268640855,0.4294114289460359,,,,,,,,,,,,,,,,
24.919408741,568,1.0,0.492916555965648,0.4291619760018808,,,,,,,,,,,,,,,,
24.923389741,568,1.0,0.4929892035091625,0.42892591688368054,,,,,,,,,,,,,,,,
24.927477741,568,1.0,0.49307699764476104,0.42883447717737266,,,,,,,,,,,,,,,,
24.935942741,568,1.0,0.49301377464743223,0.42894914415147567,,,,,,,,,,,,,,,,
24.939766741000003,568,1.0,0.4928428425508387,0.428703534161603,,,,,,,,,,,,,,,,
24.943417741,568,1.0,0.4926602980669807,0.428524723759404,,,,,,,,,,,,,,,,
24.947376741000003,568,1.0,0.49260543374454274,0.4283152827510127,,,,,,,,,,,,,,,,
24.955466741000002,568,1.0,0.492644702686983,0.42796173095703127,,,,,,,,,,,,,,,,
24.959397741,569,1.0,0.49269603280460134,0.4278060913085937,,,,,,,,,,,,,,,,
24.963408741000002,569,1.0,0.4922351276173311,0.42763688829210067,,,,,,,,,,,,,,,,
24.967442741000003,569,1.0,0.4921981587129481,0.4275014241536458,,,,,,,,,,,,,,,,
24.975737741000003,569,1.0,0.49181141572840076,0.4277908325195312,,,,,,,,,,,,,,,,
24.979464741,569,1.0,0.4919428544885972,0.42791567201967595,,,,,,,,,,,,,,,,
24.983400741,569,1.0,0.4920974619248334,0.4277759128146701,,,,,,,,,,,,,,,,
24.987436741,569,1.0,0.49215490677777457,0.42800422951027195,,,,,,,,,,,,,,,,
24.995429741000002,569,1.0,0.49190661486457377,0.42798676667390045,,,,,,,,,,,,,,,,
24.999356741000003,570,1.0,0.4919706793392406,0.42785588017216436,,,,,,,,,,,,,,,,
25.003520741000003,570,1.0,0.4920327242682962,0.4277200204354745,,,,,,,,,,,,,,,,
25.007403741,570,1.0,0.49209123499253216,0.4275528519241898,,,,,,,,,,,,,,,,
25.015466741,570,1.0,0.4917771956499885,0.42654300265842016,,,,,,,,,,,,,,,,
25.020761741,570,1.0,0.4916803135591395,0.42645133689597803,,,,,,,,,,,,,,,,
25.023369741000003,570,1.0,0.492060100331026,0.42618249963831023,,,,,,,,,,,,,,,,
25.027411741,570,1.0,0.4921238282147576,0.4256156073676215,,,,,,,,,,,,,,,,
25.035494741,570,1.0,0.4919329250560087,0.42508414939597805,,,,,,,,,,,,,,,,
25.039377741000003,571,1.0,0.4926285463220933,0.42241193983289926,,,,,,,,,,,,,,,,
25.043390741000003,571,1.0,0.4929968890021829,0.41938222249348955,,,,,,,,,,,,,,,,
25.047431741,571,1.0,0.49300535987405214,0.4157162701642072,,,,,,,,,,,,,,,,
25.055546741,571,1.0,0.4946754118975471,0.4063542683919271,,,,,,,,,,,,,,,,
25.059409741000003,571,1.0,0.49894243128159466,0.40179279468677664,,,,,,,,,,,,,,,,
25.063391741,571,1.0,0.5008474237778607,0.39496437355324077,,,,,,,,,,,,,,,,
25.067414741,571,1.0,0.502864164464614,0.38905057553891786,,,,,,,,,,,,,,,,
25.075372741000002,572,1.0,0.5044617933385512,0.3867234406647859,,,,,,,,,,,,,,,,
25.079397741,572,1.0,0.5041052313411937,0.38447531240957755,,,,,,,,,,,,,,,,
25.083406741,572,1.0,0.504153756534352,0.38262600368923616,,,,,,,,,,,,,,,,
25.087426741,572,1.0,0.5039355895098518,0.38477105034722225,,,,,,,,,,,,,,,,
25.095608741000003,572,1.0,0.5053040560554055,0.3848636203342014,,,,,,,,,,,,,,,,
25.099769741000003,572,1.0,0.5050564934225643,0.38581559922960074,,,,,,,,,,,,,,,,
25.103576741,572,1.0,0.5051338532391716,0.38475641321252896,,,,,,,,,,,,,,,,
25.111403741,573,1.0,0.5049640992108513,0.3823238796657986,,,,,,,,,,,,,,,,
25.115508741000003,573,1.0,0.506287182078642,0.3828922413013599,,,,,,,,,,,,,,,,
25.120081741,573,1.0,0.5062211541568532,0.3825885348849827,,,,,,,,,,,,,,,,
25.123381741000003,573,1.0,0.5073881149291992,0.38300685176142935,,,,,,,,,,,,,,,,
25.131487741,573,1.0,0.5078060486737419,0.3828636452003762,,,,,,,,,,,,,,,,
25.135466741000002,573,1.0,0.5076076844159294,0.38192822491681133,,,,,,,,,,,,,,,,
25.139568741,573,1.0,0.5075883304371553,0.381831642433449,,,,,,,,,,,,,,,,
25.143404741,573,1.0,0.5084993138032801,0.38275830304181135,,,,,,,,,,,,,,,,
25.153051741000002,573,1.0,0.5088330998140222,0.3823776810257523,,,,,,,,,,,,,,,,
25.155401741000002,574,1.0,0.5087586010203642,0.38260475441261577,,,,,,,,,,,,,,,,
25.159381741,574,1.0,0.5086090985466453,0.38371412489149304,,,,,,,,,,,,,,,,
25.163479741000003,574,1.0,0.5082141651826746,0.38376221833405666,,,,,,,,,,,,,,,,
25.171446741,574,1.0,0.5078883451573989,0.3830560189706308,,,,,,,,,,,,,,,,
25.175689741000003,574,1.0,0.508124407599954,0.3843306364836516,,,,,,,,,,,,,,,,
25.179406741,574,1.0,0.5081292881685144,0.38527707700376157,,,,,,,,,,,,,,,,
25.183432741,574,1.0,0.5083283256081974,0.3856745402018229,,,,,,,,,,,,,,,,
25.191469741000002,574,1.0,0.5078447566312903,0.3839306301540799,,,,,,,,,,,,,,,,
25.195409741000002,574,1.0,0.5082748076495003,0.3841389408817998,,,,,,,,,,,,,,,,
25.199584741000002,575,1.0,0.5080795288085938,0.3850474039713542,,,,,,,,,,,,,,,,
25.203403741000002,575,1.0,0.5078585568596335,0.38513392695674187,,,,,,,,,,,,,,,,
25.211593741,575,1.0,0.5083447063670439,0.38637949625651047,,,,,,,,,,,,,,,,
25.215618741,575,1.0,0.5086975658641142,0.38706331606264466,,,,,,,,,,,,,,,,
25.219408741000002,575,1.0,0.5084906746359432,0.3870534826208044,,,,,,,,,,,,,,,,
25.223379741000002,575,1.0,0.5083111594705021,0.38681386311848953,,,,,,,,,,,,,,,,
25.232728741000003,575,1.0,0.5079668830422794,0.3875547055844908,,,,,,,,,,,,,,,,
25.235392741000002,576,1.0,0.5081597496481502,0.38720708776403356,,,,,,,,,,,,,,,,
25.239390741,576,1.0,0.5075141121359432,0.3863325896086516,,,,,,,,,,,,,,,,
25.243834741,576,1.0,0.5063241509830251,0.38496670193142357,,,,,,,,,,,,,,,,
25.251707741,576,1.0,0.5061454211964327,0.38541966191044563,,,,,,,,,,,,,,,,
25.255409741,576,1.0,0.5061215793385225,0.38518693712022567,,,,,,,,,,,,,,,,
25.259439741,576,1.0,0.5063236460966223,0.3853800455729167,,,,,,,,,,,,,,,,
25.263451741,576,1.0,0.5066039702471565,0.3857367056387442,,,,,,,,,,,,,,,,
25.271824741000003,576,1.0,0.507237153894761,0.3865402221679688,,,,,,,,,,,,,,,,
25.275473741000003,576,1.0,0.5075238732730641,0.38643612331814237,,,,,,,,,,,,,,,,
25.279377741,577,1.0,0.5068610135246726,0.3849310980902778,,,,,,,,,,,,,,,,
25.283349741000002,577,1.0,0.507084846496582,0.383142994068287,,,,,,,,,,,,,,,,
25.291466741,577,1.0,0.5081714742323932,0.3832511054144965,,,,,,,,,,,,,,,,
25.295412741,577,1.0,0.508294610416188,0.3836361920392072,,,,,,,,,,,,,,,,
25.299399741000002,577,1.0,0.50818291832419,0.3837401213469329,,,,,,,,,,,,,,,,
25.303392741000003,577,1.0,0.5080660090726965,0.38415742097077543,,,,,,,,,,,,,,,,
25.311375741000003,577,1.0,0.5084404664881089,0.38470306396484377,,,,,,,,,,,,,,,,
25.315395741000003,577,1.0,0.5081239588120404,0.38492471200448497,,,,,,,,,,,,,,,,
25.319399741,578,1.0,0.508179832907284,0.38497410526982057,,,,,,,,,,,,,,,,
25.323608741,578,1.0,0.5081253612742704,0.3852831805193866,,,,,,,,,,,,,,,,
25.331419741,578,1.0,0.5079521852381089,0.3857274373372396,,,,,,,,,,,,,,,,
25.335421741,578,1.0,0.507902089287253,0.3855186179832176,,,,,,,,,,,,,,,,
25.339429741,578,1.0,0.5075939402860754,0.38576744927300344,,,,,,,,,,,,,,,,
25.343386741000003,578,1.0,0.5086163913502413,0.38599141438802087,,,,,,,,,,,,,,,,
25.351389741000002,578,1.0,0.5084152221679688,0.38346506754557297,,,,,,,,,,,,,,,,
25.355364741000002,579,1.0,0.5083191815544578,0.38374475549768516,,,,,,,,,,,,,,,,
25.359447741,579,1.0,0.5082053577198702,0.38403015136718754,,,,,,,,,,,,,,,,
25.363444741000002,579,1.0,0.5081287271836225,0.3842637803819444,,,,,,,,,,,,,,,,
25.371939741000002,579,1.0,0.5080915338852826,0.38433391429759833,,,,,,,,,,,,,,,,
25.375424741000003,579,1.0,0.5076197455911076,0.38436770968967016,,,,,,,,,,,,,,,,
25.379441741,579,1.0,0.5091259339276482,0.3839964124891493,,,,,,,,,,,,,,,,
25.383415741,579,1.0,0.5087755988625919,0.3844088519061053,,,,,,,,,,,,,,,,
25.391427741,579,1.0,0.5088063408346737,0.38481411404079857,,,,,,,,,,,,,,,,
25.395423741000002,580,1.0,0.5089737948249368,0.38499868887442135,,,,,,,,,,,,,,,,
25.399378741000003,580,1.0,0.5084860745598289,0.38502869782624416,,,,,,,,,,,,,,,,
25.403363741000003,580,1.0,0.5084094440235811,0.3851828115957755,,,,,,,,,,,,,,,,
25.411428741,580,1.0,0.5079455656163833,0.3850956669560185,,,,,,,,,,,,,,,,
25.417492741,580,1.0,0.5080074983484605,0.3851329662181713,,,,,,,,,,,,,,,,
25.419404741,580,1.0,0.5080143984626321,0.3851068002206308,,,,,,,,,,,,,,,,
25.423439741000003,580,1.0,0.5075743058148552,0.3848588731553819,,,,,,,,,,,,,,,,
25.431418741,580,1.0,0.5076430264641257,0.3850769608109086,,,,,,,,,,,,,,,,
25.435887741000002,581,1.0,0.5076770221485811,0.38520225242332173,,,,,,,,,,,,,,,,
25.439448741000003,581,1.0,0.5076348360847024,0.38490447998046873,,,,,,,,,,,,,,,,
25.443502741000003,581,1.0,0.5075874328613281,0.3850327103226273,,,,,,,,,,,,,,,,
25.451432741,581,1.0,0.5085039699778837,0.3852545279043692,,,,,,,,,,,,,,,,
25.455484741000003,581,1.0,0.5087040732888615,0.3848678588867187,,,,,,,,,,,,,,,,
25.459538741000003,581,1.0,0.5084436080035042,0.3849858601888021,,,,,,,,,,,,,,,,
25.463408741000002,581,1.0,0.5081624423756319,0.3850846467194734,,,,,,,,,,,,,,,,
25.471390741,581,1.0,0.5081069609698128,0.3849300243236401,,,,,,,,,,,,,,,,
25.475415741000003,581,1.0,0.5080262913423426,0.38488317418981477,,,,,,,,,,,,,,,,
25.479386741000003,582,1.0,0.5079811320585363,0.38541553638599535,,,,,,,,,,,,,,,,
25.483414741,582,1.0,0.5077053518856273,0.3854593912760417,,,,,,,,,,,,,,,,
25.491500741000003,582,1.0,0.5088220484116498,0.3855256257233797,,,,,,,,,,,,,,,,
25.495504741,582,1.0,0.5086597554823932,0.38559768111617476,,,,,,,,,,,,,,,,
25.499506741,582,1.0,0.5085673612706801,0.3851189507378472,,,,,,,,,,,,,,,,
25.503406741000003,582,1.0,0.5079830955056583,0.38519925717954284,,,,,,,,,,,,,,,,
25.511400741000003,582,1.0,0.5076667000265682,0.385402199074074,,,,,,,,,,,,,,,,
25.515377741000002,582,1.0,0.5070419311523438,0.38490148473668984,,,,,,,,,,,,,,,,
25.519392741,583,1.0,0.5064381431130802,0.3845188282154225,,,,,,,,,,,,,,,,
25.523356741,583,1.0,0.5066566467285156,0.38450441713686345,,,,,,,,,,,,,,,,
25.531392741,583,1.0,0.5061827266917509,0.38405716507523147,,,,,,,,,,,,,,,,
25.535999741,583,1.0,0.5057792663574219,0.3834404274269386,,,,,,,,,,,,,,,,
25.540014741,583,1.0,0.5059851478127873,0.38349988019024883,,,,,,,,,,,,,,,,
25.543415741,583,1.0,0.5060039408066693,0.3843217072663484,,,,,,,,,,,,,,,,
25.551434741,583,1.0,0.5067382700303021,0.3846060858832465,,,,,,,,,,,,,,,,
25.555511741,583,1.0,0.5067687876084271,0.38467525906032984,,,,,,,,,,,,,,,,
25.559471741000003,584,1.0,0.507083163541906,0.38480642813223376,,,,,,,,,,,,,,,,
25.563409741,584,1.0,0.5078737595502067,0.38489566379123263,,,,,,,,,,,,,,,,
25.571650741000003,584,1.0,0.507446850047392,0.3848856608072917,,,,,,,,,,,,,,,,
25.575497741000003,584,1.0,0.5070378920611214,0.3848527696397569,,,,,,,,,,,,,,,,
25.580012741,584,1.0,0.506917392506319,0.3851060655381945,,,,,,,,,,,,,,,,
25.583793741,584,1.0,0.5068626403808594,0.3849521778247974,,,,,,,,,,,,,,,,
25.592311741000003,584,1.0,0.5060279509600472,0.38492109510633676,,,,,,,,,,,,,,,,
25.595381741,584,1.0,0.506048370810116,0.38495918556495945,,,,,,,,,,,,,,,,
25.599394741,585,1.0,0.5049803677727195,0.38456516972294563,,,,,,,,,,,,,,,,
25.603354741,585,1.0,0.5041234633501839,0.3840918646918403,,,,,,,,,,,,,,,,
25.611397741,585,1.0,0.5044682446648093,0.384822760687934,,,,,,,,,,,,,,,,
25.615428741000002,585,1.0,0.5051939347211052,0.38525034586588547,,,,,,,,,,,,,,,,
25.619469741000003,585,1.0,0.5052816166597254,0.3852872495298032,,,,,,,,,,,,,,,,
25.623367741000003,585,1.0,0.5053649790146771,0.38504604763454864,,,,,,,,,,,,,,,,
25.631388741000002,585,1.0,0.5045038672054515,0.38632128680193867,,,,,,,,,,,,,,,,
25.635463741000002,585,1.0,0.506052578196806,0.38625493932653354,,,,,,,,,,,,,,,,
25.640584741,586,1.0,0.5050894793342141,0.39039527045355904,,,,,,,,,,,,,,,,
25.643356741,586,1.0,0.5050879085765165,0.3942975079571759,,,,,,,,,,,,,,,,
25.651389741000003,586,1.0,0.5056538301355699,0.3987588387948495,,,,,,,,,,,,,,,,
25.655618741,586,1.0,0.5056746987735524,0.40164111102068867,,,,,,,,,,,,,,,,
25.659595741,586,1.0,0.5066657346837661,0.4057634141710069,,,,,,,,,,,,,,,,
25.663510741000003,586,1.0,0.5080289840698242,0.40956313521773724,,,,,,,,,,,,,,,,
25.671433741,586,1.0,0.5088774737189797,0.4188347145363137,,,,,,,,,,,,,,,,
25.675396741,586,1.0,0.510869026184082,0.42195717140480327,,,,,,,,,,,,,,,,
25.679390741000002,586,1.0,0.5109090244068819,0.4246130484121817,,,,,,,,,,,,,,,,
25.683421741,587,1.0,0.5112986845128676,0.43114092791521996,,,,,,,,,,,,,,,,
25.691389741000002,587,1.0,0.5151907415950999,0.42956678602430554,,,,,,,,,,,,,,,,
25.695505741,587,1.0,0.5149660110473633,0.4291380140516493,,,,,,,,,,,,,,,,
25.699455741,587,1.0,0.5151237599989947,0.4296624642831308,,,,,,,,,,,,,,,,
25.703470741,587,1.0,0.5157608144423541,0.42967421920211224,,,,,,,,,,,,,,,,
25.711510741,587,1.0,0.5156909718232996,0.4305147524233217,,,,,,,,,,,,,,,,
25.715414741,587,1.0,0.5158102933098289,0.42951061107494215,,,,,,,,,,,,,,,,
25.719397741,588,1.0,0.5157047159531537,0.4275812784830729,,,,,,,,,,,,,,,,
25.723373741000003,588,1.0,0.5170199450324563,0.42947896321614587,,,,,,,,,,,,,,,,
25.731401741000003,588,1.0,0.5164296767290901,0.42634729456018516,,,,,,,,,,,,,,,,
25.735437741000002,588,1.0,0.5162183537202722,0.4266282258210359,,,,,,,,,,,,,,,,
25.739484741000002,588,1.0,0.5159835254444796,0.4279277095088252,,,,,,,,,,,,,,,,
25.743433741,588,1.0,0.5163846857407514,0.42732057924623845,,,,,,,,,,,,,,,,
25.751420741,589,1.0,0.5160146601059857,0.42623251455801503,,,,,,,,,,,,,,,,
25.755533741,589,1.0,0.5160289091222426,0.4267448707863136,,,,,,,,,,,,,,,,
25.759473741,589,1.0,0.5162073023178998,0.42670615867332173,,,,,,,,,,,,,,,,
25.763439741000003,589,1.0,0.5161229862886316,0.425986565483941,,,,,,,,,,,,,,,,
25.771438741,589,1.0,0.5157996345968807,0.42534874810112844,,,,,,,,,,,,,,,,
25.775426741,589,1.0,0.5156421661376953,0.4265532882125289,,,,,,,,,,,,,,,,
25.779411741,589,1.0,0.5156981524299172,0.42705705430772567,,,,,,,,,,,,,,,,
25.783430741,589,1.0,0.515535691205193,0.4263971399377894,,,,,,,,,,,,,,,,
25.791409741000002,590,1.0,0.5159979988546932,0.42958662245008683,,,,,,,,,,,,,,,,
25.795511741000002,590,1.0,0.5164005055147058,0.42890404595269094,,,,,,,,,,,,,,,,
25.799395741,590,1.0,0.5169135261984432,0.42999493634259256,,,,,,,,,,,,,,,,
25.803432741,590,1.0,0.5170215718886432,0.42906652379918986,,,,,,,,,,,,,,,,
25.811750741,590,1.0,0.5240884107701919,0.42719443992332173,,,,,,,,,,,,,,,,
25.815821741,590,1.0,0.5265275169821346,0.427281810619213,,,,,,,,,,,,,,,,
25.819417741000002,590,1.0,0.5271086412317613,0.426447437427662,,,,,,,,,,,,,,,,
25.823441741,590,1.0,0.5292076784021714,0.42585240116825807,,,,,,,,,,,,,,,,
25.831376741000003,591,1.0,0.5323350569781136,0.4250439114040798,,,,,,,,,,,,,,,,
25.835423741000003,591,1.0,0.5332679187550264,0.42464774802879046,,,,,,,,,,,,,,,,
25.839380741000003,591,1.0,0.5335999657126034,0.4242876406069155,,,,,,,,,,,,,,,,
25.844317741,591,1.0,0.5322998271268957,0.4268487435800058,,,,,,,,,,,,,,,,
25.851523741,591,1.0,0.5308939428890452,0.42636210123697915,,,,,,,,,,,,,,,,
25.855425741,591,1.0,0.5300791684318992,0.42609009919343166,,,,,,,,,,,,,,,,
25.859493741,591,1.0,0.529606819152832,0.4258204142252604,,,,,,,,,,,,,,,,
25.867389741,591,1.0,0.5283253052655388,0.42503712972005203,,,,,,,,,,,,,,,,
25.871406741,591,1.0,0.5278798832612879,0.42477128770616324,,,,,,,,,,,,,,,,
25.875380741,592,1.0,0.5279842825496898,0.4246785481770833,,,,,,,,,,,,,,,,
25.879374741000003,592,1.0,0.5274955525117762,0.4243074205186632,,,,,,,,,,,,,,,,
25.887636741,592,1.0,0.5266324772554285,0.42415432400173614,,,,,,,,,,,,,,,,
25.891458741,592,1.0,0.5262856763951919,0.42386519820601853,,,,,,,,,,,,,,,,
25.895520741000002,592,1.0,0.5259553684907801,0.4238199869791667,,,,,,,,,,,,,,,,
25.899412741000003,592,1.0,0.5256552976720473,0.4235570836950231,,,,,,,,,,,,,,,,
25.907480741,592,1.0,0.5252430859734031,0.42323150634765627,,,,,,,,,,,,,,,,
25.911397741000002,592,1.0,0.5225803150850183,0.4229797928421586,,,,,,,,,,,,,,,,
25.916175741,593,1.0,0.5224240807925954,0.42272514060691546,,,,,,,,,,,,,,,,
25.919398741000002,593,1.0,0.5222345239975873,0.42214892352068867,,,,,,,,,,,,,,,,
25.927426741,593,1.0,0.5219999762142405,0.4218232331452546,,,,,,,,,,,,,,,,
25.931425741,593,1.0,0.5212938645306755,0.42167561848958335,,,,,,,,,,,,,,,,
25.935567741,593,1.0,0.5210393456851735,0.4216252079716435,,,,,,,,,,,,,,,,
25.939429741,593,1.0,0.5207552629358628,0.42156626383463547,,,,,,,,,,,,,,,,
25.947418741,593,1.0,0.5187521541819853,0.4213064688223379,,,,,,,,,,,,,,,,
25.951397741,593,1.0,0.5179301991182215,0.42098388671875,,,,,,,,,,,,,,,,
25.955433741,593,1.0,0.5168789134306067,0.42030029296875004,,,,,,,,,,,,,,,,
25.959388741,594,1.0,0.5159948012408089,0.41977296052155666,,,,,,,,,,,,,,,,
25.967422741,594,1.0,0.5150920082541073,0.41877865261501734,,,,,,,,,,,,,,,,
25.971457741000002,594,1.0,0.5151390187880572,0.4181721440067998,,,,,,,,,,,,,,,,
25.975608741000002,594,1.0,0.5149405423332664,0.4168070475260417,,,,,,,,,,,,,,,,
25.979489741000002,594,1.0,0.5148249794455135,0.4155023080331308,,,,,,,,,,,,,,,,
25.987438741000002,594,1.0,0.5154507019940544,0.4137472647207755,,,,,,,,,,,,,,,,
25.992138741,594,1.0,0.5148131426642922,0.4128296463577835,,,,,,,,,,,,,,,,
25.995415741000002,594,1.0,0.5147133434520048,0.4114971019603588,,,,,,,,,,,,,,,,
25.999450741,595,1.0,0.5147187850054573,0.41117711950231484,,,,,,,,,,,,,,,,
26.007362741,595,1.0,0.5116338168873507,0.41039259168836806,,,,,,,,,,,,,,,,
26.013056741000003,595,1.0,0.511807778302361,0.40946446171513307,,,,,,,,,,,,,,,,
26.015822741,595,1.0,0.5118883357328528,0.4093450475622107,,,,,,,,,,,,,,,,
26.019408741000003,595,1.0,0.5117526895859662,0.40903444643373843,,,,,,,,,,,,,,,,
26.027427741,595,1.0,0.5119491464951459,0.4107828210901331,,,,,,,,,,,,,,,,
26.031461741,595,1.0,0.5120480481316062,0.41089443630642364,,,,,,,,,,,,,,,,
26.035389741000003,595,1.0,0.5123113744399127,0.4114770394784433,,,,,,,,,,,,,,,,
26.039483741,596,1.0,0.5123015572043026,0.4114971584743924,,,,,,,,,,,,,,,,
26.047597741,596,1.0,0.5132515290204216,0.41180210819950813,,,,,,,,,,,,,,,,
26.051416741,596,1.0,0.5136869654935949,0.41187003806785305,,,,,,,,,,,,,,,,
26.055473741,596,1.0,0.5142751581528607,0.41217397054036453,,,,,,,,,,,,,,,,
26.059426741000003,596,1.0,0.5140239491182215,0.41198770028573495,,,,,,,,,,,,,,,,
26.067404741,596,1.0,0.5133471208460191,0.41215238217954286,,,,,,,,,,,,,,,,
26.071414741,596,1.0,0.5135449802174288,0.4121040626808449,,,,,,,,,,,,,,,,
26.075439741,596,1.0,0.5133704017190373,0.41203884548611114,,,,,,,,,,,,,,,,
26.079418741,596,1.0,0.5134178049424115,0.41058863887080443,,,,,,,,,,,,,,,,
26.087385741000002,597,1.0,0.5135075625251321,0.41065261275679976,,,,,,,,,,,,,,,,
26.091447741000003,597,1.0,0.513368662665872,0.4098540129484953,,,,,,,,,,,,,,,,
26.095403741000002,597,1.0,0.513383192174575,0.409885491265191,,,,,,,,,,,,,,,,
26.099472741000003,597,1.0,0.5134102877448586,0.4094069869429977,,,,,,,,,,,,,,,,
26.107392741,597,1.0,0.5131370320039637,0.4095778288664641,,,,,,,,,,,,,,,,
26.111471741000003,597,1.0,0.5133463354671702,0.4091573644567419,,,,,,,,,,,,,,,,
26.115396741,597,1.0,0.5133397719439339,0.4067590784143519,,,,,,,,,,,,,,,,
26.119421741,597,1.0,0.5132157381843118,0.40687142831307865,,,,,,,,,,,,,,,,
26.127401741,598,1.0,0.5131236244650448,0.4048128481264468,,,,,,,,,,,,,,,,
26.131412741000002,598,1.0,0.5128894693711225,0.4035569367585359,,,,,,,,,,,,,,,,
26.135462741,598,1.0,0.5129797879387351,0.4028597231264468,,,,,,,,,,,,,,,,
26.139648741000002,598,1.0,0.5130670771879309,0.4032537954824942,,,,,,,,,,,,,,,,
26.147391741,598,1.0,0.5131084778729607,0.40331240053530093,,,,,,,,,,,,,,,,
26.151410741000003,598,1.0,0.5131366393145393,0.4029507672345197,,,,,,,,,,,,,,,,
26.155406741,598,1.0,0.5129552728989545,0.4024638988353588,,,,,,,,,,,,,,,,
26.159378741,598,1.0,0.5114190157722024,0.40174368399160876,,,,,,,,,,,,,,,,
26.167429741000003,599,1.0,0.5110736173741958,0.40148128933376737,,,,,,,,,,,,,,,,
26.171402741,599,1.0,0.5112051683313706,0.40028579146773724,,,,,,,,,,,,,,,,
26.175426741000003,599,1.0,0.5109470030840706,0.4004587809244792,,,,,,,,,,,,,,,,
26.179677741000003,599,1.0,0.5096440034754136,0.400874611183449,,,,,,,,,,,,,,,,
26.187398741000003,599,1.0,0.5098783829632927,0.4007594920970775,,,,,,,,,,,,,,,,
26.191484741,599,1.0,0.5099945068359375,0.40076147008825236,,,,,,,,,,,,,,,,
26.195472741000003,599,1.0,0.510342654059915,0.4010815090603299,,,,,,,,,,,,,,,,
26.199385741,599,1.0,0.5104275871725643,0.40131915057146994,,,,,,,,,,,,,,,,
26.207411741,600,1.0,0.5107573901905733,0.4018353497540509,,,,,,,,,,,,,,,,
26.211470741000003,600,1.0,0.5106124316944796,0.4020783600983796,,,,,,,,,,,,,,,,
26.217116741,600,1.0,0.5104710635016946,0.40294048168041086,,,,,,,,,,,,,,,,
26.219380741000002,600,1.0,0.5101693658267751,0.4048960932978878,,,,,,,,,,,,,,,,
26.227412741000002,600,1.0,0.5094315023983226,0.40721107765480324,,,,,,,,,,,,,,,,
26.231403741,600,1.0,0.509408109328326,0.40946593108000584,,,,,,,,,,,,,,,,
26.235576741000003,600,1.0,0.5082553975722369,0.4123698481807002,,,,,,,,,,,,,,,,
26.239381741000003,600,1.0,0.5083464454202091,0.4131807680483217,,,,,,,,,,,,,,,,
26.247427741000003,601,1.0,0.5081469030941234,0.41378349021629046,,,,,,,,,,,,,,,,
26.251424741,601,1.0,0.508229648365694,0.4141030770760995,,,,,,,,,,,,,,,,
26.255428741000003,601,1.0,0.5083494747386259,0.41400202998408564,,,,,,,,,,,,,,,,
26.259415741,601,1.0,0.5080396427827722,0.4147430419921875,,,,,,,,,,,,,,,,
26.267457741,601,1.0,0.5082599976483513,0.4153996220341435,,,,,,,,,,,,,,,,
26.271400741,601,1.0,0.5083576651180491,0.4158060709635417,,,,,,,,,,,,,,,,
26.275363741000003,601,1.0,0.5080148472505457,0.41564348008897567,,,,,,,,,,,,,,,,
26.279397741,601,1.0,0.5080810434678021,0.41574983950014466,,,,,,,,,,,,,,,,
26.287504741000003,602,1.0,0.5082837273092831,0.4170211226851852,,,,,,,,,,,,,,,,
26.291393741,602,1.0,0.5082042918485754,0.4169365211769387,,,,,,,,,,,,,,,,
26.295464741,602,1.0,0.5077975217033835,0.41676307960792824,,,,,,,,,,,,,,,,
26.299413741000002,602,1.0,0.5078633813297048,0.41659240722656254,,,,,,,,,,,,,,,,
26.308006741000003,602,1.0,0.5070693072150735,0.4164685284649884,,,,,,,,,,,,,,,,
26.311513741000002,602,1.0,0.5072084875667796,0.4163626776801215,,,,,,,,,,,,,,,,
26.315463741000002,602,1.0,0.5072649787454044,0.4163001731589988,,,,,,,,,,,,,,,,
26.319444741,603,1.0,0.5068864261402803,0.41618104157624425,,,,,,,,,,,,,,,,
26.327468741,603,1.0,0.5069386538337258,0.41642111319082753,,,,,,,,,,,,,,,,
26.331421741000003,603,1.0,0.5065870846019072,0.4161979392722801,,,,,,,,,,,,,,,,
26.335449741,603,1.0,0.5065808015711167,0.4160981920030382,,,,,,,,,,,,,,,,
26.339470741000003,603,1.0,0.5060239118688247,0.4151395444516782,,,,,,,,,,,,,,,,
26.348514741000002,603,1.0,0.5065087711109835,0.415103997124566,,,,,,,,,,,,,,,,
26.352422741,603,1.0,0.5064540189855239,0.4151480780707465,,,,,,,,,,,,,,,,
26.355412741000002,604,1.0,0.5068189957562614,0.4150986848054109,,,,,,,,,,,,,,,,
26.359497741000002,604,1.0,0.5069730983060949,0.41503081145109955,,,,,,,,,,,,,,,,
26.368094741,604,1.0,0.5071179446052102,0.4147129200122974,,,,,,,,,,,,,,,,
26.371402741,604,1.0,0.5060204898609835,0.4146694042064526,,,,,,,,,,,,,,,,
26.375417741000003,604,1.0,0.5060931374044979,0.41485900878906246,,,,,,,,,,,,,,,,
26.379596741,604,1.0,0.5062402276431813,0.41507624873408566,,,,,,,,,,,,,,,,
26.387405741000002,604,1.0,0.5057643441592946,0.41470263445818867,,,,,,,,,,,,,,,,
26.391573741000002,604,1.0,0.505596777972053,0.4150261207863136,,,,,,,,,,,,,,,,
26.396917741000003,605,1.0,0.5064840877757353,0.41496615939670134,,,,,,,,,,,,,,,,
26.399378741000003,605,1.0,0.5065367642570945,0.41498379177517364,,,,,,,,,,,,,,,,
26.407402741000002,605,1.0,0.5066960839664235,0.41647299307364005,,,,,,,,,,,,,,,,
26.411408741000002,605,1.0,0.5075843474444222,0.4163864135742188,,,,,,,,,,,,,,,,
26.416893741000003,605,1.0,0.5076343311982996,0.41633538140190973,,,,,,,,,,,,,,,,
26.419417741,605,1.0,0.5074665406171013,0.4162876270435475,,,,,,,,,,,,,,,,
26.427401741,605,1.0,0.5087206223431755,0.41613260904947913,,,,,,,,,,,,,,,,
26.431448741,605,1.0,0.5081198075238396,0.41621800175419565,,,,,,,,,,,,,,,,
26.435447741,606,1.0,0.5080160814173081,0.41591152615017357,,,,,,,,,,,,,,,,
26.439428741,606,1.0,0.507784226361443,0.4153132120768229,,,,,,,,,,,,,,,,
26.447457741,606,1.0,0.5078142951516544,0.41510286684389464,,,,,,,,,,,,,,,,
26.451432741,606,1.0,0.5074843238381779,0.41464352077907984,,,,,,,,,,,,,,,,
26.455499741,606,1.0,0.5074188008027918,0.4144382618091724,,,,,,,,,,,,,,,,
26.459391741,606,1.0,0.5073356067433077,0.4141868873878761,,,,,,,,,,,,,,,,
26.467477741000003,606,1.0,0.5067255917717429,0.4115438955801505,,,,,,,,,,,,,,,,
26.471402741000002,606,1.0,0.5058254354140338,0.41094835069444446,,,,,,,,,,,,,,,,
26.475419741000003,606,1.0,0.5058874803430894,0.4107721399377894,,,,,,,,,,,,,,,,
26.479408741,607,1.0,0.5057291143080768,0.4105323508933738,,,,,,,,,,,,,,,,
26.487448741,607,1.0,0.505119660321404,0.40961755823206014,,,,,,,,,,,,,,,,
26.491430741000002,607,1.0,0.5051788442275104,0.40957144278067126,,,,,,,,,,,,,,,,
26.495445741,607,1.0,0.5051603878245634,0.40889457420066555,,,,,,,,,,,,,,,,
26.499471741,607,1.0,0.5049278595868278,0.4089434023256655,,,,,,,,,,,,,,,,
26.507432741000002,607,1.0,0.5048957151525161,0.4076681631582755,,,,,,,,,,,,,,,,
26.511426741,607,1.0,0.5046771554385915,0.4075219613534433,,,,,,,,,,,,,,,,
26.515466741,607,1.0,0.5042210186229032,0.4067343252676504,,,,,,,,,,,,,,,,
26.519476741000002,608,1.0,0.504298771128935,0.4062388667353878,,,,,,,,,,,,,,,,
26.527423741000003,608,1.0,0.5044681324678308,0.4063180994104456,,,,,,,,,,,,,,,,
26.531445741000002,608,1.0,0.5038131826064166,0.4062349107530382,,,,,,,,,,,,,,,,
26.535448741000003,608,1.0,0.5039007523480583,0.4061566953305845,,,,,,,,,,,,,,,,
26.539544741,608,1.0,0.5039991490981158,0.40596940782335067,,,,,,,,,,,,,,,,
26.547414741,608,1.0,0.5042905246510225,0.40536346435546877,,,,,,,,,,,,,,,,
26.551388741,608,1.0,0.504048179177677,0.405455638744213,,,,,,,,,,,,,,,,
26.555407741000003,608,1.0,0.5038962083704331,0.40557273582175923,,,,,,,,,,,,,,,,
26.559435741,608,1.0,0.5039802439072553,0.40507529929832176,,,,,,,,,,,,,,,,
26.567426741000002,609,1.0,0.5041152168722713,0.4041067052770544,,,,,,,,,,,,,,,,
26.571467741000003,609,1.0,0.5041174608118394,0.40426692256221064,,,,,,,,,,,,,,,,
26.576404741,609,1.0,0.5046359230490292,0.40399164270471644,,,,,,,,,,,,,,,,
26.579498741000002,609,1.0,0.5044408686020795,0.40409398961950227,,,,,,,,,,,,,,,,
26.587380741,609,1.0,0.5046522477093864,0.4033554077148438,,,,,,,,,,,,,,,,
26.591384741000002,609,1.0,0.5043823017793543,0.40390319824218746,,,,,,,,,,,,,,,,
26.595451741,609,1.0,0.5044414856854607,0.4039050632052952,,,,,,,,,,,,,,,,
26.599398741,609,1.0,0.5057254118077895,0.4040248729564525,,,,,,,,,,,,,,,,
26.607797741000002,610,1.0,0.5057080212761375,0.40417548285590277,,,,,,,,,,,,,,,,
26.611437741000003,610,1.0,0.5056289224063649,0.40418571189597796,,,,,,,,,,,,,,,,
26.615429741000003,610,1.0,0.5046687967637006,0.4044310393156829,,,,,,,,,,,,,,,,
26.619526741,610,1.0,0.5054789711447323,0.40511796739366324,,,,,,,,,,,,,,,,
26.628312741000002,610,1.0,0.505922654095818,0.40529666476779513,,,,,,,,,,,,,,,,
26.631370741,610,1.0,0.5059317420510685,0.40570723922164353,,,,,,,,,,,,,,,,
26.635373741000002,610,1.0,0.5060177971335018,0.4062298244900173,,,,,,,,,,,,,,,,
26.643380741,611,1.0,0.5058534285601448,0.4063017668547454,,,,,,,,,,,,,,,,
26.647436741,611,1.0,0.5047779644236845,0.40633720115379046,,,,,,,,,,,,,,,,
26.651414741,611,1.0,0.5049960192512063,0.4075259173357928,,,,,,,,,,,,,,,,
26.655425741000002,611,1.0,0.5050036486457375,0.40795700638382526,,,,,,,,,,,,,,,,
26.663920741000002,611,1.0,0.5047551323385799,0.40975709138093175,,,,,,,,,,,,,,,,
26.667413741,611,1.0,0.5047942890840418,0.40977828414351847,,,,,,,,,,,,,,,,
26.671373741,611,1.0,0.5049242131850299,0.40990922715928824,,,,,,,,,,,,,,,,
26.675422741000002,611,1.0,0.5051143870634192,0.41047549777560766,,,,,,,,,,,,,,,,
26.683384741,611,1.0,0.5051757027121151,0.4109798855251736,,,,,,,,,,,,,,,,
26.687407741,612,1.0,0.5051193237304688,0.4105121188693577,,,,,,,,,,,,,,,,
26.691441741000002,612,1.0,0.5048843832576976,0.4062843040183738,,,,,,,,,,,,,,,,
26.695435741,612,1.0,0.5049143398509306,0.39161359998914935,,,,,,,,,,,,,,,,
26.705197741000003,612,1.0,0.5050424688002643,0.3688588460286458,,,,,,,,,,,,,,,,
26.709779741000002,612,1.0,0.5065150541417739,0.3636588202582465,,,,,,,,,,,,,,,,
26.711440741,612,1.0,0.5065285738776711,0.35614143654152197,,,,,,,,,,,,,,,,
26.715419741,612,1.0,0.5067648607141831,0.33761274549696185,,,,,,,,,,,,,,,,
26.723377741,613,1.0,0.507631638470818,0.3243129588939525,,,,,,,,,,,,,,,,
26.727419741000002,613,1.0,0.507936814252068,0.3120905558268229,,,,,,,,,,,,,,,,
26.731428741000002,613,1.0,0.5086936389698702,0.30743351689091436,,,,,,,,,,,,,,,,
26.735511741000003,613,1.0,0.5084179709939396,0.30086234763816555,,,,,,,,,,,,,,,,
26.743435741000003,613,1.0,0.5083344964420095,0.2893461439344618,,,,,,,,,,,,,,,,
26.747470741,613,1.0,0.5081133000990924,0.2917967619719328,,,,,,,,,,,,,,,,
26.751399741,613,1.0,0.5075614592608284,0.29138991744429976,,,,,,,,,,,,,,,,
26.755418741000003,613,1.0,0.5061759948730469,0.28951246473524306,,,,,,,,,,,,,,,,
26.763393741,614,1.0,0.5057621563182157,0.28569855866608795,,,,,,,,,,,,,,,,
26.767425741,614,1.0,0.5055967218735639,0.2878133138020833,,,,,,,,,,,,,,,,
26.771437741000003,614,1.0,0.5056141685037052,0.2929564864547164,,,,,,,,,,,,,,,,
26.775431741000002,614,1.0,0.5026590122896082,0.28994649251302085,,,,,,,,,,,,,,,,
26.783412741000003,614,1.0,0.5023676367367015,0.2863004896375868,,,,,,,,,,,,,,,,
26.787420741000002,614,1.0,0.5024378720451804,0.28690021656177667,,,,,,,,,,,,,,,,
26.791429741,614,1.0,0.5025878794053021,0.2878800003616898,,,,,,,,,,,,,,,,
26.795405741000003,614,1.0,0.5026461096370921,0.28794725206163196,,,,,,,,,,,,,,,,
26.803411741,614,1.0,0.5035555783440085,0.2884483619972512,,,,,,,,,,,,,,,,
26.807407741000002,615,1.0,0.5029342875761145,0.28890403464988423,,,,,,,,,,,,,,,,
26.811427741000003,615,1.0,0.5030028399299172,0.2895463731553819,,,,,,,,,,,,,,,,
26.815415741000002,615,1.0,0.503021240234375,0.28989489520037615,,,,,,,,,,,,,,,,
26.823409741000003,615,1.0,0.5024061763987822,0.28933269359447333,,,,,,,,,,,,,,,,
26.827428741000002,615,1.0,0.5022630130543428,0.2837950529875579,,,,,,,,,,,,,,,,
26.831459741000003,615,1.0,0.5026647904339958,0.28254863597728586,,,,,,,,,,,,,,,,
26.835422741000002,615,1.0,0.5044424954582664,0.2788421065719039,,,,,,,,,,,,,,,,
26.843403741000003,615,1.0,0.5022188074448529,0.2750465675636574,,,,,,,,,,,,,,,,
26.847441741,616,1.0,0.5011189965640798,0.2712500113028067,,,,,,,,,,,,,,,,
26.851419741,616,1.0,0.498264424941119,0.26318981029369215,,,,,,,,,,,,,,,,
26.855436741000002,616,1.0,0.495422082788804,0.2572838112160012,,,,,,,,,,,,,,,,
26.863635741000003,616,1.0,0.4908590316772461,0.2511974193431713,,,,,,,,,,,,,,,,
26.867384741000002,616,1.0,0.49037619198069854,0.24907452618634263,,,,,,,,,,,,,,,,
26.871435741000003,616,1.0,0.4899798561544979,0.24858347574869788,,,,,,,,,,,,,,,,
26.877257741,616,1.0,0.49047015695010915,0.2519526163736979,,,,,,,,,,,,,,,,
26.883445741000003,616,1.0,0.4889739541446461,0.2559521710431134,,,,,,,,,,,,,,,,
26.887396741000003,617,1.0,0.48953600490794463,0.2537769458912037,,,,,,,,,,,,,,,,
26.891444741,617,1.0,0.4891050002154182,0.25173814561631946,,,,,,,,,,,,,,,,
26.895420741000002,617,1.0,0.4880977518418256,0.24937981499565975,,,,,,,,,,,,,,,,
26.903559741000002,617,1.0,0.4869117736816406,0.2510936030635127,,,,,,,,,,,,,,,,
26.907426741000002,617,1.0,0.48680827196906595,0.25259563304759836,,,,,,,,,,,,,,,,
26.911405741000003,617,1.0,0.4870634639964384,0.25303593388310186,,,,,,,,,,,,,,,,
26.915383741000003,617,1.0,0.4875659381642061,0.25406550654658566,,,,,,,,,,,,,,,,
26.923376741000002,618,1.0,0.4867546418133904,0.2542770385742188,,,,,,,,,,,,,,,,
26.927389741000002,618,1.0,0.48714957517736096,0.2554416797779224,,,,,,,,,,,,,,,,
26.931416741000003,618,1.0,0.48673410976634307,0.25730257387514466,,,,,,,,,,,,,,,,
26.936085741000003,618,1.0,0.4868290845085593,0.2552853619610822,,,,,,,,,,,,,,,,
26.943838741,618,1.0,0.4871981564690085,0.2516052811234085,,,,,,,,,,,,,,,,
26.948037741,618,1.0,0.48742350410012636,0.25294782850477426,,,,,,,,,,,,,,,,
26.951474741000002,618,1.0,0.48775459738338695,0.25449608696831594,,,,,,,,,,,,,,,,
26.955373741000002,618,1.0,0.48816922131706686,0.25534424958405666,,,,,,,,,,,,,,,,
26.964992741000003,619,1.0,0.48896004171932445,0.25598562735098385,,,,,,,,,,,,,,,,
26.967467741,619,1.0,0.48909523907829733,0.2572746559425637,,,,,,,,,,,,,,,,
26.971413741000003,619,1.0,0.4893764608046588,0.25768986454716436,,,,,,,,,,,,,,,,
26.975628741,619,1.0,0.4896396188174977,0.25766341597945597,,,,,,,,,,,,,,,,
26.983461741000003,619,1.0,0.4894993164960076,0.2595965350115741,,,,,,,,,,,,,,,,
26.987387741000003,619,1.0,0.48964668722713695,0.2606057626229745,,,,,,,,,,,,,,,,
26.991506741000002,619,1.0,0.49074599322150736,0.2607178299515336,,,,,,,,,,,,,,,,
26.995413741,619,1.0,0.4909011616426356,0.2594763296621817,,,,,,,,,,,,,,,,
27.003396741000003,620,1.0,0.49117323931525736,0.2609773423936632,,,,,,,,,,,,,,,,
27.007403741,620,1.0,0.4917615441715016,0.26205359564887154,,,,,,,,,,,,,,,,
27.011429741,620,1.0,0.49215249454273896,0.2625467936197917,,,,,,,,,,,,,,,,
27.016723741000003,620,1.0,0.4917173946605009,0.26210954454210067,,,,,,,,,,,,,,,,
27.023627741000002,620,1.0,0.49188821456011605,0.2600246853298611,,,,,,,,,,,,,,,,
27.027474741000002,620,1.0,0.4921851438634536,0.2596285784686053,,,,,,,,,,,,,,,,
27.031573741000003,620,1.0,0.4935508615830365,0.26085979320384833,,,,,,,,,,,,,,,,
27.035763741,620,1.0,0.4939146602855009,0.26241455078125,,,,,,,,,,,,,,,,
27.043400741000003,621,1.0,0.49432793785544005,0.2642817179361979,,,,,,,,,,,,,,,,
27.047438741,621,1.0,0.4954073288861443,0.2651705141420717,,,,,,,,,,,,,,,,
27.051415741000003,621,1.0,0.4960497126859777,0.2660270408347801,,,,,,,,,,,,,,,,
27.055427741000003,621,1.0,0.49617183909696694,0.26597725197120947,,,,,,,,,,,,,,,,
27.063450741,621,1.0,0.4966257880715763,0.26723983199508106,,,,,,,,,,,,,,,,
27.067379741000003,621,1.0,0.4967823028564453,0.2659287629304109,,,,,,,,,,,,,,,,
27.071415741000003,621,1.0,0.49767791523652916,0.26661552146629053,,,,,,,,,,,,,,,,
27.075398741,621,1.0,0.49718671686509075,0.26622947410300923,,,,,,,,,,,,,,,,
27.083368741,622,1.0,0.49854598325841565,0.2675724735966435,,,,,,,,,,,,,,,,
27.087991741000003,622,1.0,0.4987194958855124,0.2681661535192419,,,,,,,,,,,,,,,,
27.091608741,622,1.0,0.4985797545489143,0.26864629674840856,,,,,,,,,,,,,,,,
27.095434741000002,622,1.0,0.4985252268174115,0.26838248923972796,,,,,,,,,,,,,,,,
27.103403741,622,1.0,0.4990798725801356,0.2690949051468461,,,,,,,,,,,,,,,,
27.107367741,622,1.0,0.49910926818847656,0.26917707655164935,,,,,,,,,,,,,,,,
27.111393741,622,1.0,0.49845274756936464,0.2689773559570312,,,,,,,,,,,,,,,,
27.115552741000002,622,1.0,0.4986279431511374,0.2694140964084202,,,,,,,,,,,,,,,,
27.123370741000002,623,1.0,0.4985660665175494,0.26997725875289347,,,,,,,,,,,,,,,,
27.127390741000003,623,1.0,0.5001973544850069,0.2702123571325231,,,,,,,,,,,,,,,,
27.131457741000002,623,1.0,0.5001292509191176,0.270520415129485,,,,,,,,,,,,,,,,
27.135409741,623,1.0,0.5000637278837317,0.27077862774884254,,,,,,,,,,,,,,,,
27.143486741,623,1.0,0.5020442289464614,0.27119926170066555,,,,,,,,,,,,,,,,
27.147372741,623,1.0,0.5020345239078298,0.27144701922381365,,,,,,,,,,,,,,,,
27.151467741,623,1.0,0.50187806522145,0.27164159704137736,,,,,,,,,,,,,,,,
27.155398741000003,623,1.0,0.5018469866584329,0.2728435375072338,,,,,,,,,,,,,,,,
27.163386741,624,1.0,0.5016240512623507,0.276807940447772,,,,,,,,,,,,,,,,
27.167405741000003,624,1.0,0.5024945315192727,0.27734386302806713,,,,,,,,,,,,,,,,
27.171429741,624,1.0,0.5029333339017981,0.27829759385850694,,,,,,,,,,,,,,,,
27.177042741,624,1.0,0.5027755288516774,0.2806303801359954,,,,,,,,,,,,,,,,
27.183417741000003,624,1.0,0.5026191262637868,0.2836511117440683,,,,,,,,,,,,,,,,
27.187548741,624,1.0,0.5025003096636604,0.2863846390335648,,,,,,,,,,,,,,,,
27.191390741000003,624,1.0,0.5033613092759076,0.28749310528790506,,,,,,,,,,,,,,,,
27.195436741,624,1.0,0.5032239801743451,0.2878516868308738,,,,,,,,,,,,,,,,
27.203403741000002,625,1.0,0.5032510757446289,0.28861581307870365,,,,,,,,,,,,,,,,
27.207471741000003,625,1.0,0.5037088955149931,0.28906758626302087,,,,,,,,,,,,,,,,
27.211451741,625,1.0,0.5039245381074793,0.2892432883933739,,,,,,,,,,,,,,,,
27.215450741,625,1.0,0.5038074605605182,0.2899866739908854,,,,,,,,,,,,,,,,
27.223420741,625,1.0,0.5045756171731388,0.29058091905381944,,,,,,,,,,,,,,,,
27.227408741,625,1.0,0.5044542200425092,0.29102121988932295,,,,,,,,,,,,,,,,
27.231409741,625,1.0,0.5043161616605871,0.2910590277777778,,,,,,,,,,,,,,,,
27.235389741000002,626,1.0,0.5048626170438879,0.2918929488570602,,,,,,,,,,,,,,,,
27.243393741000002,626,1.0,0.5054211897008559,0.29327392578125,,,,,,,,,,,,,,,,
27.247395741000002,626,1.0,0.5054468267104205,0.29352806939019094,,,,,,,,,,,,,,,,
27.251377741000002,626,1.0,0.5056991577148438,0.2946870026765046,,,,,,,,,,,,,,,,
27.255434741000002,626,1.0,0.505794412949506,0.2958349157262732,,,,,,,,,,,,,,,,
27.263496741,626,1.0,0.5050212635713465,0.30192215530960653,,,,,,,,,,,,,,,,
27.267372741000003,626,1.0,0.5051327873678768,0.30776672363281254,,,,,,,,,,,,,,,,
27.271390741,626,1.0,0.5054000405704274,0.3107977407949942,,,,,,,,,,,,,,,,
27.275551741,626,1.0,0.5053382200353286,0.3178144666883681,,,,,,,,,,,,,,,,
27.283350741000003,627,1.0,0.5051458583158606,0.33500880488642937,,,,,,,,,,,,,,,,
27.287414741000003,627,1.0,0.5051730099846335,0.34619869656032987,,,,,,,,,,,,,,,,
27.291443741000002,627,1.0,0.5050593544455135,0.3599202473958333,,,,,,,,,,,,,,,,
27.295451741,627,1.0,0.5057516098022461,0.3694390756112558,,,,,,,,,,,,,,,,
27.303391741000002,627,1.0,0.505824089050293,0.3748669094509549,,,,,,,,,,,,,,,,
27.307426741,627,1.0,0.505700896768009,0.3800844545717592,,,,,,,,,,,,,,,,
27.311395741000002,627,1.0,0.5053956648882698,0.3868480541087963,,,,,,,,,,,,,,,,
27.315386741,627,1.0,0.5057550879085765,0.3857075443974247,,,,,,,,,,,,,,,,
27.323378741000003,628,1.0,0.5060533074771657,0.38248630099826386,,,,,,,,,,,,,,,,
27.327411741000002,628,1.0,0.5067170648013845,0.38630857114438655,,,,,,,,,,,,,,,,
27.331453741,628,1.0,0.5078504786771887,0.38598039415147567,,,,,,,,,,,,,,,,
27.335473741,628,1.0,0.5077605527990005,0.3874434859664352,,,,,,,,,,,,,,,,
27.344728741,628,1.0,0.507424466750201,0.39261593288845487,,,,,,,,,,,,,,,,
27.347409741000003,628,1.0,0.5067462360157686,0.3882293701171875,,,,,,,,,,,,,,,,
27.351515741,628,1.0,0.505439982694738,0.3874001962167245,,,,,,,,,,,,,,,,
27.355437741000003,628,1.0,0.5024300182566923,0.3863865039966724,,,,,,,,,,,,,,,,
27.363391741,628,1.0,0.5023098552928251,0.3891429759837963,,,,,,,,,,,,,,,,
27.367415741000002,629,1.0,0.5023368386661305,0.3905249701605903,,,,,,,,,,,,,,,,
27.371434741,629,1.0,0.5020129259894875,0.3870450055157697,,,,,,,,,,,,,,,,
27.375398741,629,1.0,0.5015680088716394,0.38464943214699077,,,,,,,,,,,,,,,,
27.383391741,629,1.0,0.501585792092716,0.3863306681315104,,,,,,,,,,,,,,,,
27.387439741,629,1.0,0.4997517080867992,0.3882097032335069,,,,,,,,,,,,,,,,
27.391388741,629,1.0,0.500356113209444,0.38849747269241897,,,,,,,,,,,,,,,,
27.395417741000003,629,1.0,0.49980786267448873,0.3868904961480035,,,,,,,,,,,,,,,,
27.403373741000003,629,1.0,0.49907420663272634,0.38491973876953123,,,,,,,,,,,,,,,,
27.407407741,630,1.0,0.4972559984992532,0.3869732326931423,,,,,,,,,,,,,,,,
27.411480741000002,630,1.0,0.49736718570484834,0.3910816333912037,,,,,,,,,,,,,,,,
27.419433741000002,630,1.0,0.49710240083582263,0.38973863389756946,,,,,,,,,,,,,,,,
27.423908741,630,1.0,0.495698143454159,0.3908675582320602,,,,,,,,,,,,,,,,
27.428961741000002,630,1.0,0.49588489532470703,0.39183112250434027,,,,,,,,,,,,,,,,
27.431534741,630,1.0,0.4961845173555262,0.39087846544053817,,,,,,,,,,,,,,,,
27.439368741000003,630,1.0,0.4967180700863109,0.38686856870298036,,,,,,,,,,,,,,,,
27.443356741000002,631,1.0,0.496151699739344,0.3848364370840567,,,,,,,,,,,,,,,,
27.447389741000002,631,1.0,0.4964147455552045,0.3878547951027199,,,,,,,,,,,,,,,,
27.451433741000002,631,1.0,0.496519313139074,0.38797929551866317,,,,,,,,,,,,,,,,
27.459606741,631,1.0,0.49643544589771943,0.39321181685836226,,,,,,,,,,,,,,,,
27.463505741000002,631,1.0,0.49654495014863853,0.39185429325810184,,,,,,,,,,,,,,,,
27.467434741,631,1.0,0.4966435151941636,0.39101816813151047,,,,,,,,,,,,,,,,
27.471382741000003,631,1.0,0.4967450534596163,0.3910077130353009,,,,,,,,,,,,,,,,
27.479337741000002,631,1.0,0.4966207953060375,0.39177873399522567,,,,,,,,,,,,,,,,
27.483389741000003,631,1.0,0.49672261406393614,0.3928633513274016,,,,,,,,,,,,,,,,
27.487388741,632,1.0,0.49642287983613853,0.3924016316731771,,,,,,,,,,,,,,,,
27.491414741000003,632,1.0,0.4965077007518095,0.3930166739004629,,,,,,,,,,,,,,,,
27.499441741000002,632,1.0,0.4965013616225299,0.391013420952691,,,,,,,,,,,,,,,,
27.503409741000002,632,1.0,0.4963529250201057,0.3926237318250868,,,,,,,,,,,,,,,,
27.507404741000002,632,1.0,0.4962405597462374,0.39475142867476853,,,,,,,,,,,,,,,,
27.511385741,632,1.0,0.4957407783059513,0.3940091168438947,,,,,,,,,,,,,,,,
27.519502741,632,1.0,0.49570100447710824,0.39429050021701384,,,,,,,,,,,,,,,,
27.523403741000003,633,1.0,0.4957960914163029,0.39306521945529516,,,,,,,,,,,,,,,,
27.527445741,633,1.0,0.49555312885957603,0.39243192319516784,,,,,,,,,,,,,,,,
27.531448741000002,633,1.0,0.49562515931970935,0.3919503106011285,,,,,,,,,,,,,,,,
27.539443741000003,633,1.0,0.4954555174883674,0.3924511379665798,,,,,,,,,,,,,,,,
27.543597741000003,633,1.0,0.4955464531393612,0.394686041937934,,,,,,,,,,,,,,,,
27.547424741,633,1.0,0.49419234780704274,0.3944999412254051,,,,,,,,,,,,,,,,
27.551370741000003,633,1.0,0.4943210377412684,0.3933234320746528,,,,,,,,,,,,,,,,
27.559453741000002,634,1.0,0.49480797262752757,0.39144388834635413,,,,,,,,,,,,,,,,
27.563417741000002,634,1.0,0.49491265240837545,0.39179840087890627,,,,,,,,,,,,,,,,
27.567392741000003,634,1.0,0.4950095905977137,0.3908889770507813,,,,,,,,,,,,,,,,
27.571426741000003,634,1.0,0.49534057168399587,0.39068660029658564,,,,,,,,,,,,,,,,
27.579419741000002,634,1.0,0.4950265323414522,0.391623772515191,,,,,,,,,,,,,,,,
27.583433741,634,1.0,0.4947396446676815,0.39091796874999996,,,,,,,,,,,,,,,,
27.587655741000003,634,1.0,0.49492493797751036,0.3906995985243056,,,,,,,,,,,,,,,,
27.591410741,634,1.0,0.4949987074908088,0.39060572871455435,,,,,,,,,,,,,,,,
27.599420741000003,635,1.0,0.49533810335047107,0.39016542787905095,,,,,,,,,,,,,,,,
27.603394741000002,635,1.0,0.4954087313483743,0.39058323612919565,,,,,,,,,,,,,,,,
27.607420741000002,635,1.0,0.49605661280014934,0.39022991039134836,,,,,,,,,,,,,,,,
27.611471741000003,635,1.0,0.49588534411262064,0.389491950141059,,,,,,,,,,,,,,,,
27.619442741,635,1.0,0.49622580584357767,0.3914373327184606,,,,,,,,,,,,,,,,
27.623523741000003,635,1.0,0.49637648638556986,0.3926083600079572,,,,,,,,,,,,,,,,
27.627403741000002,635,1.0,0.4964009453268612,0.3936728018301504,,,,,,,,,,,,,,,,
27.631380741,635,1.0,0.4958249260397518,0.39321825945818867,,,,,,,,,,,,,,,,
27.639414741000003,636,1.0,0.4959710065056296,0.39283854166666665,,,,,,,,,,,,,,,,
27.643496741000003,636,1.0,0.49646714154411764,0.39270386872468166,,,,,,,,,,,,,,,,
27.647387741000003,636,1.0,0.496793971342199,0.39429660373263886,,,,,,,,,,,,,,,,
27.651422741,636,1.0,0.49688299964455995,0.3946419609917535,,,,,,,,,,,,,,,,
27.659420741,636,1.0,0.4977284038768095,0.3953695791739005,,,,,,,,,,,,,,,,
27.663551741000003,636,1.0,0.49785787918988395,0.39720820674189816,,,,,,,,,,,,,,,,
27.667394741000003,636,1.0,0.4979267120361328,0.3975899590386285,,,,,,,,,,,,,,,,
27.671459741000003,636,1.0,0.49907516030704274,0.3969603927047164,,,,,,,,,,,,,,,,
27.679400741000002,637,1.0,0.5004080043119543,0.3974035192418981,,,,,,,,,,,,,,,,
27.683408741,637,1.0,0.5003146003274357,0.3971241703739873,,,,,,,,,,,,,,,,
27.687433741000003,637,1.0,0.5004606246948242,0.39700814706307874,,,,,,,,,,,,,,,,
27.691418741000003,637,1.0,0.5006407008451574,0.3967063621238426,,,,,,,,,,,,,,,,
27.699459741000002,637,1.0,0.5005380406099207,0.39569306550202543,,,,,,,,,,,,,,,,
27.703371741,637,1.0,0.5004494049969841,0.3963161892361111,,,,,,,,,,,,,,,,
27.707372741,637,1.0,0.5001311021692613,0.39739340322989003,,,,,,,,,,,,,,,,
27.711415741000003,637,1.0,0.5000631668988396,0.39808553059895835,,,,,,,,,,,,,,,,
27.719426741000003,638,1.0,0.5005875194773954,0.4003977457682292,,,,,,,,,,,,,,,,
27.723391741,638,1.0,0.500036407919491,0.4001713505497685,,,,,,,,,,,,,,,,
27.727475741000003,638,1.0,0.4998332752900965,0.40035247802734375,,,,,,,,,,,,,,,,
27.731405741000003,638,1.0,0.4998156603644876,0.4000197233977141,,,,,,,,,,,,,,,,
27.739396741,638,1.0,0.49986037086038027,0.39943429452401624,,,,,,,,,,,,,,,,
27.743482741,638,1.0,0.49956170250387755,0.39897681342230906,,,,,,,,,,,,,,,,
27.747370741,638,1.0,0.4996127521290499,0.4001259132667824,,,,,,,,,,,,,,,,
27.751434741,638,1.0,0.4996508991017061,0.4000365645797165,,,,,,,,,,,,,,,,
27.759411741,639,1.0,0.4996501137228573,0.4027216028284144,,,,,,,,,,,,,,,,
27.763393741,639,1.0,0.5004100799560547,0.4035660355179398,,,,,,,,,,,,,,,,
27.767418741,639,1.0,0.49986912222469554,0.4031494705765336,,,,,,,,,,,,,,,,
27.771416741000003,639,1.0,0.49973880543428306,0.4031500922309028,,,,,,,,,,,,,,,,
27.779451741000003,639,1.0,0.5007011189180262,0.4031880131474248,,,,,,,,,,,,,,,,
27.783424741,639,1.0,0.5009904188268325,0.40319485134548616,,,,,,,,,,,,,,,,
27.787379741000002,639,1.0,0.5009756649241728,0.4028053001121238,,,,,,,,,,,,,,,,
27.791388741000002,639,1.0,0.5008276210111731,0.4030838577835648,,,,,,,,,,,,,,,,
27.799457741,640,1.0,0.5010876375086167,0.4038139625831887,,,,,,,,,,,,,,,,
27.803391741000002,640,1.0,0.49941932453828697,0.40367199933087383,,,,,,,,,,,,,,,,
27.807445741000002,640,1.0,0.49913832720588236,0.40326001202618633,,,,,,,,,,,,,,,,
27.811433741000002,640,1.0,0.49898916132309856,0.40311352765118635,,,,,,,,,,,,,,,,
27.819595741,640,1.0,0.4992201188031365,0.40501584653501155,,,,,,,,,,,,,,,,
27.823414741,640,1.0,0.501407735487994,0.40464415373625584,,,,,,,,,,,,,,,,
27.827423741,640,1.0,0.5013897278729607,0.404922937463831,,,,,,,,,,,,,,,,
27.831410741000003,640,1.0,0.5013093948364258,0.40479498969184025,,,,,,,,,,,,,,,,
27.839394741000003,641,1.0,0.5018854141235352,0.40741763644748263,,,,,,,,,,,,,,,,
27.844667741000002,641,1.0,0.5018183764289407,0.4080045912000868,,,,,,,,,,,,,,,,
27.847385741,641,1.0,0.5018228643080768,0.40786121509693285,,,,,,,,,,,,,,,,
27.851391741,641,1.0,0.5017893735100242,0.4087727299442998,,,,,,,,,,,,,,,,
27.859475741,641,1.0,0.5021873922909007,0.40944779007523147,,,,,,,,,,,,,,,,
27.863457741,641,1.0,0.5021381378173828,0.4090127450448495,,,,,,,,,,,,,,,,
27.867387741,641,1.0,0.5020921370562386,0.40871666802300344,,,,,,,,,,,,,,,,
27.871406741,641,1.0,0.5014958662145278,0.4096110591182003,,,,,,,,,,,,,,,,
27.879421741,642,1.0,0.5014431336346794,0.40948836715133097,,,,,,,,,,,,,,,,
27.883376741000003,642,1.0,0.5017258139217601,0.4090380633318865,,,,,,,,,,,,,,,,
27.887424741,642,1.0,0.50177422691794,0.4043387518988715,,,,,,,,,,,,,,,,
27.891422741000003,642,1.0,0.5020846759571749,0.39889407687717016,,,,,,,,,,,,,,,,
27.899655741,642,1.0,0.5004830079920152,0.3893640023690683,,,,,,,,,,,,,,,,
27.903415741000003,642,1.0,0.5004501903758329,0.38185775191695603,,,,,,,,,,,,,,,,
27.907401741,642,1.0,0.5008897220387178,0.3699102896231192,,,,,,,,,,,,,,,,
27.911416741,642,1.0,0.5018165251787972,0.3643731011284722,,,,,,,,,,,,,,,,
27.920706741,643,1.0,0.5037725673002356,0.3570978235315394,,,,,,,,,,,,,,,,
27.923400741000002,643,1.0,0.5038094240076402,0.3518529256184896,,,,,,,,,,,,,,,,
27.927429741,643,1.0,0.5037340276381549,0.3454852634006076,,,,,,,,,,,,,,,,
27.931397741,643,1.0,0.5035238826976103,0.3412452415183739,,,,,,,,,,,,,,,,
27.939390741,643,1.0,0.5048037697287167,0.3394283153392651,,,,,,,,,,,,,,,,
27.943427741,643,1.0,0.505404135760139,0.34047812002676503,,,,,,,,,,,,,,,,
27.947406741,643,1.0,0.5054133359123679,0.3382003784179688,,,,,,,,,,,,,,,,
27.951414741,643,1.0,0.5069180656881893,0.33561763057002314,,,,,,,,,,,,,,,,
27.959412741,643,1.0,0.5066013897166532,0.3354687160915799,,,,,,,,,,,,,,,,
27.963400741,644,1.0,0.5064537384930778,0.33849334716796875,,,,,,,,,,,,,,,,
27.967411741000003,644,1.0,0.506341485416188,0.3380199291087963,,,,,,,,,,,,,,,,
27.971405741,644,1.0,0.5062080271103803,0.3349146525065104,,,,,,,,,,,,,,,,
27.979416741,644,1.0,0.5049643236048081,0.3350196555808739,,,,,,,,,,,,,,,,
27.983420741000003,644,1.0,0.5048864028033089,0.33656554045500575,,,,,,,,,,,,,,,,
27.987472741,644,1.0,0.5040090224322151,0.33426462809244795,,,,,,,,,,,,,,,,
27.991417741000003,644,1.0,0.5035905838012695,0.3344368263527199,,,,,,,,,,,,,,,,
27.999373741000003,644,1.0,0.5035318486830768,0.33435346815321176,,,,,,,,,,,,,,,,
28.003418741,645,1.0,0.5034932529225069,0.33422246862340854,,,,,,,,,,,,,,,,
28.007381741000003,645,1.0,0.5034632963292739,0.3343067310474537,,,,,,,,,,,,,,,,
28.011505741,645,1.0,0.5029810176176184,0.3335042882848669,,,,,,,,,,,,,,,,
28.019400741000002,645,1.0,0.5011196697459501,0.3320844297055845,,,,,,,,,,,,,,,,
28.023374741,645,1.0,0.500488561742446,0.3330887971100984,,,,,,,,,,,,,,,,
28.027387741000002,645,1.0,0.5000863916733685,0.32988625985604747,,,,,,,,,,,,,,,,
28.031445741000002,645,1.0,0.5002530602847829,0.3322939272280092,,,,,,,,,,,,,,,,
28.039351741,646,1.0,0.4998893176808077,0.332821598759404,,,,,,,,,,,,,,,,
28.043347741,646,1.0,0.49947772306554455,0.33273654513888884,,,,,,,,,,,,,,,,
28.047397741,646,1.0,0.4995120553409352,0.332142808702257,,,,,,,,,,,,,,,,
28.051406741,646,1.0,0.49894069222842946,0.3329836244936343,,,,,,,,,,,,,,,,
28.059880741,646,1.0,0.4995721368228688,0.3333617033781828,,,,,,,,,,,,,,,,
28.063687741000003,646,1.0,0.4996174644021427,0.33303369592737264,,,,,,,,,,,,,,,,
28.067433741000002,646,1.0,0.49970004137824564,0.33267138445818867,,,,,,,,,,,,,,,,
28.071450741000003,646,1.0,0.4996333963730756,0.3329353049949363,,,,,,,,,,,,,,,,
28.079466741,646,1.0,0.499728427213781,0.332564855504919,,,,,,,,,,,,,,,,
28.083606741,647,1.0,0.4977717680089614,0.3335097701461227,,,,,,,,,,,,,,,,
28.087412741,647,1.0,0.49789709203383503,0.33429480658637156,,,,,,,,,,,,,,,,
28.091439741000002,647,1.0,0.49751651988309975,0.3348574603045428,,,,,,,,,,,,,,,,
28.099462741000004,647,1.0,0.4976652369779699,0.3367627179181134,,,,,,,,,,,,,,,,
28.103364741,647,1.0,0.49565663057215076,0.3376562047887731,,,,,,,,,,,,,,,,
28.107428741000003,647,1.0,0.49565831352682677,0.33742901837384254,,,,,,,,,,,,,,,,
28.111485741000003,647,1.0,0.49574818330652576,0.33746484827112266,,,,,,,,,,,,,,,,
28.119355741000003,647,1.0,0.4929317586562213,0.336380456995081,,,,,,,,,,,,,,,,
28.123389741,648,1.0,0.4925253812004538,0.3368548923068576,,,,,,,,,,,,,,,,
28.127388741,648,1.0,0.4927546557258157,0.33724116572627316,,,,,,,,,,,,,,,,
28.131478741000002,648,1.0,0.49283263262580423,0.3376897176106771,,,,,,,,,,,,,,,,
28.139577741,648,1.0,0.4925110760857077,0.3385257862232349,,,,,,,,,,,,,,,,
28.143414741,648,1.0,0.4919179467593922,0.33854432282624425,,,,,,,,,,,,,,,,
28.147411741000003,648,1.0,0.492158104391659,0.3371264422381366,,,,,,,,,,,,,,,,
28.155421741,648,1.0,0.4930422165814568,0.3350046793619792,,,,,,,,,,,,,,,,
28.159395741,649,1.0,0.49320630466236787,0.33189979835792827,,,,,,,,,,,,,,,,
28.163395741000002,649,1.0,0.49312159594367533,0.32774047851562504,,,,,,,,,,,,,,,,
28.167428741000002,649,1.0,0.49328360838048596,0.32581391511140045,,,,,,,,,,,,,,,,
28.175490741,649,1.0,0.49355383480296416,0.3234763816550926,,,,,,,,,,,,,,,,
28.180027741000004,649,1.0,0.4978436301736271,0.3201012505425347,,,,,,,,,,,,,,,,
28.183426741,649,1.0,0.4999898461734547,0.31674629493995954,,,,,,,,,,,,,,,,
28.187419741000003,649,1.0,0.5022563934326172,0.3147716380931713,,,,,,,,,,,,,,,,
28.195518741,650,1.0,0.5031736037310433,0.30997529206452545,,,,,,,,,,,,,,,,
28.199524741,650,1.0,0.5037238738116097,0.3076853434244792,,,,,,,,,,,,,,,,
28.203625741000003,650,1.0,0.5036144256591797,0.3080529106987847,,,,,,,,,,,,,,,,
28.208301741000003,650,1.0,0.5062157126034007,0.3106508608217593,,,,,,,,,,,,,,,,
28.215401741,650,1.0,0.5070189868702608,0.31100316930700234,,,,,,,,,,,,,,,,
28.219446741000002,650,1.0,0.5067646363202263,0.31196322970920143,,,,,,,,,,,,,,,,
28.224261741000003,650,1.0,0.5069308000452378,0.31207834879557295,,,,,,,,,,,,,,,,
28.227439741,650,1.0,0.5079891541424919,0.3121585987232349,,,,,,,,,,,,,,,,
28.235478741,651,1.0,0.5090577742632698,0.313995361328125,,,,,,,,,,,,,,,,
28.239437741000003,651,1.0,0.5099578184240005,0.3137348316333912,,,,,,,,,,,,,,,,
28.243372741,651,1.0,0.5105929094202378,0.3137018274377894,,,,,,,,,,,,,,,,
28.247391741,651,1.0,0.5104059892542222,0.3121825606734664,,,,,,,,,,,,,,,,
28.255425741000003,651,1.0,0.5114819582770852,0.3145493683991609,,,,,,,,,,,,,,,,
28.259717741000003,651,1.0,0.5123322430778953,0.3147565488462095,,,,,,,,,,,,,,,,
28.263520741,651,1.0,0.5119150386137121,0.3150209780092592,,,,,,,,,,,,,,,,
28.267470741,651,1.0,0.5119844885433421,0.3149991070782697,,,,,,,,,,,,,,,,
28.275672741,652,1.0,0.5122648687923655,0.31519713225188084,,,,,,,,,,,,,,,,
28.279509741000002,652,1.0,0.512943380019244,0.31548122829861114,,,,,,,,,,,,,,,,
28.283366741000002,652,1.0,0.5125985426061294,0.3160634923864294,,,,,,,,,,,,,,,,
28.287878741,652,1.0,0.5129019793342141,0.31672815393518516,,,,,,,,,,,,,,,,
28.295419741000003,652,1.0,0.5141882615930894,0.31525703712745945,,,,,,,,,,,,,,,,
28.299393741000003,652,1.0,0.5144110847921932,0.31476937753182865,,,,,,,,,,,,,,,,
28.303366741,652,1.0,0.514579268062816,0.3156308774594907,,,,,,,,,,,,,,,,
28.307399741,652,1.0,0.5141672246596393,0.3156055591724537,,,,,,,,,,,,,,,,
28.315408741000002,652,1.0,0.5156466540168313,0.31693895128038196,,,,,,,,,,,,,,,,
28.319403741000002,653,1.0,0.5152518328498391,0.3175298620153356,,,,,,,,,,,,,,,,
28.323393741,653,1.0,0.5161154690910789,0.31795518663194444,,,,,,,,,,,,,,,,
28.327375741,653,1.0,0.5157469020170324,0.3182028311270254,,,,,,,,,,,,,,,,
28.335508741,653,1.0,0.5166344362146714,0.31693126537181715,,,,,,,,,,,,,,,,
28.339608741000003,653,1.0,0.5168958551743451,0.31736512360749425,,,,,,,,,,,,,,,,
28.343616741,653,1.0,0.5176666484159582,0.3174428869176794,,,,,,,,,,,,,,,,
28.347442741000002,653,1.0,0.5197681539198932,0.31758140281394676,,,,,,,,,,,,,,,,
28.355424741,653,1.0,0.5188359092263615,0.3182601363570602,,,,,,,,,,,,,,,,
28.359576741,654,1.0,0.5193683399873621,0.31850416395399306,,,,,,,,,,,,,,,,
28.363446741,654,1.0,0.5190564323874081,0.3187318589952257,,,,,,,,,,,,,,,,
28.367457741000003,654,1.0,0.5185612510232365,0.31889885796440975,,,,,,,,,,,,,,,,
28.375424741000003,654,1.0,0.5184232487398035,0.31910965530960644,,,,,,,,,,,,,,,,
28.379515741000002,654,1.0,0.5180789162130917,0.3187982629846644,,,,,,,,,,,,,,,,
28.383448741000002,654,1.0,0.5178019579719094,0.3190417254412615,,,,,,,,,,,,,,,,
28.387490741,654,1.0,0.517484047833611,0.3191413596824363,,,,,,,,,,,,,,,,
28.395415741,654,1.0,0.5182870977065143,0.3193940339265047,,,,,,,,,,,,,,,,
28.399440741000003,655,1.0,0.5179574068854836,0.31886348017939814,,,,,,,,,,,,,,,,
28.403383741000003,655,1.0,0.5177685793708352,0.3190325136537905,,,,,,,,,,,,,,,,
28.407415741,655,1.0,0.5178215363446403,0.319210758915654,,,,,,,,,,,,,,,,
28.415445741000003,655,1.0,0.517630464890424,0.3195572464554398,,,,,,,,,,,,,,,,
28.419448741,655,1.0,0.5174865161671358,0.3196806165907118,,,,,,,,,,,,,,,,
28.423405741000003,655,1.0,0.5173216988058651,0.31926569055627896,,,,,,,,,,,,,,,,
28.427503741000002,655,1.0,0.5171287761015051,0.3193812052408854,,,,,,,,,,,,,,,,
28.435412741,655,1.0,0.5167523552389706,0.3200017858434606,,,,,,,,,,,,,,,,
28.439432741,655,1.0,0.5184760935166303,0.32012600368923616,,,,,,,,,,,,,,,,
28.443413741,656,1.0,0.5183555939618278,0.31941562228732634,,,,,,,,,,,,,,,,
28.447449741000003,656,1.0,0.5181650273940143,0.31956125895182297,,,,,,,,,,,,,,,,
28.455469741,656,1.0,0.5191802417530733,0.3197957356770833,,,,,,,,,,,,,,,,
28.459420741000002,656,1.0,0.5202508253209731,0.3198738945855035,,,,,,,,,,,,,,,,
28.463602741000003,656,1.0,0.5200676637537339,0.31968253806785296,,,,,,,,,,,,,,,,
28.467401741000003,656,1.0,0.5198194279390222,0.31978923656322333,,,,,,,,,,,,,,,,
28.475388741000003,656,1.0,0.5195474063648897,0.31725153040002896,,,,,,,,,,,,,,,,
28.479438741000003,656,1.0,0.519017219543457,0.31630735044126157,,,,,,,,,,,,,,,,
28.483413741000003,657,1.0,0.5188241285436294,0.3140229401765047,,,,,,,,,,,,,,,,
28.487395741,657,1.0,0.5185987809125114,0.31146969265407987,,,,,,,,,,,,,,,,
28.495823741000002,657,1.0,0.5187793619492475,0.3063005235460069,,,,,,,,,,,,,,,,
28.499599741,657,1.0,0.5188819660859949,0.3070454915364583,,,,,,,,,,,,,,,,
28.503434741000003,657,1.0,0.5178035848280963,0.3075160838939526,,,,,,,,,,,,,,,,
28.507387741000002,657,1.0,0.5155472474939683,0.3082879525643808,,,,,,,,,,,,,,,,
28.515596741000003,657,1.0,0.5138129066018498,0.3095691822193287,,,,,,,,,,,,,,,,
28.519402741,657,1.0,0.5148227916044348,0.31020372178819444,,,,,,,,,,,,,,,,
28.523390741,658,1.0,0.5140608619241154,0.30211339879918986,,,,,,,,,,,,,,,,
28.527403741,658,1.0,0.507482977474437,0.2977001048900463,,,,,,,,,,,,,,,,
28.535435741,658,1.0,0.46922027363496666,0.2947590580692998,,,,,,,,,,,,,,,,
28.539466741000002,658,1.0,0.4177677491131951,0.29387743914568865,,,,,,,,,,,,,,,,
28.543434741000002,658,1.0,0.3748798370361328,0.2935070461697049,,,,,,,,,,,,,,,,
28.547429741000002,658,1.0,0.36538062376134534,0.2950300993742766,,,,,,,,,,,,,,,,
28.555405741,658,1.0,0.38053445255055146,0.29544802065248843,,,,,,,,,,,,,,,,
28.559419741000003,658,1.0,0.38083727219525504,0.2955358434606481,,,,,,,,,,,,,,,,
28.563407741000002,659,1.0,0.39511456209070545,0.29689630579065396,,,,,,,,,,,,,,,,
28.567413741000003,659,1.0,0.3908093957340016,0.2979717678493924,,,,,,,,,,,,,,,,
28.575457741,659,1.0,0.39101819431080537,0.3046665332935474,,,,,,,,,,,,,,,,
28.579487741,659,1.0,0.3955105052274816,0.30491835982711224,,,,,,,,,,,,,,,,
28.583650741000003,659,1.0,0.3993672202615177,0.30295071072048607,,,,,,,,,,,,,,,,
28.587380741,659,1.0,0.39867810642018037,0.300943445276331,,,,,,,,,,,,,,,,
28.595618741000003,659,1.0,0.3950994154986213,0.30209548385054974,,,,,,,,,,,,,,,,
28.599697741000004,659,1.0,0.39788105908562155,0.3035386827256944,,,,,,,,,,,,,,,,
28.603453741000003,660,1.0,0.38968579909380746,0.3060559308087384,,,,,,,,,,,,,,,,
28.607382741000002,660,1.0,0.36828865724451404,0.30640727855541083,,,,,,,,,,,,,,,,
28.615432741000003,660,1.0,0.3833496991325827,0.3161365085177952,,,,,,,,,,,,,,,,
28.619377741,660,1.0,0.39888572692871094,0.31964936433015045,,,,,,,,,,,,,,,,
28.623395741000003,660,1.0,0.40834662493537455,0.3201665242513021,,,,,,,,,,,,,,,,
28.627427741,660,1.0,0.41672560747931986,0.3215991550021702,,,,,,,,,,,,,,,,
28.635381741000003,660,1.0,0.4263734256519991,0.34535211633752894,,,,,,,,,,,,,,,,
28.639381741,660,1.0,0.4283115723553826,0.3426930180302372,,,,,,,,,,,,,,,,
28.643357741000003,661,1.0,0.42966921189252066,0.3403200502748842,,,,,,,,,,,,,,,,
28.647402741,661,1.0,0.43622387156767006,0.33684601960358795,,,,,,,,,,,,,,,,
28.655588741000003,661,1.0,0.43943315393784466,0.3360902574327257,,,,,,,,,,,,,,,,
28.659383741000003,661,1.0,0.44041723363539753,0.33513313576027204,,,,,,,,,,,,,,,,
28.665127741000003,661,1.0,0.4336795245899874,0.3338003087926794,,,,,,,,,,,,,,,,
28.667375741,661,1.0,0.43075382008272056,0.33288879394531246,,,,,,,,,,,,,,,,
28.675361741000003,661,1.0,0.4238498912138097,0.331839836968316,,,,,,,,,,,,,,,,
28.679375741,661,1.0,0.42005667966954846,0.33111171015986685,,,,,,,,,,,,,,,,
28.683393741000003,661,1.0,0.4208706126493566,0.3275770964445891,,,,,,,,,,,,,,,,
28.687605741000002,662,1.0,0.4199966542861041,0.3240416350188079,,,,,,,,,,,,,,,,
28.695998741,662,1.0,0.41022508284624887,0.31250966389973955,,,,,,,,,,,,,,,,
28.699455741,662,1.0,0.41714707542868223,0.3071148907696759,,,,,,,,,,,,,,,,
28.703428741000003,662,1.0,0.42079852609073415,0.2953167385525174,,,,,,,,,,,,,,,,
28.707437741000003,662,1.0,0.416687292211196,0.28845802589699077,,,,,,,,,,,,,,,,
28.715532741,662,1.0,0.43430788376752066,0.29120619032118056,,,,,,,,,,,,,,,,
28.719408741000002,662,1.0,0.4331008686738856,0.29291223596643523,,,,,,,,,,,,,,,,
28.723381741,662,1.0,0.4413463929120232,0.2979434543185764,,,,,,,,,,,,,,,,
28.727421741,663,1.0,0.4635005838730756,0.29683137116608793,,,,,,,,,,,,,,,,
28.735854741,663,1.0,0.5034943748922909,0.2936770968967014,,,,,,,,,,,,,,,,
28.739437741000003,663,1.0,0.5166748832253849,0.3091869778103299,,,,,,,,,,,,,,,,
28.744656741000004,663,1.0,0.5309254702399758,0.3154976738823785,,,,,,,,,,,,,,,,
28.747406741000002,663,1.0,0.5243886498843923,0.31558436640986687,,,,,,,,,,,,,,,,
28.755394741000003,663,1.0,0.5296909668866325,0.31858661792896414,,,,,,,,,,,,,,,,
28.759387741,663,1.0,0.5177344714894014,0.32945336235894096,,,,,,,,,,,,,,,,
28.763368741,664,1.0,0.4795084560618681,0.3380836204246238,,,,,,,,,,,,,,,,
28.767389741000002,664,1.0,0.47861620959113627,0.38066581443504055,,,,,,,,,,,,,,,,
28.775415741000003,664,1.0,0.4513525121352252,0.36373251455801503,,,,,,,,,,,,,,,,
28.779593741000003,664,1.0,0.4396406061509076,0.35737508138020835,,,,,,,,,,,,,,,,
28.783487741000002,664,1.0,0.424440159517176,0.3637001320167824,,,,,,,,,,,,,,,,
28.787401741,664,1.0,0.4144466624540441,0.3605108755606192,,,,,,,,,,,,,,,,
28.795417741,664,1.0,0.40926462061264934,0.35292058874059606,,,,,,,,,,,,,,,,
28.800720741000003,665,1.0,0.4148113026338465,0.35415858515986687,,,,,,,,,,,,,,,,
28.803440741000003,665,1.0,0.4365723553825827,0.3536664609555845,,,,,,,,,,,,,,,,
28.807417741000002,665,1.0,0.4734351775225471,0.36422486481843175,,,,,,,,,,,,,,,,
28.815479741,665,1.0,0.4906745237462661,0.3872828165690104,,,,,,,,,,,,,,,,
28.819528741000003,665,1.0,0.5010935278499827,0.3908829865632234,,,,,,,,,,,,,,,,
28.823534741000003,665,1.0,0.5039888269761029,0.3885976155598958,,,,,,,,,,,,,,,,
28.827499741,665,1.0,0.49857358371510224,0.4043692694769965,,,,,,,,,,,,,,,,
28.836667741000003,666,1.0,0.49364549973431754,0.43089616563585065,,,,,,,,,,,,,,,,
28.839415741000003,666,1.0,0.4914279825547162,0.437404152199074,,,,,,,,,,,,,,,,
28.843517741000003,666,1.0,0.4897464864394244,0.4413047507957176,,,,,,,,,,,,,,,,
28.847589741,666,1.0,0.49005760866052966,0.43828820122612844,,,,,,,,,,,,,,,,
28.856460741000003,666,1.0,0.49736466127283435,0.4365668967918114,,,,,,,,,,,,,,,,
28.859418741000002,666,1.0,0.4980267917408663,0.43990953233506946,,,,,,,,,,,,,,,,
28.863769741000002,666,1.0,0.5002816705142751,0.4424319231951678,,,,,,,,,,,,,,,,
28.867412741000003,666,1.0,0.5005091498879826,0.4408210471824363,,,,,,,,,,,,,,,,
28.875421741,667,1.0,0.501459514393526,0.44083783185040504,,,,,,,,,,,,,,,,
28.879577741000002,667,1.0,0.5008845048792222,0.4521819503219039,,,,,,,,,,,,,,,,
28.883375741000002,667,1.0,0.5033105962416705,0.4494141190140336,,,,,,,,,,,,,,,,
28.887581741,667,1.0,0.5019075730267692,0.4524308381257234,,,,,,,,,,,,,,,,
28.896055741,667,1.0,0.5003128051757812,0.44941705774377894,,,,,,,,,,,,,,,,
28.900609741,667,1.0,0.5021534527049345,0.4496727837456598,,,,,,,,,,,,,,,,
28.903449741000003,667,1.0,0.5023457022274241,0.4489050405996817,,,,,,,,,,,,,,,,
28.907948741000002,667,1.0,0.5051652122946346,0.45152491816767937,,,,,,,,,,,,,,,,
28.915443741,668,1.0,0.5079308678122127,0.4500609786422164,,,,,,,,,,,,,,,,
28.919372741,668,1.0,0.5066006604362937,0.44956602873625584,,,,,,,,,,,,,,,,
28.923372741,668,1.0,0.5053281784057617,0.4479353162977431,,,,,,,,,,,,,,,,
28.931437741000003,668,1.0,0.5049483916338753,0.44913878264250584,,,,,,,,,,,,,,,,
28.935405741,668,1.0,0.5039681827320772,0.44975495515046293,,,,,,,,,,,,,,,,
28.939380741,668,1.0,0.5042364457074333,0.4501334861472801,,,,,,,,,,,,,,,,
28.943346741000003,668,1.0,0.5031488081988167,0.4497068617078993,,,,,,,,,,,,,,,,
28.951391741000002,668,1.0,0.501701691571404,0.45179471616391786,,,,,,,,,,,,,,,,
28.955427741,668,1.0,0.501394552343032,0.4497498688874422,,,,,,,,,,,,,,,,
28.959546741,669,1.0,0.50105021981632,0.45035304316767943,,,,,,,,,,,,,,,,
28.963422741000002,669,1.0,0.5011766658109778,0.45015920003255205,,,,,,,,,,,,,,,,
28.971482741000003,669,1.0,0.5023597268497243,0.44992732295283566,,,,,,,,,,,,,,,,
28.975626741000003,669,1.0,0.5037719502168543,0.4492867363823785,,,,,,,,,,,,,,,,
28.979651741,669,1.0,0.5031081367941463,0.4507018477828414,,,,,,,,,,,,,,,,
28.983401741,669,1.0,0.5024792727302102,0.45147349039713547,,,,,,,,,,,,,,,,
28.991422741,669,1.0,0.5023888980641085,0.448074792932581,,,,,,,,,,,,,,,,
28.995457741000003,669,1.0,0.5025390737196979,0.4484199806495949,,,,,,,,,,,,,,,,
28.999453741000004,669,1.0,0.5018375060137581,0.44677886962890623,,,,,,,,,,,,,,,,
29.003400741,670,1.0,0.5009384716258329,0.4464816058123553,,,,,,,,,,,,,,,,
29.011427741000002,670,1.0,0.5012344472548541,0.4461587976526331,,,,,,,,,,,,,,,,
29.015514741,670,1.0,0.5006868138032801,0.44567724157262734,,,,,,,,,,,,,,,,
29.019437741,670,1.0,0.5000400543212891,0.4464119240089699,,,,,,,,,,,,,,,,
29.023439741,670,1.0,0.5000103782205021,0.4466818350332754,,,,,,,,,,,,,,,,
29.031445741000002,670,1.0,0.5008548848769244,0.4479541354709201,,,,,,,,,,,,,,,,
29.038939741,670,1.0,0.5002548554364372,0.4489579377350984,,,,,,,,,,,,,,,,
29.039468741,670,1.0,0.5001975227804745,0.44911736382378475,,,,,,,,,,,,,,,,
29.043393741000003,671,1.0,0.5001457438749426,0.44816346345124425,,,,,,,,,,,,,,,,
29.051402741,671,1.0,0.49985161949606505,0.4475442391854746,,,,,,,,,,,,,,,,
29.056470741000002,671,1.0,0.4997103635002585,0.4463239881727431,,,,,,,,,,,,,,,,
29.059419741000003,671,1.0,0.4994785084443934,0.4472420586480035,,,,,,,,,,,,,,,,
29.063441741000002,671,1.0,0.4990963655359605,0.44883880615234373,,,,,,,,,,,,,,,,
29.071377741000003,671,1.0,0.4984772626091452,0.4491907190393518,,,,,,,,,,,,,,,,
29.075410741000002,671,1.0,0.49817876254811005,0.4485343085394965,,,,,,,,,,,,,,,,
29.079401741,671,1.0,0.4980059231028837,0.44884163185402204,,,,,,,,,,,,,,,,
29.083360741000003,672,1.0,0.498203389784869,0.4489967628761574,,,,,,,,,,,,,,,,
29.091494741,672,1.0,0.4977910658892463,0.45133034035011577,,,,,,,,,,,,,,,,
29.095404741000003,672,1.0,0.49811357610365925,0.44991082085503475,,,,,,,,,,,,,,,,
29.099396741000003,672,1.0,0.4981292275821461,0.44970776593243633,,,,,,,,,,,,,,,,
29.103429741000003,672,1.0,0.4981240665211397,0.449391343858507,,,,,,,,,,,,,,,,
29.111423741000003,672,1.0,0.49808676102582145,0.4479701854564525,,,,,,,,,,,,,,,,
29.115414741000002,672,1.0,0.4979550978716682,0.44815798158998843,,,,,,,,,,,,,,,,
29.119441741000003,672,1.0,0.49796384923598347,0.4488454748083044,,,,,,,,,,,,,,,,
29.123428741,672,1.0,0.4982866960413316,0.44970126681857636,,,,,,,,,,,,,,,,
29.131501741,673,1.0,0.4982314390294692,0.4496247468171296,,,,,,,,,,,,,,,,
29.135414741,673,1.0,0.49827396168428306,0.4500840928819444,,,,,,,,,,,,,,,,
29.139487741000003,673,1.0,0.49828821070053997,0.45013557716652197,,,,,,,,,,,,,,,,
29.143416741000003,673,1.0,0.4983344358556411,0.4506213152850116,,,,,,,,,,,,,,,,
29.151433741,673,1.0,0.49813321057487936,0.4501295301649305,,,,,,,,,,,,,,,,
29.155418741000002,673,1.0,0.4987024419447955,0.4511476869936343,,,,,,,,,,,,,,,,
29.159442741000003,673,1.0,0.4990087396958295,0.45197109646267364,,,,,,,,,,,,,,,,
29.163422741,674,1.0,0.498845661387724,0.45124890362774883,,,,,,,,,,,,,,,,
29.171414741000003,674,1.0,0.4985526028801413,0.45026793303313084,,,,,,,,,,,,,,,,
29.175521741,674,1.0,0.498448652379653,0.4503641199182581,,,,,,,,,,,,,,,,
29.179409741,674,1.0,0.49838896358714385,0.4500917787905092,,,,,,,,,,,,,,,,
29.183372741000003,674,1.0,0.49878799214082603,0.4513743082682292,,,,,,,,,,,,,,,,
29.191562741000002,674,1.0,0.49858177409452553,0.45194040934244795,,,,,,,,,,,,,,,,
29.195444741000003,674,1.0,0.49919666963465076,0.4509903519241898,,,,,,,,,,,,,,,,
29.199387741000002,674,1.0,0.49938353370217714,0.4504715530960648,,,,,,,,,,,,,,,,
29.203352741000003,675,1.0,0.4994054121129653,0.44977727819372104,,,,,,,,,,,,,,,,
29.211487741000003,675,1.0,0.5005382089053884,0.44463444462528934,,,,,,,,,,,,,,,,
29.215630741000002,675,1.0,0.5069291170905618,0.4380949232313368,,,,,,,,,,,,,,,,
29.219373741000002,675,1.0,0.5103167365579044,0.43535789207175923,,,,,,,,,,,,,,,,
29.223385741,675,1.0,0.5123135622809915,0.42909687183521417,,,,,,,,,,,,,,,,
29.231427741,675,1.0,0.5205535888671875,0.42260137487340854,,,,,,,,,,,,,,,,
29.235399741000002,675,1.0,0.523739590364344,0.419214771412037,,,,,,,,,,,,,,,,
29.239394741,675,1.0,0.5296231999116785,0.41346373381438084,,,,,,,,,,,,,,,,
29.243490741000002,676,1.0,0.5347222159890568,0.40949294478804976,,,,,,,,,,,,,,,,
29.251395741000003,676,1.0,0.5450097813325769,0.4038744891131366,,,,,,,,,,,,,,,,
29.255452741000003,676,1.0,0.55424622928395,0.3990930062753183,,,,,,,,,,,,,,,,
29.259406741000003,676,1.0,0.5694283878102022,0.39438883463541663,,,,,,,,,,,,,,,,
29.263543741000003,676,1.0,0.5753401587991154,0.3882797241210938,,,,,,,,,,,,,,,,
29.271403741,676,1.0,0.579961384043974,0.38287285698784723,,,,,,,,,,,,,,,,
29.275376741000002,676,1.0,0.584254264831543,0.3838192975079572,,,,,,,,,,,,,,,,
29.279394741,677,1.0,0.582191130694221,0.38415301287615744,,,,,,,,,,,,,,,,
29.283462741,677,1.0,0.5851743922514074,0.3822133382161458,,,,,,,,,,,,,,,,
29.291497741,677,1.0,0.575950398164637,0.38171460186993633,,,,,,,,,,,,,,,,
29.295593741,677,1.0,0.5780970629523782,0.38104965775101274,,,,,,,,,,,,,,,,
29.299417741000003,677,1.0,0.5803110459271599,0.37876976860894096,,,,,,,,,,,,,,,,
29.303483741,677,1.0,0.5775831446928137,0.3788340815791378,,,,,,,,,,,,,,,,
29.311407741000004,677,1.0,0.573895117815803,0.37657691107855906,,,,,,,,,,,,,,,,
29.315432741000002,677,1.0,0.5755236569572898,0.376590813530816,,,,,,,,,,,,,,,,
29.319414741000003,678,1.0,0.5764107984655044,0.3766337641963252,,,,,,,,,,,,,,,,
29.323409741000003,678,1.0,0.5745699265423942,0.37802508318865746,,,,,,,,,,,,,,,,
29.331419741,678,1.0,0.5709101172054515,0.3797886036060475,,,,,,,,,,,,,,,,
29.335547741000003,678,1.0,0.5691233242259306,0.37618634259259254,,,,,,,,,,,,,,,,
29.339423741,678,1.0,0.5690787259270164,0.37638595015914356,,,,,,,,,,,,,,,,
29.343435741,678,1.0,0.5696616453282973,0.3774071587456598,,,,,,,,,,,,,,,,
29.351433741,678,1.0,0.5708392648135915,0.3766651294849537,,,,,,,,,,,,,,,,
29.355409741000003,678,1.0,0.5700541103587431,0.37682579888237844,,,,,,,,,,,,,,,,
29.359415741000003,679,1.0,0.5686209622551414,0.3766386809172454,,,,,,,,,,,,,,,,
29.363386741000003,679,1.0,0.5676766563864315,0.3761401706271701,,,,,,,,,,,,,,,,
29.371645741000002,679,1.0,0.5680557699764476,0.3754856250904225,,,,,,,,,,,,,,,,
29.375473741,679,1.0,0.5702153374167049,0.37564109519675926,,,,,,,,,,,,,,,,
29.379449741000002,679,1.0,0.5707082187428194,0.3762583414713542,,,,,,,,,,,,,,,,
29.383412741,679,1.0,0.5730390548706055,0.3742243448893229,,,,,,,,,,,,,,,,
29.391436741000003,679,1.0,0.5741657930261949,0.3660665441442419,,,,,,,,,,,,,,,,
29.395419741,679,1.0,0.5766473096959731,0.3669526276765046,,,,,,,,,,,,,,,,
29.399382741,680,1.0,0.5816388971665326,0.3632737336335359,,,,,,,,,,,,,,,,
29.403425741000003,680,1.0,0.583035525153665,0.3574080290617766,,,,,,,,,,,,,,,,
29.411465741,680,1.0,0.5892014222986558,0.35058458116319446,,,,,,,,,,,,,,,,
29.415555741000002,680,1.0,0.6024563733269187,0.3452710186993634,,,,,,,,,,,,,,,,
29.419919741,680,1.0,0.61622355966007,0.3425821940104167,,,,,,,,,,,,,,,,
29.423499741,680,1.0,0.6305983487297507,0.3399110582139757,,,,,,,,,,,,,,,,
29.431906741000002,680,1.0,0.6412001778097713,0.345119391547309,,,,,,,,,,,,,,,,
29.435394741000003,681,1.0,0.6515403074376723,0.3402499163592303,,,,,,,,,,,,,,,,
29.439461741000002,681,1.0,0.6635278813979205,0.339831147370515,,,,,,,,,,,,,,,,
29.443421741,681,1.0,0.6732105367323932,0.33889177110460067,,,,,,,,,,,,,,,,
29.451528741,681,1.0,0.6795924130608054,0.3339166146737558,,,,,,,,,,,,,,,,
29.455436741000003,681,1.0,0.6868206472957835,0.33308766682942703,,,,,,,,,,,,,,,,
29.459639741,681,1.0,0.6855050255270565,0.33479868570963545,,,,,,,,,,,,,,,,
29.464121741000003,681,1.0,0.6853844137752757,0.3345422250253183,,,,,,,,,,,,,,,,
29.471431741000004,681,1.0,0.6825972164378447,0.339041985405816,,,,,,,,,,,,,,,,
29.475577741000002,682,1.0,0.6817869298598346,0.3386623806423611,,,,,,,,,,,,,,,,
29.479506741,682,1.0,0.6873010747572955,0.34034276891637727,,,,,,,,,,,,,,,,
29.483405741000002,682,1.0,0.6859044467701632,0.3419604831271701,,,,,,,,,,,,,,,,
29.491513741000002,682,1.0,0.6872777377857882,0.3450203789605035,,,,,,,,,,,,,,,,
29.495538741,682,1.0,0.6838352539960075,0.3459743358470776,,,,,,,,,,,,,,,,
29.499369741000002,682,1.0,0.6837757895974552,0.3468514336480035,,,,,,,,,,,,,,,,
29.503437741000003,682,1.0,0.6822754355037913,0.3463827062536169,,,,,,,,,,,,,,,,
29.511767741000003,682,1.0,0.6861400604248047,0.34930335150824654,,,,,,,,,,,,,,,,
29.515478741000003,683,1.0,0.6907945520737592,0.3465102584273727,,,,,,,,,,,,,,,,
29.519368741,683,1.0,0.6914822073543773,0.3484248973705151,,,,,,,,,,,,,,,,
29.523683741000003,683,1.0,0.6923080332138959,0.34853470413773147,,,,,,,,,,,,,,,,
29.531448741000002,683,1.0,0.6884383594288546,0.3479700724283854,,,,,,,,,,,,,,,,
29.535468741000003,683,1.0,0.6889638339771944,0.34795758282696754,,,,,,,,,,,,,,,,
29.539391741000003,683,1.0,0.6872119342579561,0.3489551685474537,,,,,,,,,,,,,,,,
29.543463741000004,683,1.0,0.6867837344898897,0.3502832483362268,,,,,,,,,,,,,,,,
29.555227741000003,683,1.0,0.6909951041726505,0.35296952989366315,,,,,,,,,,,,,,,,
29.555539741,684,1.0,0.690705748165355,0.35292567500361693,,,,,,,,,,,,,,,,
29.559534741,684,1.0,0.6852313209982479,0.3534467343930845,,,,,,,,,,,,,,,,
29.563514741000002,684,1.0,0.6812183155732996,0.3524578518337673,,,,,,,,,,,,,,,,
29.571415741000003,684,1.0,0.6770965351777918,0.3537685818142361,,,,,,,,,,,,,,,,
29.575422741,684,1.0,0.6744608037612018,0.35462742558232063,,,,,,,,,,,,,,,,
29.583385741,684,1.0,0.6730311337639304,0.3648082026728877,,,,,,,,,,,,,,,,
29.591467741000002,684,1.0,0.668737579794491,0.36535401520905675,,,,,,,,,,,,,,,,
29.595412741,684,1.0,0.6651204053093406,0.36676901358145253,,,,,,,,,,,,,,,,
29.599413741000003,685,1.0,0.6608306660371668,0.36849856906467016,,,,,,,,,,,,,,,,
29.603392741,685,1.0,0.6470728481517118,0.3713471589265046,,,,,,,,,,,,,,,,
29.611477741,685,1.0,0.6142127654131722,0.37479338469328705,,,,,,,,,,,,,,,,
29.615489741,685,1.0,0.5810847562902114,0.3782076800311053,,,,,,,,,,,,,,,,
29.619981741,685,1.0,0.5505137724034926,0.3819816306785301,,,,,,,,,,,,,,,,
29.623403741,685,1.0,0.5301417182473576,0.3846097592954283,,,,,,,,,,,,,,,,
29.631420741000003,685,1.0,0.5055340037626379,0.3947714346426504,,,,,,,,,,,,,,,,
29.635421741000002,685,1.0,0.4958674486945657,0.39509763364438655,,,,,,,,,,,,,,,,
29.639405741,685,1.0,0.49352651483872356,0.395804680718316,,,,,,,,,,,,,,,,
29.643407741,686,1.0,0.49130019019631777,0.39475453694661455,,,,,,,,,,,,,,,,
29.651535741000004,686,1.0,0.4975434471579159,0.39721894440827543,,,,,,,,,,,,,,,,
29.656902741000003,686,1.0,0.49623461330638213,0.39725969102647574,,,,,,,,,,,,,,,,
29.659455741000002,686,1.0,0.49895398757036996,0.3963513409649885,,,,,,,,,,,,,,,,
29.663432741,686,1.0,0.4950578913969152,0.39520715784143523,,,,,,,,,,,,,,,,
29.671416741,686,1.0,0.49465218712301817,0.3955915097837095,,,,,,,,,,,,,,,,
29.675384741000002,686,1.0,0.4966413273530848,0.39453447129991315,,,,,,,,,,,,,,,,
29.679412741,686,1.0,0.49608174492331114,0.39362776014539935,,,,,,,,,,,,,,,,
29.683357741000002,687,1.0,0.49756532556870403,0.3930231730143229,,,,,,,,,,,,,,,,
29.691424741000002,687,1.0,0.49763185837689566,0.39177703857421875,,,,,,,,,,,,,,,,
29.695434741000003,687,1.0,0.4990309546975529,0.39126688639322915,,,,,,,,,,,,,,,,
29.699407741,687,1.0,0.4973558538100299,0.39073520236545134,,,,,,,,,,,,,,,,
29.707584741,687,1.0,0.498047155492446,0.38976033528645837,,,,,,,,,,,,,,,,
29.711407741000002,687,1.0,0.49962453281178193,0.3892326637550637,,,,,,,,,,,,,,,,
29.715390741,687,1.0,0.4968288646024816,0.38880649142795143,,,,,,,,,,,,,,,,
29.719391741000003,687,1.0,0.4987005345961627,0.3883410418475116,,,,,,,,,,,,,,,,
29.727372741000003,688,1.0,0.49244033589082603,0.38713254575376155,,,,,,,,,,,,,,,,
29.731377741000003,688,1.0,0.49581078922047334,0.38690304226345484,,,,,,,,,,,,,,,,
29.735402741,688,1.0,0.4989628511316636,0.3866950141059028,,,,,,,,,,,,,,,,
29.739426741000003,688,1.0,0.5003916235531077,0.3860882794415509,,,,,,,,,,,,,,,,
29.747568741000002,688,1.0,0.5026139091042912,0.384464744285301,,,,,,,,,,,,,,,,
29.751399741,688,1.0,0.503082555883071,0.38418556495949074,,,,,,,,,,,,,,,,
29.755417741000002,688,1.0,0.5025426079245174,0.38405987774884254,,,,,,,,,,,,,,,,
29.759414741,688,1.0,0.5023993323830998,0.38375894052010995,,,,,,,,,,,,,,,,
29.767447741,689,1.0,0.4999684726490694,0.3824391682942708,,,,,,,,,,,,,,,,
29.771443741000002,689,1.0,0.5019014582914465,0.38195806432653356,,,,,,,,,,,,,,,,
29.775423741,689,1.0,0.49847159666173596,0.3809438069661458,,,,,,,,,,,,,,,,
29.779494741,689,1.0,0.5020888272453757,0.3797588207103588,,,,,,,,,,,,,,,,
29.787442741000003,689,1.0,0.500021822312299,0.3787984777379919,,,,,,,,,,,,,,,,
29.791395741000002,689,1.0,0.5012967726763558,0.37808753119574656,,,,,,,,,,,,,,,,
29.795403741,689,1.0,0.5015383888693417,0.3775801482024016,,,,,,,,,,,,,,,,
29.799345741000003,689,1.0,0.5017429239609662,0.3775088840060764,,,,,,,,,,,,,,,,
29.807386741000002,690,1.0,0.5044989305384019,0.3762897632740162,,,,,,,,,,,,,,,,
29.811436741,690,1.0,0.5060669394100413,0.37548709445529516,,,,,,,,,,,,,,,,
29.815417741,690,1.0,0.5040398766012752,0.3758306997793692,,,,,,,,,,,,,,,,
29.819394741000004,690,1.0,0.5036066840676701,0.37460242377387154,,,,,,,,,,,,,,,,
29.827423741,690,1.0,0.5028422860538259,0.37420518663194446,,,,,,,,,,,,,,,,
29.831392741000002,690,1.0,0.5025594374712776,0.37364942762586806,,,,,,,,,,,,,,,,
29.835415741000002,690,1.0,0.5039652095121496,0.37356262207031254,,,,,,,,,,,,,,,,
29.839381741,690,1.0,0.5033942390890682,0.3732507776331019,,,,,,,,,,,,,,,,
29.847433741000003,691,1.0,0.502295550178079,0.3716707582826968,,,,,,,,,,,,,,,,
29.851434741000002,691,1.0,0.5006732379688936,0.3712918316876447,,,,,,,,,,,,,,,,
29.855596741000003,691,1.0,0.5015652600456687,0.37144668013961224,,,,,,,,,,,,,,,,
29.859571741000003,691,1.0,0.4997922111960018,0.37158796522352433,,,,,,,,,,,,,,,,
29.867432741000002,691,1.0,0.5008421505198759,0.37134693287037035,,,,,,,,,,,,,,,,
29.871456741000003,691,1.0,0.501339688020594,0.37093963623046877,,,,,,,,,,,,,,,,
29.875557741,691,1.0,0.5014299504897174,0.37090776231553824,,,,,,,,,,,,,,,,
29.879402741000003,691,1.0,0.5007319730870864,0.37090047200520837,,,,,,,,,,,,,,,,
29.887401741,692,1.0,0.5001684076645795,0.3707868787977431,,,,,,,,,,,,,,,,
29.891434741,692,1.0,0.5011664558859432,0.3709083274558739,,,,,,,,,,,,,,,,
29.895416741000002,692,1.0,0.5004260680254768,0.37101739954065394,,,,,,,,,,,,,,,,
29.899429741000002,692,1.0,0.4984595354865579,0.37113251862702545,,,,,,,,,,,,,,,,
29.907505741,692,1.0,0.4987818774055032,0.3720043606228298,,,,,,,,,,,,,,,,
29.911385741,692,1.0,0.49916284224566293,0.3723849261248553,,,,,,,,,,,,,,,,
29.915384741,692,1.0,0.5004225899191463,0.3745780662254051,,,,,,,,,,,,,,,,
29.919411741,692,1.0,0.5007513270658606,0.377957096806279,,,,,,,,,,,,,,,,
29.927407741000003,693,1.0,0.5022027632769417,0.3816997386791088,,,,,,,,,,,,,,,,
29.931422741000002,693,1.0,0.5005653044756722,0.3843431260850695,,,,,,,,,,,,,,,,
29.935585741,693,1.0,0.49901143242331114,0.3870034677010995,,,,,,,,,,,,,,,,
29.939475741000003,693,1.0,0.4990026249605067,0.39418114556206596,,,,,,,,,,,,,,,,
29.947392741,693,1.0,0.49984292423023896,0.4018930505823206,,,,,,,,,,,,,,,,
29.951372741,693,1.0,0.4998430925257066,0.40485630741825807,,,,,,,,,,,,,,,,
29.955394741000003,693,1.0,0.4978782429414637,0.4061216566297743,,,,,,,,,,,,,,,,
29.959397741000004,693,1.0,0.4980025571935317,0.4080926965784144,,,,,,,,,,,,,,,,
29.967431741000002,694,1.0,0.4988526736988741,0.4097309253833912,,,,,,,,,,,,,,,,
29.971433741000002,694,1.0,0.4996819776647231,0.41194661458333337,,,,,,,,,,,,,,,,
29.975414741,694,1.0,0.5004642149981331,0.4125484325267651,,,,,,,,,,,,,,,,
29.979410741000002,694,1.0,0.5007722518023323,0.41296019377531834,,,,,,,,,,,,,,,,
29.987404741000002,694,1.0,0.5014176649205825,0.4139444986979167,,,,,,,,,,,,,,,,
29.992050741000003,694,1.0,0.5019165487850413,0.41306802255136,,,,,,,,,,,,,,,,
29.995413741,694,1.0,0.5021595674402574,0.41384661639178244,,,,,,,,,,,,,,,,
29.999400741000002,694,1.0,0.5027396258185891,0.4131842154043692,,,,,,,,,,,,,,,,
30.007385741,695,1.0,0.5024492039399988,0.4152846159758391,,,,,,,,,,,,,,,,
30.011386741000003,695,1.0,0.5028894087847542,0.4159918891059028,,,,,,,,,,,,,,,,
30.015434741000004,695,1.0,0.502436918370864,0.4158999972873264,,,,,,,,,,,,,,,,
30.019409741,695,1.0,0.5028973747702206,0.4156788578739873,,,,,,,,,,,,,,,,
30.027449741,695,1.0,0.5032514684340533,0.41556153474030666,,,,,,,,,,,,,,,,
30.031834741,695,1.0,0.5026707929723403,0.4163645426432292,,,,,,,,,,,,,,,,
30.035424741000003,695,1.0,0.5025955087998334,0.41625467936197913,,,,,,,,,,,,,,,,
30.039445741,695,1.0,0.5028848087086397,0.41677709508825234,,,,,,,,,,,,,,,,
30.047384741000002,696,1.0,0.5025773328893325,0.41719139946831596,,,,,,,,,,,,,,,,
30.051431741000002,696,1.0,0.5023155773387236,0.41778807463469325,,,,,,,,,,,,,,,,
30.055567741,696,1.0,0.5024392745074104,0.4184708771882234,,,,,,,,,,,,,,,,
30.059401741000002,696,1.0,0.5023172041949104,0.42214784975405095,,,,,,,,,,,,,,,,
30.067418741,696,1.0,0.5025923111859489,0.42205663610387734,,,,,,,,,,,,,,,,
30.071424741,696,1.0,0.5028716816621668,0.4215977986653646,,,,,,,,,,,,,,,,
30.075503741000002,696,1.0,0.503508960499483,0.4211072003399884,,,,,,,,,,,,,,,,
30.079431741,697,1.0,0.5037418814266429,0.42332249394169563,,,,,,,,,,,,,,,,
30.087376741000003,697,1.0,0.5041344025555778,0.4238709061234086,,,,,,,,,,,,,,,,
30.091414741,697,1.0,0.5042536118451286,0.4236706203884548,,,,,,,,,,,,,,,,
30.095450741,697,1.0,0.5045651267556583,0.4226815117730035,,,,,,,,,,,,,,,,
30.099843741,697,1.0,0.504703633925494,0.4215490270543981,,,,,,,,,,,,,,,,
30.107435741000003,697,1.0,0.5049315620871151,0.4214474713360822,,,,,,,,,,,,,,,,
30.111580741,697,1.0,0.5050759595983169,0.42105848524305556,,,,,,,,,,,,,,,,
30.115924741,698,1.0,0.5049287571626551,0.41990446867766207,,,,,,,,,,,,,,,,
30.119446741,698,1.0,0.5039267820470473,0.419805003978588,,,,,,,,,,,,,,,,
30.127432741000003,698,1.0,0.5027983048382927,0.4191016868308738,,,,,,,,,,,,,,,,
30.131531741000003,698,1.0,0.5028123294605928,0.41845239709924764,,,,,,,,,,,,,,,,
30.136050741000002,698,1.0,0.5022423127118278,0.41770692048249425,,,,,,,,,,,,,,,,
30.139431741000003,698,1.0,0.5015039443969727,0.4171531394675926,,,,,,,,,,,,,,,,
30.147374741,698,1.0,0.49742687449735756,0.41753059669777204,,,,,,,,,,,,,,,,
30.151375741000003,698,1.0,0.4919675939223346,0.41761570683232063,,,,,,,,,,,,,,,,
30.155417741,698,1.0,0.4892999424653895,0.4194490220811632,,,,,,,,,,,,,,,,
30.159451741,699,1.0,0.48844197217155905,0.4200640643084491,,,,,,,,,,,,,,,,
30.167364741000004,699,1.0,0.48657366808723,0.42135467529296877,,,,,,,,,,,,,,,,
30.172697741,699,1.0,0.48664698881261487,0.42088543927228006,,,,,,,,,,,,,,,,
30.175478741000003,699,1.0,0.48710116218118105,0.4204353615089699,,,,,,,,,,,,,,,,
30.179430741,699,1.0,0.48780295428107767,0.42031933819806133,,,,,,,,,,,,,,,,
30.187678741000003,699,1.0,0.4884039934943704,0.42003507260923034,,,,,,,,,,,,,,,,
30.191421741000003,699,1.0,0.4881867801441866,0.4195845992476852,,,,,,,,,,,,,,,,
30.195454741000002,699,1.0,0.4880854662726907,0.4193412498191551,,,,,,,,,,,,,,,,
30.199412741000003,700,1.0,0.48714738733628216,0.4200992725513599,,,,,,,,,,,,,,,,
30.207420741000004,700,1.0,0.48763370513916016,0.4204883716724537,,,,,,,,,,,,,,,,
30.211416741,700,1.0,0.487884521484375,0.42006135163483793,,,,,,,,,,,,,,,,
30.215447741000002,700,1.0,0.48844129898968863,0.4199396204065393,,,,,,,,,,,,,,,,
30.219423741000004,700,1.0,0.4883878932279699,0.4203995881257234,,,,,,,,,,,,,,,,
30.227427741000003,700,1.0,0.48828472810633045,0.42057636402271414,,,,,,,,,,,,,,,,
30.231482741,700,1.0,0.4885251662310432,0.42018511736834496,,,,,,,,,,,,,,,,
30.235566741000003,700,1.0,0.48858777214499083,0.4205868191189236,,,,,,,,,,,,,,,,
30.239439741,700,1.0,0.48854917638442097,0.4205786245840567,,,,,,,,,,,,,,,,
30.247424741000003,701,1.0,0.48880908068488627,0.4199481540256076,,,,,,,,,,,,,,,,
30.251462741,701,1.0,0.48869598613065834,0.41964399549696185,,,,,,,,,,,,,,,,
30.255447741,701,1.0,0.4889981325934915,0.420127190483941,,,,,,,,,,,,,,,,
30.259723741000002,701,1.0,0.4884030959185432,0.41984349003544563,,,,,,,,,,,,,,,,
30.267401741,701,1.0,0.48891959470861096,0.4195714314778646,,,,,,,,,,,,,,,,
30.271413741000003,701,1.0,0.4888572131886202,0.4193843700267651,,,,,,,,,,,,,,,,
30.275437741,701,1.0,0.48764632729923024,0.4192370944552951,,,,,,,,,,,,,,,,
30.279413741000003,701,1.0,0.48738636690027576,0.41911089861834494,,,,,,,,,,,,,,,,
30.287671741,702,1.0,0.48787936042336855,0.41906749584056713,,,,,,,,,,,,,,,,
30.291407741,702,1.0,0.4882197660558364,0.41894067834924764,,,,,,,,,,,,,,,,
30.295430741,702,1.0,0.4882553324979894,0.41904246012369795,,,,,,,,,,,,,,,,
30.299407741000003,702,1.0,0.48842329137465534,0.4192879005714699,,,,,,,,,,,,,,,,
30.307405741,702,1.0,0.4876265806310317,0.4199273568612558,,,,,,,,,,,,,,,,
30.311374741,702,1.0,0.4879412370569566,0.41994510226779513,,,,,,,,,,,,,,,,
30.315388741000003,702,1.0,0.488582779379452,0.4203294542100694,,,,,,,,,,,,,,,,
30.319352741000003,703,1.0,0.48882607852711396,0.4203884548611111,,,,,,,,,,,,,,,,
30.327436741000003,703,1.0,0.48925865397733803,0.4204251324688947,,,,,,,,,,,,,,,,
30.331484741,703,1.0,0.48946621838737936,0.42043716995804403,,,,,,,,,,,,,,,,
30.335438741,703,1.0,0.49084029478185315,0.42104605215567126,,,,,,,,,,,,,,,,
30.339517741,703,1.0,0.4930877124561983,0.42225483081958914,,,,,,,,,,,,,,,,
30.347417741,703,1.0,0.49772217694450827,0.42297092013888893,,,,,,,,,,,,,,,,
30.351411741000003,703,1.0,0.499447037191952,0.42379913330078123,,,,,,,,,,,,,,,,
30.355407741,703,1.0,0.5020670049330768,0.4241751776801215,,,,,,,,,,,,,,,,
30.359387741000003,703,1.0,0.5032125921810374,0.42554914686414935,,,,,,,,,,,,,,,,
30.367396741,704,1.0,0.5087728500366211,0.4260779486762153,,,,,,,,,,,,,,,,
30.371442741000003,704,1.0,0.5089578628540039,0.4262533117223669,,,,,,,,,,,,,,,,
30.375457741,704,1.0,0.5100248561185949,0.4260829784252026,,,,,,,,,,,,,,,,
30.379750741000002,704,1.0,0.5097161461325252,0.4257360952871817,,,,,,,,,,,,,,,,
30.387435741,704,1.0,0.5089205573586857,0.4252064457646123,,,,,,,,,,,,,,,,
30.391459741000002,704,1.0,0.5087046903722426,0.42525544343171295,,,,,,,,,,,,,,,,
30.395428741000003,704,1.0,0.50829937878777,0.42505900065104163,,,,,,,,,,,,,,,,
30.399374741000003,704,1.0,0.5080925997565774,0.42496445267288774,,,,,,,,,,,,,,,,
30.407400741000004,705,1.0,0.5104513168334961,0.4245503178349248,,,,,,,,,,,,,,,,
30.411426741000003,705,1.0,0.5105374841129079,0.42425214979383685,,,,,,,,,,,,,,,,
30.415413741000002,705,1.0,0.5113118115593406,0.42411905924479165,,,,,,,,,,,,,,,,
30.419508741,705,1.0,0.510955530054429,0.42415618896484375,,,,,,,,,,,,,,,,
30.427400741000003,705,1.0,0.5103659910314223,0.42390843144169565,,,,,,,,,,,,,,,,
30.431400741,705,1.0,0.5104761684642118,0.4244441279658565,,,,,,,,,,,,,,,,
30.435449741000003,705,1.0,0.5101599412805894,0.42446243851273147,,,,,,,,,,,,,,,,
30.439375741000003,706,1.0,0.509891622206744,0.42448685257523144,,,,,,,,,,,,,,,,
30.447664741,706,1.0,0.5124318178962258,0.42524351897063084,,,,,,,,,,,,,,,,
30.451438741,706,1.0,0.5120368845322553,0.4252545957212095,,,,,,,,,,,,,,,,
30.455401741000003,706,1.0,0.511899611529182,0.4251221833405672,,,,,,,,,,,,,,,,
30.459491741,706,1.0,0.5120277965770048,0.4264098555953414,,,,,,,,,,,,,,,,
30.467410741000002,706,1.0,0.5114372477811926,0.42741591842086224,,,,,,,,,,,,,,,,
30.471398741,706,1.0,0.5116706735947553,0.42726112648292824,,,,,,,,,,,,,,,,
30.475413741,706,1.0,0.5118536668665269,0.4270453559027778,,,,,,,,,,,,,,,,
30.483506741000003,707,1.0,0.5121870040893555,0.4266846833405671,,,,,,,,,,,,,,,,
30.487400741000002,707,1.0,0.5118676914888269,0.4265155368381076,,,,,,,,,,,,,,,,
30.491416741000002,707,1.0,0.5119810104370117,0.4276531643337673,,,,,,,,,,,,,,,,
30.495895741000002,707,1.0,0.5119453317978803,0.4280093722873264,,,,,,,,,,,,,,,,
30.503402741000002,707,1.0,0.5115170198328355,0.4276802910698785,,,,,,,,,,,,,,,,
30.507464741000003,707,1.0,0.5119939130895278,0.42776201036241324,,,,,,,,,,,,,,,,
30.511395741,707,1.0,0.5118994993322036,0.42757653130425344,,,,,,,,,,,,,,,,
30.515428741,707,1.0,0.5119622174431296,0.42779331913700813,,,,,,,,,,,,,,,,
30.523390741000004,707,1.0,0.5124441034653607,0.42897451895254635,,,,,,,,,,,,,,,,
30.527481741000003,708,1.0,0.5124898798325482,0.42874139856409144,,,,,,,,,,,,,,,,
30.531462741000002,708,1.0,0.5122416440178367,0.4294109203197338,,,,,,,,,,,,,,,,
30.535500741000003,708,1.0,0.5129850611967199,0.4292305275245949,,,,,,,,,,,,,,,,
30.543410741000002,708,1.0,0.5154315724092371,0.42825588650173607,,,,,,,,,,,,,,,,
30.547419741000002,708,1.0,0.5179385577931124,0.42808820936414926,,,,,,,,,,,,,,,,
30.551393741000002,708,1.0,0.5204307331758387,0.42792544894748263,,,,,,,,,,,,,,,,
30.555423741000002,708,1.0,0.5203222947962144,0.4277465255172165,,,,,,,,,,,,,,,,
30.563381741,708,1.0,0.520383778740378,0.42749944616247104,,,,,,,,,,,,,,,,
30.567385741000002,709,1.0,0.5197574391084558,0.42736748589409723,,,,,,,,,,,,,,,,
30.571400741,709,1.0,0.5201635360717773,0.42772267659505203,,,,,,,,,,,,,,,,
30.575383741000003,709,1.0,0.520200673271628,0.42745966028284144,,,,,,,,,,,,,,,,
30.583540741,709,1.0,0.5212819716509651,0.42735205756293404,,,,,,,,,,,,,,,,
30.587402741000002,709,1.0,0.5207751218010398,0.4268238774052373,,,,,,,,,,,,,,,,
30.591387741000002,709,1.0,0.5204706192016602,0.42661822283709494,,,,,,,,,,,,,,,,
30.595944741,709,1.0,0.5212157754337087,0.42598170527705437,,,,,,,,,,,,,,,,
30.603439741000003,709,1.0,0.5217787798713235,0.4255220201280382,,,,,,,,,,,,,,,,
30.607372741000002,710,1.0,0.5217213350183824,0.4254652235243056,,,,,,,,,,,,,,,,
30.611494741,710,1.0,0.5219199236701516,0.42582973904079857,,,,,,,,,,,,,,,,
30.615437741,710,1.0,0.5225245531867532,0.4256239714445891,,,,,,,,,,,,,,,,
30.623432741000002,710,1.0,0.5221253563376034,0.4253511782045718,,,,,,,,,,,,,,,,
30.627410741000002,710,1.0,0.5224706986371208,0.42469657615379053,,,,,,,,,,,,,,,,
30.631403741000003,710,1.0,0.5226434258853688,0.4246540210865162,,,,,,,,,,,,,,,,
30.635449741000002,710,1.0,0.5223248986636891,0.42458705195674185,,,,,,,,,,,,,,,,
30.643370741000002,710,1.0,0.5224228466258329,0.42454534459997106,,,,,,,,,,,,,,,,
30.647370741000003,711,1.0,0.5237955205580768,0.4244405110677083,,,,,,,,,,,,,,,,
30.651459741000004,711,1.0,0.5255808549768785,0.42457778365523724,,,,,,,,,,,,,,,,
30.655554741000003,711,1.0,0.5274170146268957,0.4245111536096644,,,,,,,,,,,,,,,,
30.664114741000002,711,1.0,0.5276177350212546,0.4247535988136574,,,,,,,,,,,,,,,,
30.667580741000002,711,1.0,0.5271361294914695,0.42437280725549764,,,,,,,,,,,,,,,,
30.671433741,711,1.0,0.5267814187442555,0.4255635579427083,,,,,,,,,,,,,,,,
30.675428741,711,1.0,0.5282914778765511,0.42632327609592013,,,,,,,,,,,,,,,,
30.683360741,712,1.0,0.527461332433364,0.4261193169487847,,,,,,,,,,,,,,,,
30.687407741,712,1.0,0.52734234753777,0.4260689629448785,,,,,,,,,,,,,,,,
30.691535741000003,712,1.0,0.5295221665326286,0.42650276466652204,,,,,,,,,,,,,,,,
30.695483741,712,1.0,0.5298743528478286,0.42643805609809027,,,,,,,,,,,,,,,,
30.703429741,712,1.0,0.529144848094267,0.42666637279369213,,,,,,,,,,,,,,,,
30.711535741000002,712,1.0,0.5281053430893842,0.4265874792028357,,,,,,,,,,,,,,,,
30.715479741000003,712,1.0,0.5276779287001666,0.42658346670645253,,,,,,,,,,,,,,,,
30.723415741,713,1.0,0.5271693958955652,0.42655006691261577,,,,,,,,,,,,,,,,
30.727408741,713,1.0,0.5268076167387121,0.42655153627748843,,,,,,,,,,,,,,,,
30.731449741000002,713,1.0,0.5264930164112764,0.42653153030960644,,,,,,,,,,,,,,,,
30.735517741000002,713,1.0,0.5262416390811696,0.4263774730541088,,,,,,,,,,,,,,,,
30.743462741000002,713,1.0,0.5250062942504883,0.4248959011501736,,,,,,,,,,,,,,,,
30.747386741000003,713,1.0,0.5248018713558421,0.4247513382523148,,,,,,,,,,,,,,,,
30.751443741000003,713,1.0,0.5245938581578872,0.4230199178059896,,,,,,,,,,,,,,,,
30.755754741,714,1.0,0.5233256396125344,0.4226285016095197,,,,,,,,,,,,,,,,
30.763377741000003,714,1.0,0.5108466428868911,0.4226561934859664,,,,,,,,,,,,,,,,
30.767435741000003,714,1.0,0.5071548574111041,0.42253547951027204,,,,,,,,,,,,,,,,
30.771435741,714,1.0,0.49993240132051353,0.4221713595920139,,,,,,,,,,,,,,,,
30.775487741000003,714,1.0,0.49680496664608226,0.42129742657696756,,,,,,,,,,,,,,,,
30.783426741000003,714,1.0,0.49217768276438995,0.42029882360387727,,,,,,,,,,,,,,,,
30.787458741000002,714,1.0,0.48987708372228284,0.42022495976200813,,,,,,,,,,,,,,,,
30.791528741,714,1.0,0.48737481061150045,0.41983642578125,,,,,,,,,,,,,,,,
30.795657741000003,715,1.0,0.4847586575676413,0.4194060714156539,,,,,,,,,,,,,,,,
30.803400741,715,1.0,0.4853934119729435,0.4191766809534143,,,,,,,,,,,,,,,,
30.807387741000003,715,1.0,0.4865247502046473,0.4186926382559317,,,,,,,,,,,,,,,,
30.811415741,715,1.0,0.48690638822667737,0.4187211213288484,,,,,,,,,,,,,,,,
30.815447741000003,715,1.0,0.48532945969525504,0.41857842339409723,,,,,,,,,,,,,,,,
30.823407741,715,1.0,0.4855949177461512,0.41698659261067705,,,,,,,,,,,,,,,,
30.827411741000002,715,1.0,0.4853152106789982,0.4165349324544271,,,,,,,,,,,,,,,,
30.831434741000002,715,1.0,0.4860137490665211,0.416743751808449,,,,,,,,,,,,,,,,
30.835427741,716,1.0,0.48753828160903034,0.41704401086877896,,,,,,,,,,,,,,,,
30.843409741000002,716,1.0,0.48876094818115234,0.4172121401186343,,,,,,,,,,,,,,,,
30.847426741000003,716,1.0,0.48890265296487245,0.4173343234592014,,,,,,,,,,,,,,,,
30.851580741000003,716,1.0,0.4889983569874483,0.4174227114076967,,,,,,,,,,,,,,,,
30.855571741000002,716,1.0,0.4894021539127125,0.4175225151909723,,,,,,,,,,,,,,,,
30.863444741000002,716,1.0,0.48810448366052966,0.41771019829644096,,,,,,,,,,,,,,,,
30.867436741000002,716,1.0,0.4880989299100988,0.41762197989004635,,,,,,,,,,,,,,,,
30.871445741000002,716,1.0,0.4874228870167452,0.4176912660951968,,,,,,,,,,,,,,,,
30.875442741,716,1.0,0.48811110328225527,0.41726831506799766,,,,,,,,,,,,,,,,
30.883415741,717,1.0,0.4857781915103688,0.4171959205910012,,,,,,,,,,,,,,,,
30.887459741,717,1.0,0.4868932611802045,0.41737891303168406,,,,,,,,,,,,,,,,
30.891484741000003,717,1.0,0.48702918781953697,0.41672329372829864,,,,,,,,,,,,,,,,
30.895530741,717,1.0,0.4874423531924977,0.41600516990379055,,,,,,,,,,,,,,,,
30.903441741,717,1.0,0.48783476212445426,0.41396772596571185,,,,,,,,,,,,,,,,
30.907386741000003,717,1.0,0.48850446588852825,0.41294131808810763,,,,,,,,,,,,,,,,
30.911407741,717,1.0,0.4890931073357077,0.411830817328559,,,,,,,,,,,,,,,,
30.915405741,717,1.0,0.48922252655029297,0.4118698120117188,,,,,,,,,,,,,,,,
30.923770741000002,718,1.0,0.48437247556798596,0.4122478343822338,,,,,,,,,,,,,,,,
30.927416741000002,718,1.0,0.48345117007984834,0.41238883689597805,,,,,,,,,,,,,,,,
30.931392741000003,718,1.0,0.4835449667537914,0.41254990189163776,,,,,,,,,,,,,,,,
30.935425741000003,718,1.0,0.481779322904699,0.41273176405164935,,,,,,,,,,,,,,,,
30.943436741000003,718,1.0,0.48168283350327434,0.41275533040364587,,,,,,,,,,,,,,,,
30.947413741000002,718,1.0,0.48197073094985066,0.4129434091073495,,,,,,,,,,,,,,,,
30.951475741000003,718,1.0,0.48107186485739317,0.4130928322120949,,,,,,,,,,,,,,,,
30.955392741,718,1.0,0.48116521274342255,0.414968419958044,,,,,,,,,,,,,,,,
30.963554741000003,719,1.0,0.48113149755141316,0.41561895299840856,,,,,,,,,,,,,,,,
30.967391741000004,719,1.0,0.48120857687557445,0.4156487924081308,,,,,,,,,,,,,,,,
30.971402741000002,719,1.0,0.4816727357752183,0.4156980161313657,,,,,,,,,,,,,,,,
30.975488741000003,719,1.0,0.48177135691923256,0.4157415884512442,,,,,,,,,,,,,,,,
30.983485741000003,719,1.0,0.479705249561983,0.41576430709273726,,,,,,,,,,,,,,,,
30.987514741000002,719,1.0,0.4802437389598173,0.41559097855179394,,,,,,,,,,,,,,,,
30.991405741,719,1.0,0.4799308215870577,0.41565201370804394,,,,,,,,,,,,,,,,
30.995431741,719,1.0,0.4792317783131319,0.4156697026005498,,,,,,,,,,,,,,,,
31.003356741,720,1.0,0.4805751688340131,0.4158092357494213,,,,,,,,,,,,,,,,
31.007400741,720,1.0,0.48071429308723,0.4160311663592303,,,,,,,,,,,,,,,,
31.011472741000002,720,1.0,0.48072057611802044,0.4160821420175058,,,,,,,,,,,,,,,,
31.015473741,720,1.0,0.4793694440056296,0.41584913465711804,,,,,,,,,,,,,,,,
31.023429741,720,1.0,0.48037254109102134,0.4164549650969329,,,,,,,,,,,,,,,,
31.027451741000004,720,1.0,0.48062969656551585,0.41597431324146417,,,,,,,,,,,,,,,,
31.031416741,720,1.0,0.4809268502628102,0.4161454377350984,,,,,,,,,,,,,,,,
31.035406741000003,720,1.0,0.48063407224767346,0.4162987603081597,,,,,,,,,,,,,,,,
31.043405741,721,1.0,0.4806218427770278,0.41630011664496525,,,,,,,,,,,,,,,,
31.047424741,721,1.0,0.4799892201143153,0.4165661847149884,,,,,,,,,,,,,,,,
31.051406741,721,1.0,0.47968628827263327,0.41657087537977433,,,,,,,,,,,,,,,,
31.055585741,721,1.0,0.47934605093563304,0.41643998887803824,,,,,,,,,,,,,,,,
31.063547741,721,1.0,0.48006321402157054,0.4164980853045428,,,,,,,,,,,,,,,,
31.067790741000003,721,1.0,0.47989463806152344,0.41640709771050344,,,,,,,,,,,,,,,,
31.071406741,721,1.0,0.48021804585176353,0.416427160192419,,,,,,,,,,,,,,,,
31.075407741000003,721,1.0,0.48054981231689453,0.41614718967013886,,,,,,,,,,,,,,,,
31.083436741000003,722,1.0,0.4811302072861615,0.41601771601924187,,,,,,,,,,,,,,,,
31.087398741,722,1.0,0.4813989751479205,0.41604823359736687,,,,,,,,,,,,,,,,
31.091471741000003,722,1.0,0.48129872714771943,0.4160615709092882,,,,,,,,,,,,,,,,
31.095437741,722,1.0,0.4808498831356273,0.4160426952220776,,,,,,,,,,,,,,,,
31.103404741000002,722,1.0,0.48011258069206686,0.4134699503580729,,,,,,,,,,,,,,,,
31.107423741,722,1.0,0.48009552675135,0.41363344545717595,,,,,,,,,,,,,,,,
31.111382741000003,722,1.0,0.4802250581629136,0.4136015715422454,,,,,,,,,,,,,,,,
31.115404741000003,722,1.0,0.48047766965978284,0.4136184127242477,,,,,,,,,,,,,,,,
31.123393741,722,1.0,0.4808015262379366,0.41349266899956594,,,,,,,,,,,,,,,,
31.127390741000003,723,1.0,0.48100561254164753,0.4135062323676215,,,,,,,,,,,,,,,,
31.131472741000003,723,1.0,0.4812043694888844,0.4137953581633391,,,,,,,,,,,,,,,,
31.135830741000003,723,1.0,0.48137788211598115,0.41382045039424187,,,,,,,,,,,,,,,,
31.143433741000003,723,1.0,0.4816764382755055,0.4139498675311053,,,,,,,,,,,,,,,,
31.147444741,723,1.0,0.48177298377541933,0.4142308553059896,,,,,,,,,,,,,,,,
31.151575741000002,723,1.0,0.481786054723403,0.4136732878508391,,,,,,,,,,,,,,,,
31.155436741000003,723,1.0,0.4818149454453412,0.4134886565031829,,,,,,,,,,,,,,,,
31.163477741,723,1.0,0.481688892140108,0.41359332049334496,,,,,,,,,,,,,,,,
31.167958741000003,724,1.0,0.48183216768152576,0.41349724663628473,,,,,,,,,,,,,,,,
31.171458741000002,724,1.0,0.4818935955272001,0.413374102557147,,,,,,,,,,,,,,,,
31.175428741,724,1.0,0.4817786497228286,0.4132559882269965,,,,,,,,,,,,,,,,
31.183420741000003,724,1.0,0.481936679166906,0.41338930483217595,,,,,,,,,,,,,,,,
31.187429741000003,724,1.0,0.4819644479190602,0.41328752305772565,,,,,,,,,,,,,,,,
31.191432741000003,724,1.0,0.48195210625143614,0.4132053516529225,,,,,,,,,,,,,,,,
31.195680741,724,1.0,0.4820552152745864,0.4131049827293113,,,,,,,,,,,,,,,,
31.203394741,725,1.0,0.48239629408892465,0.41311306423611116,,,,,,,,,,,,,,,,
31.207404741,725,1.0,0.48223170112161073,0.4130648577654803,,,,,,,,,,,,,,,,
31.211417741,725,1.0,0.4818829929127413,0.41283105920862273,,,,,,,,,,,,,,,,
31.215434741000003,725,1.0,0.48195451848647175,0.4129241943359375,,,,,,,,,,,,,,,,
31.223415741000004,725,1.0,0.4803916706758387,0.4128550211588542,,,,,,,,,,,,,,,,
31.228441741,725,1.0,0.47959204281077666,0.4125466805917245,,,,,,,,,,,,,,,,
31.231495741000003,725,1.0,0.48020239437327666,0.4129991319444445,,,,,,,,,,,,,,,,
31.239523741000003,725,1.0,0.47945275026209216,0.41369323730468754,,,,,,,,,,,,,,,,
31.243454741,726,1.0,0.4788970947265625,0.41368187798394096,,,,,,,,,,,,,,,,
31.247437741000002,726,1.0,0.4789448906393612,0.41304372151692703,,,,,,,,,,,,,,,,
31.251416741000003,726,1.0,0.47908659542308135,0.4130238285771123,,,,,,,,,,,,,,,,
31.259424741000004,726,1.0,0.4789579054888557,0.41343270760995365,,,,,,,,,,,,,,,,
31.263439741000003,726,1.0,0.4797407038071576,0.41333505135995374,,,,,,,,,,,,,,,,
31.267389741000002,726,1.0,0.4794396232156193,0.4132880881980613,,,,,,,,,,,,,,,,
31.271371741000003,726,1.0,0.47955866420970245,0.4131946705005787,,,,,,,,,,,,,,,,
31.279391741,727,1.0,0.4799129261690028,0.4132518627025463,,,,,,,,,,,,,,,,
31.283359741,727,1.0,0.48019807478960824,0.4134921038592303,,,,,,,,,,,,,,,,
31.287415741,727,1.0,0.4802766687729779,0.4137994836877894,,,,,,,,,,,,,,,,
31.291624741000003,727,1.0,0.48083894393023324,0.41483685528790504,,,,,,,,,,,,,,,,
31.299446741,727,1.0,0.48148099113913145,0.41710408528645837,,,,,,,,,,,,,,,,
31.304620741,727,1.0,0.4814311756807215,0.41749674479166665,,,,,,,,,,,,,,,,
31.307528741000002,727,1.0,0.4808335023767808,0.41802402072482636,,,,,,,,,,,,,,,,
31.311390741,727,1.0,0.4807755526374368,0.4194920857747396,,,,,,,,,,,,,,,,
31.319393741000003,728,1.0,0.4852791954489315,0.4204516375506365,,,,,,,,,,,,,,,,
31.323392741000003,728,1.0,0.48576102537267346,0.4204351919668692,,,,,,,,,,,,,,,,
31.327453741000003,728,1.0,0.48732707079719095,0.4199753372757523,,,,,,,,,,,,,,,,
31.331499741000002,728,1.0,0.4956667283002068,0.4198784157081886,,,,,,,,,,,,,,,,
31.339459741000002,728,1.0,0.5045422385720646,0.42010079843026615,,,,,,,,,,,,,,,,
31.343422741,728,1.0,0.5089863047880285,0.42016686333550346,,,,,,,,,,,,,,,,
31.347407741,728,1.0,0.5113074358771829,0.42022021258318865,,,,,,,,,,,,,,,,
31.351396741000002,728,1.0,0.5135398191564223,0.42042332401982063,,,,,,,,,,,,,,,,
31.359411741000002,729,1.0,0.5161461549646714,0.4210700706199363,,,,,,,,,,,,,,,,
31.364846741,729,1.0,0.5162657569436466,0.42144549334490744,,,,,,,,,,,,,,,,
31.367388741000003,729,1.0,0.5158827164593864,0.42211213288483795,,,,,,,,,,,,,,,,
31.371428741000003,729,1.0,0.515270850237678,0.42198452419704857,,,,,,,,,,,,,,,,
31.379423741000004,729,1.0,0.5149129418765798,0.4218286019784433,,,,,,,,,,,,,,,,
31.384539741,729,1.0,0.5165583666633157,0.4216799135561342,,,,,,,,,,,,,,,,
31.387449741,729,1.0,0.5168197295245003,0.42179944073712383,,,,,,,,,,,,,,,,
31.391434741,729,1.0,0.5169824712416705,0.42180808738425923,,,,,,,,,,,,,,,,
31.399415741000002,730,1.0,0.5175469342400046,0.4216122662579572,,,,,,,,,,,,,,,,
31.403392741,730,1.0,0.5186537013334387,0.42158355712890627,,,,,,,,,,,,,,,,
31.407400741000004,730,1.0,0.5185462166281307,0.4214978253399885,,,,,,,,,,,,,,,,
31.411414741,730,1.0,0.5201599457684685,0.4214109067563657,,,,,,,,,,,,,,,,
31.419414741,730,1.0,0.5183115005493164,0.42086074263961226,,,,,,,,,,,,,,,,
31.423486741,730,1.0,0.5172688540290383,0.42099541558159725,,,,,,,,,,,,,,,,
31.427394741,730,1.0,0.5173524968764361,0.4209701538085937,,,,,,,,,,,,,,,,
31.431406741000004,730,1.0,0.5161963631125057,0.4209322894061053,,,,,,,,,,,,,,,,
31.439402741000002,730,1.0,0.5197265849393957,0.420534430609809,,,,,,,,,,,,,,,,
31.443536741000003,731,1.0,0.5194917566636029,0.42048718487774883,,,,,,,,,,,,,,,,
31.447402741,731,1.0,0.5196247100830078,0.4206277352792246,,,,,,,,,,,,,,,,
31.451433741000002,731,1.0,0.5184118607464958,0.4203813340928819,,,,,,,,,,,,,,,,
31.459446741,731,1.0,0.5185642242431641,0.4198940135814525,,,,,,,,,,,,,,,,
31.464701741000002,731,1.0,0.5181335561415729,0.4198154025607639,,,,,,,,,,,,,,,,
31.467405741,731,1.0,0.518231616300695,0.4196557504159433,,,,,,,,,,,,,,,,
31.471378741000002,731,1.0,0.5181376513312844,0.4196975708007813,,,,,,,,,,,,,,,,
31.479405741,731,1.0,0.5184086631326115,0.41983037877965856,,,,,,,,,,,,,,,,
31.483374741000002,732,1.0,0.5179981343886432,0.41976889151114005,,,,,,,,,,,,,,,,
31.487380741000003,732,1.0,0.5194916444666245,0.41959539342809604,,,,,,,,,,,,,,,,
31.491766741000003,732,1.0,0.5186877531163833,0.41955560754846644,,,,,,,,,,,,,,,,
31.499470741000003,732,1.0,0.517850539263557,0.42008570918330435,,,,,,,,,,,,,,,,
31.503420741000003,732,1.0,0.5174300810870003,0.42000167281539347,,,,,,,,,,,,,,,,
31.507420741,732,1.0,0.5174680597641889,0.4197215892650463,,,,,,,,,,,,,,,,
31.511401741,732,1.0,0.5171769647037282,0.42046576605902775,,,,,,,,,,,,,,,,
31.519436741000003,732,1.0,0.5180820016299977,0.42173665364583335,,,,,,,,,,,,,,,,
31.523378741000002,732,1.0,0.5180080638212317,0.42283590811270255,,,,,,,,,,,,,,,,
31.527514741,733,1.0,0.5175453073838178,0.42379517731843175,,,,,,,,,,,,,,,,
31.531640741,733,1.0,0.5173119937672335,0.4236832795319734,,,,,,,,,,,,,,,,
31.539420741,733,1.0,0.5168936112347771,0.4235597963686343,,,,,,,,,,,,,,,,
31.543432741000004,733,1.0,0.5166201310999253,0.42358324969256367,,,,,,,,,,,,,,,,
31.547405741000002,733,1.0,0.5152265885296989,0.42466538040726276,,,,,,,,,,,,,,,,
31.551429741000003,733,1.0,0.5138309142168831,0.42707265218098955,,,,,,,,,,,,,,,,
31.559391741000002,733,1.0,0.513484281652114,0.4296223958333333,,,,,,,,,,,,,,,,
31.563388741,733,1.0,0.512842010049259,0.431490241156684,,,,,,,,,,,,,,,,
31.567393741000004,734,1.0,0.5117922951193417,0.43175269232855906,,,,,,,,,,,,,,,,
31.571407741,734,1.0,0.5105504989624023,0.43319176567925344,,,,,,,,,,,,,,,,
31.579502741000002,734,1.0,0.510150292340447,0.435385979546441,,,,,,,,,,,,,,,,
31.583432741000003,734,1.0,0.5098448921652401,0.4355282818829572,,,,,,,,,,,,,,,,
31.587550741,734,1.0,0.5090585035436294,0.4360029432508681,,,,,,,,,,,,,,,,
31.591494741,734,1.0,0.5076015696806067,0.43619384765625,,,,,,,,,,,,,,,,
31.599402741000002,734,1.0,0.5075110828175264,0.43775730839482063,,,,,,,,,,,,,,,,
31.603371741000004,734,1.0,0.5073662365184111,0.43736148410373266,,,,,,,,,,,,,,,,
31.607387741000004,735,1.0,0.5053762548110065,0.4366464685510706,,,,,,,,,,,,,,,,
31.611436741000002,735,1.0,0.5052013397216797,0.43665076361762156,,,,,,,,,,,,,,,,
31.619394741,735,1.0,0.5051220164579504,0.4359085083007812,,,,,,,,,,,,,,,,
31.623439741000002,735,1.0,0.5048100527595071,0.43549284758391205,,,,,,,,,,,,,,,,
31.627417741000002,735,1.0,0.5047775156357709,0.43526317455150465,,,,,,,,,,,,,,,,
31.631738741000003,735,1.0,0.5047697179457721,0.4349090011031539,,,,,,,,,,,,,,,,
31.639389741000002,735,1.0,0.5043369742000804,0.4343971535011574,,,,,,,,,,,,,,,,
31.643385741000003,735,1.0,0.5043348424574908,0.43422275119357634,,,,,,,,,,,,,,,,
31.647478741,736,1.0,0.5031145881204044,0.4340535481770833,,,,,,,,,,,,,,,,
31.651396741000003,736,1.0,0.5029195336734548,0.43376956515842013,,,,,,,,,,,,,,,,
31.659402741,736,1.0,0.502288537866929,0.4316439593279803,,,,,,,,,,,,,,,,
31.663471741000002,736,1.0,0.5023644391228171,0.43115573459201384,,,,,,,,,,,,,,,,
31.667433741000004,736,1.0,0.5023014966179343,0.42853749593098955,,,,,,,,,,,,,,,,
31.671436741,736,1.0,0.5009413326487822,0.42831002694589115,,,,,,,,,,,,,,,,
31.679426741,736,1.0,0.4975584254545324,0.42759416368272574,,,,,,,,,,,,,,,,
31.683475741000002,737,1.0,0.49471327837775736,0.42574485496238423,,,,,,,,,,,,,,,,
31.687403741,737,1.0,0.48891213360954733,0.4250770286277489,,,,,,,,,,,,,,,,
31.691354741,737,1.0,0.48701976327335134,0.42492353651258685,,,,,,,,,,,,,,,,
31.699454741,737,1.0,0.4798635034000172,0.4240791603370949,,,,,,,,,,,,,,,,
31.703425741,737,1.0,0.4805615929996266,0.4238698323567708,,,,,,,,,,,,,,,,
31.707393741,737,1.0,0.4809412675745347,0.4236729939778646,,,,,,,,,,,,,,,,
31.711407741000002,737,1.0,0.48077213062959556,0.4225953278718171,,,,,,,,,,,,,,,,
31.719677741,737,1.0,0.48331434586468863,0.4222498575846354,,,,,,,,,,,,,,,,
31.723393741000002,738,1.0,0.48192041060503793,0.42082174795645255,,,,,,,,,,,,,,,,
31.728171741,738,1.0,0.4811459709616268,0.42088781286168986,,,,,,,,,,,,,,,,
31.731793741,738,1.0,0.4818595437442555,0.4203036838107639,,,,,,,,,,,,,,,,
31.739394741,738,1.0,0.4813104517319623,0.42000331172236693,,,,,,,,,,,,,,,,
31.743491741000003,738,1.0,0.48058532266055837,0.4194592511212384,,,,,,,,,,,,,,,,
31.747590741000003,738,1.0,0.4810316983391257,0.41918069344979747,,,,,,,,,,,,,,,,
31.751399741000004,738,1.0,0.48171307058895335,0.41874197500723376,,,,,,,,,,,,,,,,
31.759389741000003,738,1.0,0.4819445329553941,0.418014074254919,,,,,,,,,,,,,,,,
31.763380741000002,739,1.0,0.48103562523336973,0.41803662335431135,,,,,,,,,,,,,,,,
31.767388741,739,1.0,0.4812519971062155,0.4179454662181713,,,,,,,,,,,,,,,,
31.771365741,739,1.0,0.4819641674266142,0.41773698594835074,,,,,,,,,,,,,,,,
31.779415741,739,1.0,0.4813393985523897,0.41759976987485536,,,,,,,,,,,,,,,,
31.783397741,739,1.0,0.48200439004337087,0.41761333324291083,,,,,,,,,,,,,,,,
31.787382741000002,739,1.0,0.4819335376515108,0.4177599871600116,,,,,,,,,,,,,,,,
31.791408741,739,1.0,0.4825618407305549,0.41788979989511,,,,,,,,,,,,,,,,
31.799383741000003,739,1.0,0.48277995165656595,0.4178976553457755,,,,,,,,,,,,,,,,
31.803400741,740,1.0,0.48071911755730123,0.41728481716579857,,,,,,,,,,,,,,,,
31.807401741000003,740,1.0,0.4807696061975816,0.41742672390407987,,,,,,,,,,,,,,,,
31.811394741,740,1.0,0.480708963730756,0.4173253377278646,,,,,,,,,,,,,,,,
31.819435741000003,740,1.0,0.47940781537224264,0.41758072464554397,,,,,,,,,,,,,,,,
31.823542741,740,1.0,0.47966962702134075,0.41770172119140625,,,,,,,,,,,,,,,,
31.827406741,740,1.0,0.47995247560388904,0.41759050157335065,,,,,,,,,,,,,,,,
31.831418741,740,1.0,0.4804993797751034,0.41758072464554397,,,,,,,,,,,,,,,,
31.839392741,740,1.0,0.4803771411671358,0.41629915590639466,,,,,,,,,,,,,,,,
31.843383741,740,1.0,0.4804873746984145,0.416163917824074,,,,,,,,,,,,,,,,
31.847384741000003,741,1.0,0.4792340222526999,0.4159673620153357,,,,,,,,,,,,,,,,
31.851384741,741,1.0,0.4794476452995749,0.415278003833912,,,,,,,,,,,,,,,,
31.859416741,741,1.0,0.47964006311753216,0.41348255298755787,,,,,,,,,,,,,,,,
31.863861741,741,1.0,0.47911301781149473,0.4135592425311053,,,,,,,,,,,,,,,,
31.867394741000002,741,1.0,0.47947053348316865,0.4135886863425926,,,,,,,,,,,,,,,,
31.871388741,741,1.0,0.4793810002944049,0.4137838858145254,,,,,,,,,,,,,,,,
31.879473741,741,1.0,0.48008498023538027,0.41347961425781254,,,,,,,,,,,,,,,,
31.883363741000004,742,1.0,0.47989996741799745,0.41367277922453705,,,,,,,,,,,,,,,,
31.887412741000002,742,1.0,0.48012329550350413,0.41381824634693287,,,,,,,,,,,,,,,,
31.891392741,742,1.0,0.4802225898293888,0.41373189290364587,,,,,,,,,,,,,,,,
31.899390741,742,1.0,0.4807615280151367,0.41405046251085065,,,,,,,,,,,,,,,,
31.903803741,742,1.0,0.48073684467988853,0.4134973031503183,,,,,,,,,,,,,,,,
31.907587741,742,1.0,0.4805692784926471,0.41351182725694446,,,,,,,,,,,,,,,,
31.911572741,742,1.0,0.4798130147597369,0.4134751496491609,,,,,,,,,,,,,,,,
31.919398741000002,742,1.0,0.4796749563778148,0.41317127369068285,,,,,,,,,,,,,,,,
31.923384741000003,743,1.0,0.4782455107745002,0.4127718325014468,,,,,,,,,,,,,,,,
31.928437741000003,743,1.0,0.47826419157140393,0.4120033546730324,,,,,,,,,,,,,,,,
31.931433741000003,743,1.0,0.4782226225909065,0.41215679027416086,,,,,,,,,,,,,,,,
31.939387741,743,1.0,0.47693824768066406,0.41250762939453123,,,,,,,,,,,,,,,,
31.943392741,743,1.0,0.47728459975298715,0.41267700195312496,,,,,,,,,,,,,,,,
31.947403741000002,743,1.0,0.47758136076085705,0.41266112150969325,,,,,,,,,,,,,,,,
31.951414741,743,1.0,0.4760315277997185,0.4129621717664931,,,,,,,,,,,,,,,,
31.959471741,744,1.0,0.47464791466208067,0.41322128861038776,,,,,,,,,,,,,,,,
31.963408741000002,744,1.0,0.47499606188605814,0.4128444530345775,,,,,,,,,,,,,,,,
31.967816741000004,744,1.0,0.47517838197595935,0.41299195466218175,,,,,,,,,,,,,,,,
31.971426741000002,744,1.0,0.4754527035881491,0.4130969012225115,,,,,,,,,,,,,,,,
31.979411741000003,744,1.0,0.4742424908806296,0.4132965653030961,,,,,,,,,,,,,,,,
31.984092741,744,1.0,0.4745020585901597,0.41324395073784725,,,,,,,,,,,,,,,,
31.987429741000003,744,1.0,0.47430649925680723,0.41280161539713545,,,,,,,,,,,,,,,,
31.995422741000002,745,1.0,0.4749437780941234,0.41299088089554403,,,,,,,,,,,,,,,,
31.999423741,745,1.0,0.47524121228386373,0.4128560949254919,,,,,,,,,,,,,,,,
32.003625741,745,1.0,0.47554807101978974,0.41270220721209494,,,,,,,,,,,,,,,,
32.007400741000005,745,1.0,0.4757736430448644,0.41245241518373843,,,,,,,,,,,,,,,,
32.015756741000004,745,1.0,0.47522202660055723,0.4110887315538194,,,,,,,,,,,,,,,,
32.019428741,745,1.0,0.4751904992496266,0.41120650679976856,,,,,,,,,,,,,,,,
32.023410741,745,1.0,0.47542605680577893,0.4113508436414931,,,,,,,,,,,,,,,,
32.027419741,745,1.0,0.4756552191341625,0.4114934850622106,,,,,,,,,,,,,,,,
32.035408741000005,745,1.0,0.4753557653988109,0.41138175681785305,,,,,,,,,,,,,,,,
32.039379741000005,746,1.0,0.4754205591538373,0.4115043922706887,,,,,,,,,,,,,,,,
32.043412741000004,746,1.0,0.47562436496510224,0.4111807929144965,,,,,,,,,,,,,,,,
32.047417741000004,746,1.0,0.4757702771355124,0.4111876876265914,,,,,,,,,,,,,,,,
32.055437741,746,1.0,0.47310206469367533,0.4111933390299479,,,,,,,,,,,,,,,,
32.059440741,746,1.0,0.47337902293485756,0.41129947238498266,,,,,,,,,,,,,,,,
32.063424741,746,1.0,0.4734185162712546,0.4113667240849248,,,,,,,,,,,,,,,,
32.067396741,746,1.0,0.4735971899593578,0.4114686754014757,,,,,,,,,,,,,,,,
32.075407741,746,1.0,0.47377636853386373,0.41085888897931133,,,,,,,,,,,,,,,,
32.079432741000005,746,1.0,0.4740026137408088,0.4109986481843171,,,,,,,,,,,,,,,,
32.083420741000005,747,1.0,0.47393108816707835,0.41108991834852426,,,,,,,,,,,,,,,,
32.087500741,747,1.0,0.47377244163961973,0.4109177766022859,,,,,,,,,,,,,,,,
32.095449741,747,1.0,0.47370007458855123,0.41025718406394673,,,,,,,,,,,,,,,,
32.099496741,747,1.0,0.473790729747099,0.4101290667498553,,,,,,,,,,,,,,,,
32.103446741,747,1.0,0.4739512836231905,0.4101552892614294,,,,,,,,,,,,,,,,
32.107465741,747,1.0,0.4740294849171358,0.4102592750831887,,,,,,,,,,,,,,,,
32.115435741,747,1.0,0.47408535901237936,0.4103218926323785,,,,,,,,,,,,,,,,
32.119412741000005,747,1.0,0.4739094902487362,0.41035580105251734,,,,,,,,,,,,,,,,
32.123421741,747,1.0,0.47510842715992646,0.41044831452546293,,,,,,,,,,,,,,,,
32.127410741,748,1.0,0.4740428363575655,0.4105541087962963,,,,,,,,,,,,,,,,
32.135431741000005,748,1.0,0.4742387883803424,0.40992555971498845,,,,,,,,,,,,,,,,
32.139490741,748,1.0,0.47436046600341797,0.41035009313512727,,,,,,,,,,,,,,,,
32.143412741,748,1.0,0.47476852641386147,0.4104791711877893,,,,,,,,,,,,,,,,
32.147415741,748,1.0,0.4752592198988971,0.41062446876808445,,,,,,,,,,,,,,,,
32.155917741,748,1.0,0.4747594945571002,0.4107471042209201,,,,,,,,,,,,,,,,
32.159417741,748,1.0,0.47489222358254823,0.41069335937499996,,,,,,,,,,,,,,,,
32.163443741,748,1.0,0.4749634125653435,0.41067493580005787,,,,,,,,,,,,,,,,
32.167587741000006,749,1.0,0.4750150792738971,0.4092512907805266,,,,,,,,,,,,,,,,
32.175457741,749,1.0,0.47568949531106386,0.4094296490704572,,,,,,,,,,,,,,,,
32.179422741,749,1.0,0.4757521573235007,0.40950729935257524,,,,,,,,,,,,,,,,
32.183366741,749,1.0,0.4760291716631721,0.4095957438151042,,,,,,,,,,,,,,,,
32.187398741,749,1.0,0.47608381159165325,0.40928706416377314,,,,,,,,,,,,,,,,
32.195419741,749,1.0,0.4761386759140912,0.4094633314344618,,,,,,,,,,,,,,,,
32.199394741,749,1.0,0.47675665687112245,0.4095418294270833,,,,,,,,,,,,,,,,
32.203403741,750,1.0,0.4767002778894761,0.4096483018663194,,,,,,,,,,,,,,,,
32.207382741,750,1.0,0.47704236647661996,0.4096801192672165,,,,,,,,,,,,,,,,
32.215491741,750,1.0,0.47699490715475645,0.41029793068214704,,,,,,,,,,,,,,,,
32.219415741,750,1.0,0.47736184737261605,0.4101779513888889,,,,,,,,,,,,,,,,
32.223405741,750,1.0,0.47797466726864085,0.4102383648907697,,,,,,,,,,,,,,,,
32.227394741000005,750,1.0,0.4781967050888959,0.41023056595413776,,,,,,,,,,,,,,,,
32.235403741,750,1.0,0.4795609642477596,0.4102663958514178,,,,,,,,,,,,,,,,
32.239481741,750,1.0,0.47983629563275504,0.4102059823495371,,,,,,,,,,,,,,,,
32.243414741,751,1.0,0.4799945494707893,0.4102305094401042,,,,,,,,,,,,,,,,
32.247405741,751,1.0,0.4804072099573472,0.41027069091796875,,,,,,,,,,,,,,,,
32.255418741,751,1.0,0.48061533535228057,0.41006113688151047,,,,,,,,,,,,,,,,
32.259478741,751,1.0,0.48077891854678884,0.4098782574688947,,,,,,,,,,,,,,,,
32.263424741,751,1.0,0.48130164426915784,0.4099070796260127,,,,,,,,,,,,,,,,
32.267452741,751,1.0,0.48144665886374083,0.40962275752314814,,,,,,,,,,,,,,,,
32.275386741000005,751,1.0,0.4834443260641659,0.4097430193865741,,,,,,,,,,,,,,,,
32.279385741,751,1.0,0.48415346706614776,0.41006271927445026,,,,,,,,,,,,,,,,
32.283368741000004,752,1.0,0.48433056999655333,0.4102459377712674,,,,,,,,,,,,,,,,
32.287363741,752,1.0,0.48452158535228057,0.4113458138925058,,,,,,,,,,,,,,,,
32.295412741,752,1.0,0.4867249096141142,0.41223059760199654,,,,,,,,,,,,,,,,
32.299443741000005,752,1.0,0.48701942668241616,0.41232746265552667,,,,,,,,,,,,,,,,
32.303395741,752,1.0,0.4863440008724437,0.41247428611472803,,,,,,,,,,,,,,,,
32.307429741,752,1.0,0.48617828593534584,0.4124133074725116,,,,,,,,,,,,,,,,
32.315401741,752,1.0,0.486355276668773,0.41267214174623845,,,,,,,,,,,,,,,,
32.319426741,752,1.0,0.4864033530740177,0.41339998598451966,,,,,,,,,,,,,,,,
32.323375741,753,1.0,0.48624930662267346,0.413508888527199,,,,,,,,,,,,,,,,
32.327377741,753,1.0,0.4861244313857135,0.41370329680266205,,,,,,,,,,,,,,,,
32.335401741000005,753,1.0,0.4872617721557617,0.4149193657769097,,,,,,,,,,,,,,,,
32.339387741,753,1.0,0.48732903424431295,0.41593667489511,,,,,,,,,,,,,,,,
32.343496741,753,1.0,0.48736970564898324,0.41728736029730906,,,,,,,,,,,,,,,,
32.347377741,753,1.0,0.487731372608858,0.4175954182942708,,,,,,,,,,,,,,,,
32.355391741000005,753,1.0,0.48740403792437387,0.4180692884657118,,,,,,,,,,,,,,,,
32.359941741,753,1.0,0.4879033705767463,0.41863770661530675,,,,,,,,,,,,,,,,
32.363381741000005,753,1.0,0.48777400746065025,0.4200826009114583,,,,,,,,,,,,,,,,
32.367437741,754,1.0,0.4877484826480641,0.4198863276728877,,,,,,,,,,,,,,,,
32.375449741000004,754,1.0,0.4874861661125632,0.42203883418330435,,,,,,,,,,,,,,,,
32.379454741,754,1.0,0.486547077403349,0.4219951488353588,,,,,,,,,,,,,,,,
32.383467741000004,754,1.0,0.4877832637113683,0.4221805148654514,,,,,,,,,,,,,,,,
32.387390741000004,754,1.0,0.4882620643166935,0.4236599392361111,,,,,,,,,,,,,,,,
32.395385741000005,754,1.0,0.4879954281975241,0.4253325850875289,,,,,,,,,,,,,,,,
32.399458741000004,754,1.0,0.4885602838852826,0.42541588677300346,,,,,,,,,,,,,,,,
32.403367741000004,755,1.0,0.48855214960434856,0.4253502739800348,,,,,,,,,,,,,,,,
32.407372741,755,1.0,0.49027353174546184,0.42572439688223385,,,,,,,,,,,,,,,,
32.415449741,755,1.0,0.4904293172499713,0.42680952284071183,,,,,,,,,,,,,,,,
32.419494741,755,1.0,0.49056417801800895,0.4268193562825521,,,,,,,,,,,,,,,,
32.423423741,755,1.0,0.49066706264720245,0.4273027208116319,,,,,,,,,,,,,,,,
32.427379741,755,1.0,0.49059918347527,0.42869403980396414,,,,,,,,,,,,,,,,
32.435386741,755,1.0,0.4915816924151252,0.4289096408420139,,,,,,,,,,,,,,,,
32.439388741,755,1.0,0.4917553733376896,0.42903775815610534,,,,,,,,,,,,,,,,
32.443404741,756,1.0,0.4915814680211684,0.42866193983289935,,,,,,,,,,,,,,,,
32.447403741,756,1.0,0.49188411937040444,0.4295490406177662,,,,,,,,,,,,,,,,
32.455458741,756,1.0,0.49158135582419005,0.4348065976743345,,,,,,,,,,,,,,,,
32.460026741,756,1.0,0.49179862527286305,0.435933091905382,,,,,,,,,,,,,,,,
32.463487741,756,1.0,0.49164755204144645,0.43676090946903934,,,,,,,,,,,,,,,,
32.467512741,756,1.0,0.49158371196073647,0.4367743032949942,,,,,,,,,,,,,,,,
32.475643741,756,1.0,0.4913027146283318,0.4359599360713252,,,,,,,,,,,,,,,,
32.479427741,756,1.0,0.49155667248894186,0.43750214753327543,,,,,,,,,,,,,,,,
32.483374741,757,1.0,0.4913986430448644,0.4369933516890915,,,,,,,,,,,,,,,,
32.487403741,757,1.0,0.4929439320283778,0.4365409003363715,,,,,,,,,,,,,,,,
32.497332741,757,1.0,0.49254849377800436,0.43626539442274304,,,,,,,,,,,,,,,,
32.499397741,757,1.0,0.49245525808895335,0.4363091927987558,,,,,,,,,,,,,,,,
32.503422741,757,1.0,0.4923236510332893,0.43612817834924766,,,,,,,,,,,,,,,,
32.507376741,757,1.0,0.4930864782894359,0.4363086841724537,,,,,,,,,,,,,,,,
32.515415741000005,757,1.0,0.4927662681130802,0.4369199964735243,,,,,,,,,,,,,,,,
32.519475741,758,1.0,0.4929048313814051,0.43646878842954284,,,,,,,,,,,,,,,,
32.523383741,758,1.0,0.4929555444156422,0.43653247974537035,,,,,,,,,,,,,,,,
32.527382741000004,758,1.0,0.49390024297377644,0.43681199815538196,,,,,,,,,,,,,,,,
32.535415741,758,1.0,0.49361127965590534,0.43701290554470484,,,,,,,,,,,,,,,,
32.539429741,758,1.0,0.49509502859676585,0.4369708025896991,,,,,,,,,,,,,,,,
32.543392741000005,758,1.0,0.494906930362477,0.4390639128508391,,,,,,,,,,,,,,,,
32.547401741,758,1.0,0.49480213838465076,0.4384471752025463,,,,,,,,,,,,,,,,
32.555404741000004,758,1.0,0.4962615966796875,0.43818308512369797,,,,,,,,,,,,,,,,
32.559400741000005,759,1.0,0.495975326089298,0.43791724310980906,,,,,,,,,,,,,,,,
32.563546741,759,1.0,0.49571143879609947,0.437770363136574,,,,,,,,,,,,,,,,
32.567399741,759,1.0,0.49582436505485983,0.4380244502314815,,,,,,,,,,,,,,,,
32.575566741,759,1.0,0.4954788544598748,0.43886927851924185,,,,,,,,,,,,,,,,
32.579374741,759,1.0,0.49531762740191293,0.4402111477322048,,,,,,,,,,,,,,,,
32.583446741,759,1.0,0.49663033204920154,0.4406068024811921,,,,,,,,,,,,,,,,
32.587451741,759,1.0,0.49692395154167623,0.4415874905056424,,,,,,,,,,,,,,,,
32.595600741000005,759,1.0,0.49674022898954506,0.44136335584852426,,,,,,,,,,,,,,,,
32.599544741,760,1.0,0.49713050617891197,0.44186864782262736,,,,,,,,,,,,,,,,
32.603430741000004,760,1.0,0.49692148320815144,0.4414973506221065,,,,,,,,,,,,,,,,
32.607428741,760,1.0,0.4976864422068876,0.4410913538049769,,,,,,,,,,,,,,,,
32.615827741000004,760,1.0,0.4976527270148782,0.4430902551721644,,,,,,,,,,,,,,,,
32.620260741,760,1.0,0.4974244622623219,0.44326047544126157,,,,,,,,,,,,,,,,
32.623425741000005,760,1.0,0.49725784974939685,0.4430280897352431,,,,,,,,,,,,,,,,
32.627395741,760,1.0,0.4971325818230124,0.44276123046875004,,,,,,,,,,,,,,,,
32.635419741,760,1.0,0.4985322391285616,0.44195833559389464,,,,,,,,,,,,,,,,
32.639403741,760,1.0,0.4983077329747817,0.4417869285300926,,,,,,,,,,,,,,,,
32.643454741,761,1.0,0.49840354919433594,0.4415696885850694,,,,,,,,,,,,,,,,
32.647402741,761,1.0,0.4983942368451287,0.4414709020543981,,,,,,,,,,,,,,,,
32.655541741,761,1.0,0.49874412312227134,0.44148847791883683,,,,,,,,,,,,,,,,
32.659603741000005,761,1.0,0.4985796984504251,0.4412659256546586,,,,,,,,,,,,,,,,
32.663410741,761,1.0,0.4983966490801643,0.44194386800130203,,,,,,,,,,,,,,,,
32.667424741000005,761,1.0,0.4975942162906422,0.4427951388888889,,,,,,,,,,,,,,,,
32.675424741,761,1.0,0.49733902426326976,0.4423760873300058,,,,,,,,,,,,,,,,
32.679465741,761,1.0,0.4971986658432904,0.4420947604709201,,,,,,,,,,,,,,,,
32.683471741000005,761,1.0,0.4970674514770508,0.4420845314308449,,,,,,,,,,,,,,,,
32.687422741,761,1.0,0.4969507105210248,0.44222745542173036,,,,,,,,,,,,,,,,
32.695478741,762,1.0,0.49743326972512636,0.44304577862774885,,,,,,,,,,,,,,,,
32.699436741,762,1.0,0.4972530252793256,0.44277298538773147,,,,,,,,,,,,,,,,
32.703520741000006,762,1.0,0.4971517114078297,0.442513190375434,,,,,,,,,,,,,,,,
32.707435741000005,762,1.0,0.4971829021678251,0.44229385941116894,,,,,,,,,,,,,,,,
32.715650741000005,762,1.0,0.49710744969985066,0.44185937952112264,,,,,,,,,,,,,,,,
32.719430741000004,762,1.0,0.497014606700224,0.4417177553530093,,,,,,,,,,,,,,,,
32.723573741,762,1.0,0.4969175563139074,0.4415330674913195,,,,,,,,,,,,,,,,
32.727431741000004,763,1.0,0.49774618709788604,0.441367424858941,,,,,,,,,,,,,,,,
32.735455741,763,1.0,0.49744712605195884,0.4411439118561922,,,,,,,,,,,,,,,,
32.739475741,763,1.0,0.49734339994542737,0.4410010443793403,,,,,,,,,,,,,,,,
32.743419741000004,763,1.0,0.49724382512709675,0.44093141908998845,,,,,,,,,,,,,,,,
32.747467741,763,1.0,0.4971560870899874,0.4407999674479167,,,,,,,,,,,,,,,,
32.755443741,763,1.0,0.49637379365808826,0.44059239140263307,,,,,,,,,,,,,,,,
32.759397741,763,1.0,0.4974270988913143,0.4414208871346933,,,,,,,,,,,,,,,,
32.763447741,763,1.0,0.49756549386417165,0.4414463184497974,,,,,,,,,,,,,,,,
32.771359741000005,764,1.0,0.4973900738884421,0.44120466444227435,,,,,,,,,,,,,,,,
32.775451741000005,764,1.0,0.4973018309649299,0.44150102403428815,,,,,,,,,,,,,,,,
32.779438741,764,1.0,0.4973270752850701,0.44183699996383097,,,,,,,,,,,,,,,,
32.783575741,764,1.0,0.4973023358513327,0.44169780589916086,,,,,,,,,,,,,,,,
32.791393741,764,1.0,0.4978773453656365,0.4414295337818287,,,,,,,,,,,,,,,,
32.795419741,764,1.0,0.4977925805484547,0.4419651172779224,,,,,,,,,,,,,,,,
32.799366741,764,1.0,0.4974822998046875,0.44187639024522574,,,,,,,,,,,,,,,,
32.803387741,764,1.0,0.49771925982306986,0.44177189579716436,,,,,,,,,,,,,,,,
32.811401741000005,765,1.0,0.4975717207964729,0.4424798470956308,,,,,,,,,,,,,,,,
32.815402741,765,1.0,0.49758338928222656,0.4430971498842593,,,,,,,,,,,,,,,,
32.819452741,765,1.0,0.497133030610926,0.44294540970413776,,,,,,,,,,,,,,,,
32.823409741,765,1.0,0.49707171496223,0.44289556432653354,,,,,,,,,,,,,,,,
32.831405741000005,765,1.0,0.49698790381936464,0.44268222384982636,,,,,,,,,,,,,,,,
32.835460741,765,1.0,0.4968954535091625,0.4425816853841146,,,,,,,,,,,,,,,,
32.839370741,765,1.0,0.4970473121194279,0.44230109320746525,,,,,,,,,,,,,,,,
32.843390741,765,1.0,0.4976009481093463,0.4426246360496239,,,,,,,,,,,,,,,,
32.851388741,766,1.0,0.49770691815544577,0.4426005610713253,,,,,,,,,,,,,,,,
32.855679741,766,1.0,0.49678123698515053,0.4428098890516493,,,,,,,,,,,,,,,,
32.859403741,766,1.0,0.4957732593311983,0.44270833333333337,,,,,,,,,,,,,,,,
32.863494741000004,766,1.0,0.49562616909251495,0.44282446967230904,,,,,,,,,,,,,,,,
32.871486741000005,766,1.0,0.49665198606603284,0.4406730369285301,,,,,,,,,,,,,,,,
32.875406741,766,1.0,0.4969460543464212,0.44063110351562496,,,,,,,,,,,,,,,,
32.879401741,766,1.0,0.4969116659725414,0.44058142768012154,,,,,,,,,,,,,,,,
32.883400741,766,1.0,0.49544210994944854,0.4404829802336516,,,,,,,,,,,,,,,,
32.891413741,767,1.0,0.49538545047535615,0.4406087239583333,,,,,,,,,,,,,,,,
32.895512741000005,767,1.0,0.4955950344310087,0.4406006424515335,,,,,,,,,,,,,,,,
32.899432741000005,767,1.0,0.4954574248370002,0.440219172724971,,,,,,,,,,,,,,,,
32.903427741,767,1.0,0.49521709890926585,0.43963097466362844,,,,,,,,,,,,,,,,
32.911538741,767,1.0,0.4950771892772001,0.43902440954137734,,,,,,,,,,,,,,,,
32.915434741,767,1.0,0.4948872397927677,0.4389006438078704,,,,,,,,,,,,,,,,
32.919375741,767,1.0,0.49493806502398324,0.4387883504231771,,,,,,,,,,,,,,,,
32.923376741000006,768,1.0,0.4948921764598173,0.4387630321361401,,,,,,,,,,,,,,,,
32.931808741000005,768,1.0,0.49474020565257354,0.4362903171115451,,,,,,,,,,,,,,,,
32.935638741000005,768,1.0,0.4941871867460363,0.43585792824074077,,,,,,,,,,,,,,,,
32.939474741000005,768,1.0,0.494145673864028,0.4361788149233218,,,,,,,,,,,,,,,,
32.943433741,768,1.0,0.49435340656953697,0.43622368706597225,,,,,,,,,,,,,,,,
32.951453741,768,1.0,0.49395028282614317,0.4363043325918692,,,,,,,,,,,,,,,,
32.955405741,768,1.0,0.49388543297262755,0.4364309240270544,,,,,,,,,,,,,,,,
32.959395741,768,1.0,0.49418797212488513,0.43646827980324077,,,,,,,,,,,,,,,,
32.963399741,769,1.0,0.4942002015955308,0.43646890145760997,,,,,,,,,,,,,,,,
32.971387741,769,1.0,0.4943419063792509,0.43647127504701966,,,,,,,,,,,,,,,,
32.975437741,769,1.0,0.49441977108226104,0.4362912213360822,,,,,,,,,,,,,,,,
32.979430741,769,1.0,0.49387454986572266,0.43632863362630203,,,,,,,,,,,,,,,,
32.983391741000005,769,1.0,0.49378737281350527,0.4363538953993056,,,,,,,,,,,,,,,,
32.991458741,769,1.0,0.4943836997537052,0.4361934520580151,,,,,,,,,,,,,,,,
32.996012741,769,1.0,0.4943997439216165,0.4362286037868923,,,,,,,,,,,,,,,,
32.999443741,769,1.0,0.49417630363913145,0.4361616346571181,,,,,,,,,,,,,,,,
33.003467741,769,1.0,0.49458520552691293,0.4357878508391204,,,,,,,,,,,,,,,,
33.011658741000005,770,1.0,0.4935139487771427,0.43550624140986693,,,,,,,,,,,,,,,,
33.015386741,770,1.0,0.49346323574290557,0.43558377866391784,,,,,,,,,,,,,,,,
33.019431741000005,770,1.0,0.49230020186480355,0.4353225708007813,,,,,,,,,,,,,,,,
33.023465741,770,1.0,0.49189029020421643,0.4352103904441551,,,,,,,,,,,,,,,,
33.031429741000004,770,1.0,0.4923449123606962,0.43514268663194444,,,,,,,,,,,,,,,,
33.035431741000004,770,1.0,0.4918339673210593,0.4351111518012153,,,,,,,,,,,,,,,,
33.039391741,770,1.0,0.49183957716997934,0.4351448341652199,,,,,,,,,,,,,,,,
33.043410741,770,1.0,0.49191031736486096,0.43543243408203125,,,,,,,,,,,,,,,,
33.051476741,771,1.0,0.4913126440609203,0.43541118480541086,,,,,,,,,,,,,,,,
33.056310741000004,771,1.0,0.4913491641773897,0.4354534573025174,,,,,,,,,,,,,,,,
33.059497741,771,1.0,0.49108707203584556,0.43536337393301505,,,,,,,,,,,,,,,,
33.063451741,771,1.0,0.49114782669964957,0.4350318626121238,,,,,,,,,,,,,,,,
33.071448741000005,771,1.0,0.49125878951128793,0.43425055609809027,,,,,,,,,,,,,,,,
33.075392741,771,1.0,0.4913488836849437,0.43392622205946185,,,,,,,,,,,,,,,,
33.079407741000004,771,1.0,0.49120566424201517,0.43398505316840275,,,,,,,,,,,,,,,,
33.083356741,771,1.0,0.4912576114430147,0.4331735681604456,,,,,,,,,,,,,,,,
33.091440741,772,1.0,0.4908883150886087,0.43274372242115167,,,,,,,,,,,,,,,,
33.095709741,772,1.0,0.49094828437356386,0.432132805718316,,,,,,,,,,,,,,,,
33.099383741000004,772,1.0,0.490483564489028,0.4319721928349247,,,,,,,,,,,,,,,,
33.103390741000005,772,1.0,0.4904574786915499,0.4318003336588542,,,,,,,,,,,,,,,,
33.111420741,772,1.0,0.4903722650864545,0.43148798059534144,,,,,,,,,,,,,,,,
33.115396741000005,772,1.0,0.4904131608850816,0.43117065429687496,,,,,,,,,,,,,,,,
33.119373741000004,772,1.0,0.4903898239135742,0.4309922394929109,,,,,,,,,,,,,,,,
33.123398741,772,1.0,0.4904487834257238,0.4310763888888889,,,,,,,,,,,,,,,,
33.131441741,773,1.0,0.49069561677820545,0.43091125488281246,,,,,,,,,,,,,,,,
33.135523741,773,1.0,0.49074610541848573,0.4303244131582754,,,,,,,,,,,,,,,,
33.139393741,773,1.0,0.4908937005435719,0.43029937744140623,,,,,,,,,,,,,,,,
33.143394741,773,1.0,0.4909411598654354,0.4302625868055555,,,,,,,,,,,,,,,,
33.151426741,773,1.0,0.4904630324419807,0.4304565994827836,,,,,,,,,,,,,,,,
33.155433741,773,1.0,0.49077342538272634,0.43052407723886,,,,,,,,,,,,,,,,
33.159413741,773,1.0,0.4907959769753849,0.430062018500434,,,,,,,,,,,,,,,,
33.164584741,774,1.0,0.4914386412676643,0.4298724704318576,,,,,,,,,,,,,,,,
33.171602741,774,1.0,0.4914246166453642,0.42976831506799773,,,,,,,,,,,,,,,,
33.175618741,774,1.0,0.49041108524098115,0.42974056667751737,,,,,,,,,,,,,,,,
33.179708741,774,1.0,0.4904463711906882,0.4298123960141782,,,,,,,,,,,,,,,,
33.183495741,774,1.0,0.49058398078469667,0.4293994479709201,,,,,,,,,,,,,,,,
33.191463741,774,1.0,0.4896588605992934,0.4283546730324074,,,,,,,,,,,,,,,,
33.195409741,774,1.0,0.48977184295654297,0.42827730532045716,,,,,,,,,,,,,,,,
33.201244741000004,775,1.0,0.48923587799072266,0.4284476386176215,,,,,,,,,,,,,,,,
33.203436741000004,775,1.0,0.4895024019129136,0.4285044352213542,,,,,,,,,,,,,,,,
33.211399741,775,1.0,0.48923705605899587,0.4286078559027777,,,,,,,,,,,,,,,,
33.215461741,775,1.0,0.48882394678452434,0.4287061903211805,,,,,,,,,,,,,,,,
33.219401741,775,1.0,0.4885416591868681,0.42815811722366903,,,,,,,,,,,,,,,,
33.223524741,775,1.0,0.4886207580566406,0.42812963415075234,,,,,,,,,,,,,,,,
33.231417741,775,1.0,0.488559554604923,0.42791804560908564,,,,,,,,,,,,,,,,
33.235395741000005,775,1.0,0.4886648514691521,0.4282923380533854,,,,,,,,,,,,,,,,
33.239445741000004,775,1.0,0.4888475081499885,0.4284007319697627,,,,,,,,,,,,,,,,
33.244314741000004,776,1.0,0.488372241749483,0.42822412561487266,,,,,,,,,,,,,,,,
33.251400741000005,776,1.0,0.4883097480325138,0.4269522772894965,,,,,,,,,,,,,,,,
33.255435741,776,1.0,0.4884952096378102,0.42711023401331016,,,,,,,,,,,,,,,,
33.259420741,776,1.0,0.48900963278377757,0.42728706642433445,,,,,,,,,,,,,,,,
33.263437741000004,776,1.0,0.4889979081995347,0.4272772329824942,,,,,,,,,,,,,,,,
33.271396741000004,776,1.0,0.4872904384837431,0.42817331949869797,,,,,,,,,,,,,,,,
33.275384741,776,1.0,0.4882156708661248,0.4279638784903067,,,,,,,,,,,,,,,,
33.279531741,776,1.0,0.4882837183335248,0.42805836995442703,,,,,,,,,,,,,,,,
33.283381741,777,1.0,0.48845751145306754,0.428410961009838,,,,,,,,,,,,,,,,
33.291424741,777,1.0,0.4885503544526942,0.4280197143554687,,,,,,,,,,,,,,,,
33.295431741,777,1.0,0.4885409299065085,0.4280906959816262,,,,,,,,,,,,,,,,
33.299517741,777,1.0,0.48856426687801585,0.4282440750687211,,,,,,,,,,,,,,,,
33.303419741,777,1.0,0.4886029187370749,0.4282931292498553,,,,,,,,,,,,,,,,
33.311413741,777,1.0,0.4880391289206112,0.4284317016601562,,,,,,,,,,,,,,,,
33.315428741000005,777,1.0,0.48796900580911073,0.428700425889757,,,,,,,,,,,,,,,,
33.319398741,777,1.0,0.48798347921932445,0.4287164193612558,,,,,,,,,,,,,,,,
33.323412741000006,777,1.0,0.488128101124483,0.42896191632306135,,,,,,,,,,,,,,,,
33.331416741000005,778,1.0,0.48821690503288717,0.42895140471281834,,,,,,,,,,,,,,,,
33.335474741,778,1.0,0.48861082862405214,0.42922255904586226,,,,,,,,,,,,,,,,
33.339402741,778,1.0,0.48863590464872475,0.429115973578559,,,,,,,,,,,,,,,,
33.343394741000004,778,1.0,0.48862092635210824,0.4290250990125868,,,,,,,,,,,,,,,,
33.351413741,778,1.0,0.48801366020651427,0.42898706506799766,,,,,,,,,,,,,,,,
33.355414741000004,778,1.0,0.48781944723690257,0.42884408456307865,,,,,,,,,,,,,,,,
33.359382741000005,778,1.0,0.48778096367331114,0.4287463717990452,,,,,,,,,,,,,,,,
33.363408741,778,1.0,0.48795638364904065,0.42818027072482634,,,,,,,,,,,,,,,,
33.371394741,779,1.0,0.4881695579080021,0.4288337990089699,,,,,,,,,,,,,,,,
33.375419741,779,1.0,0.4880576975205365,0.4288457799840857,,,,,,,,,,,,,,,,
33.379433741,779,1.0,0.48814526726217833,0.4288125497323495,,,,,,,,,,,,,,,,
33.383391741000004,779,1.0,0.48820338529698987,0.4288210268373842,,,,,,,,,,,,,,,,
33.391413741,779,1.0,0.4879453883451574,0.4296887433087384,,,,,,,,,,,,,,,,
33.395498741000004,779,1.0,0.4881804971133961,0.42965833875868054,,,,,,,,,,,,,,,,
33.399389741,779,1.0,0.4880188773660099,0.42957181577329284,,,,,,,,,,,,,,,,
33.403382741,779,1.0,0.4881083544562845,0.42943979899088547,,,,,,,,,,,,,,,,
33.411433741,780,1.0,0.4881010055541992,0.4290274726019965,,,,,,,,,,,,,,,,
33.415467741,780,1.0,0.4881509332095875,0.4289113362630208,,,,,,,,,,,,,,,,
33.419534741,780,1.0,0.4881199107450597,0.4291754263418692,,,,,,,,,,,,,,,,
33.423384741,780,1.0,0.48892997292911305,0.4293676870840567,,,,,,,,,,,,,,,,
33.431371741,780,1.0,0.48821286594166474,0.42976515028211804,,,,,,,,,,,,,,,,
33.435429741,780,1.0,0.48832208970013785,0.43021093297887736,,,,,,,,,,,,,,,,
33.439521741,780,1.0,0.48843905505012064,0.43059477629484955,,,,,,,,,,,,,,,,
33.443361741000004,780,1.0,0.4889960008509019,0.4335966887297453,,,,,,,,,,,,,,,,
33.451392741,781,1.0,0.48977891136618223,0.437888420952691,,,,,,,,,,,,,,,,
33.455473741,781,1.0,0.48965897279627185,0.43891850224247686,,,,,,,,,,,,,,,,
33.459453741000004,781,1.0,0.48983164394603057,0.4411691736291956,,,,,,,,,,,,,,,,
33.463534741000004,781,1.0,0.48943643008961396,0.44312665020978004,,,,,,,,,,,,,,,,
33.471384741,781,1.0,0.48866945154526653,0.4455155549225984,,,,,,,,,,,,,,,,
33.475421741000005,781,1.0,0.48866928324979897,0.44559037950303815,,,,,,,,,,,,,,,,
33.479386741,781,1.0,0.48897793713737936,0.44683312310112844,,,,,,,,,,,,,,,,
33.483397741000005,781,1.0,0.48981509489171643,0.4497056183991609,,,,,,,,,,,,,,,,
33.493194741,782,1.0,0.4933677561142865,0.4515821668836806,,,,,,,,,,,,,,,,
33.495408741,782,1.0,0.49352146597469554,0.4524000944914641,,,,,,,,,,,,,,,,
33.500350741000005,782,1.0,0.49365969265208526,0.45230317292390043,,,,,,,,,,,,,,,,
33.503462741,782,1.0,0.4935971428366268,0.4522613525390625,,,,,,,,,,,,,,,,
33.511372741,782,1.0,0.4934559990377987,0.4523455584490741,,,,,,,,,,,,,,,,
33.515455741000004,782,1.0,0.4936615439022289,0.45345289442274306,,,,,,,,,,,,,,,,
33.519385741,782,1.0,0.49365234375,0.45274138274016207,,,,,,,,,,,,,,,,
33.523485741,782,1.0,0.4935763863956227,0.4535402651186342,,,,,,,,,,,,,,,,
33.531375741000005,783,1.0,0.49392565558938417,0.45443827311197915,,,,,,,,,,,,,,,,
33.535446741,783,1.0,0.49476926466997934,0.4541871247468171,,,,,,,,,,,,,,,,
33.539432741,783,1.0,0.49499719283160043,0.4541471693250868,,,,,,,,,,,,,,,,
33.547467741000006,783,1.0,0.4948158825145048,0.4535072609230324,,,,,,,,,,,,,,,,
33.551414741,783,1.0,0.49511898265165444,0.45426573576750584,,,,,,,,,,,,,,,,
33.555386741,783,1.0,0.4953614964204676,0.45449393943504046,,,,,,,,,,,,,,,,
33.559396741,783,1.0,0.4957081289852367,0.45529621265552667,,,,,,,,,,,,,,,,
33.567386741,784,1.0,0.4960429247687845,0.4549505163122106,,,,,,,,,,,,,,,,
33.571425741,784,1.0,0.49596444298239317,0.4546518396448206,,,,,,,,,,,,,,,,
33.575562741,784,1.0,0.4965847239774816,0.45481188738787615,,,,,,,,,,,,,,,,
33.580779741,784,1.0,0.49669607947854433,0.45526558204933454,,,,,,,,,,,,,,,,
33.587520741,784,1.0,0.49652929867015166,0.4550060696072049,,,,,,,,,,,,,,,,
33.591458741000004,784,1.0,0.49604084912468405,0.4546498051396123,,,,,,,,,,,,,,,,
33.595426741000004,784,1.0,0.49573129766127644,0.4548701533564815,,,,,,,,,,,,,,,,
33.599379741,784,1.0,0.495668186860926,0.4551737467447917,,,,,,,,,,,,,,,,
33.607387741000004,785,1.0,0.49535538168514476,0.45461685745804403,,,,,,,,,,,,,,,,
33.611435741,785,1.0,0.4952827902401195,0.4541619760018808,,,,,,,,,,,,,,,,
33.615431741,785,1.0,0.4956626331104952,0.45568463360821754,,,,,,,,,,,,,,,,
33.619412741000005,785,1.0,0.4956330131081974,0.45558816415292247,,,,,,,,,,,,,,,,
33.627438741,785,1.0,0.49606648613424864,0.4558607313368056,,,,,,,,,,,,,,,,
33.631412741000005,785,1.0,0.49599361419677734,0.45569441053602433,,,,,,,,,,,,,,,,
33.635420741000004,785,1.0,0.496036361245548,0.4554352371780961,,,,,,,,,,,,,,,,
33.639405741000004,785,1.0,0.4954045239616843,0.45597958034939234,,,,,,,,,,,,,,,,
33.647391741,785,1.0,0.49519791322595935,0.455270837854456,,,,,,,,,,,,,,,,
33.651387741,786,1.0,0.4950439789715935,0.4549488208912037,,,,,,,,,,,,,,,,
33.655422741,786,1.0,0.49541955835678997,0.4546442667643229,,,,,,,,,,,,,,,,
33.659428741,786,1.0,0.4953021442188936,0.4544753463179977,,,,,,,,,,,,,,,,
33.667869741000004,786,1.0,0.4964490778305951,0.4540145874023438,,,,,,,,,,,,,,,,
33.671431741,786,1.0,0.49648425158332377,0.45418989393446185,,,,,,,,,,,,,,,,
33.675422741000006,786,1.0,0.4960435979506549,0.45441956696686925,,,,,,,,,,,,,,,,
33.679371741000004,786,1.0,0.4944627986234777,0.4546278776945891,,,,,,,,,,,,,,,,
33.687434741000004,787,1.0,0.49468663159538717,0.4542640968605324,,,,,,,,,,,,,,,,
33.691431741,787,1.0,0.494202782126034,0.45396428991247106,,,,,,,,,,,,,,,,
33.695417741,787,1.0,0.4942566366756664,0.45393710666232634,,,,,,,,,,,,,,,,
33.699389741000005,787,1.0,0.49402158400591684,0.4538638644748264,,,,,,,,,,,,,,,,
33.707424741000004,787,1.0,0.49408918268540325,0.45407115794994213,,,,,,,,,,,,,,,,
33.711406741000005,787,1.0,0.494047389310949,0.45435084590205443,,,,,,,,,,,,,,,,
33.715424741,787,1.0,0.49399325426887064,0.45417683919270835,,,,,,,,,,,,,,,,
33.719388741,787,1.0,0.49403903063605814,0.45401040536385995,,,,,,,,,,,,,,,,
33.727406741,788,1.0,0.49386192770565257,0.45377349853515625,,,,,,,,,,,,,,,,
33.731401741,788,1.0,0.493896764867446,0.4528918230975115,,,,,,,,,,,,,,,,
33.735414741,788,1.0,0.49391954085406137,0.45266994900173607,,,,,,,,,,,,,,,,
33.739398741,788,1.0,0.4939362021053539,0.4525487829137731,,,,,,,,,,,,,,,,
33.747588741,788,1.0,0.49382641736198873,0.45234940140335644,,,,,,,,,,,,,,,,
33.751596741,788,1.0,0.4938822353587431,0.45171604862919557,,,,,,,,,,,,,,,,
33.755421741,788,1.0,0.4940779629875632,0.45187366626880787,,,,,,,,,,,,,,,,
33.759406741,788,1.0,0.49411510018741384,0.4516738326461227,,,,,,,,,,,,,,,,
33.767412741,789,1.0,0.4940568138571346,0.4513581452546296,,,,,,,,,,,,,,,,
33.771512741,789,1.0,0.49425018534940834,0.45109518545645255,,,,,,,,,,,,,,,,
33.775428741,789,1.0,0.49471114663516774,0.45100487603081596,,,,,,,,,,,,,,,,
33.779479741,789,1.0,0.49466845568488627,0.45055530689380785,,,,,,,,,,,,,,,,
33.787410741,789,1.0,0.4951595979578355,0.450475169994213,,,,,,,,,,,,,,,,
33.791418741,789,1.0,0.4947996139526367,0.4504341408058449,,,,,,,,,,,,,,,,
33.795442741,789,1.0,0.4947553522446576,0.45017948857060186,,,,,,,,,,,,,,,,
33.799408741,789,1.0,0.4947505838730756,0.4503307766384549,,,,,,,,,,,,,,,,
33.807583741,790,1.0,0.4949137182796703,0.4503211692527488,,,,,,,,,,,,,,,,
33.811438741,790,1.0,0.4945543513578527,0.4506295098198785,,,,,,,,,,,,,,,,
33.815446741,790,1.0,0.49448641608743105,0.4509640728985822,,,,,,,,,,,,,,,,
33.819459741,790,1.0,0.4944714377908146,0.4512706615306713,,,,,,,,,,,,,,,,
33.827467741,790,1.0,0.4934801774866441,0.45309516059027777,,,,,,,,,,,,,,,,
33.831601741,790,1.0,0.49458986170151653,0.45348895037615744,,,,,,,,,,,,,,,,
33.835404741000005,790,1.0,0.49481722887824564,0.4546384458188657,,,,,,,,,,,,,,,,
33.839407741,790,1.0,0.4953230689553654,0.45463714599609373,,,,,,,,,,,,,,,,
33.847459741,791,1.0,0.4977705899406882,0.4548439308449074,,,,,,,,,,,,,,,,
33.851394741,791,1.0,0.49825679554658775,0.45510073061342593,,,,,,,,,,,,,,,,
33.855429741,791,1.0,0.4984741771922392,0.4549767953378183,,,,,,,,,,,,,,,,
33.859563741,791,1.0,0.5005494847017176,0.45515311912254053,,,,,,,,,,,,,,,,
33.867500741,791,1.0,0.5002919926362879,0.4549397221317998,,,,,,,,,,,,,,,,
33.871409741,791,1.0,0.5013621274162742,0.45481663456669563,,,,,,,,,,,,,,,,
33.875425741,791,1.0,0.5011513653923484,0.45501386854383685,,,,,,,,,,,,,,,,
33.879396741,791,1.0,0.5021827922147863,0.4550441600658276,,,,,,,,,,,,,,,,
33.887373741000005,792,1.0,0.5022629008573645,0.45488077799479165,,,,,,,,,,,,,,,,
33.891655741,792,1.0,0.5021123325123507,0.4548299153645833,,,,,,,,,,,,,,,,
33.895469741,792,1.0,0.5025021048153148,0.4552330864800347,,,,,,,,,,,,,,,,
33.899443741,792,1.0,0.5023878882913029,0.45513701262297457,,,,,,,,,,,,,,,,
33.907414741000004,792,1.0,0.5022465761970071,0.4549583717628761,,,,,,,,,,,,,,,,
33.911434741,792,1.0,0.502892999088063,0.4554468225549768,,,,,,,,,,,,,,,,
33.915495741,792,1.0,0.5035400951609892,0.45533712881582755,,,,,,,,,,,,,,,,
33.919502741,792,1.0,0.504194932825425,0.4552308824327257,,,,,,,,,,,,,,,,
33.927446741000004,793,1.0,0.5038852691650391,0.4548976756908275,,,,,,,,,,,,,,,,
33.931388741,793,1.0,0.5035836836870979,0.4548329106083623,,,,,,,,,,,,,,,,
33.935450741000004,793,1.0,0.5033726411707261,0.45463725902416086,,,,,,,,,,,,,,,,
33.939430741,793,1.0,0.5031806160421932,0.4543228714554398,,,,,,,,,,,,,,,,
33.947409741,793,1.0,0.502838976242963,0.4542313752350984,,,,,,,,,,,,,,,,
33.951408741,793,1.0,0.5026854346780216,0.45424103913483793,,,,,,,,,,,,,,,,
33.955438741,793,1.0,0.5025394664091223,0.45464827926070606,,,,,,,,,,,,,,,,
33.959417741,793,1.0,0.5026378070606905,0.4544741030092593,,,,,,,,,,,,,,,,
33.967440741000004,794,1.0,0.5045284383437213,0.4545110066731771,,,,,,,,,,,,,,,,
33.971454741,794,1.0,0.5044175316305721,0.45433191370081016,,,,,,,,,,,,,,,,
33.975449741000006,794,1.0,0.5044904596665326,0.4550281100802951,,,,,,,,,,,,,,,,
33.979434741,794,1.0,0.5051380045273725,0.4552132500542535,,,,,,,,,,,,,,,,
33.987985741,794,1.0,0.5053225124583525,0.4551628960503472,,,,,,,,,,,,,,,,
33.991417741,794,1.0,0.5048988005694222,0.4553099455656828,,,,,,,,,,,,,,,,
33.995468741,794,1.0,0.5058374965892118,0.45524009422019673,,,,,,,,,,,,,,,,
33.999389741,794,1.0,0.505877270418055,0.4555226643880208,,,,,,,,,,,,,,,,
34.007388741,795,1.0,0.5069774178897634,0.4570986147280093,,,,,,,,,,,,,,,,
34.011381741,795,1.0,0.5067571191226735,0.4574009082935474,,,,,,,,,,,,,,,,
34.015449741000005,795,1.0,0.506844071780934,0.45793078387225117,,,,,,,,,,,,,,,,
34.019360741,795,1.0,0.506614460664637,0.45808043303313084,,,,,,,,,,,,,,,,
34.027399741,795,1.0,0.5062096539665671,0.4577379014756945,,,,,,,,,,,,,,,,
34.031403741000005,795,1.0,0.5070606680477366,0.45761905246310763,,,,,,,,,,,,,,,,
34.036508741,795,1.0,0.5079329995548024,0.4575165925202547,,,,,,,,,,,,,,,,
34.039409741,795,1.0,0.5092515384449678,0.4573202627676505,,,,,,,,,,,,,,,,
34.047410741,796,1.0,0.5126746121574851,0.45734439425998263,,,,,,,,,,,,,,,,
34.051402741000004,796,1.0,0.5159811693079331,0.4572526154694734,,,,,,,,,,,,,,,,
34.055423741000006,796,1.0,0.5160885979147518,0.45784115261501734,,,,,,,,,,,,,,,,
34.059380741000005,796,1.0,0.516567959504969,0.45809049253110534,,,,,,,,,,,,,,,,
34.067422741,796,1.0,0.5186971215640798,0.4578999272099248,,,,,,,,,,,,,,,,
34.071412741,796,1.0,0.518380277297076,0.4578704833984375,,,,,,,,,,,,,,,,
34.075393741,796,1.0,0.518375508925494,0.4577786480938947,,,,,,,,,,,,,,,,
34.079397741,796,1.0,0.5180033515481388,0.45789902298538776,,,,,,,,,,,,,,,,
34.087394741000004,797,1.0,0.517926440519445,0.4577087967484086,,,,,,,,,,,,,,,,
34.091411741,797,1.0,0.5182588240679573,0.45777384440104163,,,,,,,,,,,,,,,,
34.095435741,797,1.0,0.5178069507374483,0.4577298764829283,,,,,,,,,,,,,,,,
34.099409741,797,1.0,0.5180464351878447,0.45769828513816546,,,,,,,,,,,,,,,,
34.107419741,797,1.0,0.5189266204833984,0.4575094717520255,,,,,,,,,,,,,,,,
34.111417741000004,797,1.0,0.518305217518526,0.45714258264612273,,,,,,,,,,,,,,,,
34.115445741,797,1.0,0.5177501229678884,0.4568485966435185,,,,,,,,,,,,,,,,
34.119364741000005,797,1.0,0.5178683785831227,0.4569086710611979,,,,,,,,,,,,,,,,
34.127391741000004,798,1.0,0.5173652312334847,0.4565324006257234,,,,,,,,,,,,,,,,
34.131401741000005,798,1.0,0.5173282062306124,0.45649193657769094,,,,,,,,,,,,,,,,
34.135420741000004,798,1.0,0.5177727867575252,0.4565184416594329,,,,,,,,,,,,,,,,
34.139422741000004,798,1.0,0.5173806583180147,0.45637896502459496,,,,,,,,,,,,,,,,
34.147705741,798,1.0,0.5166815028471106,0.455431733308015,,,,,,,,,,,,,,,,
34.151399741,798,1.0,0.5164011225980871,0.4554387975622106,,,,,,,,,,,,,,,,
34.155410741000004,798,1.0,0.516108793370864,0.4552361947518808,,,,,,,,,,,,,,,,
34.159410741,798,1.0,0.5163961859310374,0.45503686975549773,,,,,,,,,,,,,,,,
34.167384741,799,1.0,0.5163464265711167,0.45526948151765045,,,,,,,,,,,,,,,,
34.171370741000004,799,1.0,0.5166765100815717,0.4551897967303241,,,,,,,,,,,,,,,,
34.175479741000004,799,1.0,0.5164684968836167,0.4550068608036748,,,,,,,,,,,,,,,,
34.179397741,799,1.0,0.5162384930778953,0.454936048719618,,,,,,,,,,,,,,,,
34.187547741,799,1.0,0.5166236092062557,0.45470824065031834,,,,,,,,,,,,,,,,
34.191394741,799,1.0,0.5166351093965418,0.4546711674442998,,,,,,,,,,,,,,,,
34.195409741,799,1.0,0.5162523494047278,0.4547420925564236,,,,,,,,,,,,,,,,
34.199344741000004,799,1.0,0.5160976297715131,0.4534199467411748,,,,,,,,,,,,,,,,
34.207484741,800,1.0,0.5158061981201172,0.45330375388816546,,,,,,,,,,,,,,,,
34.211519741000004,800,1.0,0.5157020232256722,0.4532758359555845,,,,,,,,,,,,,,,,
34.215399741,800,1.0,0.5155967824599322,0.4533087271231192,,,,,,,,,,,,,,,,
34.219614741,800,1.0,0.5152937384212718,0.4524956032081887,,,,,,,,,,,,,,,,
34.227425741000005,800,1.0,0.5150414074168486,0.45240851508246527,,,,,,,,,,,,,,,,
34.231578741,800,1.0,0.5149127174826229,0.45217980278862846,,,,,,,,,,,,,,,,
34.235451741000006,800,1.0,0.5147969862994026,0.4520545111762153,,,,,,,,,,,,,,,,
34.239373741,800,1.0,0.51507568359375,0.45208751537181713,,,,,,,,,,,,,,,,
34.247414741,801,1.0,0.5150421927956974,0.45131445990668406,,,,,,,,,,,,,,,,
34.251383741000005,801,1.0,0.5150260925292969,0.45124494764539935,,,,,,,,,,,,,,,,
34.255399741000005,801,1.0,0.5144799176384421,0.451057208025897,,,,,,,,,,,,,,,,
34.259480741000004,801,1.0,0.5140906502218807,0.45110603615089695,,,,,,,,,,,,,,,,
34.267502741,801,1.0,0.5137915330774644,0.45059995298032407,,,,,,,,,,,,,,,,
34.271372741,801,1.0,0.5138585146735696,0.450947740342882,,,,,,,,,,,,,,,,
34.275873741000005,801,1.0,0.5128664689905503,0.45098933467158564,,,,,,,,,,,,,,,,
34.283372741,801,1.0,0.5130457597620347,0.45090897171585653,,,,,,,,,,,,,,,,
34.287418741,802,1.0,0.513033530291389,0.45092705620659723,,,,,,,,,,,,,,,,
34.291412741,802,1.0,0.512966043808881,0.45104262740523726,,,,,,,,,,,,,,,,
34.295420741,802,1.0,0.5118844088386086,0.4509789926034433,,,,,,,,,,,,,,,,
34.304802741,802,1.0,0.5114375843721277,0.45105556911892364,,,,,,,,,,,,,,,,
34.307418741,802,1.0,0.5110107870662913,0.451082526312934,,,,,,,,,,,,,,,,
34.311383741,802,1.0,0.5109064438763786,0.45114209210431133,,,,,,,,,,,,,,,,
34.315410741,802,1.0,0.5110480925616097,0.45115814208984373,,,,,,,,,,,,,,,,
34.323381741,802,1.0,0.5110217823701746,0.45122465910734955,,,,,,,,,,,,,,,,
34.327393741,802,1.0,0.5111372330609489,0.45121488217954286,,,,,,,,,,,,,,,,
34.331374741000005,803,1.0,0.5110657635857078,0.45122183340567135,,,,,,,,,,,,,,,,
34.335459741,803,1.0,0.5110373216516831,0.4521496808087384,,,,,,,,,,,,,,,,
34.343404741,803,1.0,0.5106536079855526,0.4518205995912905,,,,,,,,,,,,,,,,
34.347745741000004,803,1.0,0.5106251099530388,0.4528214066116898,,,,,,,,,,,,,,,,
34.351402741,803,1.0,0.5108173594755285,0.4528338396990741,,,,,,,,,,,,,,,,
34.355413741,803,1.0,0.5109507616828469,0.4529750682689525,,,,,,,,,,,,,,,,
34.363462741,804,1.0,0.5112395006067613,0.4526774653682002,,,,,,,,,,,,,,,,
34.367397741000005,804,1.0,0.5111865997314453,0.45250594527633103,,,,,,,,,,,,,,,,
34.371420741,804,1.0,0.5110647538129021,0.45245073106553824,,,,,,,,,,,,,,,,
34.375397741,804,1.0,0.5113164677339441,0.45245197437427664,,,,,,,,,,,,,,,,
34.383415741,804,1.0,0.5117555506089154,0.45227389865451384,,,,,,,,,,,,,,,,
34.387438741000004,804,1.0,0.511714262120864,0.45227576361762156,,,,,,,,,,,,,,,,
34.391385741,804,1.0,0.5123698851641487,0.45152017098886,,,,,,,,,,,,,,,,
34.395533741,804,1.0,0.5123907538021312,0.45112491183810766,,,,,,,,,,,,,,,,
34.403422741,805,1.0,0.5123499141019934,0.45120013201678244,,,,,,,,,,,,,,,,
34.407359741,805,1.0,0.5130454792695887,0.4524887084960938,,,,,,,,,,,,,,,,
34.411406741,805,1.0,0.5128056582282571,0.4523768107096354,,,,,,,,,,,,,,,,
34.415446741000004,805,1.0,0.5131472419289982,0.45241659658926503,,,,,,,,,,,,,,,,
34.423538741,805,1.0,0.5128084631527171,0.4521575362594039,,,,,,,,,,,,,,,,
34.427483741,805,1.0,0.5128183925853056,0.4520441125940393,,,,,,,,,,,,,,,,
34.431410741,805,1.0,0.5128967621747185,0.45195154260706016,,,,,,,,,,,,,,,,
34.435669741000005,805,1.0,0.5130336424883675,0.4507064254195602,,,,,,,,,,,,,,,,
34.443422741,806,1.0,0.5128306781544405,0.4498314751519097,,,,,,,,,,,,,,,,
34.447465741,806,1.0,0.512390978196088,0.44791457564742476,,,,,,,,,,,,,,,,
34.451433741,806,1.0,0.5123708949369543,0.447202385796441,,,,,,,,,,,,,,,,
34.455416741,806,1.0,0.512391258688534,0.4467623675311053,,,,,,,,,,,,,,,,
34.463753741000005,806,1.0,0.512385368347168,0.4458064891673901,,,,,,,,,,,,,,,,
34.467455741,806,1.0,0.5126855513628792,0.4458717063621238,,,,,,,,,,,,,,,,
34.471420741,806,1.0,0.5139690847957835,0.44477493851273153,,,,,,,,,,,,,,,,
34.475422741,806,1.0,0.5163212383494657,0.44376124629267943,,,,,,,,,,,,,,,,
34.483401741,807,1.0,0.5203828811645508,0.4390083030418114,,,,,,,,,,,,,,,,
34.487387741,807,1.0,0.521270190968233,0.43815256754557297,,,,,,,,,,,,,,,,
34.491405741,807,1.0,0.5214693406048942,0.43728129069010413,,,,,,,,,,,,,,,,
34.495518741000005,807,1.0,0.5212565029368681,0.4363841869212963,,,,,,,,,,,,,,,,
34.503382741,807,1.0,0.5218940622666303,0.43359838415075236,,,,,,,,,,,,,,,,
34.507404741,807,1.0,0.5225265166338753,0.4334394666883681,,,,,,,,,,,,,,,,
34.511394741000004,807,1.0,0.5225427851957434,0.4329670658817998,,,,,,,,,,,,,,,,
34.515433741,807,1.0,0.5230066075044519,0.43284126564308445,,,,,,,,,,,,,,,,
34.523397741000004,807,1.0,0.5233764087452608,0.4338314480251736,,,,,,,,,,,,,,,,
34.527412741,808,1.0,0.5232818827909582,0.4340543393735532,,,,,,,,,,,,,,,,
34.531434741000005,808,1.0,0.5237259023329791,0.43450916431568287,,,,,,,,,,,,,,,,
34.535395741,808,1.0,0.5251371159273035,0.4349143699363426,,,,,,,,,,,,,,,,
34.543703741,808,1.0,0.524534169365378,0.43510397451895255,,,,,,,,,,,,,,,,
34.547411741000005,808,1.0,0.5248681797700769,0.4355261343496817,,,,,,,,,,,,,,,,
34.551396741000005,808,1.0,0.5245654162238625,0.4359100906937211,,,,,,,,,,,,,,,,
34.555383741,808,1.0,0.5244300505694222,0.43584555166739003,,,,,,,,,,,,,,,,
34.563405741000004,808,1.0,0.5243203780230354,0.43529951307508685,,,,,,,,,,,,,,,,
34.567412741000005,808,1.0,0.5240469539866728,0.4349035192418982,,,,,,,,,,,,,,,,
34.571430741,809,1.0,0.5244117624619428,0.43444230821397567,,,,,,,,,,,,,,,,
34.575431741,809,1.0,0.5242926092708812,0.43456098768446183,,,,,,,,,,,,,,,,
34.583390741,809,1.0,0.5240144729614258,0.4337065520109954,,,,,,,,,,,,,,,,
34.587480741,809,1.0,0.5237409928265739,0.4333293208369502,,,,,,,,,,,,,,,,
34.591447741,809,1.0,0.5237230413100299,0.4336980749059607,,,,,,,,,,,,,,,,
34.595510741000005,809,1.0,0.5236664940329159,0.4340563738787616,,,,,,,,,,,,,,,,
34.603346741,809,1.0,0.5223712921142578,0.43390090377242474,,,,,,,,,,,,,,,,
34.607374741,810,1.0,0.523102648117963,0.4342181170428241,,,,,,,,,,,,,,,,
34.612854741,810,1.0,0.52305866690243,0.43378527605975115,,,,,,,,,,,,,,,,
34.615450741000004,810,1.0,0.5235329235301298,0.4337673045970776,,,,,,,,,,,,,,,,
34.623438741,810,1.0,0.5233052197624656,0.43386688232421877,,,,,,,,,,,,,,,,
34.627507741,810,1.0,0.5238545922672048,0.43396510371455443,,,,,,,,,,,,,,,,
34.631432741000005,810,1.0,0.5244354921228745,0.4341310854311342,,,,,,,,,,,,,,,,
34.635423741000004,810,1.0,0.5243707544663373,0.43415335196035876,,,,,,,,,,,,,,,,
34.643367741,810,1.0,0.524136599372415,0.4338786372432002,,,,,,,,,,,,,,,,
34.647440741000004,811,1.0,0.524249413434197,0.4335888332790798,,,,,,,,,,,,,,,,
34.651397741000004,811,1.0,0.5241000792559456,0.4328455607096354,,,,,,,,,,,,,,,,
34.655407741000005,811,1.0,0.5241397408878102,0.4324505841290509,,,,,,,,,,,,,,,,
34.663438741,811,1.0,0.5242206910077263,0.4327149002640336,,,,,,,,,,,,,,,,
34.667403741,811,1.0,0.5242129494162167,0.43250088161892364,,,,,,,,,,,,,,,,
34.671405741,811,1.0,0.5240877936868107,0.4326900340892651,,,,,,,,,,,,,,,,
34.675553741,811,1.0,0.5241286333869485,0.4327016194661458,,,,,,,,,,,,,,,,
34.683401741000004,811,1.0,0.5239082785213695,0.43244594997829866,,,,,,,,,,,,,,,,
34.687384741,811,1.0,0.5235790364882525,0.43263188114872686,,,,,,,,,,,,,,,,
34.691389741,812,1.0,0.5234832202686983,0.43266821967230906,,,,,,,,,,,,,,,,
34.695463741000005,812,1.0,0.5234181460212258,0.4328064529984086,,,,,,,,,,,,,,,,
34.703471741,812,1.0,0.5253165188957664,0.43295638472945597,,,,,,,,,,,,,,,,
34.707387741000005,812,1.0,0.5256124945247874,0.43319091796875,,,,,,,,,,,,,,,,
34.711903741,812,1.0,0.525021328645594,0.4328493471498842,,,,,,,,,,,,,,,,
34.717042741,812,1.0,0.5248571283677045,0.4330063996491609,,,,,,,,,,,,,,,,
34.723407741,812,1.0,0.5258420495425954,0.43256270797164353,,,,,,,,,,,,,,,,
34.727428741000004,813,1.0,0.5257148181690889,0.43271495677806715,,,,,,,,,,,,,,,,
34.731408741,813,1.0,0.5255850623635685,0.4331203884548611,,,,,,,,,,,,,,,,
34.735510741,813,1.0,0.5253809760598576,0.4332466973198785,,,,,,,,,,,,,,,,
34.743413741000005,813,1.0,0.525145362405216,0.4338231404622396,,,,,,,,,,,,,,,,
34.747513741,813,1.0,0.5258435642018038,0.43371355975115744,,,,,,,,,,,,,,,,
34.751512741,813,1.0,0.5257519553689396,0.43377205177589695,,,,,,,,,,,,,,,,
34.755382741000005,813,1.0,0.5246095096363741,0.4338588573314526,,,,,,,,,,,,,,,,
34.763373741,813,1.0,0.524496358983657,0.43420907479745374,,,,,,,,,,,,,,,,
34.767388741000005,814,1.0,0.5243663226856905,0.43487447102864585,,,,,,,,,,,,,,,,
34.771406741,814,1.0,0.5242854286642635,0.4348948725947628,,,,,,,,,,,,,,,,
34.775510741000005,814,1.0,0.5246146706973805,0.434359797724971,,,,,,,,,,,,,,,,
34.783421741000005,814,1.0,0.5244592778822955,0.43461761474609373,,,,,,,,,,,,,,,,
34.787378741000005,814,1.0,0.5246419906616211,0.4345209192346644,,,,,,,,,,,,,,,,
34.792350741,814,1.0,0.5248793433694279,0.434604729546441,,,,,,,,,,,,,,,,
34.795511741000006,814,1.0,0.5248459086698645,0.4350145128038194,,,,,,,,,,,,,,,,
34.803392741,814,1.0,0.5247041477876551,0.4352461073133681,,,,,,,,,,,,,,,,
34.807389741,815,1.0,0.5259562660666073,0.4349623503508391,,,,,,,,,,,,,,,,
34.811436741,815,1.0,0.5258508009069106,0.4361463758680556,,,,,,,,,,,,,,,,
34.815424741,815,1.0,0.5259560416726505,0.4360768070927372,,,,,,,,,,,,,,,,
34.823476741,815,1.0,0.5259929544785443,0.4365796124493634,,,,,,,,,,,,,,,,
34.827637741000004,815,1.0,0.5261320787317613,0.4362500226056134,,,,,,,,,,,,,,,,
34.831407741,815,1.0,0.5260472017176011,0.43643273247612846,,,,,,,,,,,,,,,,
34.835403741,815,1.0,0.5251786288093118,0.4365004928023727,,,,,,,,,,,,,,,,
34.843394741000004,815,1.0,0.5250968372120577,0.4365344012225115,,,,,,,,,,,,,,,,
34.847382741000004,816,1.0,0.5251326841466567,0.43654632568359375,,,,,,,,,,,,,,,,
34.851411741,816,1.0,0.5252136342665729,0.43649348506221064,,,,,,,,,,,,,,,,
34.855465741,816,1.0,0.5251937754013959,0.43659978795934606,,,,,,,,,,,,,,,,
34.863493741,816,1.0,0.5259406145881204,0.43664228651258685,,,,,,,,,,,,,,,,
34.867447741,816,1.0,0.5262424244600183,0.43652162905092595,,,,,,,,,,,,,,,,
34.871465741,816,1.0,0.5258841795079848,0.43658379448784723,,,,,,,,,,,,,,,,
34.875449741000004,816,1.0,0.5258225833668428,0.43655576352719905,,,,,,,,,,,,,,,,
34.883427741000006,816,1.0,0.5265439538394704,0.4366521199544271,,,,,,,,,,,,,,,,
34.887394741,817,1.0,0.526505750768325,0.43699719464337383,,,,,,,,,,,,,,,,
34.891403741000005,817,1.0,0.5267712649177102,0.437405338993779,,,,,,,,,,,,,,,,
34.895432741,817,1.0,0.5269360261804917,0.43738194218388315,,,,,,,,,,,,,,,,
34.903421741,817,1.0,0.5267976312076345,0.43737866436993633,,,,,,,,,,,,,,,,
34.907412741,817,1.0,0.5267268349142635,0.43737516049985536,,,,,,,,,,,,,,,,
34.911430741000004,817,1.0,0.5266765145694509,0.4373151425962095,,,,,,,,,,,,,,,,
34.915420741000005,817,1.0,0.5266967661240521,0.4374814068829572,,,,,,,,,,,,,,,,
34.923420741,817,1.0,0.5274804059196921,0.4373028790509259,,,,,,,,,,,,,,,,
34.927407741,818,1.0,0.5274005216710708,0.436954583062066,,,,,,,,,,,,,,,,
34.931467741,818,1.0,0.5273244521197151,0.43624538845486116,,,,,,,,,,,,,,,,
34.935436741000004,818,1.0,0.5270148445578182,0.4362954598885995,,,,,,,,,,,,,,,,
34.943418741,818,1.0,0.5265882155474495,0.43580491807725696,,,,,,,,,,,,,,,,
34.947429741,818,1.0,0.5265133240643669,0.4358439127604167,,,,,,,,,,,,,,,,
34.951602741,818,1.0,0.5266203599817613,0.43567047119140623,,,,,,,,,,,,,,,,
34.955527741000004,818,1.0,0.5263216916252585,0.4359246148003473,,,,,,,,,,,,,,,,
34.963433741,819,1.0,0.5263804828419405,0.43573636655454284,,,,,,,,,,,,,,,,
34.967390741,819,1.0,0.5263924879186294,0.4357672232168692,,,,,,,,,,,,,,,,
34.971711741,819,1.0,0.5263463188620174,0.4361787584092882,,,,,,,,,,,,,,,,
34.975392741,819,1.0,0.526332182042739,0.4363368846752026,,,,,,,,,,,,,,,,
34.983521741000004,819,1.0,0.526578286114861,0.4344452469437211,,,,,,,,,,,,,,,,
34.987422741,819,1.0,0.5265024970559513,0.4340581258138021,,,,,,,,,,,,,,,,
34.991523741,819,1.0,0.5254490796257468,0.4340810705114294,,,,,,,,,,,,,,,,
34.995512741,819,1.0,0.5251698774449965,0.4335668493200231,,,,,,,,,,,,,,,,
35.003421741000004,820,1.0,0.5240664762609145,0.43254931414568865,,,,,,,,,,,,,,,,
35.007419741,820,1.0,0.5240337147432215,0.43216880515769673,,,,,,,,,,,,,,,,
35.011440741,820,1.0,0.5223505917717429,0.43129238552517357,,,,,,,,,,,,,,,,
35.015427741,820,1.0,0.5187354929306928,0.4310479058159722,,,,,,,,,,,,,,,,
35.023428741000004,820,1.0,0.5104271383846507,0.4294108072916667,,,,,,,,,,,,,,,,
35.027526741,820,1.0,0.5076781441183651,0.42960041187427667,,,,,,,,,,,,,,,,
35.031387741,820,1.0,0.5016653958488914,0.4298985799153646,,,,,,,,,,,,,,,,
35.035388741000006,820,1.0,0.4995536243214327,0.4292631926359953,,,,,,,,,,,,,,,,
35.043914741,821,1.0,0.4977407455444336,0.4278245148835359,,,,,,,,,,,,,,,,
35.047397741000005,821,1.0,0.49620678845573873,0.42744140625000004,,,,,,,,,,,,,,,,
35.051373741,821,1.0,0.4951302584479837,0.4275274771231192,,,,,,,,,,,,,,,,
35.059513741,821,1.0,0.4939678977517521,0.42793313485604745,,,,,,,,,,,,,,,,
35.063401741,821,1.0,0.49483439501594095,0.42781219482421873,,,,,,,,,,,,,,,,
35.067443741000005,821,1.0,0.49480096031637755,0.4271674827293114,,,,,,,,,,,,,,,,
35.071415741,821,1.0,0.4950251298792222,0.4271616052698206,,,,,,,,,,,,,,,,
35.079392741,822,1.0,0.49343692555147056,0.4257169370298033,,,,,,,,,,,,,,,,
35.083412741000004,822,1.0,0.49452557283289295,0.4245166919849537,,,,,,,,,,,,,,,,
35.087471741,822,1.0,0.4950706818524529,0.42436664722583917,,,,,,,,,,,,,,,,
35.091442741,822,1.0,0.49483809751622815,0.42468532986111107,,,,,,,,,,,,,,,,
35.100326741,822,1.0,0.49564137178308826,0.42516784667968754,,,,,,,,,,,,,,,,
35.103579741000004,822,1.0,0.49657081155215993,0.42468725133825236,,,,,,,,,,,,,,,,
35.107406741000005,822,1.0,0.4964140162748449,0.42493472629123263,,,,,,,,,,,,,,,,
35.111379741,822,1.0,0.49297265445484834,0.42478778980396414,,,,,,,,,,,,,,,,
35.119385741,822,1.0,0.49338890524471507,0.4252313119393808,,,,,,,,,,,,,,,,
35.123589741,823,1.0,0.4938284369076,0.4249549583152489,,,,,,,,,,,,,,,,
35.127436741000004,823,1.0,0.4939579122206744,0.4250220404730902,,,,,,,,,,,,,,,,
35.131419741,823,1.0,0.4949762680951287,0.4252256605360243,,,,,,,,,,,,,,,,
35.139490741,823,1.0,0.4954219144933364,0.4255119606300637,,,,,,,,,,,,,,,,
35.143386741,823,1.0,0.49568866280948415,0.42555010760271994,,,,,,,,,,,,,,,,
35.147419741,823,1.0,0.49580882577335134,0.4255865026403356,,,,,,,,,,,,,,,,
35.151415741,823,1.0,0.4957648445578182,0.42551925094039356,,,,,,,,,,,,,,,,
35.159477741,823,1.0,0.4946925780352424,0.4257146764684606,,,,,,,,,,,,,,,,
35.163470741000005,824,1.0,0.49503208609188304,0.42581657127097805,,,,,,,,,,,,,,,,
35.167549741,824,1.0,0.493009791654699,0.42579373960141786,,,,,,,,,,,,,,,,
35.171454741000005,824,1.0,0.49350710476146026,0.42546544958043986,,,,,,,,,,,,,,,,
35.179440741,824,1.0,0.4942931567921358,0.42569840042679397,,,,,,,,,,,,,,,,
35.183426741000005,824,1.0,0.4943811753216912,0.42574355513961226,,,,,,,,,,,,,,,,
35.187425741000006,824,1.0,0.49413372488582835,0.4246262726960359,,,,,,,,,,,,,,,,
35.191380741,824,1.0,0.4939984153298771,0.42453579372829864,,,,,,,,,,,,,,,,
35.199434741000005,824,1.0,0.49111102609073415,0.42477501763237846,,,,,,,,,,,,,,,,
35.203388741000005,825,1.0,0.491487839642693,0.42476829246238423,,,,,,,,,,,,,,,,
35.207433741,825,1.0,0.4918036180384019,0.42515196623625584,,,,,,,,,,,,,,,,
35.211433741,825,1.0,0.49215299942914176,0.42524871826171873,,,,,,,,,,,,,,,,
35.219516741,825,1.0,0.491577709422392,0.4257988823784722,,,,,,,,,,,,,,,,
35.223444741,825,1.0,0.49210985969094667,0.42610287136501734,,,,,,,,,,,,,,,,
35.227394741000005,825,1.0,0.4918760411879596,0.42616407606336804,,,,,,,,,,,,,,,,
35.231372741,825,1.0,0.4911649367388557,0.4259763364438658,,,,,,,,,,,,,,,,
35.239403741000004,825,1.0,0.4918702630435719,0.4252492268880208,,,,,,,,,,,,,,,,
35.243416741000004,826,1.0,0.4923345341401942,0.4249687477394387,,,,,,,,,,,,,,,,
35.247400741,826,1.0,0.49218059988582835,0.42505894413700807,,,,,,,,,,,,,,,,
35.251699741,826,1.0,0.4922056759105009,0.425049732349537,,,,,,,,,,,,,,,,
35.259626741000005,826,1.0,0.49279992720660043,0.42454223632812504,,,,,,,,,,,,,,,,
35.263430741,826,1.0,0.49234216353472543,0.4246380841290509,,,,,,,,,,,,,,,,
35.267549741,826,1.0,0.4926859911750345,0.4246855559172453,,,,,,,,,,,,,,,,
35.271394741,826,1.0,0.4929913352517521,0.4247611151801215,,,,,,,,,,,,,,,,
35.279505741,826,1.0,0.49297192517448873,0.424814294885706,,,,,,,,,,,,,,,,
35.283398741,827,1.0,0.49324456383200255,0.42488691541883683,,,,,,,,,,,,,,,,
35.287384741000004,827,1.0,0.4934881434721105,0.4251261958369502,,,,,,,,,,,,,,,,
35.291365741,827,1.0,0.49342884736902576,0.42519740351924185,,,,,,,,,,,,,,,,
35.299595741000005,827,1.0,0.49380313648897056,0.4251476146556713,,,,,,,,,,,,,,,,
35.303394741000005,827,1.0,0.4939909542308134,0.42531427454065396,,,,,,,,,,,,,,,,
35.307414741,827,1.0,0.49409008026123047,0.42535942925347225,,,,,,,,,,,,,,,,
35.311384741000005,827,1.0,0.49425719766055837,0.4254161693431713,,,,,,,,,,,,,,,,
35.319404741,827,1.0,0.4940484551822438,0.4255262586805556,,,,,,,,,,,,,,,,
35.324941741,827,1.0,0.4942600586835076,0.4264589097764757,,,,,,,,,,,,,,,,
35.327384741,828,1.0,0.49434695524327893,0.42688344319661453,,,,,,,,,,,,,,,,
35.331395741,828,1.0,0.4944607229793773,0.42683987087673614,,,,,,,,,,,,,,,,
35.339427741,828,1.0,0.4946916804594152,0.4268714057074653,,,,,,,,,,,,,,,,
35.343411741000004,828,1.0,0.49519920349121094,0.42807001184534144,,,,,,,,,,,,,,,,
35.347445741,828,1.0,0.49467120451085705,0.42762637668185766,,,,,,,,,,,,,,,,
35.352137741,828,1.0,0.49442773706772747,0.42700647424768523,,,,,,,,,,,,,,,,
35.359373741,828,1.0,0.49462183784036073,0.42664777967664935,,,,,,,,,,,,,,,,
35.363390741,828,1.0,0.49497133142807903,0.4266451800311053,,,,,,,,,,,,,,,,
35.367384741,828,1.0,0.4950542449951172,0.4267304597077546,,,,,,,,,,,,,,,,
35.371395741,829,1.0,0.49475804497213927,0.4267098320855035,,,,,,,,,,,,,,,,
35.381341741,829,1.0,0.49557096817914176,0.4256843849464699,,,,,,,,,,,,,,,,
35.383403741,829,1.0,0.49552423813763785,0.42569953070746525,,,,,,,,,,,,,,,,
35.387406741,829,1.0,0.4955875172334559,0.42574010778356486,,,,,,,,,,,,,,,,
35.391418741,829,1.0,0.4972225077012006,0.425526597764757,,,,,,,,,,,,,,,,
35.399387741000005,829,1.0,0.5006599426269531,0.42214315908926503,,,,,,,,,,,,,,,,
35.403388741,829,1.0,0.5023421119241154,0.42160768862123843,,,,,,,,,,,,,,,,
35.407412741,830,1.0,0.503877134884105,0.42173823603877314,,,,,,,,,,,,,,,,
35.411372741,830,1.0,0.5049845190609202,0.42091821741174773,,,,,,,,,,,,,,,,
35.419398741,830,1.0,0.5072728325338924,0.417777336968316,,,,,,,,,,,,,,,,
35.423434741,830,1.0,0.5078027388628792,0.4177985862449364,,,,,,,,,,,,,,,,
35.427408741,830,1.0,0.5075158511891085,0.41595498544198495,,,,,,,,,,,,,,,,
35.431463741,830,1.0,0.5075699301326976,0.41607078269675923,,,,,,,,,,,,,,,,
35.439409741000006,830,1.0,0.5093313104966107,0.41666977493851276,,,,,,,,,,,,,,,,
35.443375741000004,830,1.0,0.5091611076803768,0.41689255325882524,,,,,,,,,,,,,,,,
35.447375741,831,1.0,0.5107789881089154,0.41585320366753475,,,,,,,,,,,,,,,,
35.451378741,831,1.0,0.5106874914730296,0.41592842384620954,,,,,,,,,,,,,,,,
35.459388741000005,831,1.0,0.5099867652444279,0.41616233543113423,,,,,,,,,,,,,,,,
35.463480741000005,831,1.0,0.5104964200188132,0.41618200231481484,,,,,,,,,,,,,,,,
35.467415741,831,1.0,0.5111066032858456,0.4164571691442419,,,,,,,,,,,,,,,,
35.471517741,831,1.0,0.5112557130701402,0.41643919768156834,,,,,,,,,,,,,,,,
35.479492741,831,1.0,0.5115126441506779,0.4163493968822338,,,,,,,,,,,,,,,,
35.483370741,831,1.0,0.5115722768446979,0.4163445931893808,,,,,,,,,,,,,,,,
35.487378741,832,1.0,0.5112760768217199,0.41556170428240746,,,,,,,,,,,,,,,,
35.491382741,832,1.0,0.5109694985782399,0.41444594771773724,,,,,,,,,,,,,,,,
35.499397741,832,1.0,0.5108052983003504,0.41368566442418986,,,,,,,,,,,,,,,,
35.503397741,832,1.0,0.5105519014246324,0.4137305365668402,,,,,,,,,,,,,,,,
35.507391741,832,1.0,0.510659330031451,0.4138804682978877,,,,,,,,,,,,,,,,
35.512808741,832,1.0,0.5108133764827952,0.41340122929325807,,,,,,,,,,,,,,,,
35.519408741,832,1.0,0.5107684415929458,0.4135854085286458,,,,,,,,,,,,,,,,
35.523383741,832,1.0,0.5106393028708065,0.4136800695348669,,,,,,,,,,,,,,,,
35.527404741000005,833,1.0,0.5114634457756492,0.41390397813585067,,,,,,,,,,,,,,,,
35.531392741000005,833,1.0,0.5120753680958468,0.4140728985821759,,,,,,,,,,,,,,,,
35.539372741,833,1.0,0.5116448682897231,0.4125501844618056,,,,,,,,,,,,,,,,
35.543410741,833,1.0,0.5122107337502873,0.41282303421585653,,,,,,,,,,,,,,,,
35.547436741000006,833,1.0,0.511986115399529,0.41288480405454286,,,,,,,,,,,,,,,,
35.551507741,833,1.0,0.5120915805592257,0.4131126686378762,,,,,,,,,,,,,,,,
35.559409741,833,1.0,0.5119027530445772,0.41307717782479747,,,,,,,,,,,,,,,,
35.563404741,833,1.0,0.5118117612950942,0.41303614863642935,,,,,,,,,,,,,,,,
35.567387741000005,834,1.0,0.5116264118867762,0.41304733841507524,,,,,,,,,,,,,,,,
35.571409741000004,834,1.0,0.5114659702076632,0.41320365623191546,,,,,,,,,,,,,,,,
35.579419741,834,1.0,0.5116320778341854,0.4135583383065683,,,,,,,,,,,,,,,,
35.583452741,834,1.0,0.5116999570061179,0.4136928417064526,,,,,,,,,,,,,,,,
35.587393741,834,1.0,0.5125109728644875,0.4134197093822338,,,,,,,,,,,,,,,,
35.591393741000005,834,1.0,0.512386770809398,0.41344276710792827,,,,,,,,,,,,,,,,
35.599410741,834,1.0,0.5114565456614775,0.41337025960286455,,,,,,,,,,,,,,,,
35.603440741,834,1.0,0.5115470886230469,0.4133342036494503,,,,,,,,,,,,,,,,
35.607405741,835,1.0,0.5115344664629768,0.4133310388635706,,,,,,,,,,,,,,,,
35.611943741000005,835,1.0,0.5116759468527401,0.413326178656684,,,,,,,,,,,,,,,,
35.619424741,835,1.0,0.5114615945255055,0.41350758870442705,,,,,,,,,,,,,,,,
35.623489741,835,1.0,0.5114573310403263,0.41387617323133685,,,,,,,,,,,,,,,,
35.627413741000005,835,1.0,0.5114764045266544,0.41398456714771414,,,,,,,,,,,,,,,,
35.633222741000004,835,1.0,0.5117981854607078,0.4139824196144387,,,,,,,,,,,,,,,,
35.639457741,835,1.0,0.5133459988762351,0.4143803914388021,,,,,,,,,,,,,,,,
35.644361741000004,836,1.0,0.513150832232307,0.414462336787471,,,,,,,,,,,,,,,,
35.651542741,836,1.0,0.5128892449771657,0.41460119176793986,,,,,,,,,,,,,,,,
35.659488741000004,836,1.0,0.5131742814007927,0.4148555049189815,,,,,,,,,,,,,,,,
35.663590741,836,1.0,0.5130347083596623,0.4162536055953414,,,,,,,,,,,,,,,,
35.667449741000006,836,1.0,0.5132835612577551,0.41704745822482636,,,,,,,,,,,,,,,,
35.679536741,837,1.0,0.5132110820097082,0.41797151918764464,,,,,,,,,,,,,,,,
35.683429741000005,837,1.0,0.5131117315853343,0.41906681767216436,,,,,,,,,,,,,,,,
35.687399741,837,1.0,0.5107562121223,0.4215654161241319,,,,,,,,,,,,,,,,
35.691365741000006,837,1.0,0.5099158567540786,0.42672859474464697,,,,,,,,,,,,,,,,
35.699420741000004,837,1.0,0.5085895201739143,0.43204809118200227,,,,,,,,,,,,,,,,
35.703413741000006,837,1.0,0.5083914364085478,0.4346402768735532,,,,,,,,,,,,,,,,
35.707440741,837,1.0,0.5077186472275678,0.43518801088686343,,,,,,,,,,,,,,,,
35.711415741,837,1.0,0.5075278001673081,0.43501038727936925,,,,,,,,,,,,,,,,
35.719413741000004,838,1.0,0.5059422885670382,0.43679883038556133,,,,,,,,,,,,,,,,
35.723471741000004,838,1.0,0.5051969640395221,0.43733271846064814,,,,,,,,,,,,,,,,
35.728793741000004,838,1.0,0.5051524218390969,0.43740302191840275,,,,,,,,,,,,,,,,
35.731440741,838,1.0,0.505819601171157,0.4382975260416667,,,,,,,,,,,,,,,,
35.739420741,838,1.0,0.5045111600090476,0.43890652126736107,,,,,,,,,,,,,,,,
35.743402741000004,838,1.0,0.5044907401589787,0.43987025508174193,,,,,,,,,,,,,,,,
35.747408741,838,1.0,0.5036848853616154,0.43885673240379053,,,,,,,,,,,,,,,,
35.751520741,838,1.0,0.5040126688340131,0.4398082026728878,,,,,,,,,,,,,,,,
35.759386741,839,1.0,0.5036312552059398,0.4394001148365162,,,,,,,,,,,,,,,,
35.763453741,839,1.0,0.5032758151783663,0.4387302539966724,,,,,,,,,,,,,,,,
35.767400741,839,1.0,0.5033600751091453,0.439212092646846,,,,,,,,,,,,,,,,
35.771415741000006,839,1.0,0.5028867160572725,0.43890183060257526,,,,,,,,,,,,,,,,
35.779449741,839,1.0,0.5015184739056755,0.4376502143012153,,,,,,,,,,,,,,,,
35.783391741,839,1.0,0.5020346922032973,0.43870962637442135,,,,,,,,,,,,,,,,
35.787470741,839,1.0,0.5018520916209501,0.43969246193214695,,,,,,,,,,,,,,,,
35.791412741,839,1.0,0.5007077385397518,0.4401138305664063,,,,,,,,,,,,,,,,
35.799382741,839,1.0,0.5003652011646944,0.4399992766203704,,,,,,,,,,,,,,,,
35.803389741000004,840,1.0,0.49970778296975527,0.43999136465567135,,,,,,,,,,,,,,,,
35.807457741,840,1.0,0.4997299418729894,0.44099527994791665,,,,,,,,,,,,,,,,
35.815458741,840,1.0,0.4998165579403148,0.4423120004159433,,,,,,,,,,,,,,,,
35.819485741,840,1.0,0.4997733621036305,0.4423779522931134,,,,,,,,,,,,,,,,
35.824342741,840,1.0,0.4992361068725586,0.4416551378038195,,,,,,,,,,,,,,,,
35.827463741,840,1.0,0.4993789897245519,0.4412083943684896,,,,,,,,,,,,,,,,
35.835721741,840,1.0,0.49967165554271026,0.4410227457682292,,,,,,,,,,,,,,,,
35.839336741000004,840,1.0,0.49983742657829733,0.441622981318721,,,,,,,,,,,,,,,,
35.843438741,841,1.0,0.4998595854815315,0.4411064430519387,,,,,,,,,,,,,,,,
35.847416741,841,1.0,0.49983899733599496,0.44067625822844325,,,,,,,,,,,,,,,,
35.855532741000005,841,1.0,0.4999248280244715,0.4417213157371238,,,,,,,,,,,,,,,,
35.859496741,841,1.0,0.5004520416259766,0.44160173204210074,,,,,,,,,,,,,,,,
35.864008741,841,1.0,0.5005715875064626,0.44167638708043977,,,,,,,,,,,,,,,,
35.867526741,841,1.0,0.5006361568675322,0.4413176359953703,,,,,,,,,,,,,,,,
35.875435741000004,841,1.0,0.5008167940027574,0.44079205548321754,,,,,,,,,,,,,,,,
35.879404741,841,1.0,0.5001173580394072,0.4410319010416667,,,,,,,,,,,,,,,,
35.883495741000004,842,1.0,0.5001855738022748,0.44075820357711226,,,,,,,,,,,,,,,,
35.887537741,842,1.0,0.4993501551011029,0.44067450629340277,,,,,,,,,,,,,,,,
35.895421741,842,1.0,0.4995568219353171,0.4403996220341435,,,,,,,,,,,,,,,,
35.899443741,842,1.0,0.49937618480009194,0.4401178995768229,,,,,,,,,,,,,,,,
35.903415741,842,1.0,0.49948782079360066,0.4399785359700521,,,,,,,,,,,,,,,,
35.907436741000005,842,1.0,0.4995320825015797,0.44038526746961804,,,,,,,,,,,,,,,,
35.915404741,842,1.0,0.4991295758415671,0.43995598687065973,,,,,,,,,,,,,,,,
35.919399741,842,1.0,0.49962184008430033,0.44056696008752894,,,,,,,,,,,,,,,,
35.923397741,842,1.0,0.49909642163444967,0.440360344780816,,,,,,,,,,,,,,,,
35.927441741,843,1.0,0.4991961086497587,0.4405396072952835,,,,,,,,,,,,,,,,
35.935510741,843,1.0,0.49937764336081114,0.4417658487955729,,,,,,,,,,,,,,,,
35.939420741,843,1.0,0.4994397443883559,0.44152385570384833,,,,,,,,,,,,,,,,
35.943468741000004,843,1.0,0.4994786206413718,0.44136527732566555,,,,,,,,,,,,,,,,
35.947422741000004,843,1.0,0.4995420680326574,0.44154160111038776,,,,,,,,,,,,,,,,
35.955473741,843,1.0,0.5003516253303079,0.439992834020544,,,,,,,,,,,,,,,,
35.959495741000005,843,1.0,0.5004090140847599,0.43588595920138884,,,,,,,,,,,,,,,,
35.963400741,843,1.0,0.5006329592536477,0.4352822762948495,,,,,,,,,,,,,,,,
35.967418741,844,1.0,0.5003023147583008,0.43460026493778936,,,,,,,,,,,,,,,,
35.975427741000004,844,1.0,0.500301809871898,0.43215213351779513,,,,,,,,,,,,,,,,
35.979419741,844,1.0,0.500356113209444,0.4292053787796586,,,,,,,,,,,,,,,,
35.983439741000005,844,1.0,0.49996432136086855,0.42448747422960065,,,,,,,,,,,,,,,,
35.987453741,844,1.0,0.4996512917911305,0.42087131076388884,,,,,,,,,,,,,,,,
35.995430741,844,1.0,0.4991038266350241,0.41590700502748845,,,,,,,,,,,,,,,,
35.999388741000004,844,1.0,0.49921439675723805,0.4121895684136285,,,,,,,,,,,,,,,,
36.003404741000004,844,1.0,0.49790118722354665,0.4125367906358507,,,,,,,,,,,,,,,,
36.007397741000005,845,1.0,0.4979703566607307,0.4119862309208623,,,,,,,,,,,,,,,,
36.015535741,845,1.0,0.4981698989868164,0.4103426332826967,,,,,,,,,,,,,,,,
36.019406741000005,845,1.0,0.49808575125301585,0.40910548457392937,,,,,,,,,,,,,,,,
36.023407741,845,1.0,0.4983605216531193,0.40858894630714704,,,,,,,,,,,,,,,,
36.027409741,845,1.0,0.4984432669246898,0.4091166178385417,,,,,,,,,,,,,,,,
36.036303741000005,845,1.0,0.4984586379107307,0.4090115582501447,,,,,,,,,,,,,,,,
36.039480741000006,845,1.0,0.4985205145443187,0.4080157809787326,,,,,,,,,,,,,,,,
36.043394741,845,1.0,0.49857089098762064,0.4081780892831308,,,,,,,,,,,,,,,,
36.047376741,846,1.0,0.4985642152674058,0.40774259214048036,,,,,,,,,,,,,,,,
36.055475741,846,1.0,0.4980325698852539,0.40656896520543984,,,,,,,,,,,,,,,,
36.059417741000004,846,1.0,0.4980918659883387,0.40693907561125575,,,,,,,,,,,,,,,,
36.064151741,846,1.0,0.49817994061638327,0.40817786322699656,,,,,,,,,,,,,,,,
36.067649741000004,846,1.0,0.4982420977424173,0.40911650481047457,,,,,,,,,,,,,,,,
36.075400741,846,1.0,0.4982762056238511,0.40917522289134833,,,,,,,,,,,,,,,,
36.079424741000004,846,1.0,0.4983404383939855,0.4096725463867188,,,,,,,,,,,,,,,,
36.083354741,846,1.0,0.49840035158045154,0.4101752952293113,,,,,,,,,,,,,,,,
36.087460741,847,1.0,0.4988584518432617,0.4101171988028067,,,,,,,,,,,,,,,,
36.095596741,847,1.0,0.49892907984116497,0.4110773157190394,,,,,,,,,,,,,,,,
36.099390741,847,1.0,0.4987008711870979,0.4114054361979167,,,,,,,,,,,,,,,,
36.103398741,847,1.0,0.5004201776841107,0.4102704648618345,,,,,,,,,,,,,,,,
36.107391741,847,1.0,0.4999991024241728,0.4102122554072627,,,,,,,,,,,,,,,,
36.115377741,847,1.0,0.4985074996948242,0.41121328848379635,,,,,,,,,,,,,,,,
36.119380741,847,1.0,0.49730760910931754,0.41084990324797455,,,,,,,,,,,,,,,,
36.123360741,847,1.0,0.49738384695614085,0.4102692215530961,,,,,,,,,,,,,,,,
36.127409741,848,1.0,0.49745907503015857,0.41053105107060184,,,,,,,,,,,,,,,,
36.135442741000006,848,1.0,0.49759713341208067,0.41014658610026045,,,,,,,,,,,,,,,,
36.139404741,848,1.0,0.49748437544878793,0.41025605378327545,,,,,,,,,,,,,,,,
36.143395741,848,1.0,0.4982999913832721,0.4106692278826678,,,,,,,,,,,,,,,,
36.147414741000006,848,1.0,0.49781126134535847,0.4108180858470776,,,,,,,,,,,,,,,,
36.155415741,848,1.0,0.4986819659962374,0.41059378164785876,,,,,,,,,,,,,,,,
36.159405741,848,1.0,0.498598435345818,0.4107667711046007,,,,,,,,,,,,,,,,
36.163374741000005,848,1.0,0.49779650744269877,0.4110345345956308,,,,,,,,,,,,,,,,
36.167383741,848,1.0,0.4981495352352367,0.41097954644097223,,,,,,,,,,,,,,,,
36.176643741,849,1.0,0.4981380350449506,0.41153564453125,,,,,,,,,,,,,,,,
36.179423741,849,1.0,0.49779600255629597,0.4121323196976273,,,,,,,,,,,,,,,,
36.183421741000004,849,1.0,0.4978463229011087,0.4129401312934028,,,,,,,,,,,,,,,,
36.187402741,849,1.0,0.4978891821468578,0.41312063711660885,,,,,,,,,,,,,,,,
36.195524741,849,1.0,0.49339546876795154,0.4155235573097512,,,,,,,,,,,,,,,,
36.199459741000005,849,1.0,0.49352488798253674,0.4219431559244792,,,,,,,,,,,,,,,,
36.203416741000005,849,1.0,0.4938163757324219,0.4272784762912326,,,,,,,,,,,,,,,,
36.207409741,849,1.0,0.4940063813153435,0.43115743001302087,,,,,,,,,,,,,,,,
36.215435741,850,1.0,0.49432232800652,0.43678888391565396,,,,,,,,,,,,,,,,
36.219404741000005,850,1.0,0.49445679608513327,0.43909578676576966,,,,,,,,,,,,,,,,
36.223465741000005,850,1.0,0.49439261941348805,0.4400262338143808,,,,,,,,,,,,,,,,
36.227410741,850,1.0,0.4943396624396829,0.4420733981662326,,,,,,,,,,,,,,,,
36.235431741,850,1.0,0.4938109902774586,0.44367500587745945,,,,,,,,,,,,,,,,
36.239444741,850,1.0,0.49355731290929455,0.4427422982675058,,,,,,,,,,,,,,,,
36.243465741,851,1.0,0.49370311288272634,0.4417669225622106,,,,,,,,,,,,,,,,
36.247464741,851,1.0,0.4938022950116326,0.44266199182581023,,,,,,,,,,,,,,,,
36.255674741,851,1.0,0.4940514284021714,0.44132356996889466,,,,,,,,,,,,,,,,
36.259629741000005,851,1.0,0.49434319664450255,0.4412272700557003,,,,,,,,,,,,,,,,
36.264056741000005,851,1.0,0.4944472593419692,0.4407212999131944,,,,,,,,,,,,,,,,
36.267417741,851,1.0,0.49452854605282054,0.4400145919234665,,,,,,,,,,,,,,,,
36.275437741000005,851,1.0,0.4948548148660099,0.4408702709056713,,,,,,,,,,,,,,,,
36.279442741000004,851,1.0,0.4946737850413603,0.44099578857421873,,,,,,,,,,,,,,,,
36.283433741,852,1.0,0.49475787667667165,0.4406442712854456,,,,,,,,,,,,,,,,
36.287434741000006,852,1.0,0.4948136385749368,0.4410789207175926,,,,,,,,,,,,,,,,
36.295490741,852,1.0,0.4953043881584616,0.4417460688838253,,,,,,,,,,,,,,,,
36.299423741000005,852,1.0,0.4953315959257238,0.44276467782479745,,,,,,,,,,,,,,,,
36.303542741,852,1.0,0.4951668907614315,0.4429651896158854,,,,,,,,,,,,,,,,
36.307468741,852,1.0,0.49513917810776653,0.4433278966833044,,,,,,,,,,,,,,,,
36.315478741,852,1.0,0.49513620488783894,0.4432287710684317,,,,,,,,,,,,,,,,
36.319469741,852,1.0,0.49519847421085134,0.4433556450737848,,,,,,,,,,,,,,,,
36.323402741,853,1.0,0.49525681663961973,0.44339141845703123,,,,,,,,,,,,,,,,
36.327437741000004,853,1.0,0.4953445546767291,0.44335146303530093,,,,,,,,,,,,,,,,
36.335977741,853,1.0,0.49520021326401653,0.44403997350622104,,,,,,,,,,,,,,,,
36.339405741,853,1.0,0.49579867194680605,0.44373824508101856,,,,,,,,,,,,,,,,
36.343598741,853,1.0,0.4958253748276654,0.44478810628255205,,,,,,,,,,,,,,,,
36.347410741000004,853,1.0,0.49513743905460134,0.444732666015625,,,,,,,,,,,,,,,,
36.355502741,853,1.0,0.4952390895170324,0.44391807273582173,,,,,,,,,,,,,,,,
36.359451741,853,1.0,0.49521104027243223,0.44433384648075813,,,,,,,,,,,,,,,,
36.363611741,854,1.0,0.49381233664119945,0.4452681364836516,,,,,,,,,,,,,,,,
36.367522741,854,1.0,0.4942058114444508,0.44551425509982634,,,,,,,,,,,,,,,,
36.375746741,854,1.0,0.4941670473884134,0.445823895489728,,,,,,,,,,,,,,,,
36.379369741000005,854,1.0,0.4942200043622185,0.4453958581995081,,,,,,,,,,,,,,,,
36.383362741,854,1.0,0.4944663889267865,0.44537816930700236,,,,,,,,,,,,,,,,
36.387404741000005,854,1.0,0.49452613381778493,0.4459069711190683,,,,,,,,,,,,,,,,
36.395408741000004,854,1.0,0.4947858137242934,0.4453082614474826,,,,,,,,,,,,,,,,
36.399386741,854,1.0,0.49425697326660156,0.4454466643156829,,,,,,,,,,,,,,,,
36.403400741000006,854,1.0,0.4943210377412684,0.44523360640914356,,,,,,,,,,,,,,,,
36.407416741000006,855,1.0,0.4950285518870634,0.4449643735532407,,,,,,,,,,,,,,,,
36.415457741000004,855,1.0,0.49493542839499083,0.4450070416485822,,,,,,,,,,,,,,,,
36.419375741,855,1.0,0.49508066738353057,0.44519037317346644,,,,,,,,,,,,,,,,
36.423455741000005,855,1.0,0.49510518242331114,0.44562971327039935,,,,,,,,,,,,,,,,
36.427421741,855,1.0,0.4947030684527229,0.4460400616681134,,,,,,,,,,,,,,,,
36.436179741000004,855,1.0,0.4947328006519991,0.4454015096028646,,,,,,,,,,,,,,,,
36.439404741000004,855,1.0,0.4947684792911305,0.4460554899992766,,,,,,,,,,,,,,,,
36.443485741,855,1.0,0.4948062335743624,0.4462754991319444,,,,,,,,,,,,,,,,
36.447440741,856,1.0,0.49503309586468863,0.44608086480034725,,,,,,,,,,,,,,,,
36.455479741000005,856,1.0,0.4949442919562845,0.4460339016384549,,,,,,,,,,,,,,,,
36.459446741,856,1.0,0.49506226707907286,0.4458607426396123,,,,,,,,,,,,,,,,
36.463470741,856,1.0,0.4950971042408663,0.4456138893410012,,,,,,,,,,,,,,,,
36.467417741000006,856,1.0,0.49520324258243337,0.4454325358072917,,,,,,,,,,,,,,,,
36.475416741000004,856,1.0,0.49681753270766316,0.4449953997576678,,,,,,,,,,,,,,,,
36.479381741000005,856,1.0,0.49693971521714153,0.4448012740523727,,,,,,,,,,,,,,,,
36.483427741,856,1.0,0.49728842342601104,0.4446302625868056,,,,,,,,,,,,,,,,
36.487381741,857,1.0,0.49765418557559743,0.44428490532769094,,,,,,,,,,,,,,,,
36.495804741,857,1.0,0.5004747615141028,0.4431954277886285,,,,,,,,,,,,,,,,
36.499480741,857,1.0,0.5006344178143669,0.44337220368561925,,,,,,,,,,,,,,,,
36.503788741,857,1.0,0.5007052141077378,0.44330427381727433,,,,,,,,,,,,,,,,
36.507471741,857,1.0,0.5009634354535271,0.44319774486400465,,,,,,,,,,,,,,,,
36.515478741,857,1.0,0.5033106523401597,0.44295015688295714,,,,,,,,,,,,,,,,
36.519405741,857,1.0,0.5047100852517521,0.44280276828342013,,,,,,,,,,,,,,,,
36.523427741,857,1.0,0.5073237699620864,0.441802074291088,,,,,,,,,,,,,,,,
36.527398741,858,1.0,0.5117945390589097,0.43965047200520835,,,,,,,,,,,,,,,,
36.535657741,858,1.0,0.5170580359066234,0.4393848560474537,,,,,,,,,,,,,,,,
36.539422741,858,1.0,0.518171983606675,0.43698317916304974,,,,,,,,,,,,,,,,
36.543437741000005,858,1.0,0.518643154817469,0.4357310542353877,,,,,,,,,,,,,,,,
36.547440741,858,1.0,0.5195498185999253,0.4357686360677083,,,,,,,,,,,,,,,,
36.555454741000005,858,1.0,0.5192490745993221,0.4351390132197628,,,,,,,,,,,,,,,,
36.559421741,858,1.0,0.5202287225162282,0.4352107295283565,,,,,,,,,,,,,,,,
36.563400741,858,1.0,0.5203920813167796,0.4352023654513889,,,,,,,,,,,,,,,,
36.571413741,859,1.0,0.5198130888097426,0.4345264010959201,,,,,,,,,,,,,,,,
36.575541741,859,1.0,0.518975201775046,0.43461569326895255,,,,,,,,,,,,,,,,
36.579437741,859,1.0,0.5189364938174977,0.434516680682147,,,,,,,,,,,,,,,,
36.583395741000004,859,1.0,0.5196316101971794,0.4344572279188368,,,,,,,,,,,,,,,,
36.591400741,859,1.0,0.5211330862606273,0.4346475106698495,,,,,,,,,,,,,,,,
36.595539741,859,1.0,0.5210178599638098,0.4346532185872396,,,,,,,,,,,,,,,,
36.599365741,859,1.0,0.5215510761036593,0.43471922697844334,,,,,,,,,,,,,,,,
36.603417741,860,1.0,0.5216486874748679,0.4347529658564815,,,,,,,,,,,,,,,,
36.611395741,860,1.0,0.5207223331227022,0.43480258517795134,,,,,,,,,,,,,,,,
36.615376741000006,860,1.0,0.5207760754753562,0.43474641022858795,,,,,,,,,,,,,,,,
36.619421741000004,860,1.0,0.5204471139346852,0.43432153772424764,,,,,,,,,,,,,,,,
36.623413741,860,1.0,0.5201266232658835,0.43440037480107063,,,,,,,,,,,,,,,,
36.631390741000004,860,1.0,0.5194366679472082,0.4345111423068576,,,,,,,,,,,,,,,,
36.636048741,860,1.0,0.5193033779368681,0.43438398573133685,,,,,,,,,,,,,,,,
36.639385741000005,860,1.0,0.5192200716804055,0.4342383490668402,,,,,,,,,,,,,,,,
36.643399741,861,1.0,0.5196421567131492,0.43423738832826964,,,,,,,,,,,,,,,,
36.651391741000005,861,1.0,0.5198198206284467,0.43420212357132526,,,,,,,,,,,,,,,,
36.655496741,861,1.0,0.5196836695951574,0.4335835209599248,,,,,,,,,,,,,,,,
36.659473741,861,1.0,0.5195979511036593,0.432944573296441,,,,,,,,,,,,,,,,
36.663636741000005,861,1.0,0.5199942869298598,0.43264024522569444,,,,,,,,,,,,,,,,
36.671374741,861,1.0,0.520957722383387,0.4304089581524885,,,,,,,,,,,,,,,,
36.675611741000004,861,1.0,0.5205119637882009,0.4295460453739872,,,,,,,,,,,,,,,,
36.679372741,862,1.0,0.520165948306813,0.4296712804723669,,,,,,,,,,,,,,,,
36.683365741,862,1.0,0.5198838290046243,0.4298550641095197,,,,,,,,,,,,,,,,
36.691417741,862,1.0,0.5202790989595301,0.4296483357747396,,,,,,,,,,,,,,,,
36.695404741000004,862,1.0,0.5199738670797909,0.42966461181640625,,,,,,,,,,,,,,,,
36.699550741,862,1.0,0.5197772979736328,0.42948246708622684,,,,,,,,,,,,,,,,
36.703358741,862,1.0,0.5201307745540843,0.4296016551830151,,,,,,,,,,,,,,,,
36.711385741,862,1.0,0.5211048126220703,0.4271207456235533,,,,,,,,,,,,,,,,
36.715428741000004,862,1.0,0.5211470547844382,0.42739229555483216,,,,,,,,,,,,,,,,
36.719373741000005,862,1.0,0.5209040361292222,0.4275877775969329,,,,,,,,,,,,,,,,
36.723419741,863,1.0,0.5207149842206169,0.427339850531684,,,,,,,,,,,,,,,,
36.731517741000005,863,1.0,0.5201989903169519,0.42765955041956016,,,,,,,,,,,,,,,,
36.735433741,863,1.0,0.5197789809283089,0.42767718279803246,,,,,,,,,,,,,,,,
36.739561741,863,1.0,0.5199294931748334,0.4276417484989873,,,,,,,,,,,,,,,,
36.743429741,863,1.0,0.5197880688835593,0.42759761103877314,,,,,,,,,,,,,,,,
36.751385741,863,1.0,0.5194464851828182,0.4274800053349248,,,,,,,,,,,,,,,,
36.755675741000005,863,1.0,0.5201128230375403,0.42662636085792827,,,,,,,,,,,,,,,,
36.759373741000005,863,1.0,0.520081127391142,0.42644608109085647,,,,,,,,,,,,,,,,
36.763431741000005,863,1.0,0.5206077800077551,0.42500519929108793,,,,,,,,,,,,,,,,
36.771438741000004,864,1.0,0.5220139447380515,0.4244532267252604,,,,,,,,,,,,,,,,
36.775453741,864,1.0,0.5228643417358398,0.4247112698025174,,,,,,,,,,,,,,,,
36.779567741,864,1.0,0.5230472789091223,0.42468996401186343,,,,,,,,,,,,,,,,
36.783420741,864,1.0,0.5273909849279067,0.4247188426830151,,,,,,,,,,,,,,,,
36.791439741000005,864,1.0,0.5346923715928021,0.4239752310293692,,,,,,,,,,,,,,,,
36.795423741,864,1.0,0.5374756420359892,0.423738776312934,,,,,,,,,,,,,,,,
36.799436741,864,1.0,0.5415332457598518,0.4231658935546875,,,,,,,,,,,,,,,,
36.803509741,864,1.0,0.5458744834451115,0.4233908194082755,,,,,,,,,,,,,,,,
36.811868741000005,865,1.0,0.549373514512006,0.4227914880823206,,,,,,,,,,,,,,,,
36.816016741000006,865,1.0,0.5475962021771599,0.42249535454644094,,,,,,,,,,,,,,,,
36.819440741,865,1.0,0.5475742676678825,0.42163374159071176,,,,,,,,,,,,,,,,
36.823404741000004,865,1.0,0.5461914960075828,0.42017613163700807,,,,,,,,,,,,,,,,
36.831421741,865,1.0,0.5476919061997357,0.4179163614908854,,,,,,,,,,,,,,,,
36.835537741,865,1.0,0.5486524806303137,0.41814360441984955,,,,,,,,,,,,,,,,
36.839396741,865,1.0,0.5493001937866211,0.4184694643373843,,,,,,,,,,,,,,,,
36.843405741000005,865,1.0,0.5494418985703412,0.41848602294921877,,,,,,,,,,,,,,,,
36.851425741,866,1.0,0.5476304222555721,0.4192242092556424,,,,,,,,,,,,,,,,
36.855422741000005,866,1.0,0.5461311901316923,0.41953464084201386,,,,,,,,,,,,,,,,
36.859411741,866,1.0,0.5446885613834157,0.4198443377459491,,,,,,,,,,,,,,,,
36.863532741,866,1.0,0.5441676869111902,0.420095373083044,,,,,,,,,,,,,,,,
36.873736741,866,1.0,0.5435753429637236,0.4203667534722222,,,,,,,,,,,,,,,,
36.875444741,866,1.0,0.5433799519258387,0.42045141149450227,,,,,,,,,,,,,,,,
36.879493741000005,867,1.0,0.5425460478838753,0.4205804895471643,,,,,,,,,,,,,,,,
36.883397741,867,1.0,0.5419653163236731,0.4208191483109086,,,,,,,,,,,,,,,,
36.891473741000006,867,1.0,0.5414168974932503,0.4217903984917535,,,,,,,,,,,,,,,,
36.895450741000005,867,1.0,0.5411594054278206,0.4215919777199074,,,,,,,,,,,,,,,,
36.899444741,867,1.0,0.5410927604226505,0.4214090983072917,,,,,,,,,,,,,,,,
36.903385741,867,1.0,0.5409870147705078,0.4225102177372685,,,,,,,,,,,,,,,,
36.911572741,867,1.0,0.5400669995476218,0.42224222819010415,,,,,,,,,,,,,,,,
36.915701741,867,1.0,0.5398562936221852,0.4233453821252894,,,,,,,,,,,,,,,,
36.919760741000005,868,1.0,0.5395237417782054,0.4233388830114294,,,,,,,,,,,,,,,,
36.923393741000005,868,1.0,0.5391782872817096,0.42425621880425346,,,,,,,,,,,,,,,,
36.931397741000005,868,1.0,0.5387075648588293,0.4261199386031539,,,,,,,,,,,,,,,,
36.935458741000005,868,1.0,0.5384944466983571,0.42615023012514464,,,,,,,,,,,,,,,,
36.939512741,868,1.0,0.5382169274722829,0.4261734008789062,,,,,,,,,,,,,,,,
36.943440741,868,1.0,0.5380193485933191,0.42619188096788196,,,,,,,,,,,,,,,,
36.951671741000006,868,1.0,0.5349342121797449,0.4263848198784722,,,,,,,,,,,,,,,,
36.955413741,868,1.0,0.5328274334178251,0.4263338442201967,,,,,,,,,,,,,,,,
36.959420741,869,1.0,0.5314791062298942,0.4265119199399595,,,,,,,,,,,,,,,,
36.963423741,869,1.0,0.5297997418571921,0.42671542697482634,,,,,,,,,,,,,,,,
36.971431741,869,1.0,0.5301554062787224,0.4267037285698785,,,,,,,,,,,,,,,,
36.975475741000004,869,1.0,0.5293369854197782,0.42706259268301505,,,,,,,,,,,,,,,,
36.979422741,869,1.0,0.5277313905603745,0.4271345915617766,,,,,,,,,,,,,,,,
36.983434741,869,1.0,0.5271724252139821,0.42674973099320024,,,,,,,,,,,,,,,,
36.991409741000005,869,1.0,0.5246994916130515,0.42198107684100117,,,,,,,,,,,,,,,,
36.995386741000004,869,1.0,0.524700781878303,0.4191732335973669,,,,,,,,,,,,,,,,
36.999409741,870,1.0,0.523814369650448,0.40612516049985536,,,,,,,,,,,,,,,,
37.003347741,870,1.0,0.5231346242568072,0.3949704205548322,,,,,,,,,,,,,,,,
37.011450741000004,870,1.0,0.5234289730296415,0.38424580891927085,,,,,,,,,,,,,,,,
37.015489741,870,1.0,0.5234350877649644,0.37918740731698497,,,,,,,,,,,,,,,,
37.019378741000004,870,1.0,0.5218430126414579,0.37173812301070597,,,,,,,,,,,,,,,,
37.023449741,870,1.0,0.520359712488511,0.36797067147714124,,,,,,,,,,,,,,,,
37.031413741,870,1.0,0.5186043346629423,0.35995681197554974,,,,,,,,,,,,,,,,
37.035419741000005,870,1.0,0.5186471378102022,0.3540429574471933,,,,,,,,,,,,,,,,
37.039410741000005,871,1.0,0.5182496239157284,0.3534496731228298,,,,,,,,,,,,,,,,
37.043481741,871,1.0,0.5184299244600183,0.35501104284215856,,,,,,,,,,,,,,,,
37.051449741,871,1.0,0.5167224547442268,0.35326713279441546,,,,,,,,,,,,,,,,
37.055617741,871,1.0,0.5160730025347542,0.3533183345088252,,,,,,,,,,,,,,,,
37.059597741000005,871,1.0,0.5152043174294865,0.35171548348885995,,,,,,,,,,,,,,,,
37.064151741,871,1.0,0.5143377640668083,0.3527310971860532,,,,,,,,,,,,,,,,
37.071418741,871,1.0,0.5133362938376034,0.3492779201931424,,,,,,,,,,,,,,,,
37.075399741000005,871,1.0,0.5092451432171989,0.3506392302336516,,,,,,,,,,,,,,,,
37.079445741,871,1.0,0.5086270500631893,0.35373625578703705,,,,,,,,,,,,,,,,
37.083409741000004,872,1.0,0.5078820060281193,0.3539621988932292,,,,,,,,,,,,,,,,
37.091429741,872,1.0,0.5063120337093577,0.35618862575954857,,,,,,,,,,,,,,,,
37.095475741,872,1.0,0.5050220489501953,0.3522957130714699,,,,,,,,,,,,,,,,
37.099489741,872,1.0,0.506130947786219,0.35354484275535303,,,,,,,,,,,,,,,,
37.103509741,872,1.0,0.5061454772949219,0.35361339427806715,,,,,,,,,,,,,,,,
37.111458741,872,1.0,0.5049563576193417,0.3547273423936632,,,,,,,,,,,,,,,,
37.115376741000006,872,1.0,0.5033965391271255,0.3539483529550058,,,,,,,,,,,,,,,,
37.119388741,872,1.0,0.5031451056985294,0.3544689037181713,,,,,,,,,,,,,,,,
37.123388741,872,1.0,0.50280340980081,0.3538573088469329,,,,,,,,,,,,,,,,
37.131452741000004,873,1.0,0.5040792016422048,0.35585219771773724,,,,,,,,,,,,,,,,
37.135434741000005,873,1.0,0.5043135250315947,0.3574081986038773,,,,,,,,,,,,,,,,
37.139428741,873,1.0,0.5026194628547219,0.35755327012803817,,,,,,,,,,,,,,,,
37.144896741000004,873,1.0,0.5028077293844784,0.3581969084563079,,,,,,,,,,,,,,,,
37.151390741,873,1.0,0.502896925982307,0.35661106816044563,,,,,,,,,,,,,,,,
37.155417741,873,1.0,0.5019011217005113,0.3552504362883391,,,,,,,,,,,,,,,,
37.159397741,873,1.0,0.5007441464592429,0.3565607706705729,,,,,,,,,,,,,,,,
37.163433741000006,873,1.0,0.5008612801046932,0.3587795681423611,,,,,,,,,,,,,,,,
37.171410741,874,1.0,0.5016699959250057,0.36318585431134254,,,,,,,,,,,,,,,,
37.175436741000006,874,1.0,0.5013829960542566,0.3672105012116609,,,,,,,,,,,,,,,,
37.179486741000005,874,1.0,0.5018796359791475,0.36954091389973953,,,,,,,,,,,,,,,,
37.183433741,874,1.0,0.5008475920733284,0.3736694901077836,,,,,,,,,,,,,,,,
37.191465741,874,1.0,0.49771813785328584,0.3802960431134259,,,,,,,,,,,,,,,,
37.195492741,874,1.0,0.4978521571439855,0.39061471444589124,,,,,,,,,,,,,,,,
37.199424741,874,1.0,0.4984065785127528,0.4027500293872974,,,,,,,,,,,,,,,,
37.203442741,874,1.0,0.49817724788890166,0.41020507812499996,,,,,,,,,,,,,,,,
37.211417741000005,875,1.0,0.4978949041927562,0.4172639069733797,,,,,,,,,,,,,,,,
37.215432741,875,1.0,0.49814779618207145,0.4205405906394676,,,,,,,,,,,,,,,,
37.219422741,875,1.0,0.4985913108376896,0.4189648098415799,,,,,,,,,,,,,,,,
37.223468741000005,875,1.0,0.4988892499138327,0.4189091435185185,,,,,,,,,,,,,,,,
37.231481741,875,1.0,0.49939144358915444,0.42091720015914347,,,,,,,,,,,,,,,,
37.235489741,875,1.0,0.49948810128604665,0.4218057703088831,,,,,,,,,,,,,,,,
37.239422741000006,875,1.0,0.498567917767693,0.4222745542173032,,,,,,,,,,,,,,,,
37.243399741000005,875,1.0,0.49798045438878674,0.42330486156322333,,,,,,,,,,,,,,,,
37.251378741,876,1.0,0.49899892246021943,0.42523628517433454,,,,,,,,,,,,,,,,
37.255535741,876,1.0,0.49846508923698873,0.42574140760633683,,,,,,,,,,,,,,,,
37.259428741,876,1.0,0.49785743040197034,0.42514484546802667,,,,,,,,,,,,,,,,
37.263949741000005,876,1.0,0.4983549118041992,0.4226220590096933,,,,,,,,,,,,,,,,
37.271632741000005,876,1.0,0.49910253636977253,0.4233691180193866,,,,,,,,,,,,,,,,
37.275401741,876,1.0,0.4991156634162454,0.42245992024739587,,,,,,,,,,,,,,,,
37.279377741000005,876,1.0,0.49910304125617533,0.4221776891637732,,,,,,,,,,,,,,,,
37.283396741000004,876,1.0,0.49902792537913604,0.4220785635489005,,,,,,,,,,,,,,,,
37.291408741000005,877,1.0,0.49843159843893614,0.4212055347583912,,,,,,,,,,,,,,,,
37.295416741000004,877,1.0,0.4973684759701,0.4208742494936343,,,,,,,,,,,,,,,,
37.299417741,877,1.0,0.4977654288796818,0.4210080747251157,,,,,,,,,,,,,,,,
37.303393741,877,1.0,0.4975750306073357,0.4229064376265914,,,,,,,,,,,,,,,,
37.311415741000005,877,1.0,0.4966573715209961,0.42303455494068287,,,,,,,,,,,,,,,,
37.315585741,877,1.0,0.4965721018174115,0.4235292222764757,,,,,,,,,,,,,,,,
37.319373741,877,1.0,0.4968780068790211,0.4222321121780961,,,,,,,,,,,,,,,,
37.323407741000004,877,1.0,0.4969048780553481,0.4223695543077257,,,,,,,,,,,,,,,,
37.331368741000006,878,1.0,0.4964751075295841,0.4212051956741898,,,,,,,,,,,,,,,,
37.335413741,878,1.0,0.49660256329704733,0.4205590142144098,,,,,,,,,,,,,,,,
37.339381741000004,878,1.0,0.49652256685144763,0.4209166350188078,,,,,,,,,,,,,,,,
37.347545741000005,878,1.0,0.49573511235854206,0.42071086742259833,,,,,,,,,,,,,,,,
37.351781741,878,1.0,0.4959712308995864,0.41981528953269676,,,,,,,,,,,,,,,,
37.355461741,878,1.0,0.4962368572459501,0.4199302390769676,,,,,,,,,,,,,,,,
37.359430741000004,878,1.0,0.4968937144559972,0.4204527678313079,,,,,,,,,,,,,,,,
37.367437741,879,1.0,0.4980190501493566,0.4196163601345486,,,,,,,,,,,,,,,,
37.371397741,879,1.0,0.4984462401446174,0.4191315827546296,,,,,,,,,,,,,,,,
37.375448741,879,1.0,0.4988591811236213,0.42179785834418404,,,,,,,,,,,,,,,,
37.379760741000005,879,1.0,0.49886221044203816,0.4253711841724537,,,,,,,,,,,,,,,,
37.387467741,879,1.0,0.4977287965662339,0.42570393880208335,,,,,,,,,,,,,,,,
37.391412741,879,1.0,0.4972349615658031,0.4286484894929109,,,,,,,,,,,,,,,,
37.395400741,879,1.0,0.49876998452579274,0.4286288226092303,,,,,,,,,,,,,,,,
37.399394741,879,1.0,0.5012704624849207,0.427364264594184,,,,,,,,,,,,,,,,
37.407505741,880,1.0,0.5106170878690832,0.42546861436631944,,,,,,,,,,,,,,,,
37.411372741,880,1.0,0.5123959709616268,0.42484142162181715,,,,,,,,,,,,,,,,
37.415425741,880,1.0,0.5200463463278377,0.4241380479600695,,,,,,,,,,,,,,,,
37.419410741,880,1.0,0.527401419246898,0.4235074078595197,,,,,,,,,,,,,,,,
37.427422741,880,1.0,0.5335857166963465,0.4133242571795428,,,,,,,,,,,,,,,,
37.431378741,880,1.0,0.5191842247458065,0.40297727231626157,,,,,,,,,,,,,,,,
37.435390741,880,1.0,0.5317438910989201,0.400492689344618,,,,,,,,,,,,,,,,
37.439388741,880,1.0,0.49463434780345245,0.3927566528320312,,,,,,,,,,,,,,,,
37.447385741000005,881,1.0,0.46092841204474955,0.41146240234375,,,,,,,,,,,,,,,,
37.451401741000005,881,1.0,0.4259497137630687,0.41178114149305556,,,,,,,,,,,,,,,,
37.455614741000005,881,1.0,0.41858751633588004,0.41640551531756365,,,,,,,,,,,,,,,,
37.459452741,881,1.0,0.4102117314058192,0.4274982593677662,,,,,,,,,,,,,,,,
37.467468741000005,881,1.0,0.3927331251256606,0.4299943712022569,,,,,,,,,,,,,,,,
37.471438741,881,1.0,0.39090582903693705,0.44278225368923607,,,,,,,,,,,,,,,,
37.475426741,881,1.0,0.3772701936609605,0.4405767370153356,,,,,,,,,,,,,,,,
37.479412741000004,881,1.0,0.38013727524701285,0.4358545939127604,,,,,,,,,,,,,,,,
37.487369741,882,1.0,0.36439160739674287,0.4336211027922454,,,,,,,,,,,,,,,,
37.491458741,882,1.0,0.3621113721062155,0.42849940547236687,,,,,,,,,,,,,,,,
37.499507741,882,1.0,0.40467194949879365,0.44360577618634256,,,,,,,,,,,,,,,,
37.507461741,882,1.0,0.40334219091078816,0.4418833979853878,,,,,,,,,,,,,,,,
37.511552741,882,1.0,0.3911756066715016,0.4406755800600405,,,,,,,,,,,,,,,,
37.515705741000005,882,1.0,0.3557096930111156,0.4392245822482639,,,,,,,,,,,,,,,,
37.519401741,882,1.0,0.3392990336698644,0.43632371690538196,,,,,,,,,,,,,,,,
37.527392741,883,1.0,0.36045040803797107,0.43480134186921293,,,,,,,,,,,,,,,,
37.531527741000005,883,1.0,0.3622740577248966,0.42535236499927664,,,,,,,,,,,,,,,,
37.535488741,883,1.0,0.3705897050745347,0.42319850215205435,,,,,,,,,,,,,,,,
37.539485741,883,1.0,0.36940529767204733,0.42916107177734375,,,,,,,,,,,,,,,,
37.547563741000005,883,1.0,0.37207816628848805,0.42791346797236685,,,,,,,,,,,,,,,,
37.551402741000004,883,1.0,0.37749312905704274,0.41321925410517935,,,,,,,,,,,,,,,,
37.555410741,883,1.0,0.3888729319852941,0.41083260995370374,,,,,,,,,,,,,,,,
37.559410741,884,1.0,0.39618514565860524,0.40789348461009833,,,,,,,,,,,,,,,,
37.567472741,884,1.0,0.40214089786305146,0.4042935971860533,,,,,,,,,,,,,,,,
37.571405741,884,1.0,0.4046584858613856,0.4072861848054109,,,,,,,,,,,,,,,,
37.575845741,884,1.0,0.39578673418830423,0.3967876858181424,,,,,,,,,,,,,,,,
37.579488741000006,884,1.0,0.3982747021843405,0.3789854826750578,,,,,,,,,,,,,,,,
37.587441741,884,1.0,0.3706476548138787,0.3809265701859086,,,,,,,,,,,,,,,,
37.591555741,884,1.0,0.36354878369499655,0.3813314367223669,,,,,,,,,,,,,,,,
37.595418741,884,1.0,0.37697090822107654,0.38215202048972796,,,,,,,,,,,,,,,,
37.599488741,885,1.0,0.4103875440709731,0.3870045414677372,,,,,,,,,,,,,,,,
37.607439741,885,1.0,0.491423438577091,0.3888168900101273,,,,,,,,,,,,,,,,
37.612689741000004,885,1.0,0.5047756082871381,0.39105829309534146,,,,,,,,,,,,,,,,
37.615483741000006,885,1.0,0.4977390064912684,0.4385145964445891,,,,,,,,,,,,,,,,
37.620382741,885,1.0,0.48844309414134307,0.46109958224826386,,,,,,,,,,,,,,,,
37.627369741,885,1.0,0.47811199637020335,0.46635742187499996,,,,,,,,,,,,,,,,
37.631391741,885,1.0,0.4748642304364373,0.4873808119032118,,,,,,,,,,,,,,,,
37.635391741,885,1.0,0.4799454071942498,0.5047813132957175,,,,,,,,,,,,,,,,
37.639395741,885,1.0,0.48358838698443246,0.5072421038592303,,,,,,,,,,,,,,,,
37.647408741,886,1.0,0.48688748303581686,0.508824383770978,,,,,,,,,,,,,,,,
37.651408741000004,886,1.0,0.48931884765625,0.5034342447916667,,,,,,,,,,,,,,,,
37.655477741000006,886,1.0,0.4937745823579676,0.5044148763020833,,,,,,,,,,,,,,,,
37.659533741000004,886,1.0,0.49140369190889244,0.5052291304976853,,,,,,,,,,,,,,,,
37.667459741,886,1.0,0.49146124895881205,0.5064017966941551,,,,,,,,,,,,,,,,
37.671452741,886,1.0,0.49019965003518495,0.5017631248191551,,,,,,,,,,,,,,,,
37.675464741,886,1.0,0.48654550664565144,0.5015081334997107,,,,,,,,,,,,,,,,
37.679430741000004,886,1.0,0.48537484337301817,0.5006583884910301,,,,,,,,,,,,,,,,
37.687465741000004,887,1.0,0.4809444651884191,0.5062184651692708,,,,,,,,,,,,,,,,
37.691951741000004,887,1.0,0.4813654282513787,0.5110088207103588,,,,,,,,,,,,,,,,
37.695921741,887,1.0,0.48042936886058135,0.5139916879159433,,,,,,,,,,,,,,,,
37.699641741,887,1.0,0.482143570395077,0.5146275273075811,,,,,,,,,,,,,,,,
37.707416741,887,1.0,0.48543986152200136,0.509245017722801,,,,,,,,,,,,,,,,
37.711445741000006,887,1.0,0.4864645565257353,0.5078456172236689,,,,,,,,,,,,,,,,
37.715411741000004,887,1.0,0.4879907720229205,0.509858986183449,,,,,,,,,,,,,,,,
37.719444741000004,887,1.0,0.4886600830975701,0.5116477683738425,,,,,,,,,,,,,,,,
37.727446741,888,1.0,0.49251876157872815,0.5194439923321759,,,,,,,,,,,,,,,,
37.731444741000004,888,1.0,0.49265266867244945,0.5220626265914352,,,,,,,,,,,,,,,,
37.735471741000005,888,1.0,0.494443556841682,0.522925708912037,,,,,,,,,,,,,,,,
37.739427741,888,1.0,0.49528200486127066,0.5249395299840857,,,,,,,,,,,,,,,,
37.747586741,888,1.0,0.49374569163602944,0.5233019793475115,,,,,,,,,,,,,,,,
37.751413741,888,1.0,0.49315525503719554,0.5245895950882523,,,,,,,,,,,,,,,,
37.755375741,888,1.0,0.4919070075539982,0.5276878639503761,,,,,,,,,,,,,,,,
37.759413741,888,1.0,0.4904494566075942,0.5303232828776041,,,,,,,,,,,,,,,,
37.767427741000006,889,1.0,0.4898826935712029,0.5270839267306857,,,,,,,,,,,,,,,,
37.771451741,889,1.0,0.4893006717457491,0.52907469007704,,,,,,,,,,,,,,,,
37.775441741,889,1.0,0.49278780993293314,0.5302012690791378,,,,,,,,,,,,,,,,
37.779416741000006,889,1.0,0.4940775702981388,0.5305158261899595,,,,,,,,,,,,,,,,
37.787699741000004,889,1.0,0.4955601411707261,0.5287694295247396,,,,,,,,,,,,,,,,
37.791423741,889,1.0,0.49721891739789176,0.5321162188494647,,,,,,,,,,,,,,,,
37.795448741,889,1.0,0.4982997669893153,0.5351327119050202,,,,,,,,,,,,,,,,
37.799429741000004,889,1.0,0.5007454928229836,0.5371929875126591,,,,,,,,,,,,,,,,
37.807434741,890,1.0,0.5020293628468233,0.5462102819372107,,,,,,,,,,,,,,,,
37.811437741,890,1.0,0.5013256633982939,0.5508293434425637,,,,,,,,,,,,,,,,
37.815605741,890,1.0,0.5027742385864258,0.5540352997956453,,,,,,,,,,,,,,,,
37.819410741000006,890,1.0,0.5017048891852883,0.5574645148383246,,,,,,,,,,,,,,,,
37.827382741,890,1.0,0.503354970146628,0.5569232234248409,,,,,,,,,,,,,,,,
37.831497741,890,1.0,0.5024690067066866,0.5556341100622106,,,,,,,,,,,,,,,,
37.835404741000005,890,1.0,0.5025429445154527,0.5571209095142506,,,,,,,,,,,,,,,,
37.839404741,890,1.0,0.5017830904792336,0.5558559841579861,,,,,,,,,,,,,,,,
37.847373741000006,891,1.0,0.4996291889863856,0.5506193655508536,,,,,,,,,,,,,,,,
37.851360741,891,1.0,0.5006449082318474,0.552647625958478,,,,,,,,,,,,,,,,
37.855436741000005,891,1.0,0.5023326312794405,0.5542818140100549,,,,,,,,,,,,,,,,
37.859407741000005,891,1.0,0.5018468744614545,0.5551185325339989,,,,,,,,,,,,,,,,
37.867412741,891,1.0,0.5027102302102482,0.5559312325936776,,,,,,,,,,,,,,,,
37.871407741000006,891,1.0,0.5037920895744773,0.5576170744719329,,,,,,,,,,,,,,,,
37.875409741000006,891,1.0,0.504216755137724,0.5581734833893952,,,,,,,,,,,,,,,,
37.879418741,891,1.0,0.5038682713228113,0.5571330317744503,,,,,,,,,,,,,,,,
37.887395741,892,1.0,0.5020759806913488,0.5584675541630497,,,,,,,,,,,,,,,,
37.891403741000005,892,1.0,0.5028940088608685,0.5609663786711516,,,,,,,,,,,,,,,,
37.895419741000005,892,1.0,0.5029068554148954,0.5593674836335358,,,,,,,,,,,,,,,,
37.899379741000004,892,1.0,0.5025415981517118,0.5568958423755788,,,,,,,,,,,,,,,,
37.907776741,892,1.0,0.5015677283791935,0.5585427743417246,,,,,,,,,,,,,,,,
37.911447741,892,1.0,0.5039704827701345,0.5600064312970197,,,,,,,,,,,,,,,,
37.915415741000004,892,1.0,0.5037902944228229,0.5595621179651331,,,,,,,,,,,,,,,,
37.919516741,892,1.0,0.5045632194070255,0.5603684601960359,,,,,,,,,,,,,,,,
37.927419741,893,1.0,0.5050369150498334,0.5585132740162038,,,,,,,,,,,,,,,,
37.931389741000004,893,1.0,0.5052116057452034,0.5593454714174624,,,,,,,,,,,,,,,,
37.935450741000004,893,1.0,0.5045187333050896,0.5589333145706742,,,,,,,,,,,,,,,,
37.939600741,893,1.0,0.5043963825001436,0.5612082304777922,,,,,,,,,,,,,,,,
37.947538741,893,1.0,0.5044597176944509,0.5632762485080295,,,,,,,,,,,,,,,,
37.951648741,893,1.0,0.5050497616038603,0.5625491954662182,,,,,,,,,,,,,,,,
37.955407741,893,1.0,0.5046862994923311,0.5630853441026475,,,,,,,,,,,,,,,,
37.959425741000004,893,1.0,0.5040362862979665,0.5626056812427662,,,,,,,,,,,,,,,,
37.967404741,894,1.0,0.5028772915110868,0.5643623352050782,,,,,,,,,,,,,,,,
37.971380741000004,894,1.0,0.503634116228889,0.5650468896936487,,,,,,,,,,,,,,,,
37.975446741,894,1.0,0.5036765266867245,0.5627073217321326,,,,,,,,,,,,,,,,
37.979403741000006,894,1.0,0.5053774328792796,0.5614751745153357,,,,,,,,,,,,,,,,
37.987552741,894,1.0,0.5043619380277746,0.5621237295645254,,,,,,,,,,,,,,,,
37.991431741,894,1.0,0.5047878377577838,0.5612633034035012,,,,,,,,,,,,,,,,
37.995424741,894,1.0,0.5047017265768612,0.5616835135000724,,,,,,,,,,,,,,,,
37.999401741,894,1.0,0.5042292651008157,0.5617815088342737,,,,,,,,,,,,,,,,
38.007417741000005,895,1.0,0.5051073186537799,0.5590594821506076,,,,,,,,,,,,,,,,
38.011410741,895,1.0,0.5056973625631893,0.5583678351508247,,,,,,,,,,,,,,,,
38.015579741,895,1.0,0.5055492064532112,0.5581145675094039,,,,,,,,,,,,,,,,
38.019444741,895,1.0,0.5053013072294348,0.5589741459599248,,,,,,,,,,,,,,,,
38.027422741,895,1.0,0.5055862875545726,0.5566828974971065,,,,,,,,,,,,,,,,
38.031420741000005,895,1.0,0.5056151221780216,0.5557740670663339,,,,,,,,,,,,,,,,
38.035443741,895,1.0,0.5051999372594497,0.546728006998698,,,,,,,,,,,,,,,,
38.039407741000005,895,1.0,0.5049685870899874,0.5380162274395979,,,,,,,,,,,,,,,,
38.047380741000005,896,1.0,0.5033970440135282,0.5198797155309607,,,,,,,,,,,,,,,,
38.051400741,896,1.0,0.5011478311875287,0.5112695199471933,,,,,,,,,,,,,,,,
38.055513741000006,896,1.0,0.4990680918974035,0.49525474265769676,,,,,,,,,,,,,,,,
38.059837741,896,1.0,0.49537092096665325,0.4786724514431424,,,,,,,,,,,,,,,,
38.067404741000004,896,1.0,0.49315811606014476,0.4628838433159722,,,,,,,,,,,,,,,,
38.071397741000006,896,1.0,0.4927209405338063,0.45701734754774304,,,,,,,,,,,,,,,,
38.075418741,896,1.0,0.49262237548828125,0.4544347692418982,,,,,,,,,,,,,,,,
38.079395741,896,1.0,0.49237705679500804,0.4539858217592593,,,,,,,,,,,,,,,,
38.087387741,897,1.0,0.4910419127520393,0.4546768188476562,,,,,,,,,,,,,,,,
38.091435741000005,897,1.0,0.4911483876845416,0.4553035594798901,,,,,,,,,,,,,,,,
38.095909741,897,1.0,0.49121789371266084,0.45517007333260995,,,,,,,,,,,,,,,,
38.103498741,897,1.0,0.4913634692921358,0.4539914166485822,,,,,,,,,,,,,,,,
38.107543741,897,1.0,0.49141401403090534,0.4495767664026331,,,,,,,,,,,,,,,,
38.111448741000004,897,1.0,0.49115674635943246,0.4466388843677662,,,,,,,,,,,,,,,,
38.115427741000005,897,1.0,0.49123915504006777,0.4491390086986401,,,,,,,,,,,,,,,,
38.123451741000004,898,1.0,0.4914047016816981,0.4479022555881076,,,,,,,,,,,,,,,,
38.127402741000004,898,1.0,0.4908784417545094,0.4485614917896412,,,,,,,,,,,,,,,,
38.131407741000004,898,1.0,0.4904344222124885,0.44798996536820024,,,,,,,,,,,,,,,,
38.135468741000004,898,1.0,0.4903300229240866,0.44782652678313084,,,,,,,,,,,,,,,,
38.143377741,898,1.0,0.49082021152271943,0.4455173068576389,,,,,,,,,,,,,,,,
38.147410741,898,1.0,0.491092233096852,0.447017584906684,,,,,,,,,,,,,,,,
38.151430741000006,898,1.0,0.490998716915355,0.44688929805049193,,,,,,,,,,,,,,,,
38.156463741,898,1.0,0.4910584057078642,0.44735774287471064,,,,,,,,,,,,,,,,
38.163413741,899,1.0,0.49085173887365,0.44767975983796293,,,,,,,,,,,,,,,,
38.167395741,899,1.0,0.49146360509535847,0.4477775291160301,,,,,,,,,,,,,,,,
38.171394741,899,1.0,0.49114760230569277,0.44613263165509254,,,,,,,,,,,,,,,,
38.175486741,899,1.0,0.491941115435432,0.4453115392614294,,,,,,,,,,,,,,,,
38.183357741,899,1.0,0.49175671970143037,0.44218529595269096,,,,,,,,,,,,,,,,
38.187423741,899,1.0,0.49207597620346966,0.4442435935691551,,,,,,,,,,,,,,,,
38.191866741000005,899,1.0,0.49232348273782167,0.4441021954571759,,,,,,,,,,,,,,,,
38.195502741000006,899,1.0,0.49225251814898324,0.443161462854456,,,,,,,,,,,,,,,,
38.203380741000004,900,1.0,0.49198638691621666,0.44387320059317126,,,,,,,,,,,,,,,,
38.207540741,900,1.0,0.49212225745705995,0.443636237250434,,,,,,,,,,,,,,,,
38.211514741,900,1.0,0.49215103598201976,0.4415518866644965,,,,,,,,,,,,,,,,
38.215403741,900,1.0,0.4917408999274759,0.43861304389105904,,,,,,,,,,,,,,,,
38.223371741,900,1.0,0.49170583837172566,0.4373357702184606,,,,,,,,,,,,,,,,
38.227414741000004,900,1.0,0.49143387289608226,0.4378265380859375,,,,,,,,,,,,,,,,
38.231445741,900,1.0,0.4911780637853286,0.4383131239149306,,,,,,,,,,,,,,,,
38.235580741,900,1.0,0.4910447737749885,0.43653468379267935,,,,,,,,,,,,,,,,
38.243417741,901,1.0,0.4913155611823587,0.43304104275173616,,,,,,,,,,,,,,,,
38.247514741,901,1.0,0.4916347615859088,0.4361506144205729,,,,,,,,,,,,,,,,
38.251387741,901,1.0,0.4915066887350643,0.4356488263165509,,,,,,,,,,,,,,,,
38.255451741,901,1.0,0.4914947958553539,0.4353444417317708,,,,,,,,,,,,,,,,
38.263437741000004,901,1.0,0.49117492226993337,0.43422066017433447,,,,,,,,,,,,,,,,
38.267436741000004,901,1.0,0.4910406224867877,0.43557117603443285,,,,,,,,,,,,,,,,
38.271421741000005,901,1.0,0.4910784328685087,0.4354403460467303,,,,,,,,,,,,,,,,
38.275431741000006,901,1.0,0.49051980411305146,0.43357244420934604,,,,,,,,,,,,,,,,
38.283437741,901,1.0,0.4906300376443302,0.4349693580910011,,,,,,,,,,,,,,,,
38.287445741,902,1.0,0.49053551169002757,0.4342293068214699,,,,,,,,,,,,,,,,
38.291456741000005,902,1.0,0.49007376502541933,0.4340162489149305,,,,,,,,,,,,,,,,
38.295673741,902,1.0,0.4898205364451689,0.4328188860857928,,,,,,,,,,,,,,,,
38.303441741,902,1.0,0.4873815985286937,0.43051328305844905,,,,,,,,,,,,,,,,
38.307455741000005,902,1.0,0.48751073725083294,0.4310967904550058,,,,,,,,,,,,,,,,
38.311431741,902,1.0,0.4870470271391027,0.4302714029947917,,,,,,,,,,,,,,,,
38.315444741,902,1.0,0.48705173941219554,0.43248607494212965,,,,,,,,,,,,,,,,
38.323422741,903,1.0,0.4873061460607192,0.43177004213686343,,,,,,,,,,,,,,,,
38.327459741000006,903,1.0,0.48753878649543314,0.4322174637405961,,,,,,,,,,,,,,,,
38.331437741,903,1.0,0.48714177748736215,0.4310378463179977,,,,,,,,,,,,,,,,
38.335553741000005,903,1.0,0.4870474198285271,0.4306784170645255,,,,,,,,,,,,,,,,
38.343451741,903,1.0,0.48714082381304574,0.4252137360749422,,,,,,,,,,,,,,,,
38.348062741,903,1.0,0.487178970785702,0.4271189936885127,,,,,,,,,,,,,,,,
38.351576741,903,1.0,0.4872696259442498,0.4276099310980903,,,,,,,,,,,,,,,,
38.355459741000004,903,1.0,0.4873611786786248,0.4271861323603877,,,,,,,,,,,,,,,,
38.363409741000005,904,1.0,0.48760733884923596,0.4282921685112847,,,,,,,,,,,,,,,,
38.367458741,904,1.0,0.487334083108341,0.4303028813114873,,,,,,,,,,,,,,,,
38.371442741,904,1.0,0.48680686950683594,0.43153172245732063,,,,,,,,,,,,,,,,
38.375445741,904,1.0,0.48591288398293886,0.4329975269458912,,,,,,,,,,,,,,,,
38.383425741,904,1.0,0.4835825527415556,0.435188067400897,,,,,,,,,,,,,,,,
38.387423741,904,1.0,0.48351220523609834,0.43577078360098376,,,,,,,,,,,,,,,,
38.391479741000005,904,1.0,0.48260901955997243,0.4366132382993345,,,,,,,,,,,,,,,,
38.395376741,904,1.0,0.48116403467514934,0.4372463085033276,,,,,,,,,,,,,,,,
38.403455741,905,1.0,0.479278003468233,0.43848357024016205,,,,,,,,,,,,,,,,
38.408155741,905,1.0,0.47919750213623047,0.4390296653464988,,,,,,,,,,,,,,,,
38.411399741000004,905,1.0,0.4795243319343118,0.43945465087890623,,,,,,,,,,,,,,,,
38.415420741000005,905,1.0,0.4798414005952723,0.43993411593967013,,,,,,,,,,,,,,,,
38.423449741,905,1.0,0.48016357421875,0.4405675252278646,,,,,,,,,,,,,,,,
38.427390741,905,1.0,0.48040137571447034,0.44072536892361114,,,,,,,,,,,,,,,,
38.431420741000004,905,1.0,0.48067648270550895,0.4410898844401042,,,,,,,,,,,,,,,,
38.435519741,905,1.0,0.4810625525081859,0.44140319824218754,,,,,,,,,,,,,,,,
38.443366741000006,906,1.0,0.48129547343534584,0.44193454318576386,,,,,,,,,,,,,,,,
38.447464741000005,906,1.0,0.4814944547765395,0.4420839097764757,,,,,,,,,,,,,,,,
38.451399741,906,1.0,0.48165147444781137,0.4423097963686342,,,,,,,,,,,,,,,,
38.455426741000004,906,1.0,0.4818359823787914,0.44252618860315396,,,,,,,,,,,,,,,,
38.463494741000005,906,1.0,0.48209313785328584,0.4428356594509548,,,,,,,,,,,,,,,,
38.467492741,906,1.0,0.4828391916611615,0.44291833948206016,,,,,,,,,,,,,,,,
38.471418741,906,1.0,0.4827874127556296,0.4428539134837963,,,,,,,,,,,,,,,,
38.475414741,906,1.0,0.48290785621194277,0.4431468822337963,,,,,,,,,,,,,,,,
38.483350741,907,1.0,0.48375477510340076,0.44295173927589704,,,,,,,,,,,,,,,,
38.487402741000004,907,1.0,0.48375634586109834,0.443076409233941,,,,,,,,,,,,,,,,
38.491411741,907,1.0,0.48383690329159007,0.44322447600188075,,,,,,,,,,,,,,,,
38.495478741,907,1.0,0.484159413506003,0.44308494285300926,,,,,,,,,,,,,,,,
38.503403741,907,1.0,0.48383275200338927,0.4432991310402199,,,,,,,,,,,,,,,,
38.507780741000005,907,1.0,0.48409635880414176,0.44366635923032405,,,,,,,,,,,,,,,,
38.511402741000005,907,1.0,0.484157450058881,0.4437644675925926,,,,,,,,,,,,,,,,
38.515481741,907,1.0,0.485499101526597,0.443877269603588,,,,,,,,,,,,,,,,
38.523370741,908,1.0,0.48695121091954846,0.44412632694950815,,,,,,,,,,,,,,,,
38.527447741,908,1.0,0.48732998791862936,0.44436622902199074,,,,,,,,,,,,,,,,
38.531394741,908,1.0,0.4881611992331112,0.4444450660988136,,,,,,,,,,,,,,,,
38.535452741,908,1.0,0.488988203160903,0.44381691261574074,,,,,,,,,,,,,,,,
38.543482741000005,908,1.0,0.4910493738511029,0.4449285436559607,,,,,,,,,,,,,,,,
38.547423741,908,1.0,0.4909685359281652,0.4450592606155961,,,,,,,,,,,,,,,,
38.551442741,908,1.0,0.4913167392506319,0.44518093532986114,,,,,,,,,,,,,,,,
38.555382741,908,1.0,0.49168625999899473,0.4457281042028356,,,,,,,,,,,,,,,,
38.563387741,908,1.0,0.4933020647834329,0.4469368828667535,,,,,,,,,,,,,,,,
38.567445741,909,1.0,0.49350693646599264,0.4469229804144965,,,,,,,,,,,,,,,,
38.571396741,909,1.0,0.4937695895924288,0.44722052680121527,,,,,,,,,,,,,,,,
38.575368741000005,909,1.0,0.4954790227553424,0.4473314073350695,,,,,,,,,,,,,,,,
38.583431741000005,909,1.0,0.495303378385656,0.4497147736725984,,,,,,,,,,,,,,,,
38.587415741,909,1.0,0.4957451539881089,0.4500403510199653,,,,,,,,,,,,,,,,
38.591424741000004,909,1.0,0.49599456787109375,0.4512845074688947,,,,,,,,,,,,,,,,
38.595385741,909,1.0,0.49790623608757467,0.45206926133897574,,,,,,,,,,,,,,,,
38.603386741,909,1.0,0.5005363015567555,0.4523372508861401,,,,,,,,,,,,,,,,
38.607400741,910,1.0,0.5005159378051758,0.4524354157624422,,,,,,,,,,,,,,,,
38.611396741,910,1.0,0.5006644305060891,0.45231588858145255,,,,,,,,,,,,,,,,
38.615404741,910,1.0,0.5012543622185203,0.4526776349103009,,,,,,,,,,,,,,,,
38.623512741,910,1.0,0.500556609209846,0.4538877699110243,,,,,,,,,,,,,,,,
38.627406741,910,1.0,0.5010018629186294,0.4546105844003183,,,,,,,,,,,,,,,,
38.631452741000004,910,1.0,0.5011508044074563,0.45464986165364585,,,,,,,,,,,,,,,,
38.635383741000005,910,1.0,0.5008783340454102,0.4555964152018229,,,,,,,,,,,,,,,,
38.643425741,910,1.0,0.5026586196001839,0.45649397108289935,,,,,,,,,,,,,,,,
38.647427741,911,1.0,0.5036621654734892,0.4563384444625289,,,,,,,,,,,,,,,,
38.651402741000005,911,1.0,0.5039268942440257,0.45659665708188657,,,,,,,,,,,,,,,,
38.655411741,911,1.0,0.5039541581097771,0.4581692165798611,,,,,,,,,,,,,,,,
38.663785741000005,911,1.0,0.5036361918729895,0.4579576280381944,,,,,,,,,,,,,,,,
38.667380741,911,1.0,0.5038834740133846,0.4578994185836227,,,,,,,,,,,,,,,,
38.671403741,911,1.0,0.5038855496574851,0.4581441808629919,,,,,,,,,,,,,,,,
38.675401741,911,1.0,0.5039245381074793,0.45829292579933445,,,,,,,,,,,,,,,,
38.683453741,911,1.0,0.5038004482493681,0.4595766420717593,,,,,,,,,,,,,,,,
38.687463741,912,1.0,0.5042905807495117,0.4597351639359085,,,,,,,,,,,,,,,,
38.691457741,912,1.0,0.5040945726282456,0.45955754032841434,,,,,,,,,,,,,,,,
38.695541741,912,1.0,0.5042832318474265,0.46110935917607065,,,,,,,,,,,,,,,,
38.703455741,912,1.0,0.5042582680197323,0.46124510588469325,,,,,,,,,,,,,,,,
38.707444741,912,1.0,0.5049472696640912,0.4615549158166956,,,,,,,,,,,,,,,,
38.711407741,912,1.0,0.5046779408174402,0.4614651150173611,,,,,,,,,,,,,,,,
38.715401741,912,1.0,0.5046020395615521,0.46216266773365167,,,,,,,,,,,,,,,,
38.723440741000005,913,1.0,0.5062381519990808,0.4622399789315683,,,,,,,,,,,,,,,,
38.727381741,913,1.0,0.5061856438131893,0.46196243851273144,,,,,,,,,,,,,,,,
38.731390741000006,913,1.0,0.5060976813821232,0.46253803394458914,,,,,,,,,,,,,,,,
38.735453741,913,1.0,0.5070908490349265,0.4625190452293113,,,,,,,,,,,,,,,,
38.743523741000004,913,1.0,0.5071538476382985,0.4625495628074363,,,,,,,,,,,,,,,,
38.747482741,913,1.0,0.5080991632798139,0.46327768961588545,,,,,,,,,,,,,,,,
38.751404741,913,1.0,0.5081556544584387,0.4633479365596065,,,,,,,,,,,,,,,,
38.755436741000004,913,1.0,0.5091887081370634,0.4632710209599248,,,,,,,,,,,,,,,,
38.763511741,914,1.0,0.5087162466610179,0.4641473275643808,,,,,,,,,,,,,,,,
38.767497741,914,1.0,0.5087250541238224,0.4641088415075232,,,,,,,,,,,,,,,,
38.771541741,914,1.0,0.5084299199721393,0.46486584698712385,,,,,,,,,,,,,,,,
38.775882741000004,914,1.0,0.5080716189216165,0.46453507034866903,,,,,,,,,,,,,,,,
38.783383741,914,1.0,0.5078207464779124,0.4646145855938947,,,,,,,,,,,,,,,,
38.787412741000004,914,1.0,0.5075546152451459,0.4643389666521991,,,,,,,,,,,,,,,,
38.791421741,914,1.0,0.5073088477639591,0.46425594753689237,,,,,,,,,,,,,,,,
38.795420741,914,1.0,0.5076541339649874,0.4638119732892072,,,,,,,,,,,,,,,,
38.804618741000006,915,1.0,0.5071591769947725,0.4633620650679977,,,,,,,,,,,,,,,,
38.807481741000004,915,1.0,0.5075744180118337,0.46323332609953705,,,,,,,,,,,,,,,,
38.811482741,915,1.0,0.5075639836928424,0.4630850332754629,,,,,,,,,,,,,,,,
38.815417741000005,915,1.0,0.5073931637932273,0.46291950367115164,,,,,,,,,,,,,,,,
38.823637741,915,1.0,0.5072455125696519,0.4626796581127025,,,,,,,,,,,,,,,,
38.827465741000005,915,1.0,0.5070898953606101,0.4625460024233218,,,,,,,,,,,,,,,,
38.831387741,915,1.0,0.5070622949039235,0.46241828070746527,,,,,,,,,,,,,,,,
38.835530741,915,1.0,0.5069033117855296,0.4615976969401042,,,,,,,,,,,,,,,,
38.843496741,916,1.0,0.5072305342730354,0.461494219744647,,,,,,,,,,,,,,,,
38.847401741000006,916,1.0,0.5048655902638155,0.4613493177625868,,,,,,,,,,,,,,,,
38.851372741000006,916,1.0,0.5054633757647347,0.46127234564887154,,,,,,,,,,,,,,,,
38.859548741000005,916,1.0,0.5056362713084501,0.4620400887948496,,,,,,,,,,,,,,,,
38.863404741000004,916,1.0,0.5048046673045439,0.4620142618815104,,,,,,,,,,,,,,,,
38.867439741000005,916,1.0,0.5049134422751034,0.46191999647352433,,,,,,,,,,,,,,,,
38.871479741,916,1.0,0.5048627292408663,0.46183454725477435,,,,,,,,,,,,,,,,
38.879387741,916,1.0,0.5047960842356962,0.4616622359664352,,,,,,,,,,,,,,,,
38.883423741,917,1.0,0.5046883751364315,0.4617120813440394,,,,,,,,,,,,,,,,
38.887403741,917,1.0,0.5046897775986615,0.4610061080367477,,,,,,,,,,,,,,,,
38.891409741000004,917,1.0,0.5048059575697955,0.4607035884150752,,,,,,,,,,,,,,,,
38.899513741,917,1.0,0.5039296430699965,0.46059813322844334,,,,,,,,,,,,,,,,
38.903416741,917,1.0,0.5032850714290843,0.4605247214988426,,,,,,,,,,,,,,,,
38.907425741000004,917,1.0,0.5036985733929802,0.4604813187210648,,,,,,,,,,,,,,,,
38.911385741000004,917,1.0,0.5039604972390568,0.4605630945276331,,,,,,,,,,,,,,,,
38.919921741,917,1.0,0.5066526076372933,0.45990939670138886,,,,,,,,,,,,,,,,
38.923425741,917,1.0,0.506676056805779,0.4598843609845197,,,,,,,,,,,,,,,,
38.927445741,918,1.0,0.5063414293176988,0.4603361341688368,,,,,,,,,,,,,,,,
38.931436741000006,918,1.0,0.50622137855081,0.45993980125144673,,,,,,,,,,,,,,,,
38.939441741,918,1.0,0.5060779908124138,0.45982089572482643,,,,,,,,,,,,,,,,
38.943463741,918,1.0,0.5057874006383559,0.45976342095269096,,,,,,,,,,,,,,,,
38.947479741,918,1.0,0.5051270092234892,0.45973940248842593,,,,,,,,,,,,,,,,
38.951425741,918,1.0,0.5048323238597197,0.4597962556061921,,,,,,,,,,,,,,,,
38.959412741,918,1.0,0.5048210480633903,0.46033020019531246,,,,,,,,,,,,,,,,
38.963418741000005,918,1.0,0.5045698951272404,0.4602362173574942,,,,,,,,,,,,,,,,
38.967379741,919,1.0,0.5043901555678424,0.46025831434461806,,,,,,,,,,,,,,,,
38.971439741000005,919,1.0,0.5043580672320198,0.45985107421875004,,,,,,,,,,,,,,,,
38.979518741,919,1.0,0.504020186031566,0.45974957501446756,,,,,,,,,,,,,,,,
38.983482741,919,1.0,0.504052667056813,0.4592368797019676,,,,,,,,,,,,,,,,
38.987447741000004,919,1.0,0.5040657941032859,0.4593132866753472,,,,,,,,,,,,,,,,
38.991650741,919,1.0,0.5040452620562386,0.4593059398509838,,,,,,,,,,,,,,,,
38.999431741,919,1.0,0.5040634940652287,0.45931130868417247,,,,,,,,,,,,,,,,
39.003458741,919,1.0,0.5037580938900218,0.4587860107421875,,,,,,,,,,,,,,,,
39.007535741000005,919,1.0,0.5036777608534869,0.4586211027922453,,,,,,,,,,,,,,,,
39.011386741,920,1.0,0.5039983076207778,0.4585204512984664,,,,,,,,,,,,,,,,
39.019443741,920,1.0,0.503792874953326,0.4575253521954572,,,,,,,,,,,,,,,,
39.023405741000005,920,1.0,0.5037519791546989,0.45687289767795136,,,,,,,,,,,,,,,,
39.027513741,920,1.0,0.5039058012120864,0.4568844830548322,,,,,,,,,,,,,,,,
39.031524741000005,920,1.0,0.50384801976821,0.4572884453667535,,,,,,,,,,,,,,,,
39.039411741,920,1.0,0.5031833648681641,0.45715699372468166,,,,,,,,,,,,,,,,
39.043382741,920,1.0,0.5032170239616843,0.4570792304144965,,,,,,,,,,,,,,,,
39.047409741,920,1.0,0.5031391592586741,0.45688318323206023,,,,,,,,,,,,,,,,
39.051411741,921,1.0,0.5030614067526424,0.45691618742766205,,,,,,,,,,,,,,,,
39.059518741000005,921,1.0,0.5041714836569393,0.4575391981336806,,,,,,,,,,,,,,,,
39.063419741000004,921,1.0,0.5042946759392234,0.45733913845486107,,,,,,,,,,,,,,,,
39.067434741,921,1.0,0.5041024264167336,0.45743278220847805,,,,,,,,,,,,,,,,
39.071542741,921,1.0,0.5040430181166705,0.4572822853370949,,,,,,,,,,,,,,,,
39.079425741,921,1.0,0.5035132800831514,0.45733116997612844,,,,,,,,,,,,,,,,
39.083564741,921,1.0,0.5039026035982019,0.45847812228732643,,,,,,,,,,,,,,,,
39.087407741,921,1.0,0.503975419437184,0.4584916856553819,,,,,,,,,,,,,,,,
39.091383741,922,1.0,0.5032441756304573,0.45865020751953123,,,,,,,,,,,,,,,,
39.099382741,922,1.0,0.5030933828914866,0.4592970671477141,,,,,,,,,,,,,,,,
39.103372741,922,1.0,0.5028481202967027,0.4591453269675926,,,,,,,,,,,,,,,,
39.107446741000004,922,1.0,0.5022202099070829,0.4596785933883102,,,,,,,,,,,,,,,,
39.111430741,922,1.0,0.5023477217730354,0.4597507618091724,,,,,,,,,,,,,,,,
39.119594741,922,1.0,0.5023497413186466,0.45981123182508676,,,,,,,,,,,,,,,,
39.123366741000005,922,1.0,0.5015215032240924,0.45882291440610534,,,,,,,,,,,,,,,,
39.127395741,923,1.0,0.5014296138987822,0.45929022894965277,,,,,,,,,,,,,,,,
39.131372741,923,1.0,0.5014537362491384,0.4591582121672454,,,,,,,,,,,,,,,,
39.139420741,923,1.0,0.5007591808543486,0.4595340304904514,,,,,,,,,,,,,,,,
39.143370741000005,923,1.0,0.5007950277889476,0.45965299253110536,,,,,,,,,,,,,,,,
39.147443741000004,923,1.0,0.5007399390725529,0.45903981526692705,,,,,,,,,,,,,,,,
39.151409741,923,1.0,0.5011524873621324,0.45889790852864587,,,,,,,,,,,,,,,,
39.159481741,923,1.0,0.5002975463867188,0.4560243394639757,,,,,,,,,,,,,,,,
39.163371741000006,923,1.0,0.5003439959357766,0.4521892971462673,,,,,,,,,,,,,,,,
39.167383741,923,1.0,0.5004490123075598,0.4476211547851563,,,,,,,,,,,,,,,,
39.171446741000004,924,1.0,0.5013341903686523,0.4401070488823785,,,,,,,,,,,,,,,,
39.179432741,924,1.0,0.5013713836669922,0.41545901828342013,,,,,,,,,,,,,,,,
39.183460741000005,924,1.0,0.5015065249274758,0.40368725811993633,,,,,,,,,,,,,,,,
39.187467741,924,1.0,0.5021891874425551,0.3945197211371527,,,,,,,,,,,,,,,,
39.191376741,924,1.0,0.5025254978853113,0.3916688707139757,,,,,,,,,,,,,,,,
39.199410741,924,1.0,0.5041526906630572,0.3909633495189525,,,,,,,,,,,,,,,,
39.203391741000004,924,1.0,0.5042552947998047,0.38928211353443287,,,,,,,,,,,,,,,,
39.207425741,924,1.0,0.5042554630952722,0.3862506442599827,,,,,,,,,,,,,,,,
39.211405741,924,1.0,0.5042248333201689,0.3833964029947917,,,,,,,,,,,,,,,,
39.219424741000005,925,1.0,0.5048641317030963,0.38368264657479745,,,,,,,,,,,,,,,,
39.223417741000006,925,1.0,0.5054730808033663,0.38026512993706596,,,,,,,,,,,,,,,,
39.227400741000004,925,1.0,0.5054198994356043,0.3794922440140336,,,,,,,,,,,,,,,,
39.231478741000004,925,1.0,0.5050651886883903,0.3785460295500579,,,,,,,,,,,,,,,,
39.239423741,925,1.0,0.5062442106359145,0.3788363986545139,,,,,,,,,,,,,,,,
39.243385741000004,925,1.0,0.5058955024270451,0.3795392636899595,,,,,,,,,,,,,,,,
39.247391741,926,1.0,0.5062896504121668,0.374972590693721,,,,,,,,,,,,,,,,
39.251362741,926,1.0,0.5061484505148495,0.3756444860387731,,,,,,,,,,,,,,,,
39.259410741,926,1.0,0.506041919483858,0.37424203378182874,,,,,,,,,,,,,,,,
39.263423741000004,926,1.0,0.5059836331535789,0.37588116681134254,,,,,,,,,,,,,,,,
39.267410741,926,1.0,0.5060867982752183,0.3759564435040509,,,,,,,,,,,,,,,,
39.271413741,926,1.0,0.5060299705056583,0.3773071854202835,,,,,,,,,,,,,,,,
39.279705741,926,1.0,0.5058443967033835,0.3793668393735532,,,,,,,,,,,,,,,,
39.283378741,926,1.0,0.5058106254128849,0.37687671802662037,,,,,,,,,,,,,,,,
39.287401741000004,927,1.0,0.5057893079869887,0.374967278374566,,,,,,,,,,,,,,,,
39.291389741,927,1.0,0.5057539659387925,0.37476382785373263,,,,,,,,,,,,,,,,
39.299397741,927,1.0,0.5030566383810604,0.3742954395435475,,,,,,,,,,,,,,,,
39.303426741,927,1.0,0.5029633465935203,0.3720407556604456,,,,,,,,,,,,,,,,
39.307367741,927,1.0,0.5029756882611442,0.3735586095739294,,,,,,,,,,,,,,,,
39.312677741,927,1.0,0.5033199646893669,0.37187499999999996,,,,,,,,,,,,,,,,
39.319394741,927,1.0,0.5029614392448875,0.3731338500976562,,,,,,,,,,,,,,,,
39.323375741,927,1.0,0.5029151018928079,0.37294514973958337,,,,,,,,,,,,,,,,
39.327482741000004,927,1.0,0.5030119278851677,0.3730541087962963,,,,,,,,,,,,,,,,
39.331469741,928,1.0,0.5018812067368451,0.3722293429904514,,,,,,,,,,,,,,,,
39.339441741,928,1.0,0.5003893235150505,0.37421038592303246,,,,,,,,,,,,,,,,
39.343397741000004,928,1.0,0.5002922170302447,0.37425977918836806,,,,,,,,,,,,,,,,
39.349037741000004,928,1.0,0.4998772004071404,0.3755423651801215,,,,,,,,,,,,,,,,
39.351437741000005,928,1.0,0.49927038304946003,0.37570263897931133,,,,,,,,,,,,,,,,
39.359913741,928,1.0,0.49911196091595816,0.3764591923466435,,,,,,,,,,,,,,,,
39.363369741,928,1.0,0.4997301662669462,0.3752844351309317,,,,,,,,,,,,,,,,
39.367429741,928,1.0,0.49945741541245403,0.37272762722439234,,,,,,,,,,,,,,,,
39.371787741000006,929,1.0,0.49953354106229897,0.37351888020833335,,,,,,,,,,,,,,,,
39.379433741,929,1.0,0.499087558073156,0.3739998146339699,,,,,,,,,,,,,,,,
39.384230741,929,1.0,0.49863024318919463,0.3743381641529224,,,,,,,,,,,,,,,,
39.388372741000005,929,1.0,0.4987180373247932,0.3756696347837095,,,,,,,,,,,,,,,,
39.391440741000004,929,1.0,0.49849779465619254,0.3756192807798032,,,,,,,,,,,,,,,,
39.399414741,929,1.0,0.49629755581126495,0.375205315483941,,,,,,,,,,,,,,,,
39.403386741000006,929,1.0,0.4962589600506951,0.3737693504050926,,,,,,,,,,,,,,,,
39.407471741,930,1.0,0.49357857423670154,0.3733479252567997,,,,,,,,,,,,,,,,
39.411604741000005,930,1.0,0.4938517177806181,0.3740243982385706,,,,,,,,,,,,,,,,
39.419578741,930,1.0,0.4934185813455021,0.3734258015950521,,,,,,,,,,,,,,,,
39.423439741,930,1.0,0.4933682049022001,0.3736190230758102,,,,,,,,,,,,,,,,
39.427408741,930,1.0,0.4935428394990809,0.3725805777090567,,,,,,,,,,,,,,,,
39.431430741,930,1.0,0.4936177309821634,0.37230524133752896,,,,,,,,,,,,,,,,
39.439582741,930,1.0,0.49403942332548256,0.3725062052408854,,,,,,,,,,,,,,,,
39.443382741,931,1.0,0.4938916038064396,0.3714713202582465,,,,,,,,,,,,,,,,
39.447411741,931,1.0,0.4940803191241096,0.3717130872938368,,,,,,,,,,,,,,,,
39.451397741,931,1.0,0.4938150854671703,0.37288631863064237,,,,,,,,,,,,,,,,
39.459446741,931,1.0,0.4931514964384191,0.3779679475007234,,,,,,,,,,,,,,,,
39.463529741,931,1.0,0.4923404805800494,0.38487311469184027,,,,,,,,,,,,,,,,
39.467428741,931,1.0,0.4924913855159984,0.3891086719654224,,,,,,,,,,,,,,,,
39.471665741,931,1.0,0.4924186257755055,0.3958661679868345,,,,,,,,,,,,,,,,
39.479423741000005,931,1.0,0.49190667096306295,0.41122871681495954,,,,,,,,,,,,,,,,
39.484303741000005,932,1.0,0.49214901643640857,0.4221081769024885,,,,,,,,,,,,,,,,
39.487550741,932,1.0,0.49244605793672447,0.43036855061848955,,,,,,,,,,,,,,,,
39.492836741000005,932,1.0,0.4926739299998564,0.44149819833260995,,,,,,,,,,,,,,,,
39.499469741000006,932,1.0,0.49297764722038717,0.4442541051793981,,,,,,,,,,,,,,,,
39.503446741000005,932,1.0,0.4942678002750172,0.45053501835575815,,,,,,,,,,,,,,,,
39.507382741,932,1.0,0.49709561291862936,0.4522244488751447,,,,,,,,,,,,,,,,
39.511408741000004,932,1.0,0.4971349379595588,0.45385323983651615,,,,,,,,,,,,,,,,
39.519414741000006,932,1.0,0.4979604272281422,0.4536519933629919,,,,,,,,,,,,,,,,
39.523420741,932,1.0,0.49877004062428193,0.4579736780237269,,,,,,,,,,,,,,,,
39.527432741000005,933,1.0,0.5000664767097024,0.4558295355902777,,,,,,,,,,,,,,,,
39.531442741,933,1.0,0.5005828072043026,0.4561700326425058,,,,,,,,,,,,,,,,
39.539672741000004,933,1.0,0.5006893943337833,0.45590645118995954,,,,,,,,,,,,,,,,
39.543491741000004,933,1.0,0.5003977382884306,0.4553474708839699,,,,,,,,,,,,,,,,
39.547459741000004,933,1.0,0.5003798989688649,0.4549987227828415,,,,,,,,,,,,,,,,
39.551405741,933,1.0,0.5003504472620347,0.45568146882233795,,,,,,,,,,,,,,,,
39.559377741000006,933,1.0,0.4999798606423771,0.45776723225911453,,,,,,,,,,,,,,,,
39.563439741,933,1.0,0.5001703711117015,0.45823754204644096,,,,,,,,,,,,,,,,
39.567398741000005,933,1.0,0.500236006344066,0.4594016746238426,,,,,,,,,,,,,,,,
39.571427741,934,1.0,0.5002252354341394,0.4576905427155671,,,,,,,,,,,,,,,,
39.579461741,934,1.0,0.500061315648696,0.4575466014720776,,,,,,,,,,,,,,,,
39.583421741,934,1.0,0.5000651864444509,0.45704973008897565,,,,,,,,,,,,,,,,
39.587461741000006,934,1.0,0.5000982284545898,0.45901636194299766,,,,,,,,,,,,,,,,
39.591373741000005,934,1.0,0.5016455930822036,0.4577662150065104,,,,,,,,,,,,,,,,
39.599380741000004,934,1.0,0.5018464817720301,0.4564182422779225,,,,,,,,,,,,,,,,
39.603409741,934,1.0,0.5026850980870864,0.45565552888093175,,,,,,,,,,,,,,,,
39.607382741,934,1.0,0.5026121139526367,0.4560728850188078,,,,,,,,,,,,,,,,
39.615440741,935,1.0,0.5022935306324678,0.45474989149305556,,,,,,,,,,,,,,,,
39.619443741000005,935,1.0,0.501408296472886,0.45585592764395255,,,,,,,,,,,,,,,,
39.623375741000004,935,1.0,0.5013644835528206,0.45764719645182295,,,,,,,,,,,,,,,,
39.627434741,935,1.0,0.5015011394725126,0.4582124498155382,,,,,,,,,,,,,,,,
39.635961741,935,1.0,0.5024099349975586,0.45836435953776045,,,,,,,,,,,,,,,,
39.639570741,935,1.0,0.5026019601260915,0.45805240207248266,,,,,,,,,,,,,,,,
39.643435741000005,935,1.0,0.5025004218606388,0.45744459364149304,,,,,,,,,,,,,,,,
39.647399741,935,1.0,0.5024818532607135,0.4566107855902778,,,,,,,,,,,,,,,,
39.655726741,936,1.0,0.5022119073306813,0.45538211398654516,,,,,,,,,,,,,,,,
39.659521741,936,1.0,0.5024041007546818,0.4561100712528935,,,,,,,,,,,,,,,,
39.663450741000005,936,1.0,0.503169059753418,0.45718768084490746,,,,,,,,,,,,,,,,
39.667432741,936,1.0,0.5035873300888959,0.45705854627821185,,,,,,,,,,,,,,,,
39.675399741,936,1.0,0.5034367056453929,0.46014460810908564,,,,,,,,,,,,,,,,
39.679386741,936,1.0,0.5033007229075712,0.4611693205656828,,,,,,,,,,,,,,,,
39.683378741000006,936,1.0,0.5034700842464671,0.4623781557436343,,,,,,,,,,,,,,,,
39.687425741000006,936,1.0,0.5035413293277516,0.46610118724681715,,,,,,,,,,,,,,,,
39.695440741000006,937,1.0,0.5031796062693876,0.4686123318142361,,,,,,,,,,,,,,,,
39.700150741,937,1.0,0.5012887505924001,0.4718495686848958,,,,,,,,,,,,,,,,
39.703391741000004,937,1.0,0.5002890194163603,0.47413974338107634,,,,,,,,,,,,,,,,
39.707426741,937,1.0,0.4984131981344784,0.4790303548177083,,,,,,,,,,,,,,,,
39.715427741,937,1.0,0.49822324865004597,0.47999408863208914,,,,,,,,,,,,,,,,
39.719503741000004,937,1.0,0.4973467097562902,0.47950388590494797,,,,,,,,,,,,,,,,
39.723388741,937,1.0,0.496617878184599,0.4820300632052952,,,,,,,,,,,,,,,,
39.727387741,937,1.0,0.49669091841753793,0.4804962723343461,,,,,,,,,,,,,,,,
39.735392741000005,938,1.0,0.4961554022396312,0.4821889241536458,,,,,,,,,,,,,,,,
39.739417741000004,938,1.0,0.49544743930592255,0.48005512378833914,,,,,,,,,,,,,,,,
39.743358741,938,1.0,0.4954178193036248,0.4803309122721354,,,,,,,,,,,,,,,,
39.747428741,938,1.0,0.49551694533404184,0.48301657217520255,,,,,,,,,,,,,,,,
39.755439741,938,1.0,0.4956522548899931,0.48200587519892935,,,,,,,,,,,,,,,,
39.759385741,938,1.0,0.4951438903808594,0.4820520471643519,,,,,,,,,,,,,,,,
39.763397741000006,938,1.0,0.49492718191707835,0.48162203188295716,,,,,,,,,,,,,,,,
39.767389741,938,1.0,0.4947658987606273,0.4831537882486979,,,,,,,,,,,,,,,,
39.775397741,939,1.0,0.49337241228889017,0.4814123083043982,,,,,,,,,,,,,,,,
39.779458741,939,1.0,0.49352051230037913,0.4794467502170139,,,,,,,,,,,,,,,,
39.783410741000004,939,1.0,0.49325157614315257,0.4797090883608217,,,,,,,,,,,,,,,,
39.787463741,939,1.0,0.4932859645170324,0.47891212745949074,,,,,,,,,,,,,,,,
39.795601741000006,939,1.0,0.49377160913803997,0.47970727991174766,,,,,,,,,,,,,,,,
39.799473741,939,1.0,0.4933602389167337,0.47826888472945606,,,,,,,,,,,,,,,,
39.803467741000006,939,1.0,0.4931793773875517,0.47913609257450807,,,,,,,,,,,,,,,,
39.807780741,939,1.0,0.49335569493910847,0.47823887577763313,,,,,,,,,,,,,,,,
39.815465741000004,940,1.0,0.49352135377771716,0.47802694815176505,,,,,,,,,,,,,,,,
39.819448741,940,1.0,0.49340472501866955,0.4787484628182871,,,,,,,,,,,,,,,,
39.823405741,940,1.0,0.49349111669203816,0.47792816162109375,,,,,,,,,,,,,,,,
39.827445741000005,940,1.0,0.49378176296458526,0.47844599971064816,,,,,,,,,,,,,,,,
39.835661741,940,1.0,0.4938535690307617,0.47834975631148724,,,,,,,,,,,,,,,,
39.839500741,940,1.0,0.49405698215260224,0.478044354474103,,,,,,,,,,,,,,,,
39.843406741,940,1.0,0.49413540784050436,0.47740653709129055,,,,,,,,,,,,,,,,
39.847416741,940,1.0,0.49418337204877066,0.47776992232711224,,,,,,,,,,,,,,,,
39.855565741,941,1.0,0.4934631796444164,0.4763034396701389,,,,,,,,,,,,,,,,
39.859430741000004,941,1.0,0.4935483932495117,0.47678861264829286,,,,,,,,,,,,,,,,
39.863392741000006,941,1.0,0.49352629044476676,0.47671310989945026,,,,,,,,,,,,,,,,
39.867404741,941,1.0,0.4936071283677045,0.4762880113389757,,,,,,,,,,,,,,,,
39.875413741,941,1.0,0.4941558276905733,0.47548189516420714,,,,,,,,,,,,,,,,
39.879440741,941,1.0,0.4942197799682617,0.47500819453486687,,,,,,,,,,,,,,,,
39.884617741,941,1.0,0.49431733524098115,0.4749701040762442,,,,,,,,,,,,,,,,
39.887397741,941,1.0,0.49434807721306295,0.47464706986038774,,,,,,,,,,,,,,,,
39.895489741000006,942,1.0,0.4948568344116211,0.47408594202112264,,,,,,,,,,,,,,,,
39.899417741,942,1.0,0.4950294494628906,0.47378359194155095,,,,,,,,,,,,,,,,
39.903404741,942,1.0,0.4950424082138959,0.47354843704788774,,,,,,,,,,,,,,,,
39.907428741000004,942,1.0,0.495303939370548,0.47330508761935763,,,,,,,,,,,,,,,,
39.915474741000004,942,1.0,0.4950732623829561,0.473667625144676,,,,,,,,,,,,,,,,
39.919523741,942,1.0,0.4957525028901942,0.47345620614510997,,,,,,,,,,,,,,,,
39.923401741,942,1.0,0.49625447217155905,0.47293571189597805,,,,,,,,,,,,,,,,
39.927407741,942,1.0,0.4967871834250057,0.4719428733543113,,,,,,,,,,,,,,,,
39.935387741,943,1.0,0.4971807143267463,0.4682480423538773,,,,,,,,,,,,,,,,
39.939451741,943,1.0,0.4986313090604894,0.4681081701208044,,,,,,,,,,,,,,,,
39.943387741,943,1.0,0.4991755205042222,0.4674720481589988,,,,,,,,,,,,,,,,
39.947431741,943,1.0,0.49889715980080995,0.46670888264973953,,,,,,,,,,,,,,,,
39.955560741,943,1.0,0.501309170442469,0.46634922734013307,,,,,,,,,,,,,,,,
39.959812741,943,1.0,0.5021060494815602,0.4659466213650174,,,,,,,,,,,,,,,,
39.963403741,943,1.0,0.5020585340612075,0.4658620198567708,,,,,,,,,,,,,,,,
39.967441741,943,1.0,0.5020905662985409,0.4646399038809317,,,,,,,,,,,,,,,,
39.975527741,944,1.0,0.501891528858858,0.46251350685402204,,,,,,,,,,,,,,,,
39.979456741,944,1.0,0.5017641852883732,0.46137870506004053,,,,,,,,,,,,,,,,
39.983375741,944,1.0,0.5034314884858972,0.4610677648473669,,,,,,,,,,,,,,,,
39.987404741000006,944,1.0,0.5032781152164235,0.4611566614221644,,,,,,,,,,,,,,,,
39.995951741,944,1.0,0.5030105254229378,0.459407326027199,,,,,,,,,,,,,,,,
39.999979741000004,944,1.0,0.5031807282391716,0.4586036964699074,,,,,,,,,,,,,,,,
40.003374741,944,1.0,0.5031494252821979,0.45710652669270835,,,,,,,,,,,,,,,,
40.007433741,945,1.0,0.5041665469898897,0.457005027488426,,,,,,,,,,,,,,,,
40.015506741,945,1.0,0.5038959839764763,0.455718089916088,,,,,,,,,,,,,,,,
40.019506741,945,1.0,0.5042100794175092,0.4552810668945313,,,,,,,,,,,,,,,,
40.023444741000006,945,1.0,0.5044217951157514,0.4550852457682292,,,,,,,,,,,,,,,,
40.027877741000005,945,1.0,0.5042550704058479,0.4536348696108218,,,,,,,,,,,,,,,,
40.035389741,945,1.0,0.5046352498671588,0.4465470490632234,,,,,,,,,,,,,,,,
40.039646741000006,945,1.0,0.5061805949491613,0.4391191835756655,,,,,,,,,,,,,,,,
40.043461741,945,1.0,0.5065289665670956,0.42523328993055554,,,,,,,,,,,,,,,,
40.047391741000006,946,1.0,0.50799700793098,0.4028842502170139,,,,,,,,,,,,,,,,
40.055553741000004,946,1.0,0.513753330006319,0.363802252875434,,,,,,,,,,,,,,,,
40.060344741,946,1.0,0.5160296945010915,0.34725110089337385,,,,,,,,,,,,,,,,
40.063406741,946,1.0,0.5207764120662913,0.3299415870949074,,,,,,,,,,,,,,,,
40.067589741,946,1.0,0.5318310120526482,0.3084447790075231,,,,,,,,,,,,,,,,
40.075394741000004,946,1.0,0.5434327967026654,0.29626645688657405,,,,,,,,,,,,,,,,
40.079407741000004,946,1.0,0.5528150446274701,0.2854346381293402,,,,,,,,,,,,,,,,
40.083387741,947,1.0,0.5589558657477883,0.2822674786603009,,,,,,,,,,,,,,,,
40.087415741,947,1.0,0.5596936169792625,0.27701596860532407,,,,,,,,,,,,,,,,
40.095379741,947,1.0,0.5563838061164407,0.27453161168981477,,,,,,,,,,,,,,,,
40.099693741,947,1.0,0.5598432316499597,0.2741271407515914,,,,,,,,,,,,,,,,
40.103481741,947,1.0,0.5571363112505745,0.27279968261718746,,,,,,,,,,,,,,,,
40.107380741,947,1.0,0.5570111555211684,0.2684309217664931,,,,,,,,,,,,,,,,
40.115402741000004,947,1.0,0.5547010197358972,0.26767979374638307,,,,,,,,,,,,,,,,
40.119429741000005,947,1.0,0.5566279467414407,0.2745564213505498,,,,,,,,,,,,,,,,
40.123413741,948,1.0,0.5573994692634133,0.26971509015118633,,,,,,,,,,,,,,,,
40.127433741000004,948,1.0,0.5580465653363396,0.27002682156032987,,,,,,,,,,,,,,,,
40.135530741000004,948,1.0,0.5556252423454734,0.2719280101634838,,,,,,,,,,,,,,,,
40.139597741,948,1.0,0.5565054276410271,0.27277594672309025,,,,,,,,,,,,,,,,
40.143444741,948,1.0,0.5556828554938821,0.27456325954861116,,,,,,,,,,,,,,,,
40.147415741,948,1.0,0.5548798056209788,0.26998579237196185,,,,,,,,,,,,,,,,
40.155498741,948,1.0,0.5589992859784294,0.2716651068793403,,,,,,,,,,,,,,,,
40.159436741,948,1.0,0.5578170103185317,0.2738628246166088,,,,,,,,,,,,,,,,
40.163426741,948,1.0,0.5606898700489718,0.2768498173466435,,,,,,,,,,,,,,,,
40.167425741,948,1.0,0.559604756972369,0.2759575737847222,,,,,,,,,,,,,,,,
40.175434741000004,949,1.0,0.5578916774076574,0.27319499828197336,,,,,,,,,,,,,,,,
40.179671741,949,1.0,0.5590404622695025,0.27123322663483795,,,,,,,,,,,,,,,,
40.183462741,949,1.0,0.5598925983204561,0.2762584544994213,,,,,,,,,,,,,,,,
40.187487741000005,949,1.0,0.5578111760756549,0.2740288628472223,,,,,,,,,,,,,,,,
40.195451741,949,1.0,0.5589986688950482,0.2725397180627893,,,,,,,,,,,,,,,,
40.199474741,949,1.0,0.5576597101548139,0.27636961760344325,,,,,,,,,,,,,,,,
40.203381741,949,1.0,0.5559562795302447,0.27603629783347805,,,,,,,,,,,,,,,,
40.207479741,949,1.0,0.5557495565975413,0.27415398491753473,,,,,,,,,,,,,,,,
40.215448741,950,1.0,0.5542593002319336,0.2770823160807292,,,,,,,,,,,,,,,,
40.219427741000004,950,1.0,0.5567032870124368,0.27396048086660885,,,,,,,,,,,,,,,,
40.223439741,950,1.0,0.5555847392362707,0.276474451135706,,,,,,,,,,,,,,,,
40.227437741,950,1.0,0.5567895103903377,0.2732030797887731,,,,,,,,,,,,,,,,
40.235425741,950,1.0,0.5561884150785559,0.2804050586841724,,,,,,,,,,,,,,,,
40.239401741,950,1.0,0.5557304831112132,0.27783700448495374,,,,,,,,,,,,,,,,
40.243387741,950,1.0,0.5547098271987018,0.27973491527416083,,,,,,,,,,,,,,,,
40.247375741,950,1.0,0.5569787866928998,0.27658148871527777,,,,,,,,,,,,,,,,
40.255481741000004,951,1.0,0.5573816299438477,0.27704603407118056,,,,,,,,,,,,,,,,
40.259403741,951,1.0,0.5575402764713063,0.27842514603226276,,,,,,,,,,,,,,,,
40.263464741,951,1.0,0.5581212885239545,0.28083286991825807,,,,,,,,,,,,,,,,
40.267420741,951,1.0,0.5586523168227252,0.28193280255353004,,,,,,,,,,,,,,,,
40.275505741,951,1.0,0.5568725361543543,0.28452911376953127,,,,,,,,,,,,,,,,
40.279698741000004,951,1.0,0.5566633448881262,0.2855950249565973,,,,,,,,,,,,,,,,
40.283437741,951,1.0,0.5557984744801241,0.2881169637044271,,,,,,,,,,,,,,,,
40.287369741,951,1.0,0.5550157322603113,0.2892138445818866,,,,,,,,,,,,,,,,
40.295580741,952,1.0,0.554195291855756,0.28895325837311925,,,,,,,,,,,,,,,,
40.299444741,952,1.0,0.5536090065451229,0.2884408456307871,,,,,,,,,,,,,,,,
40.303369741000004,952,1.0,0.5531536551082835,0.2890926784939236,,,,,,,,,,,,,,,,
40.307404741,952,1.0,0.5526617274564856,0.2907470703125,,,,,,,,,,,,,,,,
40.315524741000004,952,1.0,0.5521630679859835,0.29231081362123845,,,,,,,,,,,,,,,,
40.319503741000005,952,1.0,0.5504207611083984,0.29294761375144673,,,,,,,,,,,,,,,,
40.323392741,952,1.0,0.550177630256204,0.2935904043692129,,,,,,,,,,,,,,,,
40.327399741,952,1.0,0.5494252373190487,0.2943723890516493,,,,,,,,,,,,,,,,
40.335409741,953,1.0,0.5491262884700999,0.2968407524956598,,,,,,,,,,,,,,,,
40.339382741,953,1.0,0.5489278681137982,0.29542501944082755,,,,,,,,,,,,,,,,
40.343392741,953,1.0,0.5483618343577665,0.2954096476236979,,,,,,,,,,,,,,,,
40.347426741,953,1.0,0.5482241686652688,0.2957993118851273,,,,,,,,,,,,,,,,
40.355482741,953,1.0,0.5461976668413948,0.29782697889539933,,,,,,,,,,,,,,,,
40.359387741,953,1.0,0.5454043781056124,0.2976036919487848,,,,,,,,,,,,,,,,
40.363401741000004,953,1.0,0.5449151992797852,0.29816465024594907,,,,,,,,,,,,,,,,
40.367363741000005,953,1.0,0.5451274198644301,0.29848841914424185,,,,,,,,,,,,,,,,
40.375415741000005,954,1.0,0.5446313970229205,0.2979731241861979,,,,,,,,,,,,,,,,
40.379439741000006,954,1.0,0.5435636183794808,0.29854583740234375,,,,,,,,,,,,,,,,
40.383416741000005,954,1.0,0.5430843128877527,0.2991926405164931,,,,,,,,,,,,,,,,
40.387407741000004,954,1.0,0.5412146624396829,0.29952872947410303,,,,,,,,,,,,,,,,
40.395405741000005,954,1.0,0.541081989512724,0.30051167805989587,,,,,,,,,,,,,,,,
40.399371741,954,1.0,0.539122413186466,0.30093327275028936,,,,,,,,,,,,,,,,
40.403390741,954,1.0,0.5385947507970473,0.3009533917462385,,,,,,,,,,,,,,,,
40.411397741,955,1.0,0.5374452927533317,0.30157696759259256,,,,,,,,,,,,,,,,
40.415412741000004,955,1.0,0.5373902601354262,0.30185072157118054,,,,,,,,,,,,,,,,
40.419421741,955,1.0,0.5357111201566809,0.3016528659396701,,,,,,,,,,,,,,,,
40.423424741000005,955,1.0,0.534945431877585,0.3017773098415799,,,,,,,,,,,,,,,,
40.431442741000005,955,1.0,0.533576067756204,0.3025298507125289,,,,,,,,,,,,,,,,
40.435484741,955,1.0,0.5311763987821692,0.3037337691695602,,,,,,,,,,,,,,,,
40.439481741,955,1.0,0.5305931427899528,0.30559867576316546,,,,,,,,,,,,,,,,
40.443391741,955,1.0,0.5307940314797794,0.31082413284866894,,,,,,,,,,,,,,,,
40.451896741000006,956,1.0,0.5233567181755515,0.3290903727213542,,,,,,,,,,,,,,,,
40.455393741,956,1.0,0.52326841915355,0.3507715861002604,,,,,,,,,,,,,,,,
40.459661741000005,956,1.0,0.5237205729765051,0.36866183810763886,,,,,,,,,,,,,,,,
40.463575741,956,1.0,0.52191302355598,0.3938845599139178,,,,,,,,,,,,,,,,
40.471388741000005,956,1.0,0.518639508415671,0.41310130931712963,,,,,,,,,,,,,,,,
40.475412741,956,1.0,0.5175667931051815,0.42801666259765625,,,,,,,,,,,,,,,,
40.479389741000006,956,1.0,0.5135706733254826,0.4328930890118634,,,,,,,,,,,,,,,,
40.483422741000005,956,1.0,0.5118921504301184,0.4410560890480324,,,,,,,,,,,,,,,,
40.491448741,957,1.0,0.5141255434821633,0.45192797625506365,,,,,,,,,,,,,,,,
40.495454741,957,1.0,0.5154861562392291,0.4535956488715278,,,,,,,,,,,,,,,,
40.499466741,957,1.0,0.5156464296228745,0.44920987729673034,,,,,,,,,,,,,,,,
40.503376741000004,957,1.0,0.5157793269437903,0.44920705159505203,,,,,,,,,,,,,,,,
40.511424741,957,1.0,0.514494727639591,0.45076045283564814,,,,,,,,,,,,,,,,
40.515745741,957,1.0,0.514666893902947,0.45047070538556133,,,,,,,,,,,,,,,,
40.519383741000006,957,1.0,0.5137366687550264,0.45168259232132524,,,,,,,,,,,,,,,,
40.524160741,957,1.0,0.5129796757417566,0.45085228814019096,,,,,,,,,,,,,,,,
40.531499741000005,958,1.0,0.5143192515653723,0.4506461249457465,,,,,,,,,,,,,,,,
40.535435741,958,1.0,0.5136330548454734,0.4472222222222222,,,,,,,,,,,,,,,,
40.539432741000006,958,1.0,0.514097999123966,0.44737690113208917,,,,,,,,,,,,,,,,
40.543407741,958,1.0,0.5125281951006722,0.44173386185257524,,,,,,,,,,,,,,,,
40.551402741000004,958,1.0,0.5125490637386546,0.44361334906684025,,,,,,,,,,,,,,,,
40.555408741,958,1.0,0.5116769005270565,0.4433235451027199,,,,,,,,,,,,,,,,
40.559398741,958,1.0,0.5117146548102883,0.44244836877893523,,,,,,,,,,,,,,,,
40.563435741,958,1.0,0.511789041406968,0.441497802734375,,,,,,,,,,,,,,,,
40.571413741,958,1.0,0.5124452254351448,0.44744014033564816,,,,,,,,,,,,,,,,
40.575477741,958,1.0,0.5114099278169519,0.4453118783456308,,,,,,,,,,,,,,,,
40.580260741000004,959,1.0,0.5101429995368508,0.444943180790654,,,,,,,,,,,,,,,,
40.583397741000006,959,1.0,0.5092528848087087,0.4453500818323206,,,,,,,,,,,,,,,,
40.591413741000004,959,1.0,0.5091882593491498,0.44143902813946756,,,,,,,,,,,,,,,,
40.595476741000006,959,1.0,0.5097262999590706,0.4442824752242477,,,,,,,,,,,,,,,,
40.599406741,959,1.0,0.509016710169175,0.4447633531358507,,,,,,,,,,,,,,,,
40.603376741000005,959,1.0,0.5086047228644875,0.44623661747685184,,,,,,,,,,,,,,,,
40.611412741,959,1.0,0.506018133724437,0.44805241337528934,,,,,,,,,,,,,,,,
40.615445741,960,1.0,0.5060530269847197,0.44525010850694446,,,,,,,,,,,,,,,,
40.619442741,960,1.0,0.5070435019100413,0.4453771520543981,,,,,,,,,,,,,,,,
40.623448741000004,960,1.0,0.5068536085240981,0.4462648179796007,,,,,,,,,,,,,,,,
40.631619741,960,1.0,0.5079896590288948,0.44439832899305554,,,,,,,,,,,,,,,,
40.635841741,960,1.0,0.5072232414694393,0.448115822120949,,,,,,,,,,,,,,,,
40.640813741,960,1.0,0.5054872176226448,0.44792700873480906,,,,,,,,,,,,,,,,
40.643514741000004,961,1.0,0.5056489495670095,0.44670743589048034,,,,,,,,,,,,,,,,
40.651392741,961,1.0,0.5044927036061007,0.44688093397352435,,,,,,,,,,,,,,,,
40.655398741,961,1.0,0.5036822487326229,0.4466452139395255,,,,,,,,,,,,,,,,
40.659479741000006,961,1.0,0.5041526906630572,0.4479118629738137,,,,,,,,,,,,,,,,
40.663469741,961,1.0,0.504711768206428,0.44810480188440394,,,,,,,,,,,,,,,,
40.671403741000006,961,1.0,0.5053680644315832,0.44573539451316546,,,,,,,,,,,,,,,,
40.675420741,961,1.0,0.5055383794447955,0.4436764752423322,,,,,,,,,,,,,,,,
40.679634741,961,1.0,0.5042258991914637,0.4405580308702257,,,,,,,,,,,,,,,,
40.683430741,962,1.0,0.5036789389217601,0.43817794234664353,,,,,,,,,,,,,,,,
40.691581741,962,1.0,0.5025358200073242,0.4339174623842592,,,,,,,,,,,,,,,,
40.695414741,962,1.0,0.5025383444393382,0.4327620329680266,,,,,,,,,,,,,,,,
40.699475741,962,1.0,0.5028583863202263,0.4311210349754051,,,,,,,,,,,,,,,,
40.703535741,962,1.0,0.5030364429249483,0.42976226806640627,,,,,,,,,,,,,,,,
40.711646741,962,1.0,0.5037847967708812,0.42783321804470487,,,,,,,,,,,,,,,,
40.715399741000006,962,1.0,0.504122958463781,0.42696126302083337,,,,,,,,,,,,,,,,
40.719508741000006,962,1.0,0.5017508899464327,0.42625512017144096,,,,,,,,,,,,,,,,
40.723382741,963,1.0,0.5022932501400218,0.425575030291522,,,,,,,,,,,,,,,,
40.731455741000005,963,1.0,0.5017525168026195,0.4244277954101563,,,,,,,,,,,,,,,,
40.735495741,963,1.0,0.5018947264727425,0.4239222208658854,,,,,,,,,,,,,,,,
40.739443741,963,1.0,0.5017460093778723,0.4234676219798901,,,,,,,,,,,,,,,,
40.743447741000004,963,1.0,0.50189349230598,0.42307140209056715,,,,,,,,,,,,,,,,
40.751372741000004,963,1.0,0.5021272547104779,0.42237136275679976,,,,,,,,,,,,,,,,
40.755496741,963,1.0,0.5020303726196289,0.42204702871817135,,,,,,,,,,,,,,,,
40.759391741,963,1.0,0.4994173049926758,0.421661376953125,,,,,,,,,,,,,,,,
40.763648741000004,963,1.0,0.49988320294548483,0.42211495858651615,,,,,,,,,,,,,,,,
40.771402741,964,1.0,0.499484286588781,0.4215841787832755,,,,,,,,,,,,,,,,
40.775426741000004,964,1.0,0.4998457852531882,0.4213247228551794,,,,,,,,,,,,,,,,
40.779435741,964,1.0,0.49988045411951404,0.4210955584490741,,,,,,,,,,,,,,,,
40.783423741,964,1.0,0.5001789541805491,0.42093907109013307,,,,,,,,,,,,,,,,
40.791436741000005,964,1.0,0.5006598865284639,0.4199682730215567,,,,,,,,,,,,,,,,
40.795391741,964,1.0,0.5007095897898954,0.42032436794704864,,,,,,,,,,,,,,,,
40.799456741,964,1.0,0.4998011308557847,0.41992492675781246,,,,,,,,,,,,,,,,
40.803418741,964,1.0,0.5001770468319163,0.419999920880353,,,,,,,,,,,,,,,,
40.811377741,965,1.0,0.49884768093333526,0.41857825385199654,,,,,,,,,,,,,,,,
40.815440741,965,1.0,0.4988887450274299,0.413730706108941,,,,,,,,,,,,,,,,
40.819496741,965,1.0,0.49913473690257354,0.40239433006004055,,,,,,,,,,,,,,,,
40.823444741,965,1.0,0.4997234344482422,0.38632269965277777,,,,,,,,,,,,,,,,
40.831456741000004,965,1.0,0.5002829046810374,0.35972160056785296,,,,,,,,,,,,,,,,
40.835715741,965,1.0,0.5017110039206112,0.34965871175130203,,,,,,,,,,,,,,,,
40.839436741,965,1.0,0.5070702047909007,0.3342797738534433,,,,,,,,,,,,,,,,
40.843543741000005,965,1.0,0.5135606877944049,0.3203951235170718,,,,,,,,,,,,,,,,
40.851383741,966,1.0,0.521729637594784,0.3125128851996528,,,,,,,,,,,,,,,,
40.855381741,966,1.0,0.5236362569472369,0.3074127197265625,,,,,,,,,,,,,,,,
40.859486741000005,966,1.0,0.5261553596047794,0.30032105622468175,,,,,,,,,,,,,,,,
40.863560741,966,1.0,0.5262110654045554,0.29720402470341434,,,,,,,,,,,,,,,,
40.871403741,966,1.0,0.5268092435948989,0.2983081958912037,,,,,,,,,,,,,,,,
40.875942741,966,1.0,0.5281343460083008,0.2989912810149016,,,,,,,,,,,,,,,,
40.879394741000006,966,1.0,0.5278383703792796,0.2993930392795139,,,,,,,,,,,,,,,,
40.883359741,966,1.0,0.5271991841933307,0.3010691324869792,,,,,,,,,,,,,,,,
40.891398741,966,1.0,0.5279881533454446,0.30254850034360536,,,,,,,,,,,,,,,,
40.897277741,967,1.0,0.5279713798971737,0.30096096462673616,,,,,,,,,,,,,,,,
40.899400741,967,1.0,0.5275692098280963,0.3004021538628472,,,,,,,,,,,,,,,,
40.903417741000005,967,1.0,0.5274270001579734,0.30299462212456596,,,,,,,,,,,,,,,,
40.911888741000006,967,1.0,0.5267658233642578,0.30092920373987264,,,,,,,,,,,,,,,,
40.916258741,967,1.0,0.5271216560812557,0.30235646565755203,,,,,,,,,,,,,,,,
40.919452741,967,1.0,0.5268630420460421,0.301826250994647,,,,,,,,,,,,,,,,
40.923371741000004,967,1.0,0.526397424585679,0.30377790662977433,,,,,,,,,,,,,,,,
40.931396741,967,1.0,0.5254050423117245,0.30263897931134254,,,,,,,,,,,,,,,,
40.935398741,968,1.0,0.5254307915182674,0.3068157054759838,,,,,,,,,,,,,,,,
40.939393741,968,1.0,0.525022170122932,0.3059487802010995,,,,,,,,,,,,,,,,
40.943388741,968,1.0,0.524879118975471,0.3057406390154803,,,,,,,,,,,,,,,,
40.951452741000004,968,1.0,0.5257269915412454,0.3035556934497975,,,,,,,,,,,,,,,,
40.955395741000004,968,1.0,0.5253519170424518,0.305209407099971,,,,,,,,,,,,,,,,
40.959374741000005,968,1.0,0.5250038820154527,0.30354162145543984,,,,,,,,,,,,,,,,
40.963385741,968,1.0,0.5247603584738338,0.3044310393156828,,,,,,,,,,,,,,,,
40.971393741,968,1.0,0.5243750179515165,0.3036376387984664,,,,,,,,,,,,,,,,
40.975506741000004,969,1.0,0.5238522922291475,0.3036473592122396,,,,,,,,,,,,,,,,
40.979388741,969,1.0,0.5235896391027114,0.30314172815393514,,,,,,,,,,,,,,,,
40.983456741000005,969,1.0,0.5233153735890108,0.3062240600585937,,,,,,,,,,,,,,,,
40.991445741,969,1.0,0.5232768900254193,0.30906575520833335,,,,,,,,,,,,,,,,
40.995430741,969,1.0,0.5230891283820657,0.30504952889901615,,,,,,,,,,,,,,,,
40.999472741000005,969,1.0,0.5219494875739602,0.30729070592809604,,,,,,,,,,,,,,,,
41.003418741000004,969,1.0,0.521962558521944,0.3056992707429109,,,,,,,,,,,,,,,,
41.011374741000004,970,1.0,0.5223849240471335,0.3020187943070023,,,,,,,,,,,,,,,,
41.015563741,970,1.0,0.5222491657032686,0.30123562282986116,,,,,,,,,,,,,,,,
41.019415741,970,1.0,0.5221216538373161,0.30422521520543977,,,,,,,,,,,,,,,,
41.023419741000005,970,1.0,0.5219476363238167,0.30475927282262727,,,,,,,,,,,,,,,,
41.031443741000004,970,1.0,0.5217120787676643,0.3071125171802662,,,,,,,,,,,,,,,,
41.035990741,970,1.0,0.5214817383710075,0.30621173999927664,,,,,,,,,,,,,,,,
41.039480741000006,970,1.0,0.5214176738963407,0.30617506239149306,,,,,,,,,,,,,,,,
41.043531741,970,1.0,0.52098347158993,0.30752631293402777,,,,,,,,,,,,,,,,
41.051371741000004,971,1.0,0.5205084295833812,0.3050174854419849,,,,,,,,,,,,,,,,
41.055388741,971,1.0,0.5187546786139993,0.30639750162760415,,,,,,,,,,,,,,,,
41.059392741,971,1.0,0.5187021143296185,0.3076235170717593,,,,,,,,,,,,,,,,
41.063441741000005,971,1.0,0.5183408400591683,0.30776762785734957,,,,,,,,,,,,,,,,
41.071440741,971,1.0,0.5168615789974437,0.3089006777162905,,,,,,,,,,,,,,,,
41.075497741,971,1.0,0.5170973609475529,0.30874611183449074,,,,,,,,,,,,,,,,
41.079424741000004,971,1.0,0.5168746499454274,0.3083060370551215,,,,,,,,,,,,,,,,
41.083406741000005,971,1.0,0.5165822085212258,0.30918889928747106,,,,,,,,,,,,,,,,
41.091370741000006,971,1.0,0.5149897407082951,0.31059790717230906,,,,,,,,,,,,,,,,
41.095421741,972,1.0,0.5148296356201172,0.3086610582139757,,,,,,,,,,,,,,,,
41.099439741000005,972,1.0,0.5147096970502067,0.30829902931495945,,,,,,,,,,,,,,,,
41.103404741000006,972,1.0,0.5147154751945945,0.30771230061848953,,,,,,,,,,,,,,,,
41.111379741,972,1.0,0.5158766017240637,0.3070790608723958,,,,,,,,,,,,,,,,
41.115450741000004,972,1.0,0.516838410321404,0.30803070068359373,,,,,,,,,,,,,,,,
41.119394741,972,1.0,0.5183342204374426,0.3091399016203704,,,,,,,,,,,,,,,,
41.123382741,972,1.0,0.5195446575389189,0.3082704897280093,,,,,,,,,,,,,,,,
41.131404741000004,973,1.0,0.5231771469116211,0.3085825602213542,,,,,,,,,,,,,,,,
41.135429741,973,1.0,0.5296657225664925,0.3090089020905671,,,,,,,,,,,,,,,,
41.139436741000004,973,1.0,0.5357040517470416,0.307942369249132,,,,,,,,,,,,,,,,
41.143433741,973,1.0,0.5365672952988568,0.30729777018229165,,,,,,,,,,,,,,,,
41.151403741,973,1.0,0.5402375389547909,0.30834311026114003,,,,,,,,,,,,,,,,
41.155438741000005,973,1.0,0.5421303580789005,0.30802578396267366,,,,,,,,,,,,,,,,
41.159392741000005,973,1.0,0.5427032358506146,0.30835203947844325,,,,,,,,,,,,,,,,
41.167377741,973,1.0,0.5444389792049632,0.30828863073278356,,,,,,,,,,,,,,,,
41.171396741,974,1.0,0.5438330033246208,0.3073049474645544,,,,,,,,,,,,,,,,
41.175657741,974,1.0,0.5445067461799172,0.3075699982819734,,,,,,,,,,,,,,,,
41.179420741,974,1.0,0.5433489855598,0.3081418072735822,,,,,,,,,,,,,,,,
41.187446741,974,1.0,0.5440268797032973,0.30879561812789347,,,,,,,,,,,,,,,,
41.191582741000005,974,1.0,0.5434380699606502,0.308965160228588,,,,,,,,,,,,,,,,
41.195539741000005,974,1.0,0.5423156513887293,0.307947681568287,,,,,,,,,,,,,,,,
41.199386741000005,974,1.0,0.5423098171458525,0.30803335684317135,,,,,,,,,,,,,,,,
41.207399741,974,1.0,0.5419865776510799,0.30561806007667824,,,,,,,,,,,,,,,,
41.211385741,975,1.0,0.5429793526144588,0.306031177662037,,,,,,,,,,,,,,,,
41.215388741000005,975,1.0,0.5423144172219669,0.30649487530743635,,,,,,,,,,,,,,,,
41.219409741,975,1.0,0.5422957364250632,0.3064243457935475,,,,,,,,,,,,,,,,
41.227431741000004,975,1.0,0.5427946763880113,0.30669544361255785,,,,,,,,,,,,,,,,
41.231397741,975,1.0,0.5428122913136202,0.3070025973849826,,,,,,,,,,,,,,,,
41.235437741000005,975,1.0,0.5438946555642521,0.3065191763418692,,,,,,,,,,,,,,,,
41.239351741,975,1.0,0.5448818767772001,0.30664684154369215,,,,,,,,,,,,,,,,
41.247404741000004,976,1.0,0.544496872845818,0.3074100070529514,,,,,,,,,,,,,,,,
41.251555741000004,976,1.0,0.5438423156738281,0.3076464617693866,,,,,,,,,,,,,,,,
41.255562741000006,976,1.0,0.5440926832311294,0.3079132645218461,,,,,,,,,,,,,,,,
41.259450741,976,1.0,0.543486987843233,0.30792355007595484,,,,,,,,,,,,,,,,
41.267451741,976,1.0,0.543727482066435,0.3081552010995371,,,,,,,,,,,,,,,,
41.271487741,976,1.0,0.5437429091509651,0.30779000741464124,,,,,,,,,,,,,,,,
41.275808741000006,976,1.0,0.5433157191557043,0.3075723718713831,,,,,,,,,,,,,,,,
41.279389741,976,1.0,0.5428526822258445,0.3075932820638021,,,,,,,,,,,,,,,,
41.287384741000004,977,1.0,0.5422811508178711,0.30799277976707173,,,,,,,,,,,,,,,,
41.291397741000004,977,1.0,0.5430330388686236,0.30809783935546875,,,,,,,,,,,,,,,,
41.295413741000004,977,1.0,0.5428485870361328,0.3083014594184028,,,,,,,,,,,,,,,,
41.299439741,977,1.0,0.5430825177360984,0.30816938612196176,,,,,,,,,,,,,,,,
41.307435741,977,1.0,0.5450333426980412,0.307644596806279,,,,,,,,,,,,,,,,
41.311386741,977,1.0,0.5445359173943015,0.3077254118742766,,,,,,,,,,,,,,,,
41.315424741,977,1.0,0.5440971150117762,0.30666967321325234,,,,,,,,,,,,,,,,
41.319374741000004,977,1.0,0.5437947441549862,0.30627170138888893,,,,,,,,,,,,,,,,
41.327422741,978,1.0,0.5437112135045669,0.3064839115849247,,,,,,,,,,,,,,,,
41.331696741,978,1.0,0.5439035752240349,0.3066879837601273,,,,,,,,,,,,,,,,
41.335485741,978,1.0,0.5437864976770738,0.3068692242657697,,,,,,,,,,,,,,,,
41.339585741,978,1.0,0.5435398326200598,0.3070378056278935,,,,,,,,,,,,,,,,
41.347466741000005,978,1.0,0.5443146649528953,0.30694127965856477,,,,,,,,,,,,,,,,
41.351619741,978,1.0,0.5445441077737248,0.30710488778573497,,,,,,,,,,,,,,,,
41.355438741,978,1.0,0.5442891962387982,0.30725798430266205,,,,,,,,,,,,,,,,
41.359408741,978,1.0,0.5440691779641544,0.3072816636827257,,,,,,,,,,,,,,,,
41.367421741,979,1.0,0.5435251909143785,0.30752744321469905,,,,,,,,,,,,,,,,
41.371448741,979,1.0,0.5433241900275735,0.30762312147352433,,,,,,,,,,,,,,,,
41.375455741,979,1.0,0.5433566149543313,0.3072883888527199,,,,,,,,,,,,,,,,
41.379474741,979,1.0,0.5431483773624196,0.30730093496817135,,,,,,,,,,,,,,,,
41.387957741,979,1.0,0.5434596678789925,0.30516781277126737,,,,,,,,,,,,,,,,
41.391383741000006,979,1.0,0.5432878943050609,0.30543619791666665,,,,,,,,,,,,,,,,
41.395486741,979,1.0,0.5430900910321403,0.3056245591905382,,,,,,,,,,,,,,,,
41.399393741000004,979,1.0,0.5429692548864028,0.3057925754123264,,,,,,,,,,,,,,,,
41.407414741000004,980,1.0,0.5428647434010225,0.30611606174045136,,,,,,,,,,,,,,,,
41.411461741000004,980,1.0,0.5427555196425494,0.30626927128544557,,,,,,,,,,,,,,,,
41.415381741000004,980,1.0,0.5426115709192613,0.30689584237557865,,,,,,,,,,,,,,,,
41.419484741000005,980,1.0,0.5431424309225643,0.30977444118923614,,,,,,,,,,,,,,,,
41.427544741000006,980,1.0,0.5420343735638786,0.32161554407190396,,,,,,,,,,,,,,,,
41.431438741,980,1.0,0.5419050665462718,0.3356328328450521,,,,,,,,,,,,,,,,
41.435423741,980,1.0,0.5400271135218003,0.349161218713831,,,,,,,,,,,,,,,,
41.439426741000005,980,1.0,0.5372394673964557,0.36815151638454857,,,,,,,,,,,,,,,,
41.447407741,981,1.0,0.5324034410364488,0.3947992960611979,,,,,,,,,,,,,,,,
41.451398741000006,981,1.0,0.5271996329812443,0.4157716539171007,,,,,,,,,,,,,,,,
41.455413741,981,1.0,0.5160131454467773,0.42916717529296877,,,,,,,,,,,,,,,,
41.459438741,981,1.0,0.5065921895644244,0.444996812608507,,,,,,,,,,,,,,,,
41.467766741000005,981,1.0,0.5019016826854032,0.4522985387731482,,,,,,,,,,,,,,,,
41.471459741000004,981,1.0,0.4991777644437902,0.45854367856626155,,,,,,,,,,,,,,,,
41.475411741,981,1.0,0.497770814334645,0.4622178254304109,,,,,,,,,,,,,,,,
41.479405741,981,1.0,0.4990848092471852,0.4654660825376158,,,,,,,,,,,,,,,,
41.487435741000006,981,1.0,0.4996161741368911,0.46456524884259254,,,,,,,,,,,,,,,,
41.491439741,982,1.0,0.5006600548239315,0.4637868245442708,,,,,,,,,,,,,,,,
41.495496741000004,982,1.0,0.5022246416877297,0.46233254891854747,,,,,,,,,,,,,,,,
41.499420741,982,1.0,0.5015729455386891,0.46279455114293977,,,,,,,,,,,,,,,,
41.507400741000005,982,1.0,0.49946386673871207,0.4646874321831598,,,,,,,,,,,,,,,,
41.511430741000005,982,1.0,0.49809921489042397,0.46194198043258106,,,,,,,,,,,,,,,,
41.515433741,982,1.0,0.49895275340360756,0.46153626618561916,,,,,,,,,,,,,,,,
41.519387741,982,1.0,0.49842015434713927,0.4639992042824074,,,,,,,,,,,,,,,,
41.527396741000004,983,1.0,0.4985734154196346,0.4652769865813079,,,,,,,,,,,,,,,,
41.531405741,983,1.0,0.4985033484066234,0.46095931441695603,,,,,,,,,,,,,,,,
41.535580741000004,983,1.0,0.5004118190092199,0.45991538718894676,,,,,,,,,,,,,,,,
41.539735741,983,1.0,0.5010260974659639,0.4591048629195602,,,,,,,,,,,,,,,,
41.547416741,983,1.0,0.4994853524600758,0.46121458830656825,,,,,,,,,,,,,,,,
41.551410741000005,983,1.0,0.49961129356833067,0.45747228551793984,,,,,,,,,,,,,,,,
41.555767741000004,983,1.0,0.49737919078153725,0.4587116382740162,,,,,,,,,,,,,,,,
41.559452741,983,1.0,0.49678465899299173,0.45594516330295143,,,,,,,,,,,,,,,,
41.567420741,984,1.0,0.49964506485882926,0.45446624755859377,,,,,,,,,,,,,,,,
41.571444741,984,1.0,0.4983396530151367,0.45342616328486685,,,,,,,,,,,,,,,,
41.575434741,984,1.0,0.4994230831370634,0.4556376704463252,,,,,,,,,,,,,,,,
41.579467741,984,1.0,0.49749279022216797,0.45374332004123263,,,,,,,,,,,,,,,,
41.587400741,984,1.0,0.4969378639669979,0.4533244945384838,,,,,,,,,,,,,,,,
41.591531741000004,984,1.0,0.49741144741282745,0.4556251243308739,,,,,,,,,,,,,,,,
41.595409741000005,984,1.0,0.498380885404699,0.45732568811487273,,,,,,,,,,,,,,,,
41.599436741000005,984,1.0,0.4989795684814453,0.4551461113823785,,,,,,,,,,,,,,,,
41.607445741,985,1.0,0.49995938469381895,0.4516798231336806,,,,,,,,,,,,,,,,
41.611447741,985,1.0,0.49941304150749655,0.4533890900788484,,,,,,,,,,,,,,,,
41.615515741,985,1.0,0.4985038532930262,0.45264463071469907,,,,,,,,,,,,,,,,
41.619386741,985,1.0,0.4970516317030963,0.45281988073278356,,,,,,,,,,,,,,,,
41.627405741000004,985,1.0,0.4977434382719152,0.4526854903609664,,,,,,,,,,,,,,,,
41.631412741000005,985,1.0,0.4968898997587316,0.4541469997829861,,,,,,,,,,,,,,,,
41.635595741,985,1.0,0.49763090470257926,0.45475480821397574,,,,,,,,,,,,,,,,
41.639413741000006,985,1.0,0.49841807870303884,0.4543098732277199,,,,,,,,,,,,,,,,
41.647453741,985,1.0,0.4972243589513442,0.4520724826388889,,,,,,,,,,,,,,,,
41.651432741,986,1.0,0.49718480951645794,0.45280134412977435,,,,,,,,,,,,,,,,
41.655425741,986,1.0,0.49765945883358226,0.45403888843677664,,,,,,,,,,,,,,,,
41.659408741,986,1.0,0.4983130623312557,0.45129467999493633,,,,,,,,,,,,,,,,
41.667848741,986,1.0,0.49945416170008045,0.45309629087094905,,,,,,,,,,,,,,,,
41.671824741,986,1.0,0.4998694588156307,0.45315828676576964,,,,,,,,,,,,,,,,
41.675421741,986,1.0,0.5002696654375862,0.4526562726056135,,,,,,,,,,,,,,,,
41.679415741,986,1.0,0.4993741652544807,0.453666008843316,,,,,,,,,,,,,,,,
41.687408741000006,986,1.0,0.4985506955315085,0.45399407280815973,,,,,,,,,,,,,,,,
41.691408741000004,987,1.0,0.4987603916841395,0.4538822315357349,,,,,,,,,,,,,,,,
41.695430741,987,1.0,0.49919767940745635,0.4536443074544271,,,,,,,,,,,,,,,,
41.699460741,987,1.0,0.4992615194881664,0.4537864402488426,,,,,,,,,,,,,,,,
41.707413741,987,1.0,0.49970323899213004,0.4544924700701678,,,,,,,,,,,,,,,,
41.711474741,987,1.0,0.49965936997357535,0.45471547444661453,,,,,,,,,,,,,,,,
41.715488741,987,1.0,0.4999079423792222,0.4537987603081597,,,,,,,,,,,,,,,,
41.719669741000004,987,1.0,0.5002021789550781,0.4556214509186921,,,,,,,,,,,,,,,,
41.727427741,988,1.0,0.5005545896642348,0.4538097240306713,,,,,,,,,,,,,,,,
41.731368741000004,988,1.0,0.500252835890826,0.4545888830114294,,,,,,,,,,,,,,,,
41.735381741000005,988,1.0,0.5005118987139534,0.4553530657732928,,,,,,,,,,,,,,,,
41.739390741,988,1.0,0.5004465439740349,0.45401260941116894,,,,,,,,,,,,,,,,
41.747443741000005,988,1.0,0.5008417017319623,0.4532055890118635,,,,,,,,,,,,,,,,
41.751433741,988,1.0,0.5010493783389821,0.4526945891203704,,,,,,,,,,,,,,,,
41.755440741,988,1.0,0.5011780682732078,0.453462897406684,,,,,,,,,,,,,,,,
41.760212741000004,988,1.0,0.5006102393655216,0.45185925519024883,,,,,,,,,,,,,,,,
41.767392741,989,1.0,0.5009094126084271,0.4534525553385417,,,,,,,,,,,,,,,,
41.771379741000004,989,1.0,0.5010634029612822,0.45291714138454864,,,,,,,,,,,,,,,,
41.775411741,989,1.0,0.5019161560956169,0.45290849473741324,,,,,,,,,,,,,,,,
41.779431741,989,1.0,0.5020541022805607,0.45248814335575815,,,,,,,,,,,,,,,,
41.787391741,989,1.0,0.5022567861220416,0.45252747712311925,,,,,,,,,,,,,,,,
41.791470741000005,989,1.0,0.5023819979499368,0.45229435673466434,,,,,,,,,,,,,,,,
41.795408741,989,1.0,0.5024907168220071,0.45170581958912037,,,,,,,,,,,,,,,,
41.799459741,989,1.0,0.5026015674366671,0.4513782642505787,,,,,,,,,,,,,,,,
41.807397741,989,1.0,0.5035290998571059,0.45171045373987273,,,,,,,,,,,,,,,,
41.811420741,989,1.0,0.5039639753453872,0.4513504028320312,,,,,,,,,,,,,,,,
41.815502741,990,1.0,0.5040843627032112,0.45136701795789935,,,,,,,,,,,,,,,,
41.819456741,990,1.0,0.504519686979406,0.4515028211805555,,,,,,,,,,,,,,,,
41.827400741000005,990,1.0,0.5045862758860868,0.45101527461299185,,,,,,,,,,,,,,,,
41.831511741,990,1.0,0.5047837425680721,0.4526217990451389,,,,,,,,,,,,,,,,
41.835445741,990,1.0,0.5050819621366613,0.4531707763671875,,,,,,,,,,,,,,,,
41.839362741,990,1.0,0.5049671285292682,0.4525427924262153,,,,,,,,,,,,,,,,
41.847391741,990,1.0,0.5041515686932732,0.4527418348524306,,,,,,,,,,,,,,,,
41.851400741,991,1.0,0.5039487165563247,0.4524298208731192,,,,,,,,,,,,,,,,
41.855404741,991,1.0,0.5038784812478458,0.45194730405454286,,,,,,,,,,,,,,,,
41.859418741000006,991,1.0,0.5040122761445887,0.4517328332971644,,,,,,,,,,,,,,,,
41.867402741,991,1.0,0.5034916821648093,0.451789629900897,,,,,,,,,,,,,,,,
41.871604741000006,991,1.0,0.5035547929651597,0.4518684669777199,,,,,,,,,,,,,,,,
41.875527741,991,1.0,0.5038706835578469,0.45170095938223376,,,,,,,,,,,,,,,,
41.880212741,991,1.0,0.5039300918579102,0.45170915391710065,,,,,,,,,,,,,,,,
41.887451741,992,1.0,0.5037649379057043,0.45113683629918977,,,,,,,,,,,,,,,,
41.891402741,992,1.0,0.5038313024184283,0.45084143744574656,,,,,,,,,,,,,,,,
41.895476741,992,1.0,0.5051402484669405,0.4505591498480903,,,,,,,,,,,,,,,,
41.899792741000006,992,1.0,0.5081785426420324,0.4503966154875578,,,,,,,,,,,,,,,,
41.907416741000006,992,1.0,0.5182817122515511,0.44833571822554974,,,,,,,,,,,,,,,,
41.911461741000004,992,1.0,0.5247484655941234,0.4468780517578125,,,,,,,,,,,,,,,,
41.915902741000004,992,1.0,0.537776834824506,0.44471090811270253,,,,,,,,,,,,,,,,
41.923427741000005,993,1.0,0.5557995964499081,0.44164716932508685,,,,,,,,,,,,,,,,
41.927381741000005,993,1.0,0.5665711234597599,0.4416524251302083,,,,,,,,,,,,,,,,
41.931437741,993,1.0,0.5796201930326574,0.44143981933593746,,,,,,,,,,,,,,,,
41.935393741000006,993,1.0,0.5911308737362132,0.44085196035879626,,,,,,,,,,,,,,,,
41.943650741000006,993,1.0,0.5925112892599667,0.44030111807364003,,,,,,,,,,,,,,,,
41.947409741,993,1.0,0.5933624155381146,0.440309821234809,,,,,,,,,,,,,,,,
41.951405741,993,1.0,0.5908092610976275,0.4402102435076678,,,,,,,,,,,,,,,,
41.955508741,993,1.0,0.5924714032341453,0.43978401466652195,,,,,,,,,,,,,,,,
41.963445741,994,1.0,0.5955206927131204,0.4382893315067997,,,,,,,,,,,,,,,,
41.967438741,994,1.0,0.5917893578024471,0.4384299949363426,,,,,,,,,,,,,,,,
41.971400741000004,994,1.0,0.5927519517786363,0.4382752029984086,,,,,,,,,,,,,,,,
41.975393741000005,994,1.0,0.5906250336590935,0.4383647212275752,,,,,,,,,,,,,,,,
41.983669741,994,1.0,0.5932772019330192,0.4382038257740162,,,,,,,,,,,,,,,,
41.987718741,994,1.0,0.5905071707332835,0.4382909138997396,,,,,,,,,,,,,,,,
41.991352741,994,1.0,0.5925949321073645,0.4383876659252025,,,,,,,,,,,,,,,,
41.995559741,994,1.0,0.5912311778349035,0.43852431685836224,,,,,,,,,,,,,,,,
42.003417741,994,1.0,0.5923252666697782,0.4387392962420428,,,,,,,,,,,,,,,,
42.007361741000004,995,1.0,0.5917477888219497,0.4388068870261863,,,,,,,,,,,,,,,,
42.011367741,995,1.0,0.5941376966588637,0.43903526023582173,,,,,,,,,,,,,,,,
42.015671741000006,995,1.0,0.5956189211677102,0.4393204865632234,,,,,,,,,,,,,,,,
42.023455741,995,1.0,0.592352081747616,0.43953326189959496,,,,,,,,,,,,,,,,
42.027437741,995,1.0,0.5908438738654641,0.4396448771158854,,,,,,,,,,,,,,,,
42.031408741,995,1.0,0.5912708394667682,0.43968070701316553,,,,,,,,,,,,,,,,
42.035421741,995,1.0,0.5921909107881433,0.44034463387948497,,,,,,,,,,,,,,,,
42.043459741,995,1.0,0.5909643173217773,0.440611888744213,,,,,,,,,,,,,,,,
42.047389741,995,1.0,0.5907140058629653,0.44082618995949074,,,,,,,,,,,,,,,,
42.051443741,996,1.0,0.5919209648581112,0.4408866599754051,,,,,,,,,,,,,,,,
42.055838741,996,1.0,0.592070130740895,0.44187859429253473,,,,,,,,,,,,,,,,
42.063434741,996,1.0,0.5930514055139878,0.44188125045211224,,,,,,,,,,,,,,,,
42.067458741,996,1.0,0.5934490877039292,0.442069329155816,,,,,,,,,,,,,,,,
42.071810741,996,1.0,0.5915366341085995,0.44222796404803244,,,,,,,,,,,,,,,,
42.075400741,996,1.0,0.591187645407284,0.4425871672453704,,,,,,,,,,,,,,,,
42.083374741,996,1.0,0.5925512874827665,0.44324459499782987,,,,,,,,,,,,,,,,
42.087382741000006,996,1.0,0.5905576032750747,0.4449022081163194,,,,,,,,,,,,,,,,
42.091381741,997,1.0,0.5905370151295382,0.44485609266493054,,,,,,,,,,,,,,,,
42.095403741000005,997,1.0,0.5899782180786133,0.4449822885018808,,,,,,,,,,,,,,,,
42.103377741,997,1.0,0.587315559387207,0.44507960566767935,,,,,,,,,,,,,,,,
42.107437741000005,997,1.0,0.5879875631893382,0.4431981404622396,,,,,,,,,,,,,,,,
42.111475741,997,1.0,0.586586222929113,0.43656141493055556,,,,,,,,,,,,,,,,
42.115442741,997,1.0,0.5848882338579964,0.43021941008391207,,,,,,,,,,,,,,,,
42.123506741,997,1.0,0.5833687501795152,0.401903901276765,,,,,,,,,,,,,,,,
42.127693741,997,1.0,0.5760657366584329,0.38535026267722805,,,,,,,,,,,,,,,,
42.131415741000005,998,1.0,0.5648945079130285,0.3732191297743056,,,,,,,,,,,,,,,,
42.135416741,998,1.0,0.54992816027473,0.3655982123480903,,,,,,,,,,,,,,,,
42.143390741000005,998,1.0,0.5297811732572668,0.35700853135850696,,,,,,,,,,,,,,,,
42.147435741,998,1.0,0.5248169057509479,0.34954794424551505,,,,,,,,,,,,,,,,
42.151858741000005,998,1.0,0.5192916533526253,0.3405325995551215,,,,,,,,,,,,,,,,
42.155430741,998,1.0,0.5204607458675609,0.3404975608543114,,,,,,,,,,,,,,,,
42.163396741,998,1.0,0.5165514104506549,0.3375344735604745,,,,,,,,,,,,,,,,
42.167396741000005,998,1.0,0.5184581420000862,0.34014932137948495,,,,,,,,,,,,,,,,
42.171409741000005,998,1.0,0.5178722493788775,0.3399115668402778,,,,,,,,,,,,,,,,
42.175418741,999,1.0,0.5168285930857939,0.3368385597511574,,,,,,,,,,,,,,,,
42.183400741,999,1.0,0.5197440876680262,0.3391748498987268,,,,,,,,,,,,,,,,
42.187470741000006,999,1.0,0.5187330806956572,0.3401107222945602,,,,,,,,,,,,,,,,
42.191490741,999,1.0,0.5193742864272174,0.3407695063838252,,,,,,,,,,,,,,,,
42.195663741000004,999,1.0,0.5202278810388902,0.3417321099175348,,,,,,,,,,,,,,,,
42.203417741,999,1.0,0.5215559005737305,0.34084630895543977,,,,,,,,,,,,,,,,
42.207391741,999,1.0,0.5190762351540958,0.33778059217664935,,,,,,,,,,,,,,,,
42.211425741,1000,1.0,0.5194108065436868,0.3352601227936921,,,,,,,,,,,,,,,,
42.215376741,1000,1.0,0.5191723879645852,0.33652954101562504,,,,,,,,,,,,,,,,
42.223499741000005,1000,1.0,0.5171723085291245,0.33617355911820024,,,,,,,,,,,,,,,,
42.227423741,1000,1.0,0.5167475868673885,0.3375733552155671,,,,,,,,,,,,,,,,
42.231403741,1000,1.0,0.5178674249088063,0.3379573680736401,,,,,,,,,,,,,,,,
42.235401741000004,1000,1.0,0.5175540026496438,0.3382478502061632,,,,,,,,,,,,,,,,
42.243364741,1000,1.0,0.5209084118113798,0.33633100721571185,,,,,,,,,,,,,,,,
42.247390741000004,1000,1.0,0.5215259439804975,0.33655423764829284,,,,,,,,,,,,,,,,
42.251358741000004,1001,1.0,0.5217016444486731,0.335991131817853,,,,,,,,,,,,,,,,
42.255408741000004,1001,1.0,0.5195107740514419,0.33400805438006365,,,,,,,,,,,,,,,,
42.263458741,1001,1.0,0.5185948540182674,0.33635022198712383,,,,,,,,,,,,,,,,
42.267406741,1001,1.0,0.5181425318998449,0.33739126699942135,,,,,,,,,,,,,,,,
42.271494741000005,1001,1.0,0.5183553695678711,0.3352393256293402,,,,,,,,,,,,,,,,
42.275411741,1001,1.0,0.5182634802425609,0.3319391886393229,,,,,,,,,,,,,,,,
42.283379741000005,1001,1.0,0.5202948065365062,0.3382377907081887,,,,,,,,,,,,,,,,
42.287411741,1001,1.0,0.520013640908634,0.3346342298719618,,,,,,,,,,,,,,,,
42.291406741,1001,1.0,0.5184158998377183,0.3356161612051505,,,,,,,,,,,,,,,,
42.295536741,1002,1.0,0.5189843458287856,0.33459698712384256,,,,,,,,,,,,,,,,
42.303407741,1002,1.0,0.5179420358994428,0.334541998969184,,,,,,,,,,,,,,,,
42.307550741,1002,1.0,0.5170970804551068,0.3345538669162327,,,,,,,,,,,,,,,,
42.311451741000006,1002,1.0,0.5180349910960478,0.335936595775463,,,,,,,,,,,,,,,,
42.315386741000005,1002,1.0,0.517702158759622,0.33586770516854747,,,,,,,,,,,,,,,,
42.323395741000006,1002,1.0,0.516439718358657,0.3343799732349537,,,,,,,,,,,,,,,,
42.327485741000004,1002,1.0,0.5171060562133789,0.33549036096643514,,,,,,,,,,,,,,,,
42.331380741000004,1002,1.0,0.5160446727977079,0.3319035282841435,,,,,,,,,,,,,,,,
42.335424741000004,1003,1.0,0.5167882021735696,0.3342884770146123,,,,,,,,,,,,,,,,
42.343430741000006,1003,1.0,0.515873628504136,0.3339101155598958,,,,,,,,,,,,,,,,
42.347401741000006,1003,1.0,0.5168278638054343,0.3358948319046585,,,,,,,,,,,,,,,,
42.351436741,1003,1.0,0.5175309461705825,0.33860976607711224,,,,,,,,,,,,,,,,
42.355420741,1003,1.0,0.5202880747178021,0.34044675473813657,,,,,,,,,,,,,,,,
42.363421741,1003,1.0,0.5219077502979952,0.3457287823712384,,,,,,,,,,,,,,,,
42.367415741,1003,1.0,0.5241701462689567,0.3480370980721933,,,,,,,,,,,,,,,,
42.371408741,1004,1.0,0.5338082594030044,0.3571122911241319,,,,,,,,,,,,,,,,
42.375403741,1004,1.0,0.5497901018928079,0.3674501772280092,,,,,,,,,,,,,,,,
42.383450741000004,1004,1.0,0.5823944877175724,0.38679419623480904,,,,,,,,,,,,,,,,
42.387408741,1004,1.0,0.588736982906566,0.3976561369719329,,,,,,,,,,,,,,,,
42.391450741,1004,1.0,0.6013456232407514,0.4063490691008391,,,,,,,,,,,,,,,,
42.395410741,1004,1.0,0.6106339061961454,0.41100848162615744,,,,,,,,,,,,,,,,
42.403389741000005,1004,1.0,0.6154869864968693,0.4157093189380787,,,,,,,,,,,,,,,,
42.407406741,1004,1.0,0.6200256908641142,0.41804826524522565,,,,,,,,,,,,,,,,
42.411390741000005,1005,1.0,0.6254078921149758,0.41975583676938655,,,,,,,,,,,,,,,,
42.415397741,1005,1.0,0.6246751897475299,0.4213282267252604,,,,,,,,,,,,,,,,
42.423436741,1005,1.0,0.6260802325080422,0.42355465359157984,,,,,,,,,,,,,,,,
42.427407741,1005,1.0,0.6231634476605583,0.42298001889829284,,,,,,,,,,,,,,,,
42.431485741,1005,1.0,0.6257729249842027,0.4247626410590277,,,,,,,,,,,,,,,,
42.435396741000005,1005,1.0,0.625122911789838,0.42373696786385995,,,,,,,,,,,,,,,,
42.443378741000004,1005,1.0,0.6264031915103688,0.4241602014612269,,,,,,,,,,,,,,,,
42.447396741000006,1006,1.0,0.6253548790426815,0.4235014173719618,,,,,,,,,,,,,,,,
42.451372741,1006,1.0,0.6240376304177677,0.4217702229817708,,,,,,,,,,,,,,,,
42.455387741,1006,1.0,0.623021686778349,0.42456139458550346,,,,,,,,,,,,,,,,
42.463439741,1006,1.0,0.6270463045905618,0.4235478153935185,,,,,,,,,,,,,,,,
42.467402741,1006,1.0,0.6253971212050494,0.4213272659866898,,,,,,,,,,,,,,,,
42.471394741000005,1006,1.0,0.6276356192196116,0.4217957108109086,,,,,,,,,,,,,,,,
42.475600741,1006,1.0,0.6275458055384019,0.42191162109375,,,,,,,,,,,,,,,,
42.483398741,1007,1.0,0.6256918626673081,0.4216011329933449,,,,,,,,,,,,,,,,
42.487517741000005,1007,1.0,0.6244835573084214,0.42333097104673034,,,,,,,,,,,,,,,,
42.491409741000005,1007,1.0,0.6243452745325425,0.42347203007450807,,,,,,,,,,,,,,,,
42.495408741000006,1007,1.0,0.6259606305290671,0.4216892383716725,,,,,,,,,,,,,,,,
42.503448741,1007,1.0,0.6234239690444049,0.4207502577039931,,,,,,,,,,,,,,,,
42.507394741000006,1007,1.0,0.6220952202292049,0.42005615234375004,,,,,,,,,,,,,,,,
42.511448741,1007,1.0,0.62158343371223,0.4194272641782407,,,,,,,,,,,,,,,,
42.515412741000006,1007,1.0,0.6233447018791648,0.42014550103081594,,,,,,,,,,,,,,,,
42.523432741,1008,1.0,0.6201115776510799,0.418718182599103,,,,,,,,,,,,,,,,
42.527450741,1008,1.0,0.6226580563713523,0.419281005859375,,,,,,,,,,,,,,,,
42.531382741,1008,1.0,0.6248251971076516,0.4208548651801215,,,,,,,,,,,,,,,,
42.535531741,1008,1.0,0.6232174144071692,0.41971729419849535,,,,,,,,,,,,,,,,
42.543377741,1008,1.0,0.6203797284294578,0.4197768599898727,,,,,,,,,,,,,,,,
42.547492741,1008,1.0,0.6209968118106618,0.41906981291594325,,,,,,,,,,,,,,,,
42.551453741,1008,1.0,0.6192900152767405,0.4189965707284433,,,,,,,,,,,,,,,,
42.555432741000004,1008,1.0,0.6203762503231273,0.4210072835286458,,,,,,,,,,,,,,,,
42.563501741,1009,1.0,0.6203133639167336,0.42756771511501734,,,,,,,,,,,,,,,,
42.567555741,1009,1.0,0.621116413789637,0.42886426007306133,,,,,,,,,,,,,,,,
42.571398741,1009,1.0,0.6215904460233801,0.4278547498914931,,,,,,,,,,,,,,,,
42.575431741,1009,1.0,0.6211272407980526,0.4297743620695891,,,,,,,,,,,,,,,,
42.583518741000006,1009,1.0,0.6226642272051643,0.4294597484447338,,,,,,,,,,,,,,,,
42.587408741000004,1009,1.0,0.6238408369176528,0.4326894124348958,,,,,,,,,,,,,,,,
42.591483741000005,1009,1.0,0.6260085386388442,0.43422145137080437,,,,,,,,,,,,,,,,
42.595764741,1009,1.0,0.6276087480432847,0.43432628490306713,,,,,,,,,,,,,,,,
42.603427741000004,1009,1.0,0.6272759157068589,0.4367578577112269,,,,,,,,,,,,,,,,
42.607402741,1010,1.0,0.6270052404964671,0.4363376758716725,,,,,,,,,,,,,,,,
42.611403741000004,1010,1.0,0.6263712153715246,0.43687071623625584,,,,,,,,,,,,,,,,
42.615410741000005,1010,1.0,0.625939874088063,0.43843858506944444,,,,,,,,,,,,,,,,
42.623702741,1010,1.0,0.6246070861816406,0.44087366174768516,,,,,,,,,,,,,,,,
42.627379741000006,1010,1.0,0.6243158228257123,0.44102800157335065,,,,,,,,,,,,,,,,
42.631368741,1010,1.0,0.6228760551003849,0.4415782222041378,,,,,,,,,,,,,,,,
42.635477741,1010,1.0,0.6217431461109835,0.4405527185510706,,,,,,,,,,,,,,,,
42.645004741,1010,1.0,0.6194587595322553,0.439174567328559,,,,,,,,,,,,,,,,
42.647426741000004,1010,1.0,0.6189097797169405,0.43896399603949654,,,,,,,,,,,,,,,,
42.651436741000005,1011,1.0,0.6182215073529411,0.4405698423032407,,,,,,,,,,,,,,,,
42.655455741000004,1011,1.0,0.6175172469195198,0.44149345115379046,,,,,,,,,,,,,,,,
42.663419741000006,1011,1.0,0.6164381363812614,0.4406530874746817,,,,,,,,,,,,,,,,
42.667431741,1011,1.0,0.6159862069522634,0.4419434158890335,,,,,,,,,,,,,,,,
42.671452741,1011,1.0,0.615481040057014,0.44261570683232065,,,,,,,,,,,,,,,,
42.675427741,1011,1.0,0.6150324765373679,0.4420714766890914,,,,,,,,,,,,,,,,
42.683385741,1011,1.0,0.6139662125531364,0.4426796242042824,,,,,,,,,,,,,,,,
42.687373741,1011,1.0,0.6137415942023782,0.44159302888093166,,,,,,,,,,,,,,,,
42.691412741,1012,1.0,0.6134320988374597,0.4419678299515336,,,,,,,,,,,,,,,,
42.699397741000006,1012,1.0,0.6128518160651711,0.4405012907805266,,,,,,,,,,,,,,,,
42.703459741,1012,1.0,0.612087979036219,0.4399586995442708,,,,,,,,,,,,,,,,
42.707448741,1012,1.0,0.6109856437234318,0.43932280363859955,,,,,,,,,,,,,,,,
42.711427741,1012,1.0,0.610590373768526,0.44105648464626734,,,,,,,,,,,,,,,,
42.719388741,1012,1.0,0.6055367413689109,0.43933489764178246,,,,,,,,,,,,,,,,
42.723509741,1012,1.0,0.6048951990464154,0.43909629539207173,,,,,,,,,,,,,,,,
42.727400741000004,1012,1.0,0.6047893972957835,0.4384506225585938,,,,,,,,,,,,,,,,
42.731408741,1012,1.0,0.6035377839032341,0.438075538917824,,,,,,,,,,,,,,,,
42.739617741,1013,1.0,0.6036030825446633,0.43643199779369213,,,,,,,,,,,,,,,,
42.743397741,1013,1.0,0.6037526972153607,0.4359313399703414,,,,,,,,,,,,,,,,
42.747431741,1013,1.0,0.6030540466308594,0.43236513491030093,,,,,,,,,,,,,,,,
42.751412741,1013,1.0,0.6022171693689683,0.4276113439489294,,,,,,,,,,,,,,,,
42.759346741,1013,1.0,0.5983537225162282,0.4225476300274884,,,,,,,,,,,,,,,,
42.763405741,1013,1.0,0.5957847483017865,0.4166618064597801,,,,,,,,,,,,,,,,
42.767378741,1013,1.0,0.5918204924639534,0.41246688277633103,,,,,,,,,,,,,,,,
42.771455741000004,1013,1.0,0.5918664932250977,0.40582156711154516,,,,,,,,,,,,,,,,
42.779447741000006,1014,1.0,0.5976200664744657,0.3790132310655382,,,,,,,,,,,,,,,,
42.783465741,1014,1.0,0.5911465813131893,0.3741307576497396,,,,,,,,,,,,,,,,
42.787437741000005,1014,1.0,0.5531766554888558,0.3690287837275752,,,,,,,,,,,,,,,,
42.791481741000005,1014,1.0,0.5146856307983398,0.3590230871129919,,,,,,,,,,,,,,,,
42.799391741,1014,1.0,0.4782447814941406,0.3510155006691261,,,,,,,,,,,,,,,,
42.803445741000004,1014,1.0,0.4556694030761719,0.34742476851851856,,,,,,,,,,,,,,,,
42.807400741,1014,1.0,0.4332601883832146,0.35206123634620945,,,,,,,,,,,,,,,,
42.811393741,1015,1.0,0.44213300592759075,0.3612488358109086,,,,,,,,,,,,,,,,
42.819398741,1015,1.0,0.4600026186774759,0.36307214807581023,,,,,,,,,,,,,,,,
42.823404741000004,1015,1.0,0.44605496350456686,0.367519293891059,,,,,,,,,,,,,,,,
42.827460741,1015,1.0,0.44256939607508045,0.3633144237377025,,,,,,,,,,,,,,,,
42.832682741,1015,1.0,0.4198959574979894,0.36406769929108795,,,,,,,,,,,,,,,,
42.839383741000006,1015,1.0,0.4322029562557445,0.3664967854817708,,,,,,,,,,,,,,,,
42.843400741,1015,1.0,0.444606668808881,0.3484503286856192,,,,,,,,,,,,,,,,
42.847400741,1015,1.0,0.4451531241921818,0.35680801956741903,,,,,,,,,,,,,,,,
42.851387741,1016,1.0,0.43932224722469554,0.35867614746093746,,,,,,,,,,,,,,,,
42.859465741,1016,1.0,0.4539332670323989,0.3652167991355614,,,,,,,,,,,,,,,,
42.863411741,1016,1.0,0.47020923390107994,0.36594865587022574,,,,,,,,,,,,,,,,
42.867440741,1016,1.0,0.48591282788444967,0.35838464807581016,,,,,,,,,,,,,,,,
42.871377741,1016,1.0,0.4882036657894359,0.36108895760995374,,,,,,,,,,,,,,,,
42.879631741000004,1016,1.0,0.5383402319515452,0.3679789225260417,,,,,,,,,,,,,,,,
42.883385741000005,1016,1.0,0.5360284693100873,0.34817747893156825,,,,,,,,,,,,,,,,
42.887379741000004,1016,1.0,0.5492364659028894,0.3392506917317708,,,,,,,,,,,,,,,,
42.891482741000004,1017,1.0,0.5498741935281193,0.3370015462239583,,,,,,,,,,,,,,,,
42.899445741,1017,1.0,0.5285783655503217,0.35029149938512727,,,,,,,,,,,,,,,,
42.903432741,1017,1.0,0.5072399027207318,0.35251572220413774,,,,,,,,,,,,,,,,
42.907470741000004,1017,1.0,0.46753956289852366,0.35604643645109957,,,,,,,,,,,,,,,,
42.911393741000005,1017,1.0,0.47207007688634534,0.3483677051685474,,,,,,,,,,,,,,,,
42.919439741000005,1017,1.0,0.45913034326889934,0.34743138066044565,,,,,,,,,,,,,,,,
42.923389741,1017,1.0,0.45519290250890393,0.33964482060185186,,,,,,,,,,,,,,,,
42.927405741,1017,1.0,0.4608449374928194,0.32838937264901624,,,,,,,,,,,,,,,,
42.931394741000005,1017,1.0,0.4765178456025965,0.3270447907624421,,,,,,,,,,,,,,,,
42.939431741,1018,1.0,0.5275043599745807,0.33310603389033566,,,,,,,,,,,,,,,,
42.943812741,1018,1.0,0.531959197100471,0.340175543891059,,,,,,,,,,,,,,,,
42.947431741,1018,1.0,0.5353484995224896,0.3446047747576678,,,,,,,,,,,,,,,,
42.951585741,1018,1.0,0.5340714174158433,0.34671370894820597,,,,,,,,,,,,,,,,
42.959434741,1018,1.0,0.5566728816312903,0.3508928087022569,,,,,,,,,,,,,,,,
42.963426741,1018,1.0,0.5594589569989372,0.369560467755353,,,,,,,,,,,,,,,,
42.967390741,1018,1.0,0.557409735286937,0.3848376803927951,,,,,,,,,,,,,,,,
42.971383741000004,1018,1.0,0.5716912325690774,0.39514075385199654,,,,,,,,,,,,,,,,
42.979418741,1019,1.0,0.572541124680463,0.3996333934642651,,,,,,,,,,,,,,,,
42.983434741,1019,1.0,0.5707359313964844,0.4059257789894387,,,,,,,,,,,,,,,,
42.987459741,1019,1.0,0.5714436699362362,0.41323061342592593,,,,,,,,,,,,,,,,
42.991425741,1019,1.0,0.5728288538315717,0.41650430184823495,,,,,,,,,,,,,,,,
42.999404741,1019,1.0,0.5722794813268325,0.41814467818648726,,,,,,,,,,,,,,,,
43.003380741,1019,1.0,0.5703526665182674,0.42321155689380785,,,,,,,,,,,,,,,,
43.007410741,1019,1.0,0.5687621621524587,0.43301182499638313,,,,,,,,,,,,,,,,
43.011399741000005,1019,1.0,0.5678370980655446,0.4409961276584201,,,,,,,,,,,,,,,,
43.019410741,1020,1.0,0.5681421616498161,0.4543935139973958,,,,,,,,,,,,,,,,
43.023427741000006,1020,1.0,0.568469384137322,0.4553836398654514,,,,,,,,,,,,,,,,
43.027383741,1020,1.0,0.5695640339570887,0.4557868109809028,,,,,,,,,,,,,,,,
43.031399741,1020,1.0,0.569014268762925,0.4547364411530671,,,,,,,,,,,,,,,,
43.039448741,1020,1.0,0.5665569305419922,0.4530957257306134,,,,,,,,,,,,,,,,
43.043435741,1020,1.0,0.5652300329769359,0.45351929841218175,,,,,,,,,,,,,,,,
43.047409741,1020,1.0,0.565419589771944,0.4536508630823206,,,,,,,,,,,,,,,,
43.051391741,1020,1.0,0.5668595818912282,0.4548748440212673,,,,,,,,,,,,,,,,
43.059417741000004,1021,1.0,0.569264243630802,0.4517007333260995,,,,,,,,,,,,,,,,
43.063993741000004,1021,1.0,0.5730534160838407,0.450175306532118,,,,,,,,,,,,,,,,
43.067418741000004,1021,1.0,0.5716128629796645,0.4502346462673611,,,,,,,,,,,,,,,,
43.071673741000005,1021,1.0,0.5719874886905446,0.4485973782009549,,,,,,,,,,,,,,,,
43.079411741,1021,1.0,0.5698348213644588,0.4499450118453414,,,,,,,,,,,,,,,,
43.083386741000005,1021,1.0,0.5693202860215131,0.45197895191333914,,,,,,,,,,,,,,,,
43.087407741,1021,1.0,0.5682487487792969,0.45149773491753475,,,,,,,,,,,,,,,,
43.091462741,1022,1.0,0.5672667447258445,0.4512151647497107,,,,,,,,,,,,,,,,
43.099419741000006,1022,1.0,0.5657307119930491,0.4523961950231481,,,,,,,,,,,,,,,,
43.103433741,1022,1.0,0.5650566325468176,0.4521089907045718,,,,,,,,,,,,,,,,
43.107549741,1022,1.0,0.5645839466768152,0.44977806939019094,,,,,,,,,,,,,,,,
43.111627741,1022,1.0,0.5642024208517635,0.44930453830295136,,,,,,,,,,,,,,,,
43.119409741000005,1022,1.0,0.5633229087380802,0.4477941442418981,,,,,,,,,,,,,,,,
43.123476741000005,1022,1.0,0.562950470868279,0.4482341625072338,,,,,,,,,,,,,,,,
43.127486741000006,1023,1.0,0.5626102896297679,0.44974772135416663,,,,,,,,,,,,,,,,
43.131406741,1023,1.0,0.5630233428057503,0.45100611933955437,,,,,,,,,,,,,,,,
43.139403741,1023,1.0,0.5636647729312673,0.45420260959201386,,,,,,,,,,,,,,,,
43.143462741,1023,1.0,0.5633454042322495,0.4533782958984375,,,,,,,,,,,,,,,,
43.147531741,1023,1.0,0.5630460065953872,0.4514720210322627,,,,,,,,,,,,,,,,
43.151424741,1023,1.0,0.5633461335126091,0.45144664623119213,,,,,,,,,,,,,,,,
43.159429741000004,1023,1.0,0.563187879674575,0.45149428756148724,,,,,,,,,,,,,,,,
43.163520741,1024,1.0,0.5629114824182847,0.45163834183304397,,,,,,,,,,,,,,,,
43.167423741,1024,1.0,0.5626768224379596,0.4511004412615741,,,,,,,,,,,,,,,,
43.171381741000005,1024,1.0,0.5624764947330251,0.4510811134620949,,,,,,,,,,,,,,,,
43.179437741,1024,1.0,0.5620610854204964,0.45006403040002896,,,,,,,,,,,,,,,,
43.183757741,1024,1.0,0.5618623845717486,0.4499524151837384,,,,,,,,,,,,,,,,
43.187404741,1024,1.0,0.5614464703728171,0.45038384331597225,,,,,,,,,,,,,,,,
43.191868741,1024,1.0,0.5606009539435891,0.4505391438802083,,,,,,,,,,,,,,,,
43.199694741,1024,1.0,0.5603540644926184,0.45056361445674187,,,,,,,,,,,,,,,,
43.203468741,1025,1.0,0.5602598751292509,0.45048257333261,,,,,,,,,,,,,,,,
43.207434741,1025,1.0,0.5597790549783146,0.45143528691044565,,,,,,,,,,,,,,,,
43.211394741,1025,1.0,0.5597203198601218,0.45262547245732065,,,,,,,,,,,,,,,,
43.219440741,1025,1.0,0.5578879749073702,0.452732566550926,,,,,,,,,,,,,,,,
43.223434741000005,1025,1.0,0.5577004376579734,0.4542508160626447,,,,,,,,,,,,,,,,
43.227390741,1025,1.0,0.5573729907765108,0.4554907339590567,,,,,,,,,,,,,,,,
43.231522741,1025,1.0,0.5573499342974495,0.4559396814416956,,,,,,,,,,,,,,,,
43.239418741,1025,1.0,0.5570102579453412,0.45621236165364587,,,,,,,,,,,,,,,,
43.244570741000004,1026,1.0,0.5569675108965706,0.457917163990162,,,,,,,,,,,,,,,,
43.247414741,1026,1.0,0.557002348058364,0.4577871251989294,,,,,,,,,,,,,,,,
43.251401741,1026,1.0,0.5568258061128504,0.45848925555193865,,,,,,,,,,,,,,,,
43.259519741000005,1026,1.0,0.557009079877068,0.46034404613353586,,,,,,,,,,,,,,,,
43.264368741000006,1026,1.0,0.5568276012645048,0.46211033573857063,,,,,,,,,,,,,,,,
43.267416741000005,1026,1.0,0.5567563000847312,0.4625500714337384,,,,,,,,,,,,,,,,
43.271423741,1026,1.0,0.556746202356675,0.46383469193070026,,,,,,,,,,,,,,,,
43.279365741,1026,1.0,0.5568333794088924,0.46470444290726276,,,,,,,,,,,,,,,,
43.283387741000006,1026,1.0,0.5569855185116038,0.46629356101707176,,,,,,,,,,,,,,,,
43.287444741,1027,1.0,0.5570253484389361,0.4672055279767072,,,,,,,,,,,,,,,,
43.291415741,1027,1.0,0.5561935761395622,0.46741169117115167,,,,,,,,,,,,,,,,
43.299394741,1027,1.0,0.5566956576179055,0.4660851937753183,,,,,,,,,,,,,,,,
43.303756741,1027,1.0,0.5558618096744313,0.466001213921441,,,,,,,,,,,,,,,,
43.308036741,1027,1.0,0.5559221716488109,0.4669824670862268,,,,,,,,,,,,,,,,
43.311439741,1027,1.0,0.5559939777149874,0.468572998046875,,,,,,,,,,,,,,,,
43.319406741,1027,1.0,0.5565302231732536,0.4705468071831598,,,,,,,,,,,,,,,,
43.323472741,1027,1.0,0.5565906973446116,0.4697059913917824,,,,,,,,,,,,,,,,
43.327437741000004,1028,1.0,0.5570646734798655,0.47060190836588545,,,,,,,,,,,,,,,,
43.331403741,1028,1.0,0.5573602003209731,0.4713941786024306,,,,,,,,,,,,,,,,
43.339580741000006,1028,1.0,0.5571373210233801,0.4716718320493345,,,,,,,,,,,,,,,,
43.343486741,1028,1.0,0.5576806909897748,0.47459213821976276,,,,,,,,,,,,,,,,
43.347451741,1028,1.0,0.5578728844137752,0.47507165979456023,,,,,,,,,,,,,,,,
43.351431741000006,1028,1.0,0.558746618383071,0.47606613724320024,,,,,,,,,,,,,,,,
43.359393741000005,1028,1.0,0.5580485287834617,0.4748371265552662,,,,,,,,,,,,,,,,
43.363391741,1028,1.0,0.5582178340238684,0.4772966172960069,,,,,,,,,,,,,,,,
43.367389741000004,1029,1.0,0.5582429100485409,0.4778646963614005,,,,,,,,,,,,,,,,
43.371432741,1029,1.0,0.5582071753109202,0.4784933019567419,,,,,,,,,,,,,,,,
43.379433741,1029,1.0,0.558742410996381,0.48110684995298036,,,,,,,,,,,,,,,,
43.383424741000006,1029,1.0,0.5583854002111098,0.48100224247685186,,,,,,,,,,,,,,,,
43.387412741000006,1029,1.0,0.5586680804981905,0.48201531304253475,,,,,,,,,,,,,,,,
43.391415741,1029,1.0,0.5587552575504079,0.48229454888237844,,,,,,,,,,,,,,,,
43.399462741,1029,1.0,0.5596002129947438,0.48338170934606484,,,,,,,,,,,,,,,,
43.403407741,1029,1.0,0.5597337273990407,0.48544006347656254,,,,,,,,,,,,,,,,
43.407379741,1029,1.0,0.5600586498484892,0.48631829155815975,,,,,,,,,,,,,,,,
43.411392741,1030,1.0,0.5598504683550667,0.485183263708044,,,,,,,,,,,,,,,,
43.419689741000006,1030,1.0,0.5602111255421358,0.4845055474175347,,,,,,,,,,,,,,,,
43.423394741,1030,1.0,0.5603541766895968,0.48494974772135413,,,,,,,,,,,,,,,,
43.427424741,1030,1.0,0.5605799731086282,0.4875134503399884,,,,,,,,,,,,,,,,
43.431396741,1030,1.0,0.5605725681080538,0.4877945511429398,,,,,,,,,,,,,,,,
43.439515741,1030,1.0,0.5611282236435834,0.4866655137803819,,,,,,,,,,,,,,,,
43.443392741000004,1030,1.0,0.561256072100471,0.4857996057581019,,,,,,,,,,,,,,,,
43.447370741,1030,1.0,0.5618037616505343,0.4867890534577546,,,,,,,,,,,,,,,,
43.455385741,1031,1.0,0.5619127610150505,0.4886751528139468,,,,,,,,,,,,,,,,
43.459465741,1031,1.0,0.5619040657492245,0.489838550708912,,,,,,,,,,,,,,,,
43.463539741000005,1031,1.0,0.5626383949728573,0.4889029043692129,,,,,,,,,,,,,,,,
43.467421741,1031,1.0,0.5625412884880515,0.49000667995876734,,,,,,,,,,,,,,,,
43.475685741,1031,1.0,0.562538371366613,0.4889025652850115,,,,,,,,,,,,,,,,
43.479381741000005,1031,1.0,0.5630829754997703,0.48904407642505787,,,,,,,,,,,,,,,,
43.483412741,1031,1.0,0.5644954232608571,0.49015678123191553,,,,,,,,,,,,,,,,
43.487374741000004,1031,1.0,0.5653329737046185,0.4912765502929688,,,,,,,,,,,,,,,,
43.495413741,1032,1.0,0.5654858420876896,0.49059109157986114,,,,,,,,,,,,,,,,
43.499432741,1032,1.0,0.5654570074642405,0.4924775865342882,,,,,,,,,,,,,,,,
43.503468741000006,1032,1.0,0.5653954674215877,0.49173340974030666,,,,,,,,,,,,,,,,
43.507445741000005,1032,1.0,0.5650469275081859,0.49181445086443865,,,,,,,,,,,,,,,,
43.515495741,1032,1.0,0.5652953877168543,0.49190035219545714,,,,,,,,,,,,,,,,
43.519572741000005,1032,1.0,0.5651668099796071,0.492613841869213,,,,,,,,,,,,,,,,
43.523443741,1032,1.0,0.5652566236608169,0.4934497409396701,,,,,,,,,,,,,,,,
43.527407741000005,1032,1.0,0.5657424365772921,0.4930452700014467,,,,,,,,,,,,,,,,
43.535412741,1033,1.0,0.5657327315386604,0.49186525698061345,,,,,,,,,,,,,,,,
43.539488741,1033,1.0,0.565620085772346,0.492520085087529,,,,,,,,,,,,,,,,
43.543394741,1033,1.0,0.5655394722433651,0.4923958107277199,,,,,,,,,,,,,,,,
43.547457741,1033,1.0,0.5652104546042049,0.49219484682436343,,,,,,,,,,,,,,,,
43.555443741000005,1033,1.0,0.5670309627757353,0.49171832049334496,,,,,,,,,,,,,,,,
43.559492741,1033,1.0,0.5668531305649701,0.4914233172381366,,,,,,,,,,,,,,,,
43.563374741000004,1033,1.0,0.5667198966531193,0.4911570231119792,,,,,,,,,,,,,,,,
43.567389741,1033,1.0,0.5668890335980583,0.4908552946867766,,,,,,,,,,,,,,,,
43.576567741000005,1034,1.0,0.5672232683967141,0.4915236861617477,,,,,,,,,,,,,,,,
43.579445741,1034,1.0,0.5671643649830538,0.49116781729239,,,,,,,,,,,,,,,,
43.583365741,1034,1.0,0.5673887589398552,0.4912652474862558,,,,,,,,,,,,,,,,
43.587471741,1034,1.0,0.5674855288337258,0.49077984845196754,,,,,,,,,,,,,,,,
43.595426741000004,1034,1.0,0.568090607138241,0.49010326244212965,,,,,,,,,,,,,,,,
43.599527741,1034,1.0,0.5680504967184627,0.4898409242983217,,,,,,,,,,,,,,,,
43.603371741000004,1034,1.0,0.5683879852294922,0.4906322337962963,,,,,,,,,,,,,,,,
43.607368741,1034,1.0,0.5682679905610926,0.4906757496021412,,,,,,,,,,,,,,,,
43.615522741,1035,1.0,0.5709101172054515,0.49300695348668977,,,,,,,,,,,,,,,,
43.619552741,1035,1.0,0.571744021247415,0.4928149753146701,,,,,,,,,,,,,,,,
43.623381741,1035,1.0,0.5716824812047622,0.49237727412471066,,,,,,,,,,,,,,,,
43.627451741,1035,1.0,0.5713925081140855,0.49188887984664353,,,,,,,,,,,,,,,,
43.635426741,1035,1.0,0.5710022870232078,0.4911660653573495,,,,,,,,,,,,,,,,
43.639399741000005,1035,1.0,0.57086602379294,0.49083930121527775,,,,,,,,,,,,,,,,
43.643362741000004,1035,1.0,0.5716248119578642,0.4908390186451099,,,,,,,,,,,,,,,,
43.647403741000005,1035,1.0,0.5718006246230182,0.4905281914605035,,,,,,,,,,,,,,,,
43.655392741,1036,1.0,0.5713603636797737,0.4899921558521412,,,,,,,,,,,,,,,,
43.659608741,1036,1.0,0.5709159514483284,0.48987895824291083,,,,,,,,,,,,,,,,
43.663431741000004,1036,1.0,0.570759604958927,0.49014056170428244,,,,,,,,,,,,,,,,
43.667471741,1036,1.0,0.5705548454733456,0.4899084020543981,,,,,,,,,,,,,,,,
43.676077741,1036,1.0,0.5704170114853803,0.48947527850115746,,,,,,,,,,,,,,,,
43.681056741000006,1036,1.0,0.5702441159416648,0.48924402307581016,,,,,,,,,,,,,,,,
43.683393741,1036,1.0,0.5701713001026827,0.4891442192925347,,,,,,,,,,,,,,,,
43.687384741,1037,1.0,0.5701546388513902,0.4890012387876157,,,,,,,,,,,,,,,,
43.695445741,1037,1.0,0.5708526723525104,0.4886819344979746,,,,,,,,,,,,,,,,
43.699398741,1037,1.0,0.5709915722117704,0.4885530825014468,,,,,,,,,,,,,,,,
43.703380741000004,1037,1.0,0.5712650523466223,0.4886787697120949,,,,,,,,,,,,,,,,
43.707401741000005,1037,1.0,0.5714060839484719,0.4886915418836806,,,,,,,,,,,,,,,,
43.715416741000006,1037,1.0,0.572134298436782,0.48873093216507524,,,,,,,,,,,,,,,,
43.719494741000005,1037,1.0,0.5722761154174805,0.4886057535807292,,,,,,,,,,,,,,,,
43.723361741000005,1038,1.0,0.5721277910120347,0.48833968551070606,,,,,,,,,,,,,,,,
43.727414741000004,1038,1.0,0.5720024669871611,0.4885752925166378,,,,,,,,,,,,,,,,
43.735568741,1038,1.0,0.5717252282535329,0.48815188937717013,,,,,,,,,,,,,,,,
43.739476741000004,1038,1.0,0.5727963167078355,0.48859908492476856,,,,,,,,,,,,,,,,
43.743415741,1038,1.0,0.5726245992323932,0.48812939679181133,,,,,,,,,,,,,,,,
43.747420741000006,1038,1.0,0.5724648868336397,0.4880336620189526,,,,,,,,,,,,,,,,
43.756891741000004,1038,1.0,0.5721436668844784,0.4896954571759259,,,,,,,,,,,,,,,,
43.759480741000004,1038,1.0,0.5720560410443474,0.4895332618995949,,,,,,,,,,,,,,,,
43.763382741,1039,1.0,0.5726138844209558,0.48946408872251157,,,,,,,,,,,,,,,,
43.767422741000004,1039,1.0,0.5743358275469612,0.4901615284107349,,,,,,,,,,,,,,,,
43.775394741,1039,1.0,0.5739525065702551,0.49004019278067135,,,,,,,,,,,,,,,,
43.779435741,1039,1.0,0.5735543755924001,0.4909941496672454,,,,,,,,,,,,,,,,
43.783640741,1039,1.0,0.5743653353522805,0.4908186170789931,,,,,,,,,,,,,,,,
43.787398741000004,1039,1.0,0.5743329104255227,0.4906984682436343,,,,,,,,,,,,,,,,
43.795517741000005,1039,1.0,0.574285114512724,0.490422679759838,,,,,,,,,,,,,,,,
43.799405741,1039,1.0,0.5742452845853918,0.49148548267505787,,,,,,,,,,,,,,,,
43.803398741,1040,1.0,0.5741016724530388,0.4915438051576968,,,,,,,,,,,,,,,,
43.807488741,1040,1.0,0.5744972789988798,0.49138861762152775,,,,,,,,,,,,,,,,
43.815412741,1040,1.0,0.5743076100068933,0.4913602475766783,,,,,,,,,,,,,,,,
43.819623741,1040,1.0,0.5742307550766889,0.491210033275463,,,,,,,,,,,,,,,,
43.823502741000006,1040,1.0,0.5740785037769991,0.4910439950448495,,,,,,,,,,,,,,,,
43.827390741,1040,1.0,0.5740207223331227,0.49113159179687504,,,,,,,,,,,,,,,,
43.835396741000004,1040,1.0,0.5737802842084099,0.48990597195095487,,,,,,,,,,,,,,,,
43.839422741,1040,1.0,0.5741628759047565,0.4898258350513599,,,,,,,,,,,,,,,,
43.843391741000005,1040,1.0,0.5740475935094497,0.48976157859519676,,,,,,,,,,,,,,,,
43.847423741,1040,1.0,0.5739995732026941,0.48977152506510413,,,,,,,,,,,,,,,,
43.855386741000004,1041,1.0,0.5749078077428481,0.4897152936017072,,,,,,,,,,,,,,,,
43.859406741,1041,1.0,0.574526450213264,0.489786218713831,,,,,,,,,,,,,,,,
43.863962741,1041,1.0,0.5740763159359202,0.4900138572410301,,,,,,,,,,,,,,,,
43.867371741,1041,1.0,0.5745368284337661,0.48995146574797455,,,,,,,,,,,,,,,,
43.875555741,1041,1.0,0.575246249928194,0.4900166264286747,,,,,,,,,,,,,,,,
43.879436741,1041,1.0,0.5749986311968636,0.4899663289388021,,,,,,,,,,,,,,,,
43.883351741000006,1041,1.0,0.5748786365284639,0.48993072509765623,,,,,,,,,,,,,,,,
43.887595741000005,1041,1.0,0.5748071670532227,0.4901160346137152,,,,,,,,,,,,,,,,
43.895441741000006,1042,1.0,0.5747402976540958,0.49044019911024306,,,,,,,,,,,,,,,,
43.899382741000004,1042,1.0,0.5747191485236672,0.49037679036458337,,,,,,,,,,,,,,,,
43.903429741000004,1042,1.0,0.5746276518877815,0.490311121057581,,,,,,,,,,,,,,,,
43.907398741,1042,1.0,0.5745573043823242,0.49075339988425926,,,,,,,,,,,,,,,,
43.915406741000005,1042,1.0,0.5743844649370979,0.49132509584780093,,,,,,,,,,,,,,,,
43.919451741,1042,1.0,0.5743810990277458,0.49153035481770835,,,,,,,,,,,,,,,,
43.923377741,1042,1.0,0.5742943707634421,0.4916065922489873,,,,,,,,,,,,,,,,
43.927408741,1042,1.0,0.5747204387889189,0.49183067039207173,,,,,,,,,,,,,,,,
43.936473741,1043,1.0,0.5736667408662683,0.4919661910445602,,,,,,,,,,,,,,,,
43.939426741000005,1043,1.0,0.5737751792458927,0.49200275562427664,,,,,,,,,,,,,,,,
43.943454741000004,1043,1.0,0.573759864358341,0.49180925157335065,,,,,,,,,,,,,,,,
43.947470741000004,1043,1.0,0.5736036861644072,0.49180388274016207,,,,,,,,,,,,,,,,
43.955693741000005,1043,1.0,0.5739323672126321,0.49214607521339704,,,,,,,,,,,,,,,,
43.959466741,1043,1.0,0.5735058503992417,0.49213867187500004,,,,,,,,,,,,,,,,
43.963394741,1043,1.0,0.5732062844669118,0.4920033207646123,,,,,,,,,,,,,,,,
43.967406741000005,1043,1.0,0.5731352076810949,0.4920717592592593,,,,,,,,,,,,,,,,
43.975491741000006,1044,1.0,0.5738630294799805,0.49223350242332176,,,,,,,,,,,,,,,,
43.979400741,1044,1.0,0.5738124847412109,0.49224118833188657,,,,,,,,,,,,,,,,
43.983444741,1044,1.0,0.5735388924093807,0.491796875,,,,,,,,,,,,,,,,
43.987414741,1044,1.0,0.573302942163804,0.49193669071903934,,,,,,,,,,,,,,,,
43.995454741,1044,1.0,0.5727498671587776,0.4918368304217303,,,,,,,,,,,,,,,,
43.999411741,1044,1.0,0.5728417564840877,0.49180518256293404,,,,,,,,,,,,,,,,
44.003388741,1044,1.0,0.5728646446676815,0.4917570891203704,,,,,,,,,,,,,,,,
44.007416741,1044,1.0,0.5727783651912913,0.491659093786169,,,,,,,,,,,,,,,,
44.016242741,1045,1.0,0.5725992988137638,0.4917517768012153,,,,,,,,,,,,,,,,
44.019387741,1045,1.0,0.5726989297305837,0.4920162059642651,,,,,,,,,,,,,,,,
44.023454741,1045,1.0,0.5727046517764821,0.49238891601562496,,,,,,,,,,,,,,,,
44.027399741,1045,1.0,0.5726477679084329,0.492605138708044,,,,,,,,,,,,,,,,
44.035382741,1045,1.0,0.5731279148774988,0.4931190773292824,,,,,,,,,,,,,,,,
44.039415741000006,1045,1.0,0.5728765936458812,0.49336864330150465,,,,,,,,,,,,,,,,
44.043465741000006,1045,1.0,0.5723249211030847,0.4933913619429977,,,,,,,,,,,,,,,,
44.047417741000004,1045,1.0,0.5723002938663259,0.4933715255172164,,,,,,,,,,,,,,,,
44.055455741,1046,1.0,0.5722798740162569,0.4933417991355613,,,,,,,,,,,,,,,,
44.059444741,1046,1.0,0.5722775739781997,0.49343080873842593,,,,,,,,,,,,,,,,
44.063494741,1046,1.0,0.5718776478486902,0.49338424117476853,,,,,,,,,,,,,,,,
44.067433741,1046,1.0,0.571679900674259,0.49413881655092595,,,,,,,,,,,,,,,,
44.075452741,1046,1.0,0.5715839161592371,0.4940049913194444,,,,,,,,,,,,,,,,
44.079469741000004,1046,1.0,0.5715621499454274,0.4939332750108507,,,,,,,,,,,,,,,,
44.083406741000005,1046,1.0,0.5719551759607652,0.49451859085648153,,,,,,,,,,,,,,,,
44.087412741,1046,1.0,0.5719916399787454,0.4947111906828704,,,,,,,,,,,,,,,,
44.095441741,1047,1.0,0.5717924903420841,0.494867847583912,,,,,,,,,,,,,,,,
44.099417741,1047,1.0,0.5714951683493221,0.4950133147063078,,,,,,,,,,,,,,,,
44.103438741000005,1047,1.0,0.5717040791231043,0.4951588948567708,,,,,,,,,,,,,,,,
44.107392741000005,1047,1.0,0.5718244664809283,0.4951609293619792,,,,,,,,,,,,,,,,
44.116146741,1047,1.0,0.5687802819644704,0.49475227638527197,,,,,,,,,,,,,,,,
44.119404741000004,1047,1.0,0.5683451259837431,0.4944818567346644,,,,,,,,,,,,,,,,
44.123412741,1047,1.0,0.5682871201459099,0.49445032190393523,,,,,,,,,,,,,,,,
44.127345741000006,1047,1.0,0.5681095123291016,0.4945781001338252,,,,,,,,,,,,,,,,
44.135429741,1048,1.0,0.5687716988956227,0.49597665292245374,,,,,,,,,,,,,,,,
44.139401741,1048,1.0,0.5688411488252527,0.49616744429976856,,,,,,,,,,,,,,,,
44.143389741,1048,1.0,0.5697533663581399,0.4964072898582176,,,,,,,,,,,,,,,,
44.147394741,1048,1.0,0.5697676153743968,0.4964118674949364,,,,,,,,,,,,,,,,
44.155433741,1048,1.0,0.5698195625753963,0.4962665134006077,,,,,,,,,,,,,,,,
44.159397741,1048,1.0,0.5693480547736672,0.49655428285951964,,,,,,,,,,,,,,,,
44.163442741000004,1048,1.0,0.5685432097491097,0.49645922625506367,,,,,,,,,,,,,,,,
44.167402741000004,1049,1.0,0.5685362535364488,0.4963965521918403,,,,,,,,,,,,,,,,
44.175427741,1049,1.0,0.568999402663287,0.49624452944155095,,,,,,,,,,,,,,,,
44.179422741,1049,1.0,0.5688358755672679,0.4962516502097801,,,,,,,,,,,,,,,,
44.183410741,1049,1.0,0.5686303868013269,0.49648454454210067,,,,,,,,,,,,,,,,
44.187527741000004,1049,1.0,0.5685765883501839,0.49624831588179974,,,,,,,,,,,,,,,,
44.195494741000005,1049,1.0,0.5686649995691636,0.4961065221715857,,,,,,,,,,,,,,,,
44.199463741,1049,1.0,0.5687262030208812,0.4964635778356481,,,,,,,,,,,,,,,,
44.203377741000004,1049,1.0,0.5687672110164866,0.49640892876519094,,,,,,,,,,,,,,,,
44.207378741,1050,1.0,0.5682718613568474,0.49633856879340277,,,,,,,,,,,,,,,,
44.215386741,1050,1.0,0.568260529462029,0.49626057942708335,,,,,,,,,,,,,,,,
44.219377741,1050,1.0,0.5682827444637523,0.4963987562391493,,,,,,,,,,,,,,,,
44.223502741000004,1050,1.0,0.5682987886316636,0.49695852774160876,,,,,,,,,,,,,,,,
44.227461741000006,1050,1.0,0.5682902616613051,0.49728540491174766,,,,,,,,,,,,,,,,
44.235423741000005,1050,1.0,0.5680633993709788,0.49714841489438655,,,,,,,,,,,,,,,,
44.239379741,1050,1.0,0.5678874745088465,0.49729721634476276,,,,,,,,,,,,,,,,
44.243407741000006,1050,1.0,0.5680249719058766,0.49727461073133683,,,,,,,,,,,,,,,,
44.251394741000006,1051,1.0,0.5680561065673828,0.4956842493127893,,,,,,,,,,,,,,,,
44.255420741,1051,1.0,0.5668932970832375,0.49581084074797455,,,,,,,,,,,,,,,,
44.259466741000004,1051,1.0,0.5668451084810144,0.49616993091724537,,,,,,,,,,,,,,,,
44.263477741,1051,1.0,0.5669155120849609,0.4961833812572338,,,,,,,,,,,,,,,,
44.271388741,1051,1.0,0.5667129965389476,0.496866296838831,,,,,,,,,,,,,,,,
44.275455741,1051,1.0,0.5664829366347369,0.4968478732638889,,,,,,,,,,,,,,,,
44.279380741000004,1051,1.0,0.5659138174617991,0.49679542824074074,,,,,,,,,,,,,,,,
44.283414741,1051,1.0,0.5658893585205078,0.49674445258246525,,,,,,,,,,,,,,,,
44.291380741000005,1052,1.0,0.5660348219030044,0.49661435727719905,,,,,,,,,,,,,,,,
44.295463741000006,1052,1.0,0.5660935570211971,0.49656699851707176,,,,,,,,,,,,,,,,
44.300267741000006,1052,1.0,0.5654883665197036,0.4964566831235533,,,,,,,,,,,,,,,,
44.305579741,1052,1.0,0.5656000586117015,0.4963482892071759,,,,,,,,,,,,,,,,
44.311419741,1052,1.0,0.5656231711892521,0.4966762401439525,,,,,,,,,,,,,,,,
44.315502741,1052,1.0,0.5656739403219784,0.4966691758897569,,,,,,,,,,,,,,,,
44.319374741000004,1052,1.0,0.5650311077342314,0.49674637405960653,,,,,,,,,,,,,,,,
44.323400741,1052,1.0,0.5653997870052562,0.49711444996021414,,,,,,,,,,,,,,,,
44.331461741000005,1053,1.0,0.5653854257920209,0.4970621744791667,,,,,,,,,,,,,,,,
44.335399741,1053,1.0,0.5654595318962546,0.4970743815104167,,,,,,,,,,,,,,,,
44.339457741000004,1053,1.0,0.5653781329884249,0.4967881379304109,,,,,,,,,,,,,,,,
44.343424741,1053,1.0,0.5652682921465706,0.49735367386429397,,,,,,,,,,,,,,,,
44.351381741000004,1053,1.0,0.5649775336770451,0.49737774884259256,,,,,,,,,,,,,,,,
44.355667741000005,1053,1.0,0.5650510226978975,0.4975481951678241,,,,,,,,,,,,,,,,
44.359414741,1053,1.0,0.5650115854599896,0.4973864520037615,,,,,,,,,,,,,,,,
44.363430741,1053,1.0,0.5650879355037913,0.49741945619936345,,,,,,,,,,,,,,,,
44.371401741,1054,1.0,0.5652156156652114,0.49720696343315973,,,,,,,,,,,,,,,,
44.375390741000004,1054,1.0,0.5650214587940889,0.497141859266493,,,,,,,,,,,,,,,,
44.380658741000005,1054,1.0,0.5655753191779641,0.49716842086226853,,,,,,,,,,,,,,,,
44.383492741000005,1054,1.0,0.5654146531048942,0.4971808539496527,,,,,,,,,,,,,,,,
44.391402741,1054,1.0,0.5655671848970301,0.49727506284360534,,,,,,,,,,,,,,,,
44.395575741,1054,1.0,0.566866818596335,0.4969685307255498,,,,,,,,,,,,,,,,
44.400100741,1054,1.0,0.5660799811868107,0.49630511248553244,,,,,,,,,,,,,,,,
44.403643741,1055,1.0,0.5660762225880343,0.49618931523075815,,,,,,,,,,,,,,,,
44.411500741000005,1055,1.0,0.5659153321210075,0.49628951461226856,,,,,,,,,,,,,,,,
44.415583741000006,1055,1.0,0.5660927716423484,0.496396721733941,,,,,,,,,,,,,,,,
44.419485741,1055,1.0,0.5662320641910329,0.4965844048394097,,,,,,,,,,,,,,,,
44.423659741,1055,1.0,0.565762575934915,0.49658191822193287,,,,,,,,,,,,,,,,
44.431368741,1055,1.0,0.5666213877060834,0.49658270941840277,,,,,,,,,,,,,,,,
44.435478741000004,1055,1.0,0.5666106728946462,0.496577736183449,,,,,,,,,,,,,,,,
44.439703741,1055,1.0,0.5666330000933479,0.49653444643373845,,,,,,,,,,,,,,,,
44.443396741,1056,1.0,0.5665727503159467,0.49652280454282405,,,,,,,,,,,,,,,,
44.451409741000006,1056,1.0,0.5667246650247013,0.4964338514539931,,,,,,,,,,,,,,,,
44.455389741000005,1056,1.0,0.5667189990772921,0.4964121500651042,,,,,,,,,,,,,,,,
44.459424741,1056,1.0,0.5667833440444049,0.4958380805121527,,,,,,,,,,,,,,,,
44.463548741000004,1056,1.0,0.5668526817770565,0.4961908411096644,,,,,,,,,,,,,,,,
44.471405741000005,1056,1.0,0.5668608160579905,0.49617936876085067,,,,,,,,,,,,,,,,
44.475383741,1056,1.0,0.5668599184821633,0.496426335087529,,,,,,,,,,,,,,,,
44.479391741,1056,1.0,0.5669943865607766,0.49643328631365746,,,,,,,,,,,,,,,,
44.483504741000004,1056,1.0,0.5653699987074908,0.49639157895688657,,,,,,,,,,,,,,,,
44.491408741,1057,1.0,0.5654478073120117,0.49620203088831016,,,,,,,,,,,,,,,,
44.495419741000006,1057,1.0,0.5652351379394531,0.49598422580295143,,,,,,,,,,,,,,,,
44.499426741,1057,1.0,0.5652911803301643,0.4957163492838542,,,,,,,,,,,,,,,,
44.503425741,1057,1.0,0.5649508307961857,0.4953194512261285,,,,,,,,,,,,,,,,
44.511433741000005,1057,1.0,0.5650734059950885,0.4953737612123843,,,,,,,,,,,,,,,,
44.515512741,1057,1.0,0.5652143253999597,0.4954931188512731,,,,,,,,,,,,,,,,
44.519497741,1057,1.0,0.5652583066154929,0.49548062924985536,,,,,,,,,,,,,,,,
44.523412741,1057,1.0,0.565153626834645,0.4954186333550348,,,,,,,,,,,,,,,,
44.531408741,1057,1.0,0.5651229409610524,0.49510639331958917,,,,,,,,,,,,,,,,
44.535442741000004,1058,1.0,0.5654490975772634,0.49514900490089697,,,,,,,,,,,,,,,,
44.539427741000004,1058,1.0,0.5654851128073299,0.49474600332754626,,,,,,,,,,,,,,,,
44.543421741,1058,1.0,0.565517032847685,0.4947674786603009,,,,,,,,,,,,,,,,
44.551441741000005,1058,1.0,0.5650905160342946,0.4948812414098669,,,,,,,,,,,,,,,,
44.556039741,1058,1.0,0.565270367790671,0.4951139096860533,,,,,,,,,,,,,,,,
44.559419741,1058,1.0,0.5658304551068474,0.49503592031973376,,,,,,,,,,,,,,,,
44.563381741,1058,1.0,0.5659432130701402,0.4952972977249711,,,,,,,,,,,,,,,,
44.571421741,1059,1.0,0.5654188604915843,0.49551572446469905,,,,,,,,,,,,,,,,
44.575407741,1059,1.0,0.5643051371854895,0.4954679701063368,,,,,,,,,,,,,,,,
44.579463741000005,1059,1.0,0.5643503525677849,0.4959867689344618,,,,,,,,,,,,,,,,
44.583607741,1059,1.0,0.5631289201624253,0.49596800627531834,,,,,,,,,,,,,,,,
44.591429741000006,1059,1.0,0.5637872359331917,0.4962595621744792,,,,,,,,,,,,,,,,
44.595489741,1059,1.0,0.5636701022877413,0.4963336520724826,,,,,,,,,,,,,,,,
44.599674741,1059,1.0,0.5637430303237018,0.49614404748987273,,,,,,,,,,,,,,,,
44.603386741,1059,1.0,0.5638019898358513,0.49620327419704857,,,,,,,,,,,,,,,,
44.611410741,1060,1.0,0.5643203398760628,0.49617953830295136,,,,,,,,,,,,,,,,
44.615416741000004,1060,1.0,0.5634089638205135,0.4965809009693287,,,,,,,,,,,,,,,,
44.619412741000005,1060,1.0,0.5635694615981158,0.49679780183015043,,,,,,,,,,,,,,,,
44.623414741000005,1060,1.0,0.5637362985049977,0.49686652289496525,,,,,,,,,,,,,,,,
44.631441741,1060,1.0,0.5652669457828298,0.49735073513454864,,,,,,,,,,,,,,,,
44.635639741000006,1060,1.0,0.5652313232421875,0.4973245126229745,,,,,,,,,,,,,,,,
44.639565741000006,1060,1.0,0.5656093709609088,0.4973425971137153,,,,,,,,,,,,,,,,
44.643439741,1060,1.0,0.5657882690429688,0.4975038881655093,,,,,,,,,,,,,,,,
44.651391741000005,1060,1.0,0.5654725467457491,0.49777871591073497,,,,,,,,,,,,,,,,
44.655452741000005,1061,1.0,0.565513105953441,0.4978228533709491,,,,,,,,,,,,,,,,
44.659428741,1061,1.0,0.5649525698493508,0.4977865148473669,,,,,,,,,,,,,,,,
44.663771741000005,1061,1.0,0.5648849150713753,0.4977682608145254,,,,,,,,,,,,,,,,
44.671431741,1061,1.0,0.5649413501515108,0.4977276837384259,,,,,,,,,,,,,,,,
44.675408741000005,1061,1.0,0.5648799784043256,0.4974572640878183,,,,,,,,,,,,,,,,
44.679471741,1061,1.0,0.5659932529225069,0.4967992711950231,,,,,,,,,,,,,,,,
44.683388741,1061,1.0,0.565674389109892,0.49686810528790504,,,,,,,,,,,,,,,,
44.691494741,1061,1.0,0.5658763997695025,0.49651150173611114,,,,,,,,,,,,,,,,
44.696037741000005,1062,1.0,0.5660188338335823,0.496506189416956,,,,,,,,,,,,,,,,
44.699401741,1062,1.0,0.5661670460420496,0.49671709979021994,,,,,,,,,,,,,,,,
44.703436741000004,1062,1.0,0.5660581027760225,0.49661910445601853,,,,,,,,,,,,,,,,
44.711536741,1062,1.0,0.5673638512106502,0.4966785007052952,,,,,,,,,,,,,,,,
44.716043741,1062,1.0,0.5682421852560604,0.49678988986545136,,,,,,,,,,,,,,,,
44.719437741,1062,1.0,0.5678696351892808,0.4971758807146991,,,,,,,,,,,,,,,,
44.723392741000005,1062,1.0,0.5678607155294979,0.49715237087673614,,,,,,,,,,,,,,,,
44.731359741000006,1062,1.0,0.5677021811990177,0.49729456018518514,,,,,,,,,,,,,,,,
44.736759741,1063,1.0,0.5676381728228401,0.4972369158709491,,,,,,,,,,,,,,,,
44.739456741000005,1063,1.0,0.5679857590619255,0.497111341688368,,,,,,,,,,,,,,,,
44.743428741,1063,1.0,0.5682954788208008,0.4970980043764468,,,,,,,,,,,,,,,,
44.751471741,1063,1.0,0.5687529059017405,0.4973875822844329,,,,,,,,,,,,,,,,
44.756508741000005,1063,1.0,0.5677670310525333,0.4970220495153357,,,,,,,,,,,,,,,,
44.759451741,1063,1.0,0.5677667505600873,0.4969672874168113,,,,,,,,,,,,,,,,
44.763684741000006,1063,1.0,0.5678959453807157,0.49701865867332173,,,,,,,,,,,,,,,,
44.771394741,1063,1.0,0.5678343492395738,0.4968832510489004,,,,,,,,,,,,,,,,
44.775380741,1064,1.0,0.5678399029900046,0.49685883698640043,,,,,,,,,,,,,,,,
44.779405741000005,1064,1.0,0.5678392298081342,0.49682119864004626,,,,,,,,,,,,,,,,
44.783387741000006,1064,1.0,0.5678502812105066,0.49682165075231477,,,,,,,,,,,,,,,,
44.791435741,1064,1.0,0.5690879821777344,0.49680215341073497,,,,,,,,,,,,,,,,
44.795590741000005,1064,1.0,0.5676484949448529,0.4965451841001157,,,,,,,,,,,,,,,,
44.799412741000005,1064,1.0,0.5676436143762925,0.49662051730685763,,,,,,,,,,,,,,,,
44.803405741000006,1064,1.0,0.5673922931446749,0.49651749222366903,,,,,,,,,,,,,,,,
44.811457741000005,1064,1.0,0.5685051188749426,0.49630002622251157,,,,,,,,,,,,,,,,
44.815431741000005,1065,1.0,0.5671828213860007,0.496231531213831,,,,,,,,,,,,,,,,
44.819500741000006,1065,1.0,0.5671723309685203,0.4957668728298611,,,,,,,,,,,,,,,,
44.823432741000005,1065,1.0,0.5676330678603229,0.4959073667173033,,,,,,,,,,,,,,,,
44.831418741,1065,1.0,0.5674506916719324,0.49506802029079866,,,,,,,,,,,,,,,,
44.835498741,1065,1.0,0.5664785048540901,0.49498404043692135,,,,,,,,,,,,,,,,
44.839407741,1065,1.0,0.5664382822373334,0.4948533799913194,,,,,,,,,,,,,,,,
44.843415741,1065,1.0,0.5665013930376839,0.4949578179253472,,,,,,,,,,,,,,,,
44.851404741,1066,1.0,0.5670088599709904,0.49510735405815975,,,,,,,,,,,,,,,,
44.855512741000005,1066,1.0,0.5671816994162167,0.4953448260271991,,,,,,,,,,,,,,,,
44.859399741000004,1066,1.0,0.5669164096607882,0.4951543172200521,,,,,,,,,,,,,,,,
44.864109741,1066,1.0,0.5669732374303481,0.4951818395543981,,,,,,,,,,,,,,,,
44.872104741,1066,1.0,0.5670121697818532,0.496024407280816,,,,,,,,,,,,,,,,
44.876438741,1066,1.0,0.5670488020953011,0.49604288736979163,,,,,,,,,,,,,,,,
44.879416741,1066,1.0,0.5670262505026424,0.49614811650028934,,,,,,,,,,,,,,,,
44.883406741,1066,1.0,0.5670992346370921,0.4959095142505787,,,,,,,,,,,,,,,,
44.891408741,1067,1.0,0.5668631160960478,0.49572414822048616,,,,,,,,,,,,,,,,
44.895407741,1067,1.0,0.566650671117446,0.49567192925347225,,,,,,,,,,,,,,,,
44.899367741000006,1067,1.0,0.5667903002570657,0.4957911173502604,,,,,,,,,,,,,,,,
44.903381741000004,1067,1.0,0.5668934653787052,0.49610691776982063,,,,,,,,,,,,,,,,
44.911411741,1067,1.0,0.568141264073989,0.496916820384838,,,,,,,,,,,,,,,,
44.915425741,1067,1.0,0.5670789830824908,0.4963085033275463,,,,,,,,,,,,,,,,
44.919380741000005,1067,1.0,0.5670090282664579,0.49637292932581023,,,,,,,,,,,,,,,,
44.923402741000004,1067,1.0,0.567010711221134,0.49635778356481486,,,,,,,,,,,,,,,,
44.931486741,1068,1.0,0.5670102624332204,0.4964407461660879,,,,,,,,,,,,,,,,
44.935398741,1068,1.0,0.5671217301312614,0.4961615668402778,,,,,,,,,,,,,,,,
44.939421741000004,1068,1.0,0.5673783807193532,0.4960531729239005,,,,,,,,,,,,,,,,
44.943455741,1068,1.0,0.5673779319314396,0.4960038926866319,,,,,,,,,,,,,,,,
44.953108741,1068,1.0,0.5652366525986615,0.4960383662471065,,,,,,,,,,,,,,,,
44.956058741,1068,1.0,0.565223918241613,0.4960720486111111,,,,,,,,,,,,,,,,
44.959409741,1068,1.0,0.5652956682093003,0.4960535120081019,,,,,,,,,,,,,,,,
44.963427741000004,1069,1.0,0.5652551651000977,0.4959940027307581,,,,,,,,,,,,,,,,
44.971428741000004,1069,1.0,0.5657410902135512,0.4950462058738426,,,,,,,,,,,,,,,,
44.975551741000004,1069,1.0,0.5656620474422679,0.4950601083260996,,,,,,,,,,,,,,,,
44.979842741000006,1069,1.0,0.5658878438612994,0.49492345739293986,,,,,,,,,,,,,,,,
44.983417741000004,1069,1.0,0.5661126866060144,0.4950448495370371,,,,,,,,,,,,,,,,
44.991397741,1069,1.0,0.5667292090023265,0.49407958984375,,,,,,,,,,,,,,,,
44.995430741,1069,1.0,0.5667283675249886,0.4939946492513021,,,,,,,,,,,,,,,,
44.999545741000006,1069,1.0,0.5669460296630859,0.4939795600043403,,,,,,,,,,,,,,,,
45.008274741,1070,1.0,0.5670536826638615,0.49442749023437504,,,,,,,,,,,,,,,,
45.011724741,1070,1.0,0.5670445386101218,0.49460064923321756,,,,,,,,,,,,,,,,
45.015477741000005,1070,1.0,0.5668622185202206,0.4942767107928241,,,,,,,,,,,,,,,,
45.019424741,1070,1.0,0.5668179568122415,0.49437086317274304,,,,,,,,,,,,,,,,
45.027447741,1070,1.0,0.5672701667336857,0.4939630579065394,,,,,,,,,,,,,,,,
45.031439741,1070,1.0,0.5672970379100126,0.49507446289062496,,,,,,,,,,,,,,,,
45.035476741000004,1070,1.0,0.567314484540154,0.49544146502459496,,,,,,,,,,,,,,,,
45.039407741000005,1070,1.0,0.5671441695269417,0.49533595332392943,,,,,,,,,,,,,,,,
45.047428741000004,1071,1.0,0.5672437443452722,0.4952428747106481,,,,,,,,,,,,,,,,
45.051420741,1071,1.0,0.5684666914098403,0.4952668366608797,,,,,,,,,,,,,,,,
45.055462741,1071,1.0,0.5685965594123391,0.49524626555266205,,,,,,,,,,,,,,,,
45.059480741,1071,1.0,0.5685853958129883,0.4951010244864005,,,,,,,,,,,,,,,,
45.067714741,1071,1.0,0.5683591506060433,0.4965601603190104,,,,,,,,,,,,,,,,
45.071425741000006,1071,1.0,0.5683198255651137,0.4966499611183449,,,,,,,,,,,,,,,,
45.075453741000004,1071,1.0,0.5685574587653665,0.49683787027994797,,,,,,,,,,,,,,,,
45.079381741000006,1071,1.0,0.568691141465131,0.4962600142867477,,,,,,,,,,,,,,,,
45.087405741000005,1072,1.0,0.5689984489889706,0.4961305971498843,,,,,,,,,,,,,,,,
45.091416741,1072,1.0,0.5689194062176872,0.495884422019676,,,,,,,,,,,,,,,,
45.095437741000005,1072,1.0,0.5689460530000574,0.49583649811921293,,,,,,,,,,,,,,,,
45.099368741,1072,1.0,0.5689613678876091,0.49587470160590275,,,,,,,,,,,,,,,,
45.107498741,1072,1.0,0.5689039791331572,0.4958571257414641,,,,,,,,,,,,,,,,
45.111412741,1072,1.0,0.5688763786764706,0.49597037986472803,,,,,,,,,,,,,,,,
45.115432741,1072,1.0,0.5685160019818474,0.4959700972945602,,,,,,,,,,,,,,,,
45.119378741000006,1072,1.0,0.5684936747831457,0.49622158474392364,,,,,,,,,,,,,,,,
45.127414741,1073,1.0,0.5686282550587374,0.4960828993055556,,,,,,,,,,,,,,,,
45.131443741000005,1073,1.0,0.569034127628102,0.49675778989438657,,,,,,,,,,,,,,,,
45.135429741,1073,1.0,0.5690382228178137,0.4968477602358218,,,,,,,,,,,,,,,,
45.139396741000006,1073,1.0,0.5691256242639878,0.4969233760127315,,,,,,,,,,,,,,,,
45.147750741,1073,1.0,0.5692243015064913,0.4968816686559606,,,,,,,,,,,,,,,,
45.151407741,1073,1.0,0.569069413577809,0.49699130588107643,,,,,,,,,,,,,,,,
45.155394741,1073,1.0,0.5690459644093233,0.49706567834924764,,,,,,,,,,,,,,,,
45.159387741,1073,1.0,0.5697144901051241,0.4973645245587385,,,,,,,,,,,,,,,,
45.167430741000004,1073,1.0,0.5695986467249253,0.4971971299913195,,,,,,,,,,,,,,,,
45.171430741,1074,1.0,0.5695994321037742,0.4970871536820023,,,,,,,,,,,,,,,,
45.175437741,1074,1.0,0.5696447596830481,0.49690585666232634,,,,,,,,,,,,,,,,
45.179418741000006,1074,1.0,0.5695490556604722,0.4967467131438079,,,,,,,,,,,,,,,,
45.187428741000005,1074,1.0,0.5693605086382698,0.4978145458080151,,,,,,,,,,,,,,,,
45.191409741,1074,1.0,0.5688421024995691,0.4978192364728009,,,,,,,,,,,,,,,,
45.195508741000005,1074,1.0,0.568725866429946,0.49797996238425923,,,,,,,,,,,,,,,,
45.199395741000004,1074,1.0,0.5686033473295324,0.4979582609953703,,,,,,,,,,,,,,,,
45.207418741000005,1074,1.0,0.5679779052734375,0.49764506022135413,,,,,,,,,,,,,,,,
45.211435741,1074,1.0,0.5682878494262695,0.49776063141999416,,,,,,,,,,,,,,,,
45.215414741000004,1075,1.0,0.5682832493501551,0.49773293954354747,,,,,,,,,,,,,,,,
45.219439741,1075,1.0,0.5684624279246611,0.49789276123046877,,,,,,,,,,,,,,,,
45.227604741,1075,1.0,0.5683869193581974,0.4978090639467593,,,,,,,,,,,,,,,,
45.231475741000004,1075,1.0,0.5674664553473977,0.4977938051576968,,,,,,,,,,,,,,,,
45.235812741000004,1075,1.0,0.5674994973575368,0.4977923357928241,,,,,,,,,,,,,,,,
45.239448741000004,1075,1.0,0.5677158692303825,0.497752210828993,,,,,,,,,,,,,,,,
45.247441741,1075,1.0,0.5675595227409812,0.4977819937246817,,,,,,,,,,,,,,,,
45.251407741,1075,1.0,0.5675237319048714,0.4977393256293403,,,,,,,,,,,,,,,,
45.255415741,1076,1.0,0.5679190018597771,0.4975309018735532,,,,,,,,,,,,,,,,
45.259387741000005,1076,1.0,0.5679467145134421,0.4971851490162037,,,,,,,,,,,,,,,,
45.267421741,1076,1.0,0.5679622537949506,0.4968430130570023,,,,,,,,,,,,,,,,
45.271434741,1076,1.0,0.5678599862491384,0.4968765258789063,,,,,,,,,,,,,,,,
45.275430741,1076,1.0,0.5678694107953239,0.4968774301034433,,,,,,,,,,,,,,,,
45.279371741000006,1076,1.0,0.5685673320994657,0.496882911964699,,,,,,,,,,,,,,,,
45.287392741000005,1076,1.0,0.5685429853551528,0.49726782904730904,,,,,,,,,,,,,,,,
45.291439741000005,1076,1.0,0.5677962022669175,0.4967016149450232,,,,,,,,,,,,,,,,
45.295481741,1077,1.0,0.5685188069063074,0.4966261121961806,,,,,,,,,,,,,,,,
45.299401741000004,1077,1.0,0.5686242720660042,0.4961475513599537,,,,,,,,,,,,,,,,
45.307435741000006,1077,1.0,0.5695698681999656,0.4962612575954861,,,,,,,,,,,,,,,,
45.311432741000004,1077,1.0,0.5696844213149127,0.49629663538049773,,,,,,,,,,,,,,,,
45.315466741,1077,1.0,0.5696522207821116,0.49608990704571754,,,,,,,,,,,,,,,,
45.319411741,1077,1.0,0.5688845690558938,0.4960467303240741,,,,,,,,,,,,,,,,
45.327372741000005,1077,1.0,0.5700215171365177,0.4955448857060185,,,,,,,,,,,,,,,,
45.331388741000005,1077,1.0,0.569990831262925,0.4963713469328703,,,,,,,,,,,,,,,,
45.335455741000004,1078,1.0,0.5699262619018555,0.49684934262876157,,,,,,,,,,,,,,,,
45.339438741,1078,1.0,0.569981294519761,0.4968454996744792,,,,,,,,,,,,,,,,
45.347536741000006,1078,1.0,0.5700346441829905,0.4967097529658565,,,,,,,,,,,,,,,,
45.351476741000006,1078,1.0,0.5687598621144014,0.49701063368055554,,,,,,,,,,,,,,,,
45.355482741,1078,1.0,0.5688082751105813,0.4970130072699652,,,,,,,,,,,,,,,,
45.359441741000005,1078,1.0,0.568627301384421,0.4969771773726852,,,,,,,,,,,,,,,,
45.367443741,1078,1.0,0.5708742141723633,0.49693637424045134,,,,,,,,,,,,,,,,
45.371368741000005,1079,1.0,0.5705519844503963,0.49733564588758683,,,,,,,,,,,,,,,,
45.375382741,1079,1.0,0.5705942827112535,0.4972623471860532,,,,,,,,,,,,,,,,
45.379726741000006,1079,1.0,0.5706453323364258,0.49712400083188657,,,,,,,,,,,,,,,,
45.387392741,1079,1.0,0.5704170114853803,0.49709630895543977,,,,,,,,,,,,,,,,
45.391430741,1079,1.0,0.570589121650247,0.49725070529513893,,,,,,,,,,,,,,,,
45.395377741000004,1079,1.0,0.5705533869126264,0.4972458450882523,,,,,,,,,,,,,,,,
45.399395741,1079,1.0,0.5704062405754539,0.49723431622540504,,,,,,,,,,,,,,,,
45.407403741,1079,1.0,0.5704667708453011,0.49793735080295143,,,,,,,,,,,,,,,,
45.411466741000005,1079,1.0,0.5703790328081917,0.4978714554398148,,,,,,,,,,,,,,,,
45.415439741,1080,1.0,0.5698096331428079,0.49785094084563075,,,,,,,,,,,,,,,,
45.419392741,1080,1.0,0.5696628794950598,0.49797821044921875,,,,,,,,,,,,,,,,
45.427426741000005,1080,1.0,0.5697895498836741,0.49797679759837965,,,,,,,,,,,,,,,,
45.431457741,1080,1.0,0.569374308866613,0.4981500696252894,,,,,,,,,,,,,,,,
45.435422741000004,1080,1.0,0.5691123289220473,0.49813034622757524,,,,,,,,,,,,,,,,
45.439376741000004,1080,1.0,0.5690165127024931,0.49816905834056713,,,,,,,,,,,,,,,,
45.447403741,1080,1.0,0.5692644119262695,0.4989805998625578,,,,,,,,,,,,,,,,
45.451387741000005,1080,1.0,0.5690325007719153,0.4991198504412616,,,,,,,,,,,,,,,,
45.455466741,1081,1.0,0.5689742705401253,0.49910425256799773,,,,,,,,,,,,,,,,
45.459410741000006,1081,1.0,0.5692332211662742,0.49909385398582173,,,,,,,,,,,,,,,,
45.467409741000004,1081,1.0,0.569246628705193,0.498599299678096,,,,,,,,,,,,,,,,
45.472310741,1081,1.0,0.5697870254516602,0.4978559140805845,,,,,,,,,,,,,,,,
45.475576741000005,1081,1.0,0.5698074453017291,0.4978412769458912,,,,,,,,,,,,,,,,
45.479474741000004,1081,1.0,0.5695779463824104,0.4978468153211806,,,,,,,,,,,,,,,,
45.487415741,1081,1.0,0.5698478923124426,0.4963948567708333,,,,,,,,,,,,,,,,
45.491547741000005,1082,1.0,0.569884412428912,0.4958215784143518,,,,,,,,,,,,,,,,
45.495406741000004,1082,1.0,0.5700843474444222,0.4957743891963252,,,,,,,,,,,,,,,,
45.499387741,1082,1.0,0.5701203626744887,0.49583649811921293,,,,,,,,,,,,,,,,
45.507471741,1082,1.0,0.5700834498685949,0.4964409722222223,,,,,,,,,,,,,,,,
45.511440741,1082,1.0,0.5704278945922852,0.4965456927264178,,,,,,,,,,,,,,,,
45.515418741000005,1082,1.0,0.5704103918636546,0.49685047290943285,,,,,,,,,,,,,,,,
45.519452741,1082,1.0,0.5705466550939223,0.4971086855287905,,,,,,,,,,,,,,,,
45.527619741,1082,1.0,0.570772788103889,0.49712620487919557,,,,,,,,,,,,,,,,
45.531391741,1082,1.0,0.5713021334479836,0.4971456457067419,,,,,,,,,,,,,,,,
45.535438741,1083,1.0,0.5710425096399644,0.49705652307581016,,,,,,,,,,,,,,,,
45.539381741,1083,1.0,0.5711260963888729,0.4973369457103588,,,,,,,,,,,,,,,,
45.547480741,1083,1.0,0.5704101113712087,0.49729648166232643,,,,,,,,,,,,,,,,
45.551594741,1083,1.0,0.5704733343685374,0.4975012885199652,,,,,,,,,,,,,,,,
45.555512741,1083,1.0,0.570535379297593,0.4976795337818287,,,,,,,,,,,,,,,,
45.560795741,1083,1.0,0.5707670660579905,0.4976855242693866,,,,,,,,,,,,,,,,
45.567405741,1083,1.0,0.5707488901474896,0.4970802024558738,,,,,,,,,,,,,,,,
45.571374741,1083,1.0,0.5707339118508732,0.49697915536385995,,,,,,,,,,,,,,,,
45.575435741,1084,1.0,0.570796012878418,0.49668025264033566,,,,,,,,,,,,,,,,
45.579386741,1084,1.0,0.5707831102259019,0.4966600206163194,,,,,,,,,,,,,,,,
45.587375741,1084,1.0,0.5688737420474782,0.49655411331741894,,,,,,,,,,,,,,,,
45.591600741,1084,1.0,0.568888832541073,0.49652517813223385,,,,,,,,,,,,,,,,
45.596033741,1084,1.0,0.568997719708611,0.4964805320457176,,,,,,,,,,,,,,,,
45.599506741000006,1084,1.0,0.5689830219044405,0.4971703423394097,,,,,,,,,,,,,,,,
45.607407741,1085,1.0,0.5688031701480641,0.4970338044343171,,,,,,,,,,,,,,,,
45.611429741,1085,1.0,0.5687969993142521,0.4975076180917245,,,,,,,,,,,,,,,,
45.615393741000005,1085,1.0,0.5686092937693876,0.4966775399667246,,,,,,,,,,,,,,,,
45.619383741,1085,1.0,0.5685856763054343,0.4967081705729167,,,,,,,,,,,,,,,,
45.628138741,1085,1.0,0.5680133034201229,0.496110760724103,,,,,,,,,,,,,,,,
45.631455741,1085,1.0,0.5680340037626379,0.496336986400463,,,,,,,,,,,,,,,,
45.635389741000004,1085,1.0,0.5679361679974724,0.49630748607494213,,,,,,,,,,,,,,,,
45.640964741000005,1085,1.0,0.5671571843764361,0.49698667173032407,,,,,,,,,,,,,,,,
45.647568741,1086,1.0,0.5676997689639821,0.49704567238136577,,,,,,,,,,,,,,,,
45.651406741,1086,1.0,0.5674776189467486,0.49701860215928817,,,,,,,,,,,,,,,,
45.655395741,1086,1.0,0.5674215765560374,0.49699882224754055,,,,,,,,,,,,,,,,
45.659389741000005,1086,1.0,0.5681359347175149,0.49708218044704866,,,,,,,,,,,,,,,,
45.667517741000005,1086,1.0,0.5680942535400391,0.4971360948350695,,,,,,,,,,,,,,,,
45.671409741000005,1086,1.0,0.5680907193352195,0.49706364384403934,,,,,,,,,,,,,,,,
45.675602741000006,1086,1.0,0.5685850031235639,0.4970061125578704,,,,,,,,,,,,,,,,
45.679368741000005,1086,1.0,0.5686237671796013,0.49705200195312504,,,,,,,,,,,,,,,,
45.687435741,1086,1.0,0.5686459260828355,0.49739362928602426,,,,,,,,,,,,,,,,
45.691409741,1087,1.0,0.5684854283052332,0.49716604727285885,,,,,,,,,,,,,,,,
45.695388741,1087,1.0,0.5674969168270335,0.49697994656032984,,,,,,,,,,,,,,,,
45.699358741000005,1087,1.0,0.5675136341768152,0.49790191650390625,,,,,,,,,,,,,,,,
45.707587741000005,1087,1.0,0.567841417649213,0.49810813621238426,,,,,,,,,,,,,,,,
45.711476741000006,1087,1.0,0.5678861281451058,0.49806269892939814,,,,,,,,,,,,,,,,
45.715455741,1087,1.0,0.5678705888635972,0.49785269278067135,,,,,,,,,,,,,,,,
45.719606741,1087,1.0,0.5677175521850586,0.4980877911603009,,,,,,,,,,,,,,,,
45.727401741,1087,1.0,0.5674230912152458,0.49698938440393514,,,,,,,,,,,,,,,,
45.731439741,1087,1.0,0.5674509721643785,0.49671755190248845,,,,,,,,,,,,,,,,
45.735437741000005,1087,1.0,0.5673289579503676,0.4961848506221065,,,,,,,,,,,,,,,,
45.739385741,1088,1.0,0.5670585071339327,0.49617925573278354,,,,,,,,,,,,,,,,
45.747477741000004,1088,1.0,0.5671327254351448,0.4962692825882523,,,,,,,,,,,,,,,,
45.751442741000005,1088,1.0,0.5667534996481502,0.4962699607566551,,,,,,,,,,,,,,,,
45.755435741,1088,1.0,0.5668123469633215,0.4963086163556134,,,,,,,,,,,,,,,,
45.763417741000005,1088,1.0,0.5668937458711512,0.4967366536458333,,,,,,,,,,,,,,,,
45.767410741000006,1088,1.0,0.5669093973496381,0.49673642758969905,,,,,,,,,,,,,,,,
45.771448741,1088,1.0,0.5669183731079102,0.4967338279441551,,,,,,,,,,,,,,,,
45.775425741,1089,1.0,0.5656779794132009,0.4966293900101273,,,,,,,,,,,,,,,,
45.783410741000004,1089,1.0,0.5668646868537454,0.49767037850839124,,,,,,,,,,,,,,,,
45.787440741000005,1089,1.0,0.5667059842277976,0.49761595549406834,,,,,,,,,,,,,,,,
45.791856741000004,1089,1.0,0.5670322530409869,0.4976446081090856,,,,,,,,,,,,,,,,
45.795488741,1089,1.0,0.5670456044814166,0.49772056297019673,,,,,,,,,,,,,,,,
45.803454741,1089,1.0,0.5670711292940027,0.4977199978298611,,,,,,,,,,,,,,,,
45.807406741,1089,1.0,0.5672249513513902,0.49770892107928244,,,,,,,,,,,,,,,,
45.811434741,1089,1.0,0.5671990338493796,0.4975458215784143,,,,,,,,,,,,,,,,
45.815439741000006,1090,1.0,0.5669312757604262,0.49754390010127314,,,,,,,,,,,,,,,,
45.823396741,1090,1.0,0.5669795765596277,0.4978870533130787,,,,,,,,,,,,,,,,
45.827441741,1090,1.0,0.5669106315164005,0.49778397171585653,,,,,,,,,,,,,,,,
45.831468741,1090,1.0,0.5670095331528607,0.4976105301468461,,,,,,,,,,,,,,,,
45.835456741,1090,1.0,0.567040948306813,0.4975967972366898,,,,,,,,,,,,,,,,
45.843419741000005,1090,1.0,0.5681058659273035,0.49740103262442126,,,,,,,,,,,,,,,,
45.847394741,1090,1.0,0.5680187449735754,0.4973797268337674,,,,,,,,,,,,,,,,
45.851418741,1090,1.0,0.5690202713012695,0.49766077112268514,,,,,,,,,,,,,,,,
45.855391741000005,1090,1.0,0.5686859243056354,0.49770875153718175,,,,,,,,,,,,,,,,
45.863415741000004,1091,1.0,0.5667162502513212,0.49670907479745374,,,,,,,,,,,,,,,,
45.867420741000004,1091,1.0,0.5667163624482996,0.4965563738787616,,,,,,,,,,,,,,,,
45.871437741,1091,1.0,0.567042631261489,0.49660966661241324,,,,,,,,,,,,,,,,
45.875555741,1091,1.0,0.5670629389145795,0.496588134765625,,,,,,,,,,,,,,,,
45.883452741000006,1091,1.0,0.567475206711713,0.496520091869213,,,,,,,,,,,,,,,,
45.887401741000005,1091,1.0,0.566769936505486,0.496446454083478,,,,,,,,,,,,,,,,
45.891411741000006,1091,1.0,0.5663538540110868,0.4961516203703704,,,,,,,,,,,,,,,,
45.895398741,1091,1.0,0.5661604264203239,0.49598761664496527,,,,,,,,,,,,,,,,
45.903389741000005,1092,1.0,0.5650266759535846,0.49598767315899883,,,,,,,,,,,,,,,,
45.907420741,1092,1.0,0.5650691425099093,0.4959760877821181,,,,,,,,,,,,,,,,
45.911421741000005,1092,1.0,0.5651100383085363,0.4957395200376158,,,,,,,,,,,,,,,,
45.915439741,1092,1.0,0.5651657441083122,0.49617230450665506,,,,,,,,,,,,,,,,
45.923426741,1092,1.0,0.5644633349250344,0.49619400589554397,,,,,,,,,,,,,,,,
45.928756741,1092,1.0,0.5646541819852942,0.4963029649522569,,,,,,,,,,,,,,,,
45.931408741000006,1092,1.0,0.5647073072545669,0.496245433666088,,,,,,,,,,,,,,,,
45.935393741000006,1092,1.0,0.5648533316219554,0.49638389304832176,,,,,,,,,,,,,,,,
45.943409741,1093,1.0,0.5675083048203412,0.49626357467086224,,,,,,,,,,,,,,,,
45.947761741,1093,1.0,0.5675252465640798,0.49632082338686345,,,,,,,,,,,,,,,,
45.951403741,1093,1.0,0.5673731074613684,0.4964566831235533,,,,,,,,,,,,,,,,
45.955425741000006,1093,1.0,0.5674492892097024,0.4965540002893518,,,,,,,,,,,,,,,,
45.963402741,1093,1.0,0.56640344507554,0.4961667661313658,,,,,,,,,,,,,,,,
45.967377741,1093,1.0,0.5664146647733801,0.49662204318576386,,,,,,,,,,,,,,,,
45.971390741,1093,1.0,0.5665057687198415,0.4958923904984086,,,,,,,,,,,,,,,,
45.983426741,1094,1.0,0.5666570663452148,0.4958254213686343,,,,,,,,,,,,,,,,
45.987420741,1094,1.0,0.5663860545438879,0.49571408872251155,,,,,,,,,,,,,,,,
45.991388741,1094,1.0,0.5663252998800838,0.4961828161168982,,,,,,,,,,,,,,,,
45.995406741000004,1094,1.0,0.5660768396714154,0.496169591833044,,,,,,,,,,,,,,,,
46.003377741,1094,1.0,0.5661443822524127,0.49616303620515045,,,,,,,,,,,,,,,,
46.007390741,1094,1.0,0.5663179509779986,0.4961929886429398,,,,,,,,,,,,,,,,
46.011404741,1094,1.0,0.566531686221852,0.49615535029658564,,,,,,,,,,,,,,,,
46.015394741,1095,1.0,0.5663415123434627,0.4960861771195023,,,,,,,,,,,,,,,,
46.023395741,1095,1.0,0.5662160200231215,0.49502868652343746,,,,,,,,,,,,,,,,
46.027438741000005,1095,1.0,0.5661565556245691,0.4950742368344907,,,,,,,,,,,,,,,,
46.033112741000004,1095,1.0,0.5661594727460075,0.4947999177155671,,,,,,,,,,,,,,,,
46.035416741000006,1095,1.0,0.5662470424876493,0.49479194923683445,,,,,,,,,,,,,,,,
46.043399741,1095,1.0,0.5666083728565889,0.49470666956018516,,,,,,,,,,,,,,,,
46.047429741,1095,1.0,0.5666208267211914,0.4949898048683449,,,,,,,,,,,,,,,,
46.051442741,1095,1.0,0.5670023525462431,0.4945969758210359,,,,,,,,,,,,,,,,
46.055439741,1095,1.0,0.567100861493279,0.4945307413736979,,,,,,,,,,,,,,,,
46.063838741000005,1096,1.0,0.5669657202327952,0.49567192925347225,,,,,,,,,,,,,,,,
46.067427741,1096,1.0,0.5668834798476275,0.4957171969943577,,,,,,,,,,,,,,,,
46.071419741,1096,1.0,0.5668767480289235,0.4959794221100984,,,,,,,,,,,,,,,,
46.075401741,1096,1.0,0.5668251374188591,0.4958423755787037,,,,,,,,,,,,,,,,
46.083401741,1096,1.0,0.5669217951157514,0.495185625994647,,,,,,,,,,,,,,,,
46.087406741,1096,1.0,0.5673127454869887,0.49540484393084494,,,,,,,,,,,,,,,,
46.091378741,1096,1.0,0.5669833351584042,0.4954139992042824,,,,,,,,,,,,,,,,
46.095379741,1096,1.0,0.5669852986055262,0.49487282081886574,,,,,,,,,,,,,,,,
46.104093741,1097,1.0,0.567210365744198,0.4948433204933449,,,,,,,,,,,,,,,,
46.107373741,1097,1.0,0.5671423743752873,0.49496686017071756,,,,,,,,,,,,,,,,
46.111441741,1097,1.0,0.5671838872572955,0.4949831362123842,,,,,,,,,,,,,,,,
46.115418741000006,1097,1.0,0.5674196692074046,0.4948888142903646,,,,,,,,,,,,,,,,
46.123355741000005,1097,1.0,0.5676366020651424,0.49502981680410885,,,,,,,,,,,,,,,,
46.127402741000004,1097,1.0,0.567812302533318,0.49507604528356486,,,,,,,,,,,,,,,,
46.131421741000004,1097,1.0,0.5679506414076861,0.4954355875651042,,,,,,,,,,,,,,,,
46.135442741000006,1098,1.0,0.5677283230949851,0.49541880289713547,,,,,,,,,,,,,,,,
46.143445741,1098,1.0,0.5677188985487994,0.4950577347366898,,,,,,,,,,,,,,,,
46.147415741,1098,1.0,0.5674885581521427,0.49514759205005787,,,,,,,,,,,,,,,,
46.151464741000005,1098,1.0,0.5673433191636029,0.49515420419198497,,,,,,,,,,,,,,,,
46.155433741,1098,1.0,0.5677546332864201,0.49522173846209494,,,,,,,,,,,,,,,,
46.163483741,1098,1.0,0.5674266815185547,0.4956306740089699,,,,,,,,,,,,,,,,
46.168338741,1099,1.0,0.5678065243889304,0.4957206443504051,,,,,,,,,,,,,,,,
46.171445741,1099,1.0,0.5671362596399644,0.49562287507233793,,,,,,,,,,,,,,,,
46.175433741000006,1099,1.0,0.5671537623685949,0.4955796418366609,,,,,,,,,,,,,,,,
46.184609741,1099,1.0,0.5670751683852252,0.49609301531756367,,,,,,,,,,,,,,,,
46.188849741000006,1099,1.0,0.5666295219870174,0.495942066333912,,,,,,,,,,,,,,,,
46.191535741,1099,1.0,0.5669924231136546,0.4959697582103588,,,,,,,,,,,,,,,,
46.195399741,1099,1.0,0.5670600217931411,0.4959089491102431,,,,,,,,,,,,,,,,
46.203477741,1099,1.0,0.5680787703570198,0.4956620958116319,,,,,,,,,,,,,,,,
46.208656741000006,1100,1.0,0.5681020512300379,0.4957188924153646,,,,,,,,,,,,,,,,
46.211600741000005,1100,1.0,0.5684762842514935,0.4958173963758681,,,,,,,,,,,,,,,,
46.215392741,1100,1.0,0.5683376648846794,0.49587786639178244,,,,,,,,,,,,,,,,
46.223456741,1100,1.0,0.5697090485516716,0.49738198739510997,,,,,,,,,,,,,,,,
46.227576741,1100,1.0,0.5697581347297219,0.49735446506076386,,,,,,,,,,,,,,,,
46.231416741000004,1100,1.0,0.5689388723934398,0.4972863091362847,,,,,,,,,,,,,,,,
46.235363741,1100,1.0,0.5692838220035329,0.497840655291522,,,,,,,,,,,,,,,,
46.243581741,1100,1.0,0.5697231292724609,0.4977463898835359,,,,,,,,,,,,,,,,
46.247444741,1101,1.0,0.5700416564941406,0.4980007595486111,,,,,,,,,,,,,,,,
46.251481741000006,1101,1.0,0.5700562421013328,0.4980099148220486,,,,,,,,,,,,,,,,
46.255429741,1101,1.0,0.5701961517333984,0.497817541051794,,,,,,,,,,,,,,,,
46.264901741,1101,1.0,0.5686686459709617,0.49728890878182874,,,,,,,,,,,,,,,,
46.267419741000005,1101,1.0,0.5685931374044979,0.49717797173394096,,,,,,,,,,,,,,,,
46.271419741,1101,1.0,0.5686216915355009,0.49691919397424766,,,,,,,,,,,,,,,,
46.275414741000006,1101,1.0,0.5686424479765051,0.49698734989872684,,,,,,,,,,,,,,,,
46.283397741,1101,1.0,0.5684958626242245,0.4962848804615162,,,,,,,,,,,,,,,,
46.287417741000006,1102,1.0,0.5685672199024874,0.4963034170645254,,,,,,,,,,,,,,,,
46.291398741,1102,1.0,0.5684785842895508,0.49610765245225696,,,,,,,,,,,,,,,,
46.295385741000004,1102,1.0,0.5684949089499081,0.49609052870008685,,,,,,,,,,,,,,,,
46.303398741,1102,1.0,0.5681918088127585,0.4961110432942708,,,,,,,,,,,,,,,,
46.307410741000005,1102,1.0,0.5689242306877585,0.495660400390625,,,,,,,,,,,,,,,,
46.311442741,1102,1.0,0.5685075872084674,0.4952953762478298,,,,,,,,,,,,,,,,
46.315625741000005,1102,1.0,0.5695412018719841,0.49546192310474535,,,,,,,,,,,,,,,,
46.323387741000005,1102,1.0,0.569458568797392,0.4954591539171007,,,,,,,,,,,,,,,,
46.327407741,1102,1.0,0.5693527109482709,0.4955023871527777,,,,,,,,,,,,,,,,
46.331400741,1103,1.0,0.5689808901618508,0.4952985410337095,,,,,,,,,,,,,,,,
46.335391741,1103,1.0,0.569146100212546,0.4953617802372685,,,,,,,,,,,,,,,,
46.343588741000005,1103,1.0,0.5693060370052562,0.4954414085105613,,,,,,,,,,,,,,,,
46.347901741,1103,1.0,0.5696356156293083,0.4954551979347511,,,,,,,,,,,,,,,,
46.351430741,1103,1.0,0.5699536379645852,0.4954623187029803,,,,,,,,,,,,,,,,
46.355438741,1103,1.0,0.5701639512005974,0.4949276394314236,,,,,,,,,,,,,,,,
46.363413741,1103,1.0,0.5700196097878849,0.49447089301215275,,,,,,,,,,,,,,,,
46.367406741,1103,1.0,0.5702916874605066,0.4945514820240162,,,,,,,,,,,,,,,,
46.371402741000004,1103,1.0,0.5702531477984261,0.4939899585865162,,,,,,,,,,,,,,,,
46.375642741,1104,1.0,0.5702354767743278,0.4937234384042245,,,,,,,,,,,,,,,,
46.383504741,1104,1.0,0.5697762545417336,0.4934611002604167,,,,,,,,,,,,,,,,
46.387409741000006,1104,1.0,0.5697367051068474,0.493425213849103,,,,,,,,,,,,,,,,
46.391439741000006,1104,1.0,0.5696781943826115,0.49340311686197913,,,,,,,,,,,,,,,,
46.395398741,1104,1.0,0.5696217032039866,0.49340967248987266,,,,,,,,,,,,,,,,
46.403396741,1104,1.0,0.5695861367618337,0.49348285816333914,,,,,,,,,,,,,,,,
46.407389741,1104,1.0,0.5693295983707204,0.4934390597873264,,,,,,,,,,,,,,,,
46.411406741,1104,1.0,0.5694609810324276,0.4935722633644387,,,,,,,,,,,,,,,,
46.415380741,1104,1.0,0.5694559321683996,0.4938555682146991,,,,,,,,,,,,,,,,
46.423399741000004,1105,1.0,0.5691636029411765,0.4920565004701968,,,,,,,,,,,,,,,,
46.427396741,1105,1.0,0.5691848081700942,0.4921912299262152,,,,,,,,,,,,,,,,
46.431512741000006,1105,1.0,0.5691234925213982,0.49225582546657987,,,,,,,,,,,,,,,,
46.435582741000005,1105,1.0,0.5689302332261029,0.4920416937934028,,,,,,,,,,,,,,,,
46.443425741000006,1105,1.0,0.5672082901000977,0.49200320773654516,,,,,,,,,,,,,,,,
46.447358741,1105,1.0,0.5672197902903837,0.49187723795572913,,,,,,,,,,,,,,,,
46.451409741000006,1105,1.0,0.5670153112972484,0.49181190773292827,,,,,,,,,,,,,,,,
46.455495741,1105,1.0,0.5678807987886316,0.4924580891927083,,,,,,,,,,,,,,,,
46.463375741,1106,1.0,0.5680301329668831,0.49191764548972805,,,,,,,,,,,,,,,,
46.467428741000006,1106,1.0,0.5680067398968864,0.49233686659071185,,,,,,,,,,,,,,,,
46.471407741,1106,1.0,0.5680123497458065,0.4923817952473958,,,,,,,,,,,,,,,,
46.475433741,1106,1.0,0.5680801728192497,0.49248080783420134,,,,,,,,,,,,,,,,
46.483414741000004,1106,1.0,0.5671618405510398,0.4923094007703993,,,,,,,,,,,,,,,,
46.487377741,1106,1.0,0.5670226041008445,0.49233025444878475,,,,,,,,,,,,,,,,
46.491433741,1106,1.0,0.5661309186150046,0.4922197129991319,,,,,,,,,,,,,,,,
46.496521741,1106,1.0,0.5662261738496668,0.49235998083043986,,,,,,,,,,,,,,,,
46.503411741,1107,1.0,0.5662834504071403,0.4925116644965277,,,,,,,,,,,,,,,,
46.507432741,1107,1.0,0.5667428409352022,0.4929585774739583,,,,,,,,,,,,,,,,
46.511416741000005,1107,1.0,0.5656243492575252,0.4928212483723958,,,,,,,,,,,,,,,,
46.516266741,1107,1.0,0.5657272899852079,0.4928275779441551,,,,,,,,,,,,,,,,
46.523420741,1107,1.0,0.5654879738302792,0.4928428367332176,,,,,,,,,,,,,,,,
46.527370741000006,1107,1.0,0.5659692427691292,0.4928986725983796,,,,,,,,,,,,,,,,
46.531397741000006,1107,1.0,0.5664397407980526,0.49271488896122684,,,,,,,,,,,,,,,,
46.539357741,1108,1.0,0.5666643591488109,0.4928267867476852,,,,,,,,,,,,,,,,
46.543387741000004,1108,1.0,0.5665257397819968,0.49287516276041665,,,,,,,,,,,,,,,,
46.547449741,1108,1.0,0.5667007109698128,0.4928207962601273,,,,,,,,,,,,,,,,
46.551452741000006,1108,1.0,0.5668631160960478,0.49284057617187504,,,,,,,,,,,,,,,,
46.559415741,1108,1.0,0.5667756024528953,0.49292579933449077,,,,,,,,,,,,,,,,
46.563441741000005,1108,1.0,0.5665832407334271,0.49259078414351853,,,,,,,,,,,,,,,,
46.567403741,1108,1.0,0.5666981865377987,0.4926527800383391,,,,,,,,,,,,,,,,
46.571405741,1108,1.0,0.5665605769437903,0.4928991247106481,,,,,,,,,,,,,,,,
46.579487741,1109,1.0,0.566516259137322,0.4924577501085069,,,,,,,,,,,,,,,,
46.583362741,1109,1.0,0.5660057067871094,0.492466057671441,,,,,,,,,,,,,,,,
46.587422741000005,1109,1.0,0.566037795122932,0.49233262803819444,,,,,,,,,,,,,,,,
46.591401741000006,1109,1.0,0.5663660834817326,0.4924016316731771,,,,,,,,,,,,,,,,
46.599776741,1109,1.0,0.5663950864006492,0.49221920437282984,,,,,,,,,,,,,,,,
46.603377741,1109,1.0,0.5663306853350472,0.492244240089699,,,,,,,,,,,,,,,,
46.607388741,1109,1.0,0.5663142484777114,0.49186717845775463,,,,,,,,,,,,,,,,
46.611432741,1109,1.0,0.5663288340849035,0.4917187726056135,,,,,,,,,,,,,,,,
46.619369741,1110,1.0,0.5663587345796472,0.4917513246889468,,,,,,,,,,,,,,,,
46.623376741,1110,1.0,0.5663687762092141,0.4910794293438947,,,,,,,,,,,,,,,,
46.627415741,1110,1.0,0.5664858537561753,0.4911275227864583,,,,,,,,,,,,,,,,
46.631401741000005,1110,1.0,0.5658900317023782,0.4911037868923611,,,,,,,,,,,,,,,,
46.639724741,1110,1.0,0.565491003148696,0.49176477502893523,,,,,,,,,,,,,,,,
46.643437741,1110,1.0,0.5648103601792279,0.4917024965639467,,,,,,,,,,,,,,,,
46.647387741,1110,1.0,0.5645498387953815,0.491836095739294,,,,,,,,,,,,,,,,
46.651407741,1110,1.0,0.564603468951057,0.49187848126446754,,,,,,,,,,,,,,,,
46.659378741000005,1111,1.0,0.5645353653851677,0.49175985830801505,,,,,,,,,,,,,,,,
46.663381741,1111,1.0,0.5650920867919922,0.49182705349392364,,,,,,,,,,,,,,,,
46.667416741000004,1111,1.0,0.5649684457217946,0.49181021231192135,,,,,,,,,,,,,,,,
46.671445741,1111,1.0,0.5650078829597024,0.4915812174479167,,,,,,,,,,,,,,,,
46.679421741000006,1111,1.0,0.5650632521685433,0.49110282615379053,,,,,,,,,,,,,,,,
46.683418741000004,1111,1.0,0.5650737425860237,0.4911395037615741,,,,,,,,,,,,,,,,
46.687405741000006,1111,1.0,0.5649836484123679,0.4911732991536458,,,,,,,,,,,,,,,,
46.691408741000004,1111,1.0,0.5650153440587661,0.49110627350983793,,,,,,,,,,,,,,,,
46.699404741,1112,1.0,0.5651566561530618,0.49123631230107057,,,,,,,,,,,,,,,,
46.703385741000005,1112,1.0,0.5671748554005343,0.4911933051215278,,,,,,,,,,,,,,,,
46.707447741,1112,1.0,0.5670476240270278,0.4910869457103588,,,,,,,,,,,,,,,,
46.711595741000004,1112,1.0,0.5670505411484662,0.49087185329861116,,,,,,,,,,,,,,,,
46.719420741,1112,1.0,0.5669370539048139,0.49107383445457176,,,,,,,,,,,,,,,,
46.723515741,1112,1.0,0.567141196307014,0.4910260800962095,,,,,,,,,,,,,,,,
46.727402741000006,1112,1.0,0.5671026566449333,0.4912831624348958,,,,,,,,,,,,,,,,
46.731398741,1112,1.0,0.5669297611012178,0.4917401349103009,,,,,,,,,,,,,,,,
46.739416741,1113,1.0,0.5671121933880974,0.4922199390552662,,,,,,,,,,,,,,,,
46.743449741000006,1113,1.0,0.5670536265653723,0.4921693024811922,,,,,,,,,,,,,,,,
46.747412741000005,1113,1.0,0.567045155693503,0.49230459707754626,,,,,,,,,,,,,,,,
46.751377741000006,1113,1.0,0.5664263893576229,0.4923676102249711,,,,,,,,,,,,,,,,
46.759408741,1113,1.0,0.5647719888126149,0.49097629123263886,,,,,,,,,,,,,,,,
46.763401741,1113,1.0,0.5649668749640969,0.49128903989438655,,,,,,,,,,,,,,,,
46.767410741000006,1114,1.0,0.5648012161254883,0.4916501645688658,,,,,,,,,,,,,,,,
46.771486741000004,1114,1.0,0.5639648998484892,0.49188379358362266,,,,,,,,,,,,,,,,
46.779560741000004,1114,1.0,0.564005459056181,0.4912716335720486,,,,,,,,,,,,,,,,
46.783722741000005,1114,1.0,0.566383866702809,0.4914333767361111,,,,,,,,,,,,,,,,
46.787455741,1114,1.0,0.5664925855748794,0.49159466778790506,,,,,,,,,,,,,,,,
46.791570741,1114,1.0,0.5662347008200252,0.49161591706452545,,,,,,,,,,,,,,,,
46.799633741,1114,1.0,0.5662135516895968,0.4916904025607639,,,,,,,,,,,,,,,,
46.803392741,1114,1.0,0.5661805096794578,0.49171374285662617,,,,,,,,,,,,,,,,
46.807483741000006,1115,1.0,0.5663386513205135,0.4916353578920718,,,,,,,,,,,,,,,,
46.811548741,1115,1.0,0.5663497588213753,0.4918857715747974,,,,,,,,,,,,,,,,
46.819404741,1115,1.0,0.566216412712546,0.4921074761284723,,,,,,,,,,,,,,,,
46.823425741,1115,1.0,0.5664448457605699,0.49216772008825227,,,,,,,,,,,,,,,,
46.827425741000006,1115,1.0,0.5664311016307157,0.492176988389757,,,,,,,,,,,,,,,,
46.831446741,1115,1.0,0.5664322236004997,0.49207859745732063,,,,,,,,,,,,,,,,
46.839559741,1115,1.0,0.5664246503044578,0.4928101716218172,,,,,,,,,,,,,,,,
46.843436741000005,1115,1.0,0.5663759007173426,0.4927261352539063,,,,,,,,,,,,,,,,
46.847407741000005,1115,1.0,0.5665450937607709,0.4928571912977431,,,,,,,,,,,,,,,,
46.851372741000006,1116,1.0,0.566108928007238,0.4926257098162615,,,,,,,,,,,,,,,,
46.859498741,1116,1.0,0.565422394696404,0.4920115152994792,,,,,,,,,,,,,,,,
46.864403741000004,1116,1.0,0.5654080895816579,0.49195731834129053,,,,,,,,,,,,,,,,
46.867432741,1116,1.0,0.5653153587790096,0.4918828328450521,,,,,,,,,,,,,,,,
46.871468741,1116,1.0,0.5652362038107479,0.4915735315393519,,,,,,,,,,,,,,,,
46.879435741,1116,1.0,0.5649449404548196,0.49084653501157405,,,,,,,,,,,,,,,,
46.883496741,1116,1.0,0.5646391475901884,0.4898909957320602,,,,,,,,,,,,,,,,
46.887452741000004,1116,1.0,0.5651518877814797,0.4892974853515625,,,,,,,,,,,,,,,,
46.891381741000004,1117,1.0,0.5650625789866728,0.4857841209129051,,,,,,,,,,,,,,,,
46.899383741,1117,1.0,0.5666298024794635,0.48420800103081596,,,,,,,,,,,,,,,,
46.903380741,1117,1.0,0.5666196486529183,0.4842954282407408,,,,,,,,,,,,,,,,
46.907403741,1117,1.0,0.5666254828957951,0.48295791060836224,,,,,,,,,,,,,,,,
46.911406741,1117,1.0,0.5667368944953469,0.4827888771339699,,,,,,,,,,,,,,,,
46.919375741,1117,1.0,0.5665033003863167,0.4806942975079572,,,,,,,,,,,,,,,,
46.923349741,1117,1.0,0.5666110094855813,0.4807146425600405,,,,,,,,,,,,,,,,
46.927411741,1117,1.0,0.5673315384808708,0.480865478515625,,,,,,,,,,,,,,,,
46.931448741000004,1118,1.0,0.5676435021793141,0.4805738661024306,,,,,,,,,,,,,,,,
46.939469741,1118,1.0,0.5688887764425838,0.4809006867585359,,,,,,,,,,,,,,,,
46.943442741000005,1118,1.0,0.5689795437981101,0.4807871500651042,,,,,,,,,,,,,,,,
46.947444741000005,1118,1.0,0.5695063086117015,0.4805543122468171,,,,,,,,,,,,,,,,
46.951407741000004,1118,1.0,0.5694728178136489,0.47985235143590854,,,,,,,,,,,,,,,,
46.959405741000005,1118,1.0,0.5692406822653377,0.47990016230830435,,,,,,,,,,,,,,,,
46.963463741000005,1118,1.0,0.5690683477065143,0.48004975495515045,,,,,,,,,,,,,,,,
46.967438741,1118,1.0,0.5682384827557732,0.47973039415147567,,,,,,,,,,,,,,,,
46.971398741,1118,1.0,0.568204543169807,0.48000149197048614,,,,,,,,,,,,,,,,
46.979451741000005,1119,1.0,0.5681753158569336,0.4803389372649016,,,,,,,,,,,,,,,,
46.983445741000004,1119,1.0,0.5681839550242704,0.4804595947265625,,,,,,,,,,,,,,,,
46.987383741,1119,1.0,0.5683370478012982,0.48063009756582753,,,,,,,,,,,,,,,,
46.991465741000006,1119,1.0,0.5677367939668543,0.48061116536458337,,,,,,,,,,,,,,,,
46.999423741,1119,1.0,0.5680749556597542,0.4809725726092303,,,,,,,,,,,,,,,,
47.003391741,1119,1.0,0.5674962997436523,0.48108786123770253,,,,,,,,,,,,,,,,
47.007419741,1119,1.0,0.5671622332404641,0.48091809308087385,,,,,,,,,,,,,,,,
47.011413741000005,1119,1.0,0.5671274521771599,0.4806311148184317,,,,,,,,,,,,,,,,
47.020095741000006,1120,1.0,0.5683878169340246,0.4809175279405382,,,,,,,,,,,,,,,,
47.023436741000005,1120,1.0,0.5683150571935317,0.48104536268446185,,,,,,,,,,,,,,,,
47.027405741,1120,1.0,0.5679610196281882,0.4800361915870949,,,,,,,,,,,,,,,,
47.031442741000006,1120,1.0,0.5674030640546013,0.47977650960286455,,,,,,,,,,,,,,,,
47.039380741,1120,1.0,0.5679775125840131,0.47993836579499416,,,,,,,,,,,,,,,,
47.043438741,1120,1.0,0.5677912095013786,0.48008134629991317,,,,,,,,,,,,,,,,
47.047422741000005,1120,1.0,0.5670752244837144,0.4799847073025174,,,,,,,,,,,,,,,,
47.051402741000004,1120,1.0,0.5670775245217716,0.4800199155454282,,,,,,,,,,,,,,,,
47.059422741000006,1121,1.0,0.5667910295374253,0.47989908854166663,,,,,,,,,,,,,,,,
47.063423741,1121,1.0,0.5673515095430262,0.48002178050853583,,,,,,,,,,,,,,,,
47.067807741,1121,1.0,0.5667497410493738,0.4801662303783275,,,,,,,,,,,,,,,,
47.071452741,1121,1.0,0.5671215057373047,0.48023885091145835,,,,,,,,,,,,,,,,
47.079633741,1121,1.0,0.5662633110495174,0.4802673904984086,,,,,,,,,,,,,,,,
47.083412741000004,1121,1.0,0.5656366909251493,0.48036928530092593,,,,,,,,,,,,,,,,
47.087417741,1121,1.0,0.56574888790355,0.48111979166666663,,,,,,,,,,,,,,,,
47.091420741,1121,1.0,0.5657308241900276,0.48119416413483795,,,,,,,,,,,,,,,,
47.099415741,1122,1.0,0.5645225188311409,0.480824449327257,,,,,,,,,,,,,,,,
47.10342974100001,1122,1.0,0.5644716935999253,0.4812358149775753,,,,,,,,,,,,,,,,
47.107497741,1122,1.0,0.5645093356861788,0.48158411096643516,,,,,,,,,,,,,,,,
47.111437741,1122,1.0,0.5643527648028206,0.4820938675491898,,,,,,,,,,,,,,,,
47.119407741,1122,1.0,0.5632722518023323,0.4819819132486979,,,,,,,,,,,,,,,,
47.123520741,1122,1.0,0.5631544449750114,0.48232161910445603,,,,,,,,,,,,,,,,
47.127391741000004,1122,1.0,0.5622901916503906,0.4826444837782118,,,,,,,,,,,,,,,,
47.131366741,1122,1.0,0.5626769907334271,0.48271721733940975,,,,,,,,,,,,,,,,
47.139382741000006,1123,1.0,0.5629158581004423,0.4826677110460069,,,,,,,,,,,,,,,,
47.143451741,1123,1.0,0.5625936283784754,0.4828063399703414,,,,,,,,,,,,,,,,
47.147405741,1123,1.0,0.5619970770443187,0.48303589997468166,,,,,,,,,,,,,,,,
47.151813741000005,1123,1.0,0.5619421005249023,0.4830906055591725,,,,,,,,,,,,,,,,
47.159776741,1123,1.0,0.5630605361040901,0.4830108642578125,,,,,,,,,,,,,,,,
47.163422741000005,1123,1.0,0.5628650328692268,0.4831429375542535,,,,,,,,,,,,,,,,
47.167409741,1123,1.0,0.5626240898581112,0.48376204879195606,,,,,,,,,,,,,,,,
47.171427741,1123,1.0,0.5628488204058479,0.4838216145833333,,,,,,,,,,,,,,,,
47.179471741,1124,1.0,0.5629588295431698,0.48420568395543984,,,,,,,,,,,,,,,,
47.183391741,1124,1.0,0.5623393339269301,0.48389463071469907,,,,,,,,,,,,,,,,
47.187404741,1124,1.0,0.5619644277236041,0.48390565095124416,,,,,,,,,,,,,,,,
47.191440741,1124,1.0,0.5620050430297852,0.4838898835358796,,,,,,,,,,,,,,,,
47.199475741,1124,1.0,0.5620942396276137,0.484075927734375,,,,,,,,,,,,,,,,
47.203446741,1124,1.0,0.5621288523954504,0.48406801576967595,,,,,,,,,,,,,,,,
47.207388741,1124,1.0,0.5623437096090877,0.4840664898907697,,,,,,,,,,,,,,,,
47.211435741,1124,1.0,0.5619521982529584,0.48419229012948495,,,,,,,,,,,,,,,,
47.219446741000006,1125,1.0,0.5622081195606905,0.48421512179904513,,,,,,,,,,,,,,,,
47.223403741000006,1125,1.0,0.5622137855080998,0.4843308060257523,,,,,,,,,,,,,,,,
47.227455741,1125,1.0,0.5623419144574333,0.4843197857892072,,,,,,,,,,,,,,,,
47.231478741000004,1125,1.0,0.562129301183364,0.48435103804976853,,,,,,,,,,,,,,,,
47.239393741,1125,1.0,0.5608700583962833,0.4847017076280382,,,,,,,,,,,,,,,,
47.243380741,1125,1.0,0.5609534207512351,0.4849321718569155,,,,,,,,,,,,,,,,
47.247375741000006,1125,1.0,0.5611226137946633,0.48491696958188657,,,,,,,,,,,,,,,,
47.251409741,1126,1.0,0.5600160710951861,0.48486068160445606,,,,,,,,,,,,,,,,
47.259359741000004,1126,1.0,0.560197157018325,0.48544678864655666,,,,,,,,,,,,,,,,
47.263415741,1126,1.0,0.5602887097527,0.48543141682942703,,,,,,,,,,,,,,,,
47.267423741,1126,1.0,0.5603311202105354,0.4851638793945312,,,,,,,,,,,,,,,,
47.271603741,1126,1.0,0.5604193070355583,0.48483298972800926,,,,,,,,,,,,,,,,
47.279414741000004,1126,1.0,0.5614098380593693,0.4848883169668692,,,,,,,,,,,,,,,,
47.283403741,1126,1.0,0.5616175707648782,0.4852871930157697,,,,,,,,,,,,,,,,
47.287369741000006,1126,1.0,0.5618633943445542,0.4852645874023438,,,,,,,,,,,,,,,,
47.291373741,1126,1.0,0.5621728336109835,0.48527470341435186,,,,,,,,,,,,,,,,
47.299383741,1127,1.0,0.5622593374813304,0.4854216964156539,,,,,,,,,,,,,,,,
47.303403741000004,1127,1.0,0.5622655083151424,0.48547436749493633,,,,,,,,,,,,,,,,
47.307401741,1127,1.0,0.5623019723331227,0.4858566849320023,,,,,,,,,,,,,,,,
47.315432741,1127,1.0,0.5610025069292854,0.4853130199291088,,,,,,,,,,,,,,,,
47.319408741000004,1127,1.0,0.5616015265969669,0.4853318956163194,,,,,,,,,,,,,,,,
47.323384741000005,1127,1.0,0.5619542738970589,0.4852746469003183,,,,,,,,,,,,,,,,
47.327406741000004,1127,1.0,0.5620141309850356,0.485622321234809,,,,,,,,,,,,,,,,
47.335484741,1127,1.0,0.5620967640596277,0.48570257116247106,,,,,,,,,,,,,,,,
47.339367741000004,1128,1.0,0.5637004515703987,0.48512844509548614,,,,,,,,,,,,,,,,
47.343407741,1128,1.0,0.5654326046214384,0.48737634729456014,,,,,,,,,,,,,,,,
47.347419741,1128,1.0,0.5671205520629883,0.4910319575557003,,,,,,,,,,,,,,,,
47.355420741,1128,1.0,0.5723035475786995,0.4945815474898727,,,,,,,,,,,,,,,,
47.359448741,1128,1.0,0.5724661210004021,0.49455521195023144,,,,,,,,,,,,,,,,
47.363421741,1128,1.0,0.5731956257539637,0.4942730373806423,,,,,,,,,,,,,,,,
47.367423741,1128,1.0,0.5736339232500862,0.49454328748914933,,,,,,,,,,,,,,,,
47.375396741,1129,1.0,0.574346149668974,0.4949781629774306,,,,,,,,,,,,,,,,
47.379483741,1129,1.0,0.5741048700669232,0.49552906177662037,,,,,,,,,,,,,,,,
47.383742741000006,1129,1.0,0.57597474490895,0.49546836570457176,,,,,,,,,,,,,,,,
47.387436741,1129,1.0,0.5765456031350529,0.4954475685402199,,,,,,,,,,,,,,,,
47.395429741,1129,1.0,0.5773731119492475,0.495326911078559,,,,,,,,,,,,,,,,
47.399734741,1129,1.0,0.5782638437607709,0.4951718930844907,,,,,,,,,,,,,,,,
47.403422741,1129,1.0,0.5781715056475472,0.4952828301323785,,,,,,,,,,,,,,,,
47.407432741,1129,1.0,0.5779588923734778,0.49558241102430556,,,,,,,,,,,,,,,,
47.415387741,1130,1.0,0.5779043085434857,0.4952084576642072,,,,,,,,,,,,,,,,
47.419368741,1130,1.0,0.5790441176470589,0.495223546911169,,,,,,,,,,,,,,,,
47.423418741000006,1130,1.0,0.580169397241929,0.4951460096571181,,,,,,,,,,,,,,,,
47.427461741,1130,1.0,0.5797702564912683,0.49498245804398144,,,,,,,,,,,,,,,,
47.435464741000004,1130,1.0,0.5789337158203125,0.4950512921368634,,,,,,,,,,,,,,,,
47.439568741,1130,1.0,0.5793967527501723,0.49521484375,,,,,,,,,,,,,,,,
47.443478741,1130,1.0,0.5794855566585765,0.4957849573206019,,,,,,,,,,,,,,,,
47.447502741,1131,1.0,0.5791059381821576,0.49617513020833337,,,,,,,,,,,,,,,,
47.456158741,1131,1.0,0.5802756477804745,0.49622927065248845,,,,,,,,,,,,,,,,
47.459666741,1131,1.0,0.5804054596844841,0.4962099993670428,,,,,,,,,,,,,,,,
47.463674741000005,1131,1.0,0.5800185484044692,0.49655456542968746,,,,,,,,,,,,,,,,
47.467434741000005,1131,1.0,0.5797338485717773,0.4963723641854746,,,,,,,,,,,,,,,,
47.475464741,1131,1.0,0.5791175505694222,0.4965816921657986,,,,,,,,,,,,,,,,
47.479404741,1131,1.0,0.5788598902085248,0.49640655517578125,,,,,,,,,,,,,,,,
47.483411741000005,1131,1.0,0.5789448233211741,0.4962728994864004,,,,,,,,,,,,,,,,
47.487400741,1132,1.0,0.5798149108886719,0.49611539487485534,,,,,,,,,,,,,,,,
47.495393741,1132,1.0,0.579492400674259,0.4962239583333333,,,,,,,,,,,,,,,,
47.499372741,1132,1.0,0.5797694711124196,0.49624780725549766,,,,,,,,,,,,,,,,
47.503428741,1132,1.0,0.5799038269940544,0.49611505579065396,,,,,,,,,,,,,,,,
47.507423741000004,1132,1.0,0.5796896990607766,0.49613500524450227,,,,,,,,,,,,,,,,
47.515421741000004,1132,1.0,0.5799729964312386,0.4965823703342014,,,,,,,,,,,,,,,,
47.519359741,1132,1.0,0.5802165199728573,0.496552417896412,,,,,,,,,,,,,,,,
47.523393741,1132,1.0,0.5799894893870634,0.496817864312066,,,,,,,,,,,,,,,,
47.527392741,1132,1.0,0.5797966227811926,0.4968284889503761,,,,,,,,,,,,,,,,
47.535435741,1133,1.0,0.5794579562018899,0.496584235297309,,,,,,,,,,,,,,,,
47.539437741,1133,1.0,0.5796936820535099,0.4965905083550347,,,,,,,,,,,,,,,,
47.543423741000005,1133,1.0,0.5795392990112305,0.4964857878508391,,,,,,,,,,,,,,,,
47.547493741000004,1133,1.0,0.5794506072998047,0.4961305971498843,,,,,,,,,,,,,,,,
47.555418741000004,1133,1.0,0.5784933987785789,0.495999993218316,,,,,,,,,,,,,,,,
47.559513741,1133,1.0,0.5783725626328412,0.49620140923394096,,,,,,,,,,,,,,,,
47.563441741000005,1133,1.0,0.5782566631541532,0.4968066180193865,,,,,,,,,,,,,,,,
47.567401741000005,1133,1.0,0.5782506045173196,0.4969754254376447,,,,,,,,,,,,,,,,
47.575445741,1134,1.0,0.5785038891960593,0.49733671965422455,,,,,,,,,,,,,,,,
47.579450741,1134,1.0,0.5783932068768669,0.4972831443504051,,,,,,,,,,,,,,,,
47.583452741,1134,1.0,0.5782914442174575,0.49718447084780093,,,,,,,,,,,,,,,,
47.587446741,1134,1.0,0.5781992183012121,0.4971594916449653,,,,,,,,,,,,,,,,
47.595425741,1134,1.0,0.5776647679946002,0.4971369990596065,,,,,,,,,,,,,,,,
47.600219741000004,1134,1.0,0.5779434652889476,0.49702905725549773,,,,,,,,,,,,,,,,
47.603425741,1134,1.0,0.5778606078203987,0.4969635009765625,,,,,,,,,,,,,,,,
47.607457741000005,1134,1.0,0.5781573688282686,0.49706505669487844,,,,,,,,,,,,,,,,
47.615435741000006,1134,1.0,0.578543550827924,0.4980456316912616,,,,,,,,,,,,,,,,
47.619401741000004,1135,1.0,0.5778860765344956,0.4979663425021701,,,,,,,,,,,,,,,,
47.623439741000006,1135,1.0,0.5779403237735524,0.4982371012369792,,,,,,,,,,,,,,,,
47.627423741,1135,1.0,0.5773241379681755,0.4981215865523727,,,,,,,,,,,,,,,,
47.635616741,1135,1.0,0.576937058392693,0.498280504014757,,,,,,,,,,,,,,,,
47.639438741000006,1135,1.0,0.577609567081227,0.49818770797164347,,,,,,,,,,,,,,,,
47.643402741,1135,1.0,0.5776752584120807,0.4981050844545718,,,,,,,,,,,,,,,,
47.647497741,1135,1.0,0.5778986986945657,0.4980050546151621,,,,,,,,,,,,,,,,
47.655424741000004,1135,1.0,0.5776780072380515,0.4978552924262153,,,,,,,,,,,,,,,,
47.659440741000004,1136,1.0,0.5777737112606273,0.4978031864872685,,,,,,,,,,,,,,,,
47.663722741,1136,1.0,0.5778466953950769,0.4976372612847222,,,,,,,,,,,,,,,,
47.667407741000005,1136,1.0,0.5779901953304515,0.4974268030237269,,,,,,,,,,,,,,,,
47.675417741000004,1136,1.0,0.5784309611600988,0.49746054190176503,,,,,,,,,,,,,,,,
47.679611741,1136,1.0,0.5782965491799748,0.4967489737051505,,,,,,,,,,,,,,,,
47.683400741,1136,1.0,0.5780151591581457,0.49663798014322913,,,,,,,,,,,,,,,,
47.687412741,1136,1.0,0.5772294998168945,0.4965935601128473,,,,,,,,,,,,,,,,
47.695370741000005,1137,1.0,0.5769237069522634,0.49626843487774885,,,,,,,,,,,,,,,,
47.699434741000005,1137,1.0,0.5769868177526137,0.4963943481445312,,,,,,,,,,,,,,,,
47.703419741000005,1137,1.0,0.5764963486615349,0.49668217411747684,,,,,,,,,,,,,,,,
47.707392741,1137,1.0,0.5761334475348977,0.4965471055772569,,,,,,,,,,,,,,,,
47.715431741,1137,1.0,0.5760683171889361,0.49707087764033564,,,,,,,,,,,,,,,,
47.719380741,1137,1.0,0.5761588601505055,0.49726359049479163,,,,,,,,,,,,,,,,
47.723405741,1137,1.0,0.5762833987965303,0.49670150191695606,,,,,,,,,,,,,,,,
47.727425741000005,1137,1.0,0.5764875972972197,0.49694027370876737,,,,,,,,,,,,,,,,
47.735391741,1138,1.0,0.5765857135548311,0.49662000868055556,,,,,,,,,,,,,,,,
47.739379741,1138,1.0,0.5766493853400735,0.49664894386574077,,,,,,,,,,,,,,,,
47.743383741,1138,1.0,0.5765845354865579,0.4967842949761285,,,,,,,,,,,,,,,,
47.747381741000005,1138,1.0,0.57661174325382,0.4969359221281828,,,,,,,,,,,,,,,,
47.755412741,1138,1.0,0.5764980316162109,0.4971832275390625,,,,,,,,,,,,,,,,
47.759489741,1138,1.0,0.5765015097225413,0.4971728289568865,,,,,,,,,,,,,,,,
47.763442741000006,1138,1.0,0.576626833747415,0.49741538718894673,,,,,,,,,,,,,,,,
47.767427741000006,1138,1.0,0.5766718247357536,0.49747483995225694,,,,,,,,,,,,,,,,
47.775407741,1138,1.0,0.5766578562119428,0.4973990546332465,,,,,,,,,,,,,,,,
47.779519741,1139,1.0,0.5765868355246151,0.49730337637442135,,,,,,,,,,,,,,,,
47.783388741,1139,1.0,0.5764003080480239,0.4972674334490741,,,,,,,,,,,,,,,,
47.787417741000006,1139,1.0,0.5784897523767808,0.4970817848488137,,,,,,,,,,,,,,,,
47.79546074100001,1139,1.0,0.5768580717198989,0.4959439878110532,,,,,,,,,,,,,,,,
47.799383741,1139,1.0,0.576928924111759,0.49577557599103006,,,,,,,,,,,,,,,,
47.803390741,1139,1.0,0.5772072848151711,0.4957009774667246,,,,,,,,,,,,,,,,
47.807465741,1139,1.0,0.5771853503058938,0.4951178091543692,,,,,,,,,,,,,,,,
47.815438741,1139,1.0,0.5767946243286133,0.49558161982783566,,,,,,,,,,,,,,,,
47.819396741000006,1140,1.0,0.5768246370203355,0.49555991843894676,,,,,,,,,,,,,,,,
47.823390741000004,1140,1.0,0.5770306306726792,0.495234058521412,,,,,,,,,,,,,,,,
47.827398741,1140,1.0,0.5770224963917452,0.4956040558991609,,,,,,,,,,,,,,,,
47.836262741000006,1140,1.0,0.577411034527947,0.49560648600260415,,,,,,,,,,,,,,,,
47.839416741,1140,1.0,0.5777250738704905,0.49578846119068287,,,,,,,,,,,,,,,,
47.843394741000004,1140,1.0,0.5776937709135168,0.49565350567853006,,,,,,,,,,,,,,,,
47.847451741,1140,1.0,0.5774598963120404,0.4957053855613426,,,,,,,,,,,,,,,,
47.855392741,1140,1.0,0.5781310586368337,0.49570120352285885,,,,,,,,,,,,,,,,
47.859366741,1141,1.0,0.5784491370705998,0.4968138518156828,,,,,,,,,,,,,,,,
47.863405741,1141,1.0,0.578466022715849,0.4965892650462963,,,,,,,,,,,,,,,,
47.867394741000005,1141,1.0,0.5789261986227596,0.4964027122214988,,,,,,,,,,,,,,,,
47.875462741,1141,1.0,0.5786605722763959,0.4963119506835938,,,,,,,,,,,,,,,,
47.879490741000005,1141,1.0,0.5787431492524988,0.49650596336082176,,,,,,,,,,,,,,,,
47.883410741000006,1141,1.0,0.5790603301104378,0.496459056712963,,,,,,,,,,,,,,,,
47.887394741,1141,1.0,0.5790054657879997,0.49627583821614585,,,,,,,,,,,,,,,,
47.895524741,1141,1.0,0.578922383925494,0.4962200588650174,,,,,,,,,,,,,,,,
47.899399741,1142,1.0,0.5788223603192497,0.49616569236472796,,,,,,,,,,,,,,,,
47.903623741000004,1142,1.0,0.579351032481474,0.4963571053964121,,,,,,,,,,,,,,,,
47.907490741000004,1142,1.0,0.5793176538803998,0.49634738498263886,,,,,,,,,,,,,,,,
47.915481741,1142,1.0,0.5790884354535271,0.49667539243344905,,,,,,,,,,,,,,,,
47.919463741,1142,1.0,0.5789435330559226,0.49667934841579864,,,,,,,,,,,,,,,,
47.923409741,1142,1.0,0.579136006972369,0.49686527958622684,,,,,,,,,,,,,,,,
47.927421741,1142,1.0,0.5789642894969267,0.49669726336443865,,,,,,,,,,,,,,,,
47.935391741000004,1142,1.0,0.5771426032571232,0.4963701601381655,,,,,,,,,,,,,,,,
47.939384741000005,1143,1.0,0.5769583197200999,0.49631844979745365,,,,,,,,,,,,,,,,
47.943531741,1143,1.0,0.5769719516529757,0.49646414297598385,,,,,,,,,,,,,,,,
47.947399741000005,1143,1.0,0.5769827786613914,0.4966751663773148,,,,,,,,,,,,,,,,
47.955445741000005,1143,1.0,0.5768752378575942,0.49659079092520253,,,,,,,,,,,,,,,,
47.959427741000006,1143,1.0,0.5769332997939166,0.49642040111400465,,,,,,,,,,,,,,,,
47.964316741000005,1143,1.0,0.5769349266501034,0.49701718930844907,,,,,,,,,,,,,,,,
47.967385741,1143,1.0,0.5768367542940027,0.4969976354528356,,,,,,,,,,,,,,,,
47.975403741,1144,1.0,0.5769575904397404,0.49674196596498843,,,,,,,,,,,,,,,,
47.979384741000004,1144,1.0,0.5769688101375804,0.49633212619357636,,,,,,,,,,,,,,,,
47.983422741000005,1144,1.0,0.5769627515007468,0.49630194769965275,,,,,,,,,,,,,,,,
47.987395741,1144,1.0,0.5770184012020335,0.49621966326678246,,,,,,,,,,,,,,,,
47.99543374100001,1144,1.0,0.5772018432617188,0.49551662868923607,,,,,,,,,,,,,,,,
47.999557741000004,1144,1.0,0.5776566337136662,0.4955864800347223,,,,,,,,,,,,,,,,
48.003693741000006,1144,1.0,0.5780823090497185,0.4957011470088253,,,,,,,,,,,,,,,,
48.007513741000004,1145,1.0,0.5780277252197266,0.4953616672092014,,,,,,,,,,,,,,,,
48.015367741000006,1145,1.0,0.578497381771312,0.4968582718460648,,,,,,,,,,,,,,,,
48.019807741,1145,1.0,0.5784798790426815,0.4974244294343171,,,,,,,,,,,,,,,,
48.023440741,1145,1.0,0.5777826870188993,0.4973926685474537,,,,,,,,,,,,,,,,
48.027552741,1145,1.0,0.5758141349343693,0.49733372441044565,,,,,,,,,,,,,,,,
48.035631741,1145,1.0,0.5723600948558134,0.49731140136718754,,,,,,,,,,,,,,,,
48.039407741000005,1145,1.0,0.5704733904670266,0.4972557915581597,,,,,,,,,,,,,,,,
48.043482741000005,1145,1.0,0.570072286269244,0.4972378200954861,,,,,,,,,,,,,,,,
48.047364741,1146,1.0,0.5696504817289465,0.4972156665943287,,,,,,,,,,,,,,,,
48.055487741,1146,1.0,0.5684329762178308,0.49789779097945597,,,,,,,,,,,,,,,,
48.059688741,1146,1.0,0.5678804060992073,0.49803800229673034,,,,,,,,,,,,,,,,
48.063442741,1146,1.0,0.5669707129983341,0.4981263337311921,,,,,,,,,,,,,,,,
48.067425741,1146,1.0,0.5669196072746726,0.49809118200231484,,,,,,,,,,,,,,,,
48.075436741000004,1146,1.0,0.5673551559448242,0.4980147750289352,,,,,,,,,,,,,,,,
48.079461741,1146,1.0,0.567268595975988,0.49805230034722225,,,,,,,,,,,,,,,,
48.083415741,1146,1.0,0.5670559266034294,0.49803500705295134,,,,,,,,,,,,,,,,
48.091411741,1147,1.0,0.5663530125337488,0.4982949716073496,,,,,,,,,,,,,,,,
48.095400741000006,1147,1.0,0.5666289610021255,0.4982602154767072,,,,,,,,,,,,,,,,
48.099366741000004,1147,1.0,0.5657369950238396,0.4981613724320023,,,,,,,,,,,,,,,,
48.103512741,1147,1.0,0.5652308744542739,0.49813283284505205,,,,,,,,,,,,,,,,
48.111408741000005,1147,1.0,0.5658054351806641,0.4983025444878473,,,,,,,,,,,,,,,,
48.115438741000006,1147,1.0,0.5652654311236214,0.49917924669053815,,,,,,,,,,,,,,,,
48.11944874100001,1147,1.0,0.5654910592471852,0.4992229320384838,,,,,,,,,,,,,,,,
48.123418741,1147,1.0,0.5657573026769301,0.49997615107783566,,,,,,,,,,,,,,,,
48.131406741000006,1147,1.0,0.5648089577169979,0.500056627061632,,,,,,,,,,,,,,,,
48.135451741000004,1148,1.0,0.5650790158440085,0.49997033013237846,,,,,,,,,,,,,,,,
48.139410741000006,1148,1.0,0.5646372963400448,0.5004694620768229,,,,,,,,,,,,,,,,
48.143407741000004,1148,1.0,0.5647645838120404,0.5010438141999422,,,,,,,,,,,,,,,,
48.151390741,1148,1.0,0.5651665294871611,0.5009313512731481,,,,,,,,,,,,,,,,
48.155446741000006,1148,1.0,0.5653190051808077,0.5008791323061342,,,,,,,,,,,,,,,,
48.159395741000004,1148,1.0,0.5647791133207434,0.5010472615559896,,,,,,,,,,,,,,,,
48.163420741,1148,1.0,0.5649961022769704,0.5009710806387442,,,,,,,,,,,,,,,,
48.171490741,1148,1.0,0.5653927746941062,0.5012160689742478,,,,,,,,,,,,,,,,
48.175415741,1149,1.0,0.5649800020105699,0.5011410183376737,,,,,,,,,,,,,,,,
48.179413741000005,1149,1.0,0.5647838816923254,0.5016016077112269,,,,,,,,,,,,,,,,
48.183436741,1149,1.0,0.5648847467759076,0.5014804416232639,,,,,,,,,,,,,,,,
48.191415741,1149,1.0,0.5652274524464327,0.5020096390335649,,,,,,,,,,,,,,,,
48.19557274100001,1149,1.0,0.5647926891551298,0.5018199779369212,,,,,,,,,,,,,,,,
48.201026741,1149,1.0,0.5652277329388786,0.5018192997685185,,,,,,,,,,,,,,,,
48.203596741000005,1149,1.0,0.5654396169325885,0.5018321849681713,,,,,,,,,,,,,,,,
48.211448741000005,1149,1.0,0.5647374321432674,0.5013149685329861,,,,,,,,,,,,,,,,
48.215413741000006,1150,1.0,0.5646264132331399,0.5011924461082176,,,,,,,,,,,,,,,,
48.219417741,1150,1.0,0.5647855646470014,0.5011231033890335,,,,,,,,,,,,,,,,
48.223427741,1150,1.0,0.5645023233750287,0.5011212384259259,,,,,,,,,,,,,,,,
48.231447741000004,1150,1.0,0.5646643358118394,0.5017223216869213,,,,,,,,,,,,,,,,
48.235457741000005,1150,1.0,0.5654627856086282,0.5016839486581308,,,,,,,,,,,,,,,,
48.239451741,1150,1.0,0.5651715783511891,0.5016075981987846,,,,,,,,,,,,,,,,
48.243414741,1150,1.0,0.5652809704051298,0.5015455457899305,,,,,,,,,,,,,,,,
48.251415741,1150,1.0,0.5650704327751609,0.5014261881510417,,,,,,,,,,,,,,,,
48.255439741,1151,1.0,0.5650636448579676,0.5012522379557292,,,,,,,,,,,,,,,,
48.259430741,1151,1.0,0.5650028901941636,0.5011407922815394,,,,,,,,,,,,,,,,
48.26342274100001,1151,1.0,0.565054220311782,0.5009249086733217,,,,,,,,,,,,,,,,
48.271443741000006,1151,1.0,0.5650537154253792,0.5007262053313078,,,,,,,,,,,,,,,,
48.275432741,1151,1.0,0.5651193506577435,0.500515294958044,,,,,,,,,,,,,,,,
48.279377741000005,1151,1.0,0.5651053260354435,0.500336597583912,,,,,,,,,,,,,,,,
48.283403741,1151,1.0,0.5647926330566406,0.500325294777199,,,,,,,,,,,,,,,,
48.291443741,1151,1.0,0.565405340755687,0.5000799108434606,,,,,,,,,,,,,,,,
48.295380741,1152,1.0,0.5653138441198012,0.5000944914641203,,,,,,,,,,,,,,,,
48.299391741,1152,1.0,0.5653571521534639,0.5000678733543114,,,,,,,,,,,,,,,,
48.303409741,1152,1.0,0.5652973511639763,0.49940592447916665,,,,,,,,,,,,,,,,
48.311397741,1152,1.0,0.5652729483211741,0.49916811342592593,,,,,,,,,,,,,,,,
48.316227741000006,1152,1.0,0.5653717938591453,0.49915613245081014,,,,,,,,,,,,,,,,
48.319421741000006,1152,1.0,0.5664394042071175,0.4989945023148148,,,,,,,,,,,,,,,,
48.323438741000004,1152,1.0,0.5655123766730813,0.49916178385416665,,,,,,,,,,,,,,,,
48.331425741000004,1153,1.0,0.5648150724523208,0.49859330919053824,,,,,,,,,,,,,,,,
48.335399741,1153,1.0,0.5649616017061121,0.4977979871961805,,,,,,,,,,,,,,,,
48.339388741,1153,1.0,0.5646757799036363,0.49698028564453123,,,,,,,,,,,,,,,,
48.343407741,1153,1.0,0.5647452298332664,0.49642492223668977,,,,,,,,,,,,,,,,
48.351403741000006,1153,1.0,0.5649904924280503,0.4958910906756365,,,,,,,,,,,,,,,,
48.355405741000006,1153,1.0,0.5649709140553194,0.4956078423394097,,,,,,,,,,,,,,,,
48.359599741000004,1153,1.0,0.5648920956779929,0.4952533863208912,,,,,,,,,,,,,,,,
48.363389741000006,1153,1.0,0.5649263157564051,0.494771886754919,,,,,,,,,,,,,,,,
48.371399741000005,1154,1.0,0.5644666447358972,0.49501896610966434,,,,,,,,,,,,,,,,
48.375500741,1154,1.0,0.5647725497975069,0.4948310004340277,,,,,,,,,,,,,,,,
48.379807741,1154,1.0,0.5643138324513155,0.49427049424913194,,,,,,,,,,,,,,,,
48.383430741000005,1154,1.0,0.5643071006326115,0.49357520209418404,,,,,,,,,,,,,,,,
48.391435741,1154,1.0,0.5657768249511719,0.4928185922128183,,,,,,,,,,,,,,,,
48.395407741,1154,1.0,0.5658761192770565,0.4926902488425926,,,,,,,,,,,,,,,,
48.399381741000006,1154,1.0,0.5655524870928597,0.4915250424985532,,,,,,,,,,,,,,,,
48.403375741000005,1154,1.0,0.5655998342177447,0.49109553584346066,,,,,,,,,,,,,,,,
48.411438741000005,1155,1.0,0.5677933973424575,0.4905800148292824,,,,,,,,,,,,,,,,
48.415360741,1155,1.0,0.5677511551800896,0.4907402886284722,,,,,,,,,,,,,,,,
48.419381741,1155,1.0,0.5673315945793601,0.49071564850983795,,,,,,,,,,,,,,,,
48.423399741000004,1155,1.0,0.5662684721105239,0.49087846544053815,,,,,,,,,,,,,,,,
48.431415741,1155,1.0,0.5664785609525793,0.4911255447952836,,,,,,,,,,,,,,,,
48.436352741,1155,1.0,0.5668251935173484,0.49039634422019673,,,,,,,,,,,,,,,,
48.439383741,1155,1.0,0.5669379514806411,0.4904295744719329,,,,,,,,,,,,,,,,
48.443354741,1155,1.0,0.5672947378719554,0.489434814453125,,,,,,,,,,,,,,,,
48.451373741000005,1156,1.0,0.5671573526719037,0.4880756519458912,,,,,,,,,,,,,,,,
48.455444741,1156,1.0,0.5674373963299919,0.48828995316116897,,,,,,,,,,,,,,,,
48.45937974100001,1156,1.0,0.5675734912647921,0.4880606757269965,,,,,,,,,,,,,,,,
48.463411741,1156,1.0,0.5661259819479549,0.4879647714120371,,,,,,,,,,,,,,,,
48.471458741000006,1156,1.0,0.5656955943388098,0.48808559841579857,,,,,,,,,,,,,,,,
48.475373741000006,1156,1.0,0.5659257664399988,0.48825853135850694,,,,,,,,,,,,,,,,
48.479409741000005,1156,1.0,0.5660256778492647,0.4879688404224537,,,,,,,,,,,,,,,,
48.483396741,1156,1.0,0.5661420822143555,0.48813487865306715,,,,,,,,,,,,,,,,
48.491390741000004,1157,1.0,0.5663972742417279,0.48560553656684025,,,,,,,,,,,,,,,,
48.495406741000004,1157,1.0,0.5662495669196633,0.48579570628978586,,,,,,,,,,,,,,,,
48.499405741000004,1157,1.0,0.5662321763880113,0.4860748856155961,,,,,,,,,,,,,,,,
48.503436741,1157,1.0,0.5669570249669692,0.4863437228732639,,,,,,,,,,,,,,,,
48.511530741,1157,1.0,0.5670727000517004,0.4868121676974826,,,,,,,,,,,,,,,,
48.515499741000006,1157,1.0,0.5669436174280503,0.48699770326967595,,,,,,,,,,,,,,,,
48.519380741000006,1157,1.0,0.5669497882618624,0.4871684886791088,,,,,,,,,,,,,,,,
48.523349741000004,1157,1.0,0.5686468797571519,0.4873959011501736,,,,,,,,,,,,,,,,
48.531794741000006,1157,1.0,0.5692058451035443,0.48780551486545143,,,,,,,,,,,,,,,,
48.535410741,1158,1.0,0.5702764286714441,0.4879452175564236,,,,,,,,,,,,,,,,
48.539413741000004,1158,1.0,0.5699119006886202,0.488153076171875,,,,,,,,,,,,,,,,
48.543409741000005,1158,1.0,0.5702611137838924,0.48830052128544565,,,,,,,,,,,,,,,,
48.551429741,1158,1.0,0.5715974919936236,0.48867679172092016,,,,,,,,,,,,,,,,
48.555383741,1158,1.0,0.5715091929716223,0.4888499507197628,,,,,,,,,,,,,,,,
48.559420741000004,1158,1.0,0.5714390698601218,0.48896874321831596,,,,,,,,,,,,,,,,
48.563383741,1158,1.0,0.5714096181532916,0.48922328242549185,,,,,,,,,,,,,,,,
48.571395741,1159,1.0,0.5712611254523782,0.4899002640335648,,,,,,,,,,,,,,,,
48.575389741,1159,1.0,0.5706446591545554,0.49028099907769096,,,,,,,,,,,,,,,,
48.579575741000006,1159,1.0,0.5705361646764419,0.4907970852322049,,,,,,,,,,,,,,,,
48.583492741,1159,1.0,0.5704847223618451,0.49080737078631365,,,,,,,,,,,,,,,,
48.591487741,1159,1.0,0.5684356128468233,0.4910280015733507,,,,,,,,,,,,,,,,
48.595424741,1159,1.0,0.5686619141522575,0.4911963003653067,,,,,,,,,,,,,,,,
48.599416741000006,1159,1.0,0.5674999461454504,0.49172318070023147,,,,,,,,,,,,,,,,
48.603395741,1159,1.0,0.5674870995914235,0.49199896918402775,,,,,,,,,,,,,,,,
48.611561741,1160,1.0,0.5688739103429458,0.49321526421440975,,,,,,,,,,,,,,,,
48.615628741,1160,1.0,0.5695665583891028,0.49380425347222223,,,,,,,,,,,,,,,,
48.619377741,1160,1.0,0.5695950003231273,0.4952806260850694,,,,,,,,,,,,,,,,
48.623516741,1160,1.0,0.5695378359626321,0.4957690203631365,,,,,,,,,,,,,,,,
48.631594741,1160,1.0,0.5690483205458697,0.49621621591073495,,,,,,,,,,,,,,,,
48.635444741,1160,1.0,0.5690208883846507,0.49623463948567703,,,,,,,,,,,,,,,,
48.639416741000005,1160,1.0,0.5693567500394934,0.4962107905635127,,,,,,,,,,,,,,,,
48.643542741000005,1160,1.0,0.5693467084099265,0.49652834291811343,,,,,,,,,,,,,,,,
48.651395741,1161,1.0,0.5693832285263959,0.4964330602575231,,,,,,,,,,,,,,,,
48.655409741,1161,1.0,0.5693777869729435,0.4970844410083912,,,,,,,,,,,,,,,,
48.659393741,1161,1.0,0.5690309861127067,0.49727754946108216,,,,,,,,,,,,,,,,
48.663585741000006,1161,1.0,0.569457166335162,0.4970583315248842,,,,,,,,,,,,,,,,
48.671580741,1161,1.0,0.569779676549575,0.49714355468750004,,,,,,,,,,,,,,,,
48.675459741000004,1161,1.0,0.5683726142434513,0.4970888491030092,,,,,,,,,,,,,,,,
48.679462741,1161,1.0,0.5665653453153723,0.49708545826099537,,,,,,,,,,,,,,,,
48.683402741,1161,1.0,0.5603395349839154,0.4967242770724827,,,,,,,,,,,,,,,,
48.691422741000004,1162,1.0,0.542886453516343,0.4941111811885127,,,,,,,,,,,,,,,,
48.695459741,1162,1.0,0.5376515107996324,0.49281661422164347,,,,,,,,,,,,,,,,
48.699398741,1162,1.0,0.5270642112283146,0.49140195493344907,,,,,,,,,,,,,,,,
48.703385741000005,1162,1.0,0.5149131662705365,0.4912422462745949,,,,,,,,,,,,,,,,
48.711680741,1162,1.0,0.5073305017807904,0.4912353515625,,,,,,,,,,,,,,,,
48.715465741,1162,1.0,0.5066474465762868,0.4912542272497107,,,,,,,,,,,,,,,,
48.719368741000004,1162,1.0,0.5065445058486041,0.4914647985387731,,,,,,,,,,,,,,,,
48.724019741000006,1162,1.0,0.5076655219582951,0.4914031417281539,,,,,,,,,,,,,,,,
48.731388741,1163,1.0,0.5071375790764304,0.4913309733072917,,,,,,,,,,,,,,,,
48.735405741,1163,1.0,0.508178149952608,0.4914157443576389,,,,,,,,,,,,,,,,
48.739357741000006,1163,1.0,0.5078148000380572,0.4911667435257523,,,,,,,,,,,,,,,,
48.743414741,1163,1.0,0.5088581758386949,0.49201694064670143,,,,,,,,,,,,,,,,
48.751871741,1163,1.0,0.5079980177037856,0.49077984845196754,,,,,,,,,,,,,,,,
48.755409741,1163,1.0,0.5089838364545036,0.49071643970630785,,,,,,,,,,,,,,,,
48.759618741000004,1163,1.0,0.5107667586382698,0.4902713351779514,,,,,,,,,,,,,,,,
48.763397741000006,1163,1.0,0.5125623590805951,0.48984352394386577,,,,,,,,,,,,,,,,
48.771583741,1164,1.0,0.5142769533045152,0.4891876785843461,,,,,,,,,,,,,,,,
48.775414741000006,1164,1.0,0.5157475751989028,0.48803450972945606,,,,,,,,,,,,,,,,
48.779436741000005,1164,1.0,0.5166570439058191,0.48676989520037617,,,,,,,,,,,,,,,,
48.783444741000004,1164,1.0,0.517202657811782,0.48521208586516207,,,,,,,,,,,,,,,,
48.791420741,1164,1.0,0.5177201663746553,0.48417968749999996,,,,,,,,,,,,,,,,
48.795438741000005,1164,1.0,0.5147164849674001,0.4834517867476852,,,,,,,,,,,,,,,,
48.799399741,1164,1.0,0.5162108365227195,0.4832543832284433,,,,,,,,,,,,,,,,
48.803445741000004,1164,1.0,0.5166300605325138,0.4829479076244213,,,,,,,,,,,,,,,,
48.811452741000004,1164,1.0,0.5178892472211052,0.4825414586950232,,,,,,,,,,,,,,,,
48.815437741000004,1165,1.0,0.517697670880486,0.48254151520905675,,,,,,,,,,,,,,,,
48.819439741000004,1165,1.0,0.5183700112735524,0.4821017229998553,,,,,,,,,,,,,,,,
48.823582741,1165,1.0,0.519261079676011,0.48174975359881367,,,,,,,,,,,,,,,,
48.831409741,1165,1.0,0.5206623077392578,0.48204080087167245,,,,,,,,,,,,,,,,
48.835618741000005,1165,1.0,0.5192787507001091,0.4807200113932292,,,,,,,,,,,,,,,,
48.839535741000006,1165,1.0,0.5190950281479779,0.48038245307074656,,,,,,,,,,,,,,,,
48.847380741,1165,1.0,0.5210404676549575,0.4791288022641782,,,,,,,,,,,,,,,,
48.851578741000004,1165,1.0,0.5211934482350069,0.4788079155815972,,,,,,,,,,,,,,,,
48.855411741000005,1166,1.0,0.5212792228249943,0.4787638911494503,,,,,,,,,,,,,,,,
48.859441741000005,1166,1.0,0.5211995629703298,0.47853755244502316,,,,,,,,,,,,,,,,
48.867456741000005,1166,1.0,0.5225376802332261,0.4772449069552951,,,,,,,,,,,,,,,,
48.871407741000006,1166,1.0,0.523120263043572,0.47694498697916665,,,,,,,,,,,,,,,,
48.875423741000006,1166,1.0,0.5232052522547105,0.4769950584129051,,,,,,,,,,,,,,,,
48.879364741,1166,1.0,0.5232092913459329,0.4764585141782407,,,,,,,,,,,,,,,,
48.887393741000004,1166,1.0,0.5241105135749368,0.47567895959924766,,,,,,,,,,,,,,,,
48.891640741,1166,1.0,0.5235441993264591,0.47470036259403936,,,,,,,,,,,,,,,,
48.895389741,1167,1.0,0.5229024326100069,0.4731787787543402,,,,,,,,,,,,,,,,
48.899389741,1167,1.0,0.5228339363546932,0.4703299628363715,,,,,,,,,,,,,,,,
48.907424741,1167,1.0,0.5194831735947553,0.46167110866970484,,,,,,,,,,,,,,,,
48.911386741,1167,1.0,0.5178026311537799,0.4615887677228009,,,,,,,,,,,,,,,,
48.91545974100001,1167,1.0,0.5084028805003447,0.462281177662037,,,,,,,,,,,,,,,,
48.919438741,1167,1.0,0.49664923724006205,0.4613823219581886,,,,,,,,,,,,,,,,
48.927378741000005,1167,1.0,0.48374046998865466,0.4593406959816262,,,,,,,,,,,,,,,,
48.931436741000006,1167,1.0,0.47589464748606963,0.45936844437210644,,,,,,,,,,,,,,,,
48.935388741000004,1168,1.0,0.47358137018540325,0.458805168999566,,,,,,,,,,,,,,,,
48.939380741,1168,1.0,0.4729677088120404,0.45786443639684604,,,,,,,,,,,,,,,,
48.947406741,1168,1.0,0.47263145446777344,0.4584665369104456,,,,,,,,,,,,,,,,
48.951422741,1168,1.0,0.47497861525591684,0.45885326244212965,,,,,,,,,,,,,,,,
48.955429741,1168,1.0,0.4768933688893038,0.4586274323640046,,,,,,,,,,,,,,,,
48.959402741000005,1168,1.0,0.4769440258250517,0.4570756135163484,,,,,,,,,,,,,,,,
48.967386741000006,1168,1.0,0.4798702352187213,0.45692749023437496,,,,,,,,,,,,,,,,
48.971401741,1168,1.0,0.4812457701739143,0.45773072419343175,,,,,,,,,,,,,,,,
48.975382741000004,1169,1.0,0.4801878087660846,0.45743261266637736,,,,,,,,,,,,,,,,
48.979390741,1169,1.0,0.48099977829877066,0.45666792127821176,,,,,,,,,,,,,,,,
48.987427741000005,1169,1.0,0.48290033901438995,0.45637755217375575,,,,,,,,,,,,,,,,
48.992033741,1169,1.0,0.4808643004473518,0.45689318621600117,,,,,,,,,,,,,,,,
48.996225741,1169,1.0,0.48090413037468405,0.45510067409939237,,,,,,,,,,,,,,,,
48.999378741,1169,1.0,0.48220959831686583,0.4557598537868923,,,,,,,,,,,,,,,,
49.007351741,1169,1.0,0.4830200531903435,0.45446438259548616,,,,,,,,,,,,,,,,
49.011393741000006,1169,1.0,0.48188961253446694,0.4532079060872396,,,,,,,,,,,,,,,,
49.015427741,1170,1.0,0.4827904420740464,0.45295613606770835,,,,,,,,,,,,,,,,
49.019373741,1170,1.0,0.48177124472225413,0.45223756013093175,,,,,,,,,,,,,,,,
49.027412741000006,1170,1.0,0.4841836480533375,0.45137758608217593,,,,,,,,,,,,,,,,
49.031376741,1170,1.0,0.484163059907801,0.45210746482566555,,,,,,,,,,,,,,,,
49.035420741,1170,1.0,0.48486939598532286,0.45218844943576386,,,,,,,,,,,,,,,,
49.039410741000005,1170,1.0,0.48494838265811696,0.45188502558955435,,,,,,,,,,,,,,,,
49.047391741000006,1170,1.0,0.4869977726655848,0.4502815529152199,,,,,,,,,,,,,,,,
49.051393741000005,1170,1.0,0.48465369729434743,0.450819170916522,,,,,,,,,,,,,,,,
49.055388741,1171,1.0,0.4859248890596278,0.4511337845413773,,,,,,,,,,,,,,,,
49.059438741,1171,1.0,0.48558998107910156,0.45073389123987273,,,,,,,,,,,,,,,,
49.067411741,1171,1.0,0.4837176379035501,0.45075994420934606,,,,,,,,,,,,,,,,
49.071451741000004,1171,1.0,0.48421265097225413,0.45054038718894673,,,,,,,,,,,,,,,,
49.075417741,1171,1.0,0.48453465630026427,0.4494679203739873,,,,,,,,,,,,,,,,
49.079446741000005,1171,1.0,0.4845288220573874,0.449229261610243,,,,,,,,,,,,,,,,
49.087456741000004,1171,1.0,0.48637642579920154,0.4488616943359375,,,,,,,,,,,,,,,,
49.09139574100001,1171,1.0,0.4863233005299288,0.4487520005967882,,,,,,,,,,,,,,,,
49.095420741000005,1171,1.0,0.48667627222397747,0.4484806202076099,,,,,,,,,,,,,,,,
49.09938274100001,1172,1.0,0.4871305577895221,0.44852843108000584,,,,,,,,,,,,,,,,
49.107492741,1172,1.0,0.4882216734044692,0.44942587393301503,,,,,,,,,,,,,,,,
49.111748741,1172,1.0,0.48853184195125804,0.45008290608723955,,,,,,,,,,,,,,,,
49.115424741000005,1172,1.0,0.48808153937844667,0.45040441442418977,,,,,,,,,,,,,,,,
49.119438741,1172,1.0,0.4884350720573874,0.4500435158058449,,,,,,,,,,,,,,,,
49.127433741000004,1172,1.0,0.48923413893755746,0.4497148867006655,,,,,,,,,,,,,,,,
49.131388741,1172,1.0,0.4895482343785903,0.44964136194299764,,,,,,,,,,,,,,,,
49.135365741,1172,1.0,0.4898998597088982,0.4498613145616319,,,,,,,,,,,,,,,,
49.139375741,1173,1.0,0.4902164234834559,0.4503287421332465,,,,,,,,,,,,,,,,
49.147419741,1173,1.0,0.49075917636646943,0.44940535933883097,,,,,,,,,,,,,,,,
49.151391741000005,1173,1.0,0.49096152361701517,0.4498278582537616,,,,,,,,,,,,,,,,
49.155772741,1173,1.0,0.48879404628978057,0.45017604121455435,,,,,,,,,,,,,,,,
49.159402741,1173,1.0,0.4890900219188017,0.45014252839265045,,,,,,,,,,,,,,,,
49.167408741,1173,1.0,0.48949303346521716,0.44974879512080435,,,,,,,,,,,,,,,,
49.171376741,1174,1.0,0.4891530205221737,0.44945226598668986,,,,,,,,,,,,,,,,
49.175374741000006,1174,1.0,0.48938599754782286,0.44974206995081023,,,,,,,,,,,,,,,,
49.179493741,1174,1.0,0.48900508880615234,0.45001491970486107,,,,,,,,,,,,,,,,
49.187423741,1174,1.0,0.4895325268016142,0.4503660979094328,,,,,,,,,,,,,,,,
49.191441741000006,1174,1.0,0.48972393484676585,0.45025612160011574,,,,,,,,,,,,,,,,
49.195593741,1174,1.0,0.4901074802174288,0.4501781322337963,,,,,,,,,,,,,,,,
49.199576741,1174,1.0,0.490322281332577,0.45019226074218754,,,,,,,,,,,,,,,,
49.207446741000005,1175,1.0,0.49070223639993105,0.4489812215169271,,,,,,,,,,,,,,,,
49.211403741000005,1175,1.0,0.49083440444048715,0.4489994190357349,,,,,,,,,,,,,,,,
49.215400741,1175,1.0,0.4909960241878734,0.449093571415654,,,,,,,,,,,,,,,,
49.219412741000006,1175,1.0,0.49115702685187845,0.44935330991391786,,,,,,,,,,,,,,,,
49.227400741000004,1175,1.0,0.4914051504696117,0.44869153058087385,,,,,,,,,,,,,,,,
49.231406741,1175,1.0,0.49137048160328584,0.4479373508029514,,,,,,,,,,,,,,,,
49.235402741,1175,1.0,0.491489522597369,0.4476776123046875,,,,,,,,,,,,,,,,
49.239668741,1175,1.0,0.49160166347728057,0.4467776263201678,,,,,,,,,,,,,,,,
49.247427741,1176,1.0,0.49109963809742646,0.4459599812825521,,,,,,,,,,,,,,,,
49.251456741000005,1176,1.0,0.4911798028384938,0.446157384801794,,,,,,,,,,,,,,,,
49.256008741,1176,1.0,0.4924004498650046,0.4465220698603878,,,,,,,,,,,,,,,,
49.259430741,1176,1.0,0.49240931342629823,0.446199713812934,,,,,,,,,,,,,,,,
49.267656741,1176,1.0,0.49256094764260683,0.4453705964265047,,,,,,,,,,,,,,,,
49.271433741,1176,1.0,0.4926002165850471,0.44549221462673616,,,,,,,,,,,,,,,,
49.275420741000005,1176,1.0,0.4915485382080078,0.4454990528247974,,,,,,,,,,,,,,,,
49.279512741000005,1176,1.0,0.491697535795324,0.44536053692853006,,,,,,,,,,,,,,,,
49.287441741,1177,1.0,0.49201241661520567,0.44467909071180556,,,,,,,,,,,,,,,,
49.291458741,1177,1.0,0.49208753249224496,0.44476657443576384,,,,,,,,,,,,,,,,
49.295904741,1177,1.0,0.4921744851505055,0.4445608633535879,,,,,,,,,,,,,,,,
49.299405741,1177,1.0,0.49223675447351795,0.4447351526331018,,,,,,,,,,,,,,,,
49.307448741,1177,1.0,0.49539852142333984,0.4447427255135995,,,,,,,,,,,,,,,,
49.311421741000004,1177,1.0,0.495482276467716,0.4440746166087963,,,,,,,,,,,,,,,,
49.315908741,1177,1.0,0.4955214332131779,0.44343922932942703,,,,,,,,,,,,,,,,
49.319425741,1177,1.0,0.49552378934972424,0.4436990243417246,,,,,,,,,,,,,,,,
49.327456741000006,1178,1.0,0.4954841277178596,0.4435605649594907,,,,,,,,,,,,,,,,
49.331426741,1178,1.0,0.4949849072624655,0.44358661792896414,,,,,,,,,,,,,,,,
49.33540974100001,1178,1.0,0.49497778275433707,0.4435133757414641,,,,,,,,,,,,,,,,
49.33954674100001,1178,1.0,0.49527375838335824,0.44376407199435763,,,,,,,,,,,,,,,,
49.347388741,1178,1.0,0.49431800842285156,0.4440208717628762,,,,,,,,,,,,,,,,
49.351418741,1178,1.0,0.49436412138097424,0.44419408727575227,,,,,,,,,,,,,,,,
49.355392741,1178,1.0,0.4944753646850586,0.4435107195818866,,,,,,,,,,,,,,,,
49.359399741000004,1178,1.0,0.4942175921271829,0.44173369231047455,,,,,,,,,,,,,,,,
49.367408741000006,1178,1.0,0.4941695157219382,0.44184140805844907,,,,,,,,,,,,,,,,
49.371495741000004,1179,1.0,0.49497262169333067,0.4420926129376447,,,,,,,,,,,,,,,,
49.375433741,1179,1.0,0.49503477881936464,0.44115934018735536,,,,,,,,,,,,,,,,
49.379512741000006,1179,1.0,0.49538157967960134,0.4412868358470775,,,,,,,,,,,,,,,,
49.387460741000005,1179,1.0,0.49538836759679455,0.44116408736617474,,,,,,,,,,,,,,,,
49.391578741000004,1179,1.0,0.49521148906034584,0.44142959029586226,,,,,,,,,,,,,,,,
49.395455741000006,1179,1.0,0.4953169542200425,0.4415859081127026,,,,,,,,,,,,,,,,
49.399442741,1179,1.0,0.49527061686796303,0.44019775390625004,,,,,,,,,,,,,,,,
49.407381741,1179,1.0,0.49553730908562155,0.4400231820565683,,,,,,,,,,,,,,,,
49.411413741000004,1179,1.0,0.49559486613554116,0.4403019657841435,,,,,,,,,,,,,,,,
49.415390741,1180,1.0,0.49559828814338236,0.4404190063476563,,,,,,,,,,,,,,,,
49.419420741,1180,1.0,0.495487044839298,0.4402759693287037,,,,,,,,,,,,,,,,
49.427411741,1180,1.0,0.4954217461978688,0.44025703712745945,,,,,,,,,,,,,,,,
49.431466741,1180,1.0,0.49539891411276427,0.44046986897786455,,,,,,,,,,,,,,,,
49.435614741,1180,1.0,0.4955297918880687,0.4406813444914641,,,,,,,,,,,,,,,,
49.43975274100001,1180,1.0,0.494780933155733,0.44069513391565396,,,,,,,,,,,,,,,,
49.447401741,1180,1.0,0.4948994692634134,0.4401583071108217,,,,,,,,,,,,,,,,
49.451901741,1180,1.0,0.49526046304141774,0.4392180831344039,,,,,,,,,,,,,,,,
49.455725741,1180,1.0,0.4952696070951574,0.43868916829427085,,,,,,,,,,,,,,,,
49.459398741,1181,1.0,0.49448809904210705,0.43889307092737273,,,,,,,,,,,,,,,,
49.467723741,1181,1.0,0.49461718166575713,0.4392610903139468,,,,,,,,,,,,,,,,
49.471442741000004,1181,1.0,0.4942588245167452,0.43927024558738426,,,,,,,,,,,,,,,,
49.475477741000006,1181,1.0,0.4941255906048943,0.43943922254774304,,,,,,,,,,,,,,,,
49.47945974100001,1181,1.0,0.49412693696863513,0.43944956461588547,,,,,,,,,,,,,,,,
49.487382741000005,1181,1.0,0.4939989763147691,0.4392479790581597,,,,,,,,,,,,,,,,
49.491425741,1181,1.0,0.4939721051384421,0.4392903080692998,,,,,,,,,,,,,,,,
49.495541741000004,1181,1.0,0.4938213123994715,0.4383773238570602,,,,,,,,,,,,,,,,
49.499381741,1182,1.0,0.49401530097512636,0.4384740758825232,,,,,,,,,,,,,,,,
49.50740574100001,1182,1.0,0.4942340289845186,0.43879614935980904,,,,,,,,,,,,,,,,
49.511404741,1182,1.0,0.494232177734375,0.4388547544126158,,,,,,,,,,,,,,,,
49.515569741,1182,1.0,0.4943893657011144,0.4395216765227141,,,,,,,,,,,,,,,,
49.519362741,1182,1.0,0.49510013355928306,0.4396180329499422,,,,,,,,,,,,,,,,
49.527437741,1182,1.0,0.4966232075410731,0.43963063557942705,,,,,,,,,,,,,,,,
49.531383741000006,1182,1.0,0.4965270547305836,0.4397362603081597,,,,,,,,,,,,,,,,
49.535392741,1182,1.0,0.4965363670797909,0.4399656507703993,,,,,,,,,,,,,,,,
49.539371741000004,1183,1.0,0.49654652090633616,0.44005584716796875,,,,,,,,,,,,,,,,
49.54738574100001,1183,1.0,0.4970047333661248,0.44104591652199077,,,,,,,,,,,,,,,,
49.551435741000006,1183,1.0,0.4966434029971852,0.44106371844256365,,,,,,,,,,,,,,,,
49.555502741000005,1183,1.0,0.4972761939553654,0.4411551581488715,,,,,,,,,,,,,,,,
49.55938874100001,1183,1.0,0.4974370283239028,0.441341315375434,,,,,,,,,,,,,,,,
49.567962741,1183,1.0,0.4974885828354779,0.44157166657624425,,,,,,,,,,,,,,,,
49.571395741,1183,1.0,0.49876875035903034,0.44171447753906246,,,,,,,,,,,,,,,,
49.575386741,1183,1.0,0.499297534718233,0.44156268084490746,,,,,,,,,,,,,,,,
49.579418741000005,1184,1.0,0.499910130220301,0.44285148338035296,,,,,,,,,,,,,,,,
49.587415741,1184,1.0,0.5004399804507985,0.4431579024703415,,,,,,,,,,,,,,,,
49.591438741000005,1184,1.0,0.501122979556813,0.44344482421875,,,,,,,,,,,,,,,,
49.595600741000005,1184,1.0,0.5018292595358456,0.4443623860677083,,,,,,,,,,,,,,,,
49.603441741000005,1184,1.0,0.5030787972842946,0.44595596878616894,,,,,,,,,,,,,,,,
49.607423741000005,1184,1.0,0.5034480375402114,0.44615450258608214,,,,,,,,,,,,,,,,
49.611408741000005,1184,1.0,0.5049587137558881,0.44620434796368635,,,,,,,,,,,,,,,,
49.615392741,1184,1.0,0.5049640431123621,0.4463763766818576,,,,,,,,,,,,,,,,
49.623484741000006,1185,1.0,0.5061686459709617,0.44669828061704286,,,,,,,,,,,,,,,,
49.627423741,1185,1.0,0.5058766533346737,0.4469492594401042,,,,,,,,,,,,,,,,
49.631411741,1185,1.0,0.507354175343233,0.44699373598451964,,,,,,,,,,,,,,,,
49.635462741000005,1185,1.0,0.5070966832778033,0.4471163149233217,,,,,,,,,,,,,,,,
49.643400741,1185,1.0,0.5065058539895451,0.4473060325339988,,,,,,,,,,,,,,,,
49.647374741,1185,1.0,0.5067988563986385,0.4478220621744792,,,,,,,,,,,,,,,,
49.651409741,1185,1.0,0.5065924700568704,0.44780239529079857,,,,,,,,,,,,,,,,
49.655375741,1185,1.0,0.5064570483039407,0.44838776765046295,,,,,,,,,,,,,,,,
49.663389741,1186,1.0,0.5066551320693072,0.44882196497034144,,,,,,,,,,,,,,,,
49.667412741,1186,1.0,0.507762123556698,0.4488174438476562,,,,,,,,,,,,,,,,
49.671705741000004,1186,1.0,0.5074846043306238,0.44876889829282407,,,,,,,,,,,,,,,,
49.676571741000004,1186,1.0,0.5088597465963924,0.4487732498734086,,,,,,,,,,,,,,,,
49.683412741000005,1186,1.0,0.5089449602014878,0.44861789279513886,,,,,,,,,,,,,,,,
49.687395741,1186,1.0,0.5087614059448242,0.448710462782118,,,,,,,,,,,,,,,,
49.691380741,1186,1.0,0.5092583263621611,0.448717866120515,,,,,,,,,,,,,,,,
49.695412741000005,1187,1.0,0.5093154346241671,0.44867457637080443,,,,,,,,,,,,,,,,
49.703399741000005,1187,1.0,0.5088799420525046,0.44855973985460074,,,,,,,,,,,,,,,,
49.707437741,1187,1.0,0.5090893016142004,0.4495597556785301,,,,,,,,,,,,,,,,
49.711421741,1187,1.0,0.5110950469970703,0.4495371500651042,,,,,,,,,,,,,,,,
49.716482741,1187,1.0,0.510736297158634,0.4493318345811632,,,,,,,,,,,,,,,,
49.723423741000005,1187,1.0,0.5103474785299862,0.4492151331018519,,,,,,,,,,,,,,,,
49.727403741,1187,1.0,0.5101318920359892,0.4492631135163484,,,,,,,,,,,,,,,,
49.731399741000004,1187,1.0,0.5101525362800149,0.44943305121527777,,,,,,,,,,,,,,,,
49.735490741,1187,1.0,0.5101098453297335,0.4494176228841146,,,,,,,,,,,,,,,,
49.743390741000006,1188,1.0,0.506865052615895,0.44906751844618054,,,,,,,,,,,,,,,,
49.747427741,1188,1.0,0.5027333988862879,0.4492162068684896,,,,,,,,,,,,,,,,
49.751562741,1188,1.0,0.50213482800652,0.45202218514901615,,,,,,,,,,,,,,,,
49.755530741,1188,1.0,0.5003226224113914,0.4545318038375289,,,,,,,,,,,,,,,,
49.763412741,1188,1.0,0.5001445658066693,0.455433824327257,,,,,,,,,,,,,,,,
49.767459741,1188,1.0,0.49996673359590416,0.45808777985749416,,,,,,,,,,,,,,,,
49.771383741,1188,1.0,0.4995709026561064,0.45834548385054974,,,,,,,,,,,,,,,,
49.775446741,1188,1.0,0.49934544282801013,0.4592486911349827,,,,,,,,,,,,,,,,
49.783393741000005,1189,1.0,0.49750788071576285,0.4587257667824074,,,,,,,,,,,,,,,,
49.787430741,1189,1.0,0.49756908416748047,0.4598012288411458,,,,,,,,,,,,,,,,
49.791422741000005,1189,1.0,0.49768532023710366,0.4599260118272569,,,,,,,,,,,,,,,,
49.795479741,1189,1.0,0.49651303010828357,0.4605360808195891,,,,,,,,,,,,,,,,
49.803429741,1189,1.0,0.4967753466437845,0.46056332058376737,,,,,,,,,,,,,,,,
49.807413741000005,1189,1.0,0.49679122251622815,0.46167342574508097,,,,,,,,,,,,,,,,
49.811438741,1190,1.0,0.49632908316219554,0.4619455408166956,,,,,,,,,,,,,,,,
49.815417741000005,1190,1.0,0.4963463614968693,0.4627861305519386,,,,,,,,,,,,,,,,
49.823398741000005,1190,1.0,0.4963073169483858,0.46262048791956023,,,,,,,,,,,,,,,,
49.827573741,1190,1.0,0.49634529562557445,0.46384921603732643,,,,,,,,,,,,,,,,
49.831560741000004,1190,1.0,0.49645575355080995,0.46519916675708917,,,,,,,,,,,,,,,,
49.835564741000006,1190,1.0,0.4965551039751838,0.46682496247468175,,,,,,,,,,,,,,,,
49.843628741,1190,1.0,0.49675290724810434,0.4689307883933739,,,,,,,,,,,,,,,,
49.847421741000005,1191,1.0,0.49718374364516316,0.4697322139033565,,,,,,,,,,,,,,,,
49.851446741000004,1191,1.0,0.4971916535321404,0.4703870985243056,,,,,,,,,,,,,,,,
49.855604741,1191,1.0,0.4970213385189281,0.4697550455729167,,,,,,,,,,,,,,,,
49.863475741,1191,1.0,0.49714262345257926,0.46971706814236114,,,,,,,,,,,,,,,,
49.867505741,1191,1.0,0.4969921112060547,0.46946445041232643,,,,,,,,,,,,,,,,
49.871416741000004,1191,1.0,0.49717241175034466,0.4694539388020833,,,,,,,,,,,,,,,,
49.875582741,1191,1.0,0.4969969917746151,0.4695921721281828,,,,,,,,,,,,,,,,
49.883423741,1191,1.0,0.49712181091308594,0.4701511524341725,,,,,,,,,,,,,,,,
49.887448741,1192,1.0,0.4971243353451,0.4716204042787905,,,,,,,,,,,,,,,,
49.891409741000004,1192,1.0,0.4971899705774644,0.47116032353153936,,,,,,,,,,,,,,,,
49.89539374100001,1192,1.0,0.49725667168112364,0.4706358167860243,,,,,,,,,,,,,,,,
49.903504741000006,1192,1.0,0.49654657700482535,0.4712294401945891,,,,,,,,,,,,,,,,
49.907747741,1192,1.0,0.49661877576042623,0.47258933738425923,,,,,,,,,,,,,,,,
49.911438741000005,1192,1.0,0.496672462014591,0.47279318350332755,,,,,,,,,,,,,,,,
49.915418741,1192,1.0,0.49669748194077434,0.4721368295175058,,,,,,,,,,,,,,,,
49.924763741,1193,1.0,0.4969323663150563,0.47247337058738426,,,,,,,,,,,,,,,,
49.927489741,1193,1.0,0.4970846176147461,0.4722208658854167,,,,,,,,,,,,,,,,
49.931367741,1193,1.0,0.4966096878051758,0.47283517343026615,,,,,,,,,,,,,,,,
49.935479741,1193,1.0,0.49667829625746784,0.4729346946433738,,,,,,,,,,,,,,,,
49.943476741000005,1193,1.0,0.49616050720214844,0.4732784129955151,,,,,,,,,,,,,,,,
49.947406741,1193,1.0,0.49623315474566293,0.4737041897243923,,,,,,,,,,,,,,,,
49.951409741000006,1193,1.0,0.49630316566018495,0.4752892388237847,,,,,,,,,,,,,,,,
49.955375741000005,1193,1.0,0.49623242546530333,0.47537220142505787,,,,,,,,,,,,,,,,
49.963389741,1193,1.0,0.4956210080315085,0.4763619316948785,,,,,,,,,,,,,,,,
49.967436741,1193,1.0,0.4949529311236213,0.47587924533420134,,,,,,,,,,,,,,,,
49.971379741,1194,1.0,0.49521519156063304,0.47613706235532405,,,,,,,,,,,,,,,,
49.975411741,1194,1.0,0.4952901391422047,0.4758860835322627,,,,,,,,,,,,,,,,
49.983601741,1194,1.0,0.495422082788804,0.4753268206561053,,,,,,,,,,,,,,,,
49.987397741,1194,1.0,0.4950493644265568,0.4751569959852431,,,,,,,,,,,,,,,,
49.991824741,1194,1.0,0.4950241201064166,0.47537163628472223,,,,,,,,,,,,,,,,
49.995415741,1194,1.0,0.49506669885971966,0.4759019639756944,,,,,,,,,,,,,,,,
50.003394741,1194,1.0,0.4951993156881893,0.4772471110026042,,,,,,,,,,,,,,,,
50.007462741000005,1194,1.0,0.49495859707103057,0.4778123078522859,,,,,,,,,,,,,,,,
50.011418741,1194,1.0,0.4950290567734662,0.477501141583478,,,,,,,,,,,,,,,,
50.015428741,1195,1.0,0.4949062010821174,0.47748848243995945,,,,,,,,,,,,,,,,
50.023489741000006,1195,1.0,0.4934257058536305,0.4778982091833044,,,,,,,,,,,,,,,,
50.027411741,1195,1.0,0.49350789014030905,0.4777028401692708,,,,,,,,,,,,,,,,
50.031443741000004,1195,1.0,0.49366244147805605,0.47733764648437504,,,,,,,,,,,,,,,,
50.035430741000006,1195,1.0,0.4933955809649299,0.47698324697989003,,,,,,,,,,,,,,,,
50.043440741000005,1195,1.0,0.49359478670008045,0.47771453857421875,,,,,,,,,,,,,,,,
50.047438741,1195,1.0,0.4935651105992934,0.47852704083478004,,,,,,,,,,,,,,,,
50.051461741000004,1195,1.0,0.49365610234877644,0.4784214161060475,,,,,,,,,,,,,,,,
50.055487741,1196,1.0,0.49373985739315257,0.4782314159252026,,,,,,,,,,,,,,,,
50.063676741,1196,1.0,0.494014908285702,0.4785490813078703,,,,,,,,,,,,,,,,
50.067415741000005,1196,1.0,0.49387505475212545,0.47843673140914356,,,,,,,,,,,,,,,,
50.071454741000004,1196,1.0,0.49394826328053193,0.47820327193648726,,,,,,,,,,,,,,,,
50.075426741,1196,1.0,0.49360449173871207,0.47890851056134254,,,,,,,,,,,,,,,,
50.083400741000005,1196,1.0,0.49360886742086973,0.4799466733579283,,,,,,,,,,,,,,,,
50.087434741,1196,1.0,0.49480320425594554,0.4795813666449653,,,,,,,,,,,,,,,,
50.091532741,1196,1.0,0.4952685412238626,0.47922736273871525,,,,,,,,,,,,,,,,
50.095403741000005,1197,1.0,0.495509989121381,0.47919351083260997,,,,,,,,,,,,,,,,
50.10344374100001,1197,1.0,0.4955534093520221,0.4792453907154225,,,,,,,,,,,,,,,,
50.107424741,1197,1.0,0.4956055248484892,0.4790347629123264,,,,,,,,,,,,,,,,
50.111451741,1197,1.0,0.49552395764519186,0.4788015860098379,,,,,,,,,,,,,,,,
50.115432741000006,1197,1.0,0.49563127405503216,0.47885674370659725,,,,,,,,,,,,,,,,
50.123435741,1197,1.0,0.4956974702722886,0.47852574101200807,,,,,,,,,,,,,,,,
50.127396741000005,1197,1.0,0.496153102201574,0.478511329933449,,,,,,,,,,,,,,,,
50.131428741,1197,1.0,0.49620426402372475,0.4787303218135127,,,,,,,,,,,,,,,,
50.135739741,1198,1.0,0.4961257261388442,0.47850166603370947,,,,,,,,,,,,,,,,
50.143439741,1198,1.0,0.49552760404698987,0.4783461959273727,,,,,,,,,,,,,,,,
50.147465741000005,1198,1.0,0.4955466214348288,0.4783201994719328,,,,,,,,,,,,,,,,
50.151447741000005,1198,1.0,0.4959373474121094,0.4781517876519097,,,,,,,,,,,,,,,,
50.155418741000005,1198,1.0,0.4958969004013959,0.47847934299045136,,,,,,,,,,,,,,,,
50.163419741000006,1198,1.0,0.4959082883947036,0.47862503616898144,,,,,,,,,,,,,,,,
50.167399741000004,1198,1.0,0.4959392547607422,0.47874586317274304,,,,,,,,,,,,,,,,
50.171394741,1198,1.0,0.49584517759435315,0.47874976264105906,,,,,,,,,,,,,,,,
50.175419741000006,1198,1.0,0.4958528069888844,0.4790522257486979,,,,,,,,,,,,,,,,
50.183380741,1199,1.0,0.49531128827263327,0.4787770589192708,,,,,,,,,,,,,,,,
50.187401741,1199,1.0,0.49623814751120177,0.47865679705584496,,,,,,,,,,,,,,,,
50.191428741,1199,1.0,0.4964151382446289,0.4792644359447338,,,,,,,,,,,,,,,,
50.195444741,1199,1.0,0.4968413745655733,0.47911710385923034,,,,,,,,,,,,,,,,
50.203392741,1199,1.0,0.497649024514591,0.47907194914641205,,,,,,,,,,,,,,,,
50.207413741,1199,1.0,0.4979104434742647,0.47905098243995947,,,,,,,,,,,,,,,,
50.211407741,1199,1.0,0.4977872511919807,0.479178704155816,,,,,,,,,,,,,,,,
50.216831741,1200,1.0,0.4980832268210018,0.48007445158781825,,,,,,,,,,,,,,,,
50.223412741000004,1200,1.0,0.4985665714039522,0.4800954182942708,,,,,,,,,,,,,,,,
50.227424741,1200,1.0,0.49854637594784007,0.48122292977792247,,,,,,,,,,,,,,,,
50.231450741,1200,1.0,0.49863220663631663,0.48182746039496527,,,,,,,,,,,,,,,,
50.235961741000004,1200,1.0,0.498600118300494,0.48191307915581594,,,,,,,,,,,,,,,,
50.243422741,1200,1.0,0.49866188273710366,0.4831168845847801,,,,,,,,,,,,,,,,
50.247433741,1200,1.0,0.49870973474839153,0.48286505805121527,,,,,,,,,,,,,,,,
50.251398741,1200,1.0,0.49837134866153493,0.4826878865559896,,,,,,,,,,,,,,,,
50.255410741000006,1201,1.0,0.49799414242015166,0.48269472475405095,,,,,,,,,,,,,,,,
50.263421741,1201,1.0,0.4981486376594095,0.48263838026258676,,,,,,,,,,,,,,,,
50.267381741,1201,1.0,0.4983152501723346,0.4836289017288773,,,,,,,,,,,,,,,,
50.271464741,1201,1.0,0.4983011694515453,0.4836167512116609,,,,,,,,,,,,,,,,
50.275528741,1201,1.0,0.4983211405137006,0.4835746482566551,,,,,,,,,,,,,,,,
50.283486741000004,1201,1.0,0.4981222152709961,0.4855181658709491,,,,,,,,,,,,,,,,
50.287419741,1201,1.0,0.49862199671128216,0.48524215133101856,,,,,,,,,,,,,,,,
50.291421741,1201,1.0,0.49812973246854897,0.48542712176287617,,,,,,,,,,,,,,,,
50.295407741000005,1202,1.0,0.49813416424919577,0.4852398907696759,,,,,,,,,,,,,,,,
50.303427741,1202,1.0,0.49817388197954965,0.48510719581886574,,,,,,,,,,,,,,,,
50.307424741000005,1202,1.0,0.49797456404742074,0.4853059556749132,,,,,,,,,,,,,,,,
50.311545741,1202,1.0,0.4980255575741039,0.48523175274884256,,,,,,,,,,,,,,,,
50.315696741000004,1202,1.0,0.4980441822725184,0.48500857883029513,,,,,,,,,,,,,,,,
50.323467741,1202,1.0,0.4980156281415154,0.4860335173430266,,,,,,,,,,,,,,,,
50.327410741,1202,1.0,0.498015796436983,0.48631354437934027,,,,,,,,,,,,,,,,
50.331463741,1202,1.0,0.4979497685151942,0.4868225662796586,,,,,,,,,,,,,,,,
50.33536474100001,1203,1.0,0.4976937350104837,0.4865793863932292,,,,,,,,,,,,,,,,
50.343400741,1203,1.0,0.49581679175881777,0.4863213433159722,,,,,,,,,,,,,,,,
50.347416741,1203,1.0,0.49642540426815257,0.48622278284143516,,,,,,,,,,,,,,,,
50.351367741000004,1203,1.0,0.49590099559110756,0.48603690818504053,,,,,,,,,,,,,,,,
50.355449741,1203,1.0,0.4957140193266027,0.48639989782262727,,,,,,,,,,,,,,,,
50.363445741,1203,1.0,0.4957702300127815,0.48641786928530095,,,,,,,,,,,,,,,,
50.367387741,1203,1.0,0.49549585230210247,0.48644115306712965,,,,,,,,,,,,,,,,
50.371341741,1203,1.0,0.49544418559354897,0.48598372847945603,,,,,,,,,,,,,,,,
50.379428741000005,1204,1.0,0.49272862602682677,0.48545373987268514,,,,,,,,,,,,,,,,
50.383414741,1204,1.0,0.4927130867453182,0.485120928729022,,,,,,,,,,,,,,,,
50.387424741000004,1204,1.0,0.4926011141608743,0.48484384042245365,,,,,,,,,,,,,,,,
50.391447741,1204,1.0,0.492280735689051,0.48483943232783566,,,,,,,,,,,,,,,,
50.399794741,1204,1.0,0.49248414881089153,0.4840316207320602,,,,,,,,,,,,,,,,
50.403421741,1204,1.0,0.4924332674811868,0.48399641248914926,,,,,,,,,,,,,,,,
50.407386741,1204,1.0,0.4925205567303826,0.48394091570818865,,,,,,,,,,,,,,,,
50.411369741,1204,1.0,0.4926006653729607,0.4838749073169849,,,,,,,,,,,,,,,,
50.419400741000004,1205,1.0,0.49220752716064453,0.4839205706561053,,,,,,,,,,,,,,,,
50.423406741,1205,1.0,0.49236134921803193,0.48340307165075236,,,,,,,,,,,,,,,,
50.427432741000004,1205,1.0,0.4920703102560604,0.48334819652416083,,,,,,,,,,,,,,,,
50.431409741,1205,1.0,0.49243248210233803,0.48328337492766205,,,,,,,,,,,,,,,,
50.439439741,1205,1.0,0.49246496312758503,0.4832192880135996,,,,,,,,,,,,,,,,
50.443404741,1205,1.0,0.49221352969898896,0.4833747016059028,,,,,,,,,,,,,,,,
50.447503741000006,1206,1.0,0.4923713908475988,0.48316678647641786,,,,,,,,,,,,,,,,
50.451411741,1206,1.0,0.49199513828053193,0.48312242296006946,,,,,,,,,,,,,,,,
50.459403741,1206,1.0,0.4923238193287569,0.4830078690140336,,,,,,,,,,,,,,,,
50.465046741,1206,1.0,0.49195362539852366,0.4825848049587673,,,,,,,,,,,,,,,,
50.467459741000006,1206,1.0,0.4919624328613281,0.48232031928168406,,,,,,,,,,,,,,,,
50.471595741,1206,1.0,0.4919103734633502,0.4817409374095776,,,,,,,,,,,,,,,,
50.479395741000005,1206,1.0,0.4919740452485926,0.48140812626591434,,,,,,,,,,,,,,,,
50.483406741,1206,1.0,0.4919675939223346,0.48175732647931135,,,,,,,,,,,,,,,,
50.488291741000005,1207,1.0,0.49200136521283316,0.4821261370623553,,,,,,,,,,,,,,,,
50.49153874100001,1207,1.0,0.49242137460147634,0.4816323739510996,,,,,,,,,,,,,,,,
50.499464741000004,1207,1.0,0.49349386551800895,0.48159518771701393,,,,,,,,,,,,,,,,
50.503408741,1207,1.0,0.49077454735251036,0.48157942030164935,,,,,,,,,,,,,,,,
50.507422741000006,1207,1.0,0.4907471151912914,0.4816400598596644,,,,,,,,,,,,,,,,
50.511420741,1207,1.0,0.49085072910084443,0.4816793936270255,,,,,,,,,,,,,,,,
50.51940874100001,1207,1.0,0.49103686388801127,0.4812619244610822,,,,,,,,,,,,,,,,
50.523482741,1207,1.0,0.49112925809972424,0.48157546431929976,,,,,,,,,,,,,,,,
50.527385741,1208,1.0,0.4913179734173943,0.48150013111255785,,,,,,,,,,,,,,,,
50.531431741000006,1208,1.0,0.49136975232292623,0.4816355387369792,,,,,,,,,,,,,,,,
50.539396741000004,1208,1.0,0.4900282691506779,0.481468426739728,,,,,,,,,,,,,,,,
50.543489741,1208,1.0,0.48999427346622243,0.48145983660662617,,,,,,,,,,,,,,,,
50.547416741000006,1208,1.0,0.48989368887508616,0.4814638491030092,,,,,,,,,,,,,,,,
50.551421741000006,1208,1.0,0.4899573606603286,0.4814018532081886,,,,,,,,,,,,,,,,
50.559392741,1208,1.0,0.4915514553294462,0.4810693811487269,,,,,,,,,,,,,,,,
50.563430741000005,1208,1.0,0.49173472909366384,0.48104315863715275,,,,,,,,,,,,,,,,
50.567400741,1208,1.0,0.4916541716631721,0.4811256691261574,,,,,,,,,,,,,,,,
50.571400741000005,1209,1.0,0.4916045245002298,0.48142038981119795,,,,,,,,,,,,,,,,
50.579394741,1209,1.0,0.49205174165613513,0.48142841480396414,,,,,,,,,,,,,,,,
50.583410741,1209,1.0,0.4920935350305894,0.48141993769892943,,,,,,,,,,,,,,,,
50.587414741,1209,1.0,0.4922037685618681,0.48122247766565396,,,,,,,,,,,,,,,,
50.591351741000004,1209,1.0,0.49217880473417397,0.48120569299768523,,,,,,,,,,,,,,,,
50.599403741,1209,1.0,0.48972780564252066,0.48045857747395837,,,,,,,,,,,,,,,,
50.603389741,1209,1.0,0.4900120005888097,0.4805593419958044,,,,,,,,,,,,,,,,
50.607440741000005,1209,1.0,0.4903702455408433,0.480887688530816,,,,,,,,,,,,,,,,
50.611408741000005,1209,1.0,0.49025647780474496,0.48205199065031834,,,,,,,,,,,,,,,,
50.619413741,1210,1.0,0.49047643998089957,0.48236971254701966,,,,,,,,,,,,,,,,
50.623394741000006,1210,1.0,0.49065056969137755,0.4824951737015336,,,,,,,,,,,,,,,,
50.627451741,1210,1.0,0.4906345255234662,0.4837643658673322,,,,,,,,,,,,,,,,
50.631595741000005,1210,1.0,0.49053029453053193,0.4838050559714988,,,,,,,,,,,,,,,,
50.639520741000005,1210,1.0,0.49121879128848805,0.48462123164424187,,,,,,,,,,,,,,,,
50.643375741,1210,1.0,0.49118832980885224,0.4847270259150752,,,,,,,,,,,,,,,,
50.647500741,1210,1.0,0.49122288647819967,0.48469989917896417,,,,,,,,,,,,,,,,
50.651408741000004,1210,1.0,0.491270289701574,0.48444129096137156,,,,,,,,,,,,,,,,
50.659412741000004,1211,1.0,0.4912892509909237,0.4844415735315394,,,,,,,,,,,,,,,,
50.663460741,1211,1.0,0.4913342980777516,0.4845171893084491,,,,,,,,,,,,,,,,
50.667502741,1211,1.0,0.4913775500129251,0.4854047422055845,,,,,,,,,,,,,,,,
50.671433741,1211,1.0,0.4914897469913258,0.48540525083188657,,,,,,,,,,,,,,,,
50.679445741,1211,1.0,0.4915577944587259,0.48533246075665504,,,,,,,,,,,,,,,,
50.68340374100001,1211,1.0,0.4913760914522059,0.4855821397569444,,,,,,,,,,,,,,,,
50.687430741,1211,1.0,0.490390609292423,0.48596406159577543,,,,,,,,,,,,,,,,
50.691397741,1211,1.0,0.4902476703419405,0.48628246166087963,,,,,,,,,,,,,,,,
50.699395741000004,1212,1.0,0.49018293268540325,0.487117286964699,,,,,,,,,,,,,,,,
50.703439741000004,1212,1.0,0.49049102558809166,0.4870231345847801,,,,,,,,,,,,,,,,
50.707422741,1212,1.0,0.4902312334846048,0.48694503219039353,,,,,,,,,,,,,,,,
50.711467741,1212,1.0,0.49034326216753793,0.48684573703342016,,,,,,,,,,,,,,,,
50.719543741,1212,1.0,0.4903584648581112,0.487040540907118,,,,,,,,,,,,,,,,
50.723429741000004,1212,1.0,0.4901126973769244,0.48720657913773147,,,,,,,,,,,,,,,,
50.727444741000006,1212,1.0,0.49016492507036996,0.4877783316153067,,,,,,,,,,,,,,,,
50.731404741000006,1212,1.0,0.4900546915390912,0.4878577903464988,,,,,,,,,,,,,,,,
50.739411741000005,1213,1.0,0.48893294614904065,0.48758386682581023,,,,,,,,,,,,,,,,
50.743421741000006,1213,1.0,0.4889363120583927,0.487656091760706,,,,,,,,,,,,,,,,
50.747363741,1213,1.0,0.4890725752886604,0.48793244538483793,,,,,,,,,,,,,,,,
50.751476741000005,1213,1.0,0.48953381706686583,0.48871346932870374,,,,,,,,,,,,,,,,
50.759439741,1213,1.0,0.4892279681037454,0.4874104252567998,,,,,,,,,,,,,,,,
50.763425741000006,1213,1.0,0.48841554978314566,0.4874163592303241,,,,,,,,,,,,,,,,
50.767496741,1213,1.0,0.48897283217486215,0.487508703161169,,,,,,,,,,,,,,,,
50.771404741000005,1213,1.0,0.48914600821102366,0.4874773943865741,,,,,,,,,,,,,,,,
50.779418741,1214,1.0,0.4894968481624828,0.48820845992476847,,,,,,,,,,,,,,,,
50.784913741000004,1214,1.0,0.4895714591531193,0.4880944146050348,,,,,,,,,,,,,,,,
50.787523741,1214,1.0,0.4892114751479205,0.48809554488570606,,,,,,,,,,,,,,,,
50.791421741,1214,1.0,0.48897333706126495,0.4880174424913194,,,,,,,,,,,,,,,,
50.799436741,1214,1.0,0.48900413513183594,0.4883614999276621,,,,,,,,,,,,,,,,
50.803774741000005,1214,1.0,0.4896416944615981,0.4880523681640625,,,,,,,,,,,,,,,,
50.807402741000004,1214,1.0,0.49154191858628216,0.4879512080439815,,,,,,,,,,,,,,,,
50.811396741,1214,1.0,0.4942776175106273,0.487880226417824,,,,,,,,,,,,,,,,
50.819392741,1215,1.0,0.4971802655388327,0.48770401566116894,,,,,,,,,,,,,,,,
50.823414741,1215,1.0,0.4971477845135857,0.4876488579644097,,,,,,,,,,,,,,,,
50.827437741000004,1215,1.0,0.4972075855030733,0.4875222665292246,,,,,,,,,,,,,,,,
50.831437741,1215,1.0,0.4975589303409352,0.48759686505353006,,,,,,,,,,,,,,,,
50.839423741000004,1215,1.0,0.49844876457663145,0.4875846580222801,,,,,,,,,,,,,,,,
50.843397741000004,1215,1.0,0.49882782206815834,0.4872203685619213,,,,,,,,,,,,,,,,
50.847416741,1215,1.0,0.49894798503202553,0.4864950674551505,,,,,,,,,,,,,,,,
50.851386741000006,1215,1.0,0.4990702797384823,0.48650156656901045,,,,,,,,,,,,,,,,
50.859980741,1216,1.0,0.49884773703182445,0.4854519314236111,,,,,,,,,,,,,,,,
50.865704741,1216,1.0,0.4986411823945887,0.4863920988859953,,,,,,,,,,,,,,,,
50.867399741,1216,1.0,0.49858654246610756,0.4863309507016782,,,,,,,,,,,,,,,,
50.871410741000005,1216,1.0,0.498445566962747,0.4851171988028067,,,,,,,,,,,,,,,,
50.879408741000006,1216,1.0,0.49828304963953357,0.4847581651475694,,,,,,,,,,,,,,,,
50.883371741000005,1216,1.0,0.4992181553560145,0.48465446189597805,,,,,,,,,,,,,,,,
50.887404741000005,1216,1.0,0.49907903110279755,0.48474409315321176,,,,,,,,,,,,,,,,
50.891388741,1216,1.0,0.4991607105030733,0.48478766547309027,,,,,,,,,,,,,,,,
50.899462741,1217,1.0,0.4974549798404469,0.48478986952039926,,,,,,,,,,,,,,,,
50.903420741000005,1217,1.0,0.49824776368982654,0.48468876591435184,,,,,,,,,,,,,,,,
50.90739674100001,1217,1.0,0.4984165079453412,0.48474539297598385,,,,,,,,,,,,,,,,
50.911483741000005,1217,1.0,0.49807262420654297,0.4847910563151042,,,,,,,,,,,,,,,,
50.919452741,1217,1.0,0.4978623109705308,0.4847524007161458,,,,,,,,,,,,,,,,
50.923392741,1217,1.0,0.497311367708094,0.4852930704752604,,,,,,,,,,,,,,,,
50.927397741,1217,1.0,0.4972398982328527,0.4853287308304398,,,,,,,,,,,,,,,,
50.931406741,1217,1.0,0.49721532709458294,0.48511680320457173,,,,,,,,,,,,,,,,
50.939394741,1218,1.0,0.49710217644186583,0.48493335865162035,,,,,,,,,,,,,,,,
50.943417741000005,1218,1.0,0.497041477876551,0.48491855197482636,,,,,,,,,,,,,,,,
50.947388741000005,1218,1.0,0.49703648511101217,0.4847187183521412,,,,,,,,,,,,,,,,
50.951464741,1218,1.0,0.4977270575130687,0.48491730866608795,,,,,,,,,,,,,,,,
50.959407741,1218,1.0,0.4968177010031307,0.48472883436414926,,,,,,,,,,,,,,,,
50.963424741000004,1218,1.0,0.4967697367948644,0.48469486942997686,,,,,,,,,,,,,,,,
50.96738074100001,1218,1.0,0.496393596424776,0.4846849229600695,,,,,,,,,,,,,,,,
50.971395741,1218,1.0,0.4966213001924403,0.4846520317925347,,,,,,,,,,,,,,,,
50.979439741,1219,1.0,0.497038111967199,0.4846637867115162,,,,,,,,,,,,,,,,
50.983428741000004,1219,1.0,0.4970192067763385,0.4847021597403067,,,,,,,,,,,,,,,,
50.987399741000004,1219,1.0,0.49701180177576404,0.4846408420138889,,,,,,,,,,,,,,,,
50.991438741,1219,1.0,0.49777743395637064,0.48476630316840275,,,,,,,,,,,,,,,,
50.999452741000006,1219,1.0,0.49704916336957145,0.484791734483507,,,,,,,,,,,,,,,,
51.003418741000004,1219,1.0,0.49727501588709216,0.4848655983253761,,,,,,,,,,,,,,,,
51.007397741000005,1219,1.0,0.49724943497601676,0.48566990605107063,,,,,,,,,,,,,,,,
51.011406741,1219,1.0,0.49721409292782054,0.4852981002242477,,,,,,,,,,,,,,,,
51.019380741000006,1220,1.0,0.49722761266371784,0.4862680505823206,,,,,,,,,,,,,,,,
51.023421741,1220,1.0,0.4978784112369313,0.4861330385561342,,,,,,,,,,,,,,,,
51.027433741,1220,1.0,0.4977186988381779,0.4863051803023727,,,,,,,,,,,,,,,,
51.031406741000005,1220,1.0,0.4978725208955653,0.4862875479239005,,,,,,,,,,,,,,,,
51.039497741000005,1220,1.0,0.4977753583122702,0.48630851463035296,,,,,,,,,,,,,,,,
51.043421741,1220,1.0,0.4978126638075885,0.4862694634331597,,,,,,,,,,,,,,,,
51.047370741,1220,1.0,0.4987075469073127,0.48625194408275463,,,,,,,,,,,,,,,,
51.051497741000006,1221,1.0,0.49807369007783775,0.48623046875,,,,,,,,,,,,,,,,
51.059374741000006,1221,1.0,0.49820367027731505,0.4864599722403067,,,,,,,,,,,,,,,,
51.063419741000004,1221,1.0,0.4978187224444221,0.4868988037109375,,,,,,,,,,,,,,,,
51.067404741000004,1221,1.0,0.4972521838019876,0.4867558232060185,,,,,,,,,,,,,,,,
51.071409741000004,1221,1.0,0.4976070067461799,0.4867863407841435,,,,,,,,,,,,,,,,
51.079399741,1221,1.0,0.4988409491146312,0.4867381908275463,,,,,,,,,,,,,,,,
51.083617741000005,1221,1.0,0.49864886788760915,0.4859990437825521,,,,,,,,,,,,,,,,
51.087390741,1222,1.0,0.4987178690293256,0.48607432047526045,,,,,,,,,,,,,,,,
51.091433741,1222,1.0,0.4988086363848518,0.48614603678385415,,,,,,,,,,,,,,,,
51.099474741,1222,1.0,0.49837667801800895,0.48463999430338545,,,,,,,,,,,,,,,,
51.103560741,1222,1.0,0.49757015003877525,0.4846515231662326,,,,,,,,,,,,,,,,
51.107378741000005,1222,1.0,0.49727871838737936,0.48478772198712383,,,,,,,,,,,,,,,,
51.111564741,1222,1.0,0.4971049813663258,0.48466514304832176,,,,,,,,,,,,,,,,
51.121030741000006,1222,1.0,0.4966003754559685,0.4857968930844907,,,,,,,,,,,,,,,,
51.123470741000006,1222,1.0,0.4965989168952493,0.4857652452256944,,,,,,,,,,,,,,,,
51.127405741000004,1223,1.0,0.4954941132489373,0.4855247780128762,,,,,,,,,,,,,,,,
51.135420741000004,1223,1.0,0.4955843757180607,0.4849058928313079,,,,,,,,,,,,,,,,
51.139466741,1223,1.0,0.4957721373614143,0.4846702293113426,,,,,,,,,,,,,,,,
51.143496741,1223,1.0,0.49580035490148205,0.4847334685149016,,,,,,,,,,,,,,,,
51.147475741,1223,1.0,0.4960823059082031,0.48479258219401045,,,,,,,,,,,,,,,,
51.155597741,1223,1.0,0.49468309739056754,0.4848112318250868,,,,,,,,,,,,,,,,
51.159982741,1223,1.0,0.494754903456744,0.48420845314308447,,,,,,,,,,,,,,,,
51.163391741000005,1223,1.0,0.49472393709070545,0.4840788099500868,,,,,,,,,,,,,,,,
51.167423741,1224,1.0,0.49440916846780214,0.48358617711950236,,,,,,,,,,,,,,,,
51.175392741,1224,1.0,0.49460068870993223,0.48360929135923036,,,,,,,,,,,,,,,,
51.179384741,1224,1.0,0.4946434918571921,0.48327015064380785,,,,,,,,,,,,,,,,
51.183434741000006,1224,1.0,0.4947355494779699,0.48266516791449654,,,,,,,,,,,,,,,,
51.18773774100001,1224,1.0,0.49515673693488627,0.48183978045428244,,,,,,,,,,,,,,,,
51.195456741,1224,1.0,0.49583064808565025,0.4807059959129051,,,,,,,,,,,,,,,,
51.199393741,1224,1.0,0.4958794537712546,0.4797322026005497,,,,,,,,,,,,,,,,
51.203406741,1224,1.0,0.4959595624138327,0.47984274405020255,,,,,,,,,,,,,,,,
51.207412741000006,1224,1.0,0.4959868823780733,0.4791330408166956,,,,,,,,,,,,,,,,
51.21560774100001,1225,1.0,0.4968576992259306,0.47858677616825807,,,,,,,,,,,,,,,,
51.219460741000006,1225,1.0,0.49762383629294005,0.4787234271014178,,,,,,,,,,,,,,,,
51.223410741,1225,1.0,0.4983980515423943,0.4786572491681135,,,,,,,,,,,,,,,,
51.227403741,1225,1.0,0.4981072369743796,0.4785381175853588,,,,,,,,,,,,,,,,
51.23544574100001,1225,1.0,0.4991801205803366,0.4806303236219618,,,,,,,,,,,,,,,,
51.239351741,1225,1.0,0.49984410229851217,0.48146650526258683,,,,,,,,,,,,,,,,
51.243405741000004,1225,1.0,0.5000468983369715,0.4815504286024306,,,,,,,,,,,,,,,,
51.247365741,1225,1.0,0.5014769610236672,0.4824265656647859,,,,,,,,,,,,,,,,
51.255353741,1226,1.0,0.5062286152559168,0.4824938738787615,,,,,,,,,,,,,,,,
51.25940674100001,1226,1.0,0.5111411038567039,0.4835082442672164,,,,,,,,,,,,,,,,
51.263578741,1226,1.0,0.521429510677562,0.48462722213179976,,,,,,,,,,,,,,,,
51.267427741000006,1226,1.0,0.5269180746639476,0.48611789279513884,,,,,,,,,,,,,,,,
51.276428741000004,1226,1.0,0.5297415116254021,0.4902084350585938,,,,,,,,,,,,,,,,
51.279405741000005,1226,1.0,0.5311475080602309,0.49026952672887736,,,,,,,,,,,,,,,,
51.283371741,1226,1.0,0.5323594037224265,0.4906327989366319,,,,,,,,,,,,,,,,
51.287371741,1226,1.0,0.5317207224228803,0.4908298068576389,,,,,,,,,,,,,,,,
51.296871741000004,1227,1.0,0.5300639657413259,0.4905480278862847,,,,,,,,,,,,,,,,
51.299337741,1227,1.0,0.5289915870217716,0.4904528582537616,,,,,,,,,,,,,,,,
51.303364741,1227,1.0,0.5299500297097599,0.4906759756582755,,,,,,,,,,,,,,,,
51.308389741000006,1227,1.0,0.5310527577119715,0.4905371771918403,,,,,,,,,,,,,,,,
51.315421741,1227,1.0,0.5283729889813591,0.4915469699435764,,,,,,,,,,,,,,,,
51.319389741,1227,1.0,0.5287898568546071,0.4920682553891782,,,,,,,,,,,,,,,,
51.323393741000004,1227,1.0,0.5287968691657571,0.49288363986545136,,,,,,,,,,,,,,,,
51.327369741000005,1227,1.0,0.5294795877793256,0.4928111888744213,,,,,,,,,,,,,,,,
51.335400741,1228,1.0,0.5306762807509479,0.49268233687789353,,,,,,,,,,,,,,,,
51.339370741,1228,1.0,0.5323213128482595,0.49326007984302667,,,,,,,,,,,,,,,,
51.343402741000006,1228,1.0,0.5313549041748047,0.4934045862268519,,,,,,,,,,,,,,,,
51.347411741,1228,1.0,0.530402239631204,0.493198875144676,,,,,,,,,,,,,,,,
51.355510741,1228,1.0,0.5297826879164752,0.4932519983362269,,,,,,,,,,,,,,,,
51.359351741000005,1228,1.0,0.5307058446547565,0.493163158275463,,,,,,,,,,,,,,,,
51.363378741000005,1228,1.0,0.5308157415950999,0.4933362042462385,,,,,,,,,,,,,,,,
51.367397741000005,1228,1.0,0.5295756844913259,0.49315908926504626,,,,,,,,,,,,,,,,
51.375405741,1229,1.0,0.5285338794483858,0.49254229510271996,,,,,,,,,,,,,,,,
51.379382741,1229,1.0,0.527893907883588,0.49122483995225696,,,,,,,,,,,,,,,,
51.383401741,1229,1.0,0.5283606473137351,0.49144524468315975,,,,,,,,,,,,,,,,
51.387490741,1229,1.0,0.5278464485617245,0.4916894983362269,,,,,,,,,,,,,,,,
51.395429741,1229,1.0,0.5275265188778148,0.49168746383101847,,,,,,,,,,,,,,,,
51.39937874100001,1229,1.0,0.5269748463350183,0.49159817165798614,,,,,,,,,,,,,,,,
51.403372741000005,1229,1.0,0.5264695672427907,0.491461181640625,,,,,,,,,,,,,,,,
51.407393741,1229,1.0,0.5266485214233398,0.49145360876012734,,,,,,,,,,,,,,,,
51.415422741,1230,1.0,0.5269846635706285,0.4914242214626736,,,,,,,,,,,,,,,,
51.419506741000006,1230,1.0,0.5266838073730469,0.49141048855251734,,,,,,,,,,,,,,,,
51.423393741000005,1230,1.0,0.5271611494176528,0.49047687671802664,,,,,,,,,,,,,,,,
51.427605741,1230,1.0,0.527201820822323,0.49046777795862273,,,,,,,,,,,,,,,,
51.435405741000004,1230,1.0,0.5274142658009249,0.49037775110315396,,,,,,,,,,,,,,,,
51.440073741000006,1230,1.0,0.5269324358771829,0.4898554484049479,,,,,,,,,,,,,,,,
51.443400741000005,1230,1.0,0.5266820122213924,0.48982753047236693,,,,,,,,,,,,,,,,
51.447412741,1230,1.0,0.5264550377340877,0.48938010886863426,,,,,,,,,,,,,,,,
51.456907741,1231,1.0,0.5258080538581399,0.4902203595196759,,,,,,,,,,,,,,,,
51.459383741,1231,1.0,0.5256604587330538,0.49002001727068867,,,,,,,,,,,,,,,,
51.463428741,1231,1.0,0.5253904006060433,0.49030665644892935,,,,,,,,,,,,,,,,
51.467416741,1231,1.0,0.5251480551326976,0.4896904274269387,,,,,,,,,,,,,,,,
51.475387741000006,1231,1.0,0.5250986884622013,0.4897915310329861,,,,,,,,,,,,,,,,
51.479431741000006,1231,1.0,0.5249466054579791,0.4897299307364005,,,,,,,,,,,,,,,,
51.483370741,1231,1.0,0.5247700074139763,0.4901401661060475,,,,,,,,,,,,,,,,
51.487394741,1231,1.0,0.5248410841997933,0.49012372052228004,,,,,,,,,,,,,,,,
51.495942741,1232,1.0,0.5251281962675207,0.48877179181134256,,,,,,,,,,,,,,,,
51.499448741,1232,1.0,0.5249925501206342,0.4888527199074074,,,,,,,,,,,,,,,,
51.503396741,1232,1.0,0.5248343523810891,0.48862349898726853,,,,,,,,,,,,,,,,
51.507401741,1232,1.0,0.5246939378626206,0.48851996527777775,,,,,,,,,,,,,,,,
51.515404741000005,1232,1.0,0.5244284237132353,0.48817059552228004,,,,,,,,,,,,,,,,
51.519444741,1232,1.0,0.5235463871675379,0.4878211127387153,,,,,,,,,,,,,,,,
51.523398741,1232,1.0,0.5229655995088465,0.48780387595847796,,,,,,,,,,,,,,,,
51.527407741000005,1232,1.0,0.5230244468240177,0.4878604465060764,,,,,,,,,,,,,,,,
51.535439741000005,1232,1.0,0.5227818769567153,0.48808390299479165,,,,,,,,,,,,,,,,
51.539395741,1233,1.0,0.522708163541906,0.4882049560546875,,,,,,,,,,,,,,,,
51.543401741000004,1233,1.0,0.522481357350069,0.48866407606336804,,,,,,,,,,,,,,,,
51.547495741000006,1233,1.0,0.5222914078656364,0.4887640493887442,,,,,,,,,,,,,,,,
51.556259741000005,1233,1.0,0.5222612829769359,0.48848413538049773,,,,,,,,,,,,,,,,
51.559451741000004,1233,1.0,0.5222852370318245,0.4888640227141203,,,,,,,,,,,,,,,,
51.563408741,1233,1.0,0.5217263838824104,0.4884835702401621,,,,,,,,,,,,,,,,
51.567499741000006,1233,1.0,0.5222369362326229,0.48800133599175344,,,,,,,,,,,,,,,,
51.576064741,1233,1.0,0.5228427999159869,0.48790599681712965,,,,,,,,,,,,,,,,
51.579395741000006,1234,1.0,0.5227829989264993,0.48820348668981484,,,,,,,,,,,,,,,,
51.583388741,1234,1.0,0.5226545894847197,0.4880432694046586,,,,,,,,,,,,,,,,
51.587356741,1234,1.0,0.5229686849257525,0.48870148835358795,,,,,,,,,,,,,,,,
51.595398741000004,1234,1.0,0.5228885201846852,0.4887533682364005,,,,,,,,,,,,,,,,
51.599432741,1234,1.0,0.5228298972634708,0.48893381754557297,,,,,,,,,,,,,,,,
51.603395741,1234,1.0,0.5230453715604895,0.4889906706633391,,,,,,,,,,,,,,,,
51.607398741000004,1234,1.0,0.5229978000416475,0.48981334544994215,,,,,,,,,,,,,,,,
51.615445741,1234,1.0,0.5229759777293486,0.49069360803674766,,,,,,,,,,,,,,,,
51.619413741,1235,1.0,0.5224859574261833,0.49316067165798616,,,,,,,,,,,,,,,,
51.623401741,1235,1.0,0.5224904453053194,0.493312355324074,,,,,,,,,,,,,,,,
51.627395741,1235,1.0,0.5227794086231905,0.4945641411675348,,,,,,,,,,,,,,,,
51.635408741000006,1235,1.0,0.522824904497932,0.4942842836733218,,,,,,,,,,,,,,,,
51.639409741,1235,1.0,0.5229222914751839,0.49414542869285305,,,,,,,,,,,,,,,,
51.643400741,1235,1.0,0.5228824054493624,0.49441805239076964,,,,,,,,,,,,,,,,
51.64740874100001,1235,1.0,0.523625093347886,0.4955567536530672,,,,,,,,,,,,,,,,
51.655423741,1235,1.0,0.5237856472239775,0.49637665925202545,,,,,,,,,,,,,,,,
51.659388741,1236,1.0,0.5233092027551988,0.4976323445638021,,,,,,,,,,,,,,,,
51.663864741000005,1236,1.0,0.5232581531300264,0.49767258255570024,,,,,,,,,,,,,,,,
51.667414741,1236,1.0,0.5232808730181526,0.4975581416377315,,,,,,,,,,,,,,,,
51.675436741000006,1236,1.0,0.5241721097160789,0.4976929841218172,,,,,,,,,,,,,,,,
51.679600741,1236,1.0,0.5230731403126436,0.49746771918402777,,,,,,,,,,,,,,,,
51.683363741,1236,1.0,0.5230435203103458,0.4975016276041667,,,,,,,,,,,,,,,,
51.68740274100001,1236,1.0,0.5227519764619715,0.497298742223669,,,,,,,,,,,,,,,,
51.696012741000004,1237,1.0,0.5224275588989258,0.4967824300130208,,,,,,,,,,,,,,,,
51.69936074100001,1237,1.0,0.5224101683672737,0.4966968677662037,,,,,,,,,,,,,,,,
51.703371741000005,1237,1.0,0.5221674863029929,0.49655535662615746,,,,,,,,,,,,,,,,
51.707398741000006,1237,1.0,0.5221811743343577,0.4965578432436343,,,,,,,,,,,,,,,,
51.715433741000005,1237,1.0,0.5222348044900333,0.49632127549913196,,,,,,,,,,,,,,,,
51.719551741000004,1237,1.0,0.5220500721650965,0.4962082474320023,,,,,,,,,,,,,,,,
51.723393741,1237,1.0,0.522066172431497,0.49609069824218754,,,,,,,,,,,,,,,,
51.727472741,1238,1.0,0.5213946735157686,0.4959979587131076,,,,,,,,,,,,,,,,
51.735423741000005,1238,1.0,0.5212521833531997,0.4957989728009259,,,,,,,,,,,,,,,,
51.739726741000005,1238,1.0,0.5212328293744255,0.49569193522135413,,,,,,,,,,,,,,,,
51.743380741,1238,1.0,0.5212790545295266,0.49570182517722805,,,,,,,,,,,,,,,,
51.747414741,1238,1.0,0.5208898993099437,0.4954955489547165,,,,,,,,,,,,,,,,
51.755979741000004,1238,1.0,0.5210883757647347,0.4951862476490162,,,,,,,,,,,,,,,,
51.759402741,1238,1.0,0.5209590126486385,0.49511882640697336,,,,,,,,,,,,,,,,
51.763703741,1238,1.0,0.5209029702579274,0.4951058846932871,,,,,,,,,,,,,,,,
51.767698741000004,1239,1.0,0.5197979983161477,0.4948563752350984,,,,,,,,,,,,,,,,
51.775404741,1239,1.0,0.5194966372321633,0.4947975441261574,,,,,,,,,,,,,,,,
51.779425741000004,1239,1.0,0.5191921346327838,0.49473611337167245,,,,,,,,,,,,,,,,
51.783559741000005,1239,1.0,0.51924009884105,0.4946581805193866,,,,,,,,,,,,,,,,
51.791411741000005,1239,1.0,0.5191513510311351,0.4948003698278356,,,,,,,,,,,,,,,,
51.795405741,1239,1.0,0.5187545664170209,0.49472317165798607,,,,,,,,,,,,,,,,
51.79949074100001,1239,1.0,0.5190378076889935,0.4946602150245949,,,,,,,,,,,,,,,,
51.80343074100001,1239,1.0,0.5191601584939396,0.49457126193576384,,,,,,,,,,,,,,,,
51.807399741000005,1240,1.0,0.5192582747515511,0.494622802734375,,,,,,,,,,,,,,,,
51.815475741,1240,1.0,0.5195448258343864,0.4937047322591146,,,,,,,,,,,,,,,,
51.820438741000004,1240,1.0,0.5186879775103401,0.49341865822120945,,,,,,,,,,,,,,,,
51.823376741000004,1240,1.0,0.518647362204159,0.4932892975983796,,,,,,,,,,,,,,,,
51.827539741,1240,1.0,0.5187072192921358,0.49310941342954284,,,,,,,,,,,,,,,,
51.835577741,1240,1.0,0.5187557444852942,0.492803955078125,,,,,,,,,,,,,,,,
51.83994074100001,1240,1.0,0.5187739764942843,0.49316304524739585,,,,,,,,,,,,,,,,
51.843405741000005,1240,1.0,0.5187524907729205,0.4929855346679688,,,,,,,,,,,,,,,,
51.847360741,1240,1.0,0.5188448849846335,0.49322735821759256,,,,,,,,,,,,,,,,
51.85539974100001,1241,1.0,0.5189870946547565,0.49316146285445606,,,,,,,,,,,,,,,,
51.85938474100001,1241,1.0,0.5191110723158893,0.49302447283709494,,,,,,,,,,,,,,,,
51.863403741000006,1241,1.0,0.5187875523286707,0.49311444317853004,,,,,,,,,,,,,,,,
51.867460741,1241,1.0,0.518613478716682,0.49327878598813657,,,,,,,,,,,,,,,,
51.875471741000005,1241,1.0,0.5186580770155963,0.492405022515191,,,,,,,,,,,,,,,,
51.879413741,1241,1.0,0.5186315985286937,0.49241519504123266,,,,,,,,,,,,,,,,
51.883395741,1241,1.0,0.5186138714061064,0.4926798502604167,,,,,,,,,,,,,,,,
51.891455741,1242,1.0,0.5187390271355125,0.4924270629882812,,,,,,,,,,,,,,,,
51.895416741000005,1242,1.0,0.518746488234576,0.49258558485243054,,,,,,,,,,,,,,,,
51.89940974100001,1242,1.0,0.5189215155208812,0.4926791155779803,,,,,,,,,,,,,,,,
51.903403741000005,1242,1.0,0.5190045412848977,0.492776941370081,,,,,,,,,,,,,,,,
51.911424741000005,1242,1.0,0.5204430748434627,0.4931060225875289,,,,,,,,,,,,,,,,
51.915461741,1242,1.0,0.5201791314517751,0.4932886194299768,,,,,,,,,,,,,,,,
51.91955174100001,1242,1.0,0.5206527148976046,0.4932760733145255,,,,,,,,,,,,,,,,
51.923422741,1242,1.0,0.5209898668176988,0.4936267428927952,,,,,,,,,,,,,,,,
51.93144774100001,1242,1.0,0.5213867075303021,0.4936822396737558,,,,,,,,,,,,,,,,
51.935450741000004,1243,1.0,0.522736998165355,0.49484264232494213,,,,,,,,,,,,,,,,
51.939466741000004,1243,1.0,0.5233751184800092,0.4958357634367766,,,,,,,,,,,,,,,,
51.943416741,1243,1.0,0.5244313408346737,0.49590001989293986,,,,,,,,,,,,,,,,
51.951860741000004,1243,1.0,0.5300381604362937,0.4958950466579861,,,,,,,,,,,,,,,,
51.955577741000006,1243,1.0,0.5311413933249081,0.4963845712167245,,,,,,,,,,,,,,,,
51.959458741000006,1243,1.0,0.5338688457713407,0.49664724844473385,,,,,,,,,,,,,,,,
51.963415741000006,1243,1.0,0.5362299750832951,0.4977103904441551,,,,,,,,,,,,,,,,
51.971410741,1243,1.0,0.5365787954891429,0.49889266402633103,,,,,,,,,,,,,,,,
51.975416741000004,1244,1.0,0.5386089998133042,0.5003594292534722,,,,,,,,,,,,,,,,
51.979423741000005,1244,1.0,0.5384964662439683,0.5001872875072337,,,,,,,,,,,,,,,,
51.983414741000004,1244,1.0,0.5385183446547565,0.5000768590856481,,,,,,,,,,,,,,,,
51.991632741000004,1244,1.0,0.539395107942469,0.49974099618417245,,,,,,,,,,,,,,,,
51.995883741,1244,1.0,0.5395536983714384,0.5000007911964699,,,,,,,,,,,,,,,,
51.999395741,1244,1.0,0.5422034544103286,0.4999858714916088,,,,,,,,,,,,,,,,
52.003381741000005,1244,1.0,0.542758492862477,0.5003570556640625,,,,,,,,,,,,,,,,
52.011444741000005,1244,1.0,0.5430271485272575,0.5001512315538195,,,,,,,,,,,,,,,,
52.015447741,1245,1.0,0.5425629335291245,0.49997016059027777,,,,,,,,,,,,,,,,
52.019386741000005,1245,1.0,0.5416636747472426,0.49982944064670143,,,,,,,,,,,,,,,,
52.023395741,1245,1.0,0.5417160146376666,0.4998462818287037,,,,,,,,,,,,,,,,
52.031426741000004,1245,1.0,0.5404899260577034,0.4996133309823495,,,,,,,,,,,,,,,,
52.036006741,1245,1.0,0.540288532481474,0.49901552553530093,,,,,,,,,,,,,,,,
52.039456741,1245,1.0,0.5398799671846277,0.4989495171440972,,,,,,,,,,,,,,,,
52.043388741,1245,1.0,0.53979071448831,0.49906915735315394,,,,,,,,,,,,,,,,
52.05140174100001,1245,1.0,0.541589568643009,0.49907656069155093,,,,,,,,,,,,,,,,
52.055413741,1245,1.0,0.541230370016659,0.49873391610604745,,,,,,,,,,,,,,,,
52.059360741000006,1246,1.0,0.54095879723044,0.4986948649088542,,,,,,,,,,,,,,,,
52.063406741,1246,1.0,0.5412492191090303,0.4989005759910301,,,,,,,,,,,,,,,,
52.071438741,1246,1.0,0.541108299704159,0.4983453256112558,,,,,,,,,,,,,,,,
52.075459741,1246,1.0,0.5409250259399414,0.4983890109592014,,,,,,,,,,,,,,,,
52.079835741000004,1246,1.0,0.5404833064359778,0.4983665183738426,,,,,,,,,,,,,,,,
52.083414741000006,1246,1.0,0.5399679857141831,0.4983278062608507,,,,,,,,,,,,,,,,
52.091446741000006,1246,1.0,0.5394358354456285,0.4983254891854746,,,,,,,,,,,,,,,,
52.095401741,1246,1.0,0.5392368541044348,0.4979149147316262,,,,,,,,,,,,,,,,
52.099398741,1247,1.0,0.5391795214484719,0.49787235966435184,,,,,,,,,,,,,,,,
52.103400741,1247,1.0,0.5390987957225126,0.4977843108000579,,,,,,,,,,,,,,,,
52.111410741,1247,1.0,0.5387500875136432,0.49761702926070606,,,,,,,,,,,,,,,,
52.115592741,1247,1.0,0.5387656828936409,0.49732490822120945,,,,,,,,,,,,,,,,
52.119399741,1247,1.0,0.5385783139397117,0.49723115143952545,,,,,,,,,,,,,,,,
52.123409741,1247,1.0,0.5375641654519474,0.4957752369068287,,,,,,,,,,,,,,,,
52.131425741,1247,1.0,0.5372593262616325,0.49559309217664926,,,,,,,,,,,,,,,,
52.13539174100001,1247,1.0,0.5376936407650218,0.4954132645218461,,,,,,,,,,,,,,,,
52.139404741,1248,1.0,0.5375112084781423,0.4953624584056713,,,,,,,,,,,,,,,,
52.143396741000004,1248,1.0,0.5370963040520164,0.4950625949435764,,,,,,,,,,,,,,,,
52.151392741,1248,1.0,0.5376967261819279,0.4951963071469907,,,,,,,,,,,,,,,,
52.155438741000005,1248,1.0,0.5378897610832664,0.4946886980975116,,,,,,,,,,,,,,,,
52.159418741,1248,1.0,0.5381070866304285,0.4943792837637442,,,,,,,,,,,,,,,,
52.163408741000005,1248,1.0,0.5380039776072782,0.4938936586733218,,,,,,,,,,,,,,,,
52.171415741000004,1248,1.0,0.5379834455602309,0.4936979505750868,,,,,,,,,,,,,,,,
52.175680741,1248,1.0,0.5383962182437673,0.49352236147280093,,,,,,,,,,,,,,,,
52.179387741000006,1248,1.0,0.5383200925939223,0.49338344997829864,,,,,,,,,,,,,,,,
52.183399741,1249,1.0,0.5382655087639304,0.49314224808304397,,,,,,,,,,,,,,,,
52.191440741,1249,1.0,0.5377334145938649,0.49258270263671877,,,,,,,,,,,,,,,,
52.195378741000006,1249,1.0,0.5377876618329216,0.4923121134440104,,,,,,,,,,,,,,,,
52.199483741,1249,1.0,0.5368812224444222,0.49189769603587963,,,,,,,,,,,,,,,,
52.20342174100001,1249,1.0,0.5372737435733571,0.4916675708912037,,,,,,,,,,,,,,,,
52.211356741,1249,1.0,0.5371207629933077,0.48983979401765043,,,,,,,,,,,,,,,,
52.215434741,1249,1.0,0.5369980194989372,0.48968279803240744,,,,,,,,,,,,,,,,
52.219375741,1249,1.0,0.5370440763585708,0.48965397587528936,,,,,,,,,,,,,,,,
52.223399741,1250,1.0,0.5375628190882066,0.48970902054398147,,,,,,,,,,,,,,,,
52.231440741,1250,1.0,0.5382574305814856,0.48990992793330435,,,,,,,,,,,,,,,,
52.235850741,1250,1.0,0.5381515166338753,0.4900400797526042,,,,,,,,,,,,,,,,
52.239423741,1250,1.0,0.5378214892219094,0.4899771796332465,,,,,,,,,,,,,,,,
52.243399741000005,1250,1.0,0.5376439375035903,0.48993496365017364,,,,,,,,,,,,,,,,
52.252025741000004,1250,1.0,0.5381678412942326,0.4895895498770254,,,,,,,,,,,,,,,,
52.255442741,1250,1.0,0.537683038150563,0.4896321614583333,,,,,,,,,,,,,,,,
52.259442741,1250,1.0,0.5377095166374656,0.48965900562427667,,,,,,,,,,,,,,,,
52.263431741000005,1251,1.0,0.5376406276927275,0.4897693775318287,,,,,,,,,,,,,,,,
52.271420741,1251,1.0,0.537922690896427,0.4901338365342882,,,,,,,,,,,,,,,,
52.275423741000004,1251,1.0,0.5381198770859662,0.49025551124855327,,,,,,,,,,,,,,,,
52.279438741,1251,1.0,0.5382315130794749,0.49030857792607063,,,,,,,,,,,,,,,,
52.283365741000004,1251,1.0,0.5372752582325655,0.49061358416521994,,,,,,,,,,,,,,,,
52.291395741,1251,1.0,0.5374287997975069,0.49034632930049193,,,,,,,,,,,,,,,,
52.29542974100001,1251,1.0,0.5376556620878332,0.4902963708948206,,,,,,,,,,,,,,,,
52.299354741,1251,1.0,0.5375500847311581,0.4906251130280671,,,,,,,,,,,,,,,,
52.303398741,1252,1.0,0.5375375186695772,0.49047591597945606,,,,,,,,,,,,,,,,
52.311442741,1252,1.0,0.5365791881785673,0.49007557056568285,,,,,,,,,,,,,,,,
52.315447741,1252,1.0,0.5372421601239372,0.4901346842447917,,,,,,,,,,,,,,,,
52.319397741,1252,1.0,0.5363897435805377,0.4901431613498264,,,,,,,,,,,,,,,,
52.323387741000005,1252,1.0,0.5364474128274357,0.4902154993127894,,,,,,,,,,,,,,,,
52.331440741,1252,1.0,0.5360834458295036,0.49040657326027204,,,,,,,,,,,,,,,,
52.335535741,1252,1.0,0.5357227325439453,0.4903004399052373,,,,,,,,,,,,,,,,
52.339376741,1253,1.0,0.5357133079977596,0.49034582067418986,,,,,,,,,,,,,,,,
52.343451741,1253,1.0,0.5357795603135053,0.4905510796440973,,,,,,,,,,,,,,,,
52.351477741000004,1253,1.0,0.5367463616763845,0.4907824480975116,,,,,,,,,,,,,,,,
52.355428741000004,1253,1.0,0.5359636755550609,0.490809009693287,,,,,,,,,,,,,,,,
52.359461741000004,1253,1.0,0.5357062395881204,0.4906208744755498,,,,,,,,,,,,,,,,
52.36340074100001,1253,1.0,0.5347106036017922,0.49059956868489585,,,,,,,,,,,,,,,,
52.371389741,1254,1.0,0.5359083624447093,0.4900475396050348,,,,,,,,,,,,,,,,
52.375410741,1254,1.0,0.5359647414263558,0.4906704372829861,,,,,,,,,,,,,,,,
52.379411741000006,1254,1.0,0.5359056697172278,0.4901856599030672,,,,,,,,,,,,,,,,
52.383536741,1254,1.0,0.5359238456277287,0.4901788782190394,,,,,,,,,,,,,,,,
52.391464741,1254,1.0,0.5353259479298311,0.48666393138744213,,,,,,,,,,,,,,,,
52.395568741000005,1254,1.0,0.5352452222038718,0.48678939254195597,,,,,,,,,,,,,,,,
52.399415741000006,1254,1.0,0.5351429546580595,0.48674225983796293,,,,,,,,,,,,,,,,
52.403403741000005,1254,1.0,0.5351943408741671,0.48654920789930556,,,,,,,,,,,,,,,,
52.411512741,1255,1.0,0.5346070457907284,0.4865738480179398,,,,,,,,,,,,,,,,
52.415433741,1255,1.0,0.5352898205027861,0.4864690709997106,,,,,,,,,,,,,,,,
52.419440741,1255,1.0,0.5351660111371208,0.48659470169632524,,,,,,,,,,,,,,,,
52.423407741000005,1255,1.0,0.5354820139267865,0.48667523419415504,,,,,,,,,,,,,,,,
52.431417741000004,1255,1.0,0.535531717188218,0.48520394784432874,,,,,,,,,,,,,,,,
52.435422741000004,1255,1.0,0.5348138809204102,0.48385026719835067,,,,,,,,,,,,,,,,
52.439420741000006,1255,1.0,0.5333764132331399,0.48187108922887734,,,,,,,,,,,,,,,,
52.443482741000004,1255,1.0,0.5328435336842257,0.47957831488715275,,,,,,,,,,,,,,,,
52.451384741000005,1255,1.0,0.5309258068309111,0.4764181066442419,,,,,,,,,,,,,,,,
52.455532741000006,1256,1.0,0.5282689823823816,0.47512337013527195,,,,,,,,,,,,,,,,
52.459386741,1256,1.0,0.5233981749590706,0.4734185677987558,,,,,,,,,,,,,,,,
52.463390741000005,1256,1.0,0.5205930822035846,0.47139242666739,,,,,,,,,,,,,,,,
52.471392741,1256,1.0,0.5147800445556641,0.4715806183991609,,,,,,,,,,,,,,,,
52.475389741,1256,1.0,0.5134242562686696,0.4710531164098669,,,,,,,,,,,,,,,,
52.479416741,1256,1.0,0.5129762537339154,0.4713842886465567,,,,,,,,,,,,,,,,
52.483404741,1256,1.0,0.5126829708323759,0.4719927187319155,,,,,,,,,,,,,,,,
52.491427741,1256,1.0,0.5141183067770565,0.47192439326533564,,,,,,,,,,,,,,,,
52.49541674100001,1256,1.0,0.5146313835592831,0.4723306161385995,,,,,,,,,,,,,,,,
52.499403741,1257,1.0,0.5147863275864545,0.4722868742766204,,,,,,,,,,,,,,,,
52.503458741,1257,1.0,0.5154278138104607,0.47222403067129626,,,,,,,,,,,,,,,,
52.511474741,1257,1.0,0.5150288413552677,0.4716756184895833,,,,,,,,,,,,,,,,
52.515458741,1257,1.0,0.5150424171896542,0.4722864221643519,,,,,,,,,,,,,,,,
52.519465741000005,1257,1.0,0.515532325295841,0.47275430184823497,,,,,,,,,,,,,,,,
52.523436741000005,1257,1.0,0.5146537107579848,0.47314899585865167,,,,,,,,,,,,,,,,
52.531435741,1257,1.0,0.5159008362713982,0.4737894694010417,,,,,,,,,,,,,,,,
52.53544174100001,1257,1.0,0.5163929322186638,0.4740597760235822,,,,,,,,,,,,,,,,
52.539531741000005,1258,1.0,0.5167857338400448,0.47440575493706594,,,,,,,,,,,,,,,,
52.543446741000004,1258,1.0,0.5171929527731502,0.4742792200159144,,,,,,,,,,,,,,,,
52.551493741,1258,1.0,0.5179693558636833,0.47484763816550923,,,,,,,,,,,,,,,,
52.555467741,1258,1.0,0.5177229712991154,0.47496546992549193,,,,,,,,,,,,,,,,
52.559516741,1258,1.0,0.518009858972886,0.4752005117910879,,,,,,,,,,,,,,,,
52.563500741000006,1258,1.0,0.5176604775821462,0.47529466417100696,,,,,,,,,,,,,,,,
52.571407741,1258,1.0,0.5176227232989143,0.475281665943287,,,,,,,,,,,,,,,,
52.575533741,1258,1.0,0.5179566776051241,0.4754742092556423,,,,,,,,,,,,,,,,
52.579433741,1259,1.0,0.5182134403901941,0.4761393229166667,,,,,,,,,,,,,,,,
52.583400741000005,1259,1.0,0.51848103018368,0.47636187518084494,,,,,,,,,,,,,,,,
52.591496741,1259,1.0,0.518860704758588,0.4766417326750578,,,,,,,,,,,,,,,,
52.595453741,1259,1.0,0.5188435386208927,0.4766536006221065,,,,,,,,,,,,,,,,
52.599428741000004,1259,1.0,0.5189386816585765,0.4767800790292246,,,,,,,,,,,,,,,,
52.603394741,1259,1.0,0.5191157845889821,0.4769829644097222,,,,,,,,,,,,,,,,
52.611386741000004,1259,1.0,0.5194576487821692,0.4771568015769676,,,,,,,,,,,,,,,,
52.615442741,1259,1.0,0.5200687296250287,0.47726090042679403,,,,,,,,,,,,,,,,
52.619405741,1259,1.0,0.5202148100909065,0.4774893301504629,,,,,,,,,,,,,,,,
52.623393741,1260,1.0,0.5202889161951402,0.4775387234157986,,,,,,,,,,,,,,,,
52.631463741000005,1260,1.0,0.520051170797909,0.47749351218894676,,,,,,,,,,,,,,,,
52.635535741000005,1260,1.0,0.5206222534179688,0.4776156955295139,,,,,,,,,,,,,,,,
52.639427741000006,1260,1.0,0.5202795477474437,0.47752244737413196,,,,,,,,,,,,,,,,
52.64349974100001,1260,1.0,0.5203970740823185,0.47739834255642366,,,,,,,,,,,,,,,,
52.651412741,1260,1.0,0.5209810032564051,0.47921351680049185,,,,,,,,,,,,,,,,
52.655391741,1260,1.0,0.5208916383631089,0.47924245198567705,,,,,,,,,,,,,,,,
52.659403741000006,1260,1.0,0.5209010629092946,0.479493091724537,,,,,,,,,,,,,,,,
52.667432741000006,1261,1.0,0.5207352918737075,0.47966088189019096,,,,,,,,,,,,,,,,
52.671447741,1261,1.0,0.5210838317871094,0.48011378535517935,,,,,,,,,,,,,,,,
52.675464741000006,1261,1.0,0.5211569842170266,0.4806345621744792,,,,,,,,,,,,,,,,
52.67952274100001,1261,1.0,0.5210990905761719,0.48062992802372684,,,,,,,,,,,,,,,,
52.687392741000004,1261,1.0,0.5203400219188017,0.4803101716218171,,,,,,,,,,,,,,,,
52.691405741000004,1261,1.0,0.5211843602797565,0.4804449575918692,,,,,,,,,,,,,,,,
52.695388741,1261,1.0,0.5212189169491038,0.4809457284432871,,,,,,,,,,,,,,,,
52.699361741000004,1261,1.0,0.5212841033935547,0.48174918845847803,,,,,,,,,,,,,,,,
52.707412741000006,1262,1.0,0.5207725412705365,0.4830781724717882,,,,,,,,,,,,,,,,
52.711412741000004,1262,1.0,0.5208192152135512,0.48335622151692703,,,,,,,,,,,,,,,,
52.715452741,1262,1.0,0.5212940328261432,0.48416007713035303,,,,,,,,,,,,,,,,
52.719388741,1262,1.0,0.5213140599867877,0.4841717190212673,,,,,,,,,,,,,,,,
52.727410741,1262,1.0,0.5225234312169692,0.48409022578486693,,,,,,,,,,,,,,,,
52.731451741,1262,1.0,0.5225225897396312,0.48441145155164933,,,,,,,,,,,,,,,,
52.735433741,1262,1.0,0.5213495703304515,0.48485062210648144,,,,,,,,,,,,,,,,
52.739405741000006,1262,1.0,0.5213717853321749,0.48565413863570606,,,,,,,,,,,,,,,,
52.747423741000006,1263,1.0,0.5205041099997127,0.48697741473162615,,,,,,,,,,,,,,,,
52.751456741000005,1263,1.0,0.5207588532391716,0.4878157439055266,,,,,,,,,,,,,,,,
52.755414741,1263,1.0,0.519952325259938,0.48786994086371527,,,,,,,,,,,,,,,,
52.759428741,1263,1.0,0.5197418998269474,0.48784496166087965,,,,,,,,,,,,,,,,
52.767410741000006,1263,1.0,0.5188772538129021,0.48812182391131365,,,,,,,,,,,,,,,,
52.771403741,1263,1.0,0.5188779269947725,0.48800670482494213,,,,,,,,,,,,,,,,
52.775447741,1263,1.0,0.5188209870282341,0.4877530133282697,,,,,,,,,,,,,,,,
52.779396741000006,1264,1.0,0.518312790814568,0.48763998526114005,,,,,,,,,,,,,,,,
52.787427741,1264,1.0,0.5184733446906594,0.48757719816984957,,,,,,,,,,,,,,,,
52.791479741,1264,1.0,0.5201074936810661,0.48801342999493635,,,,,,,,,,,,,,,,
52.795469741000005,1264,1.0,0.521794319152832,0.48968494556568287,,,,,,,,,,,,,,,,
52.799407741,1264,1.0,0.5263014961691463,0.49414842393663194,,,,,,,,,,,,,,,,
52.807384741,1264,1.0,0.5434277478386375,0.5000522189670139,,,,,,,,,,,,,,,,
52.811413741,1264,1.0,0.5541565838982078,0.5080790201822917,,,,,,,,,,,,,,,,
52.815400741000005,1264,1.0,0.5697850620045382,0.5237506442599826,,,,,,,,,,,,,,,,
52.819488741,1265,1.0,0.5896439271814683,0.5410149185745805,,,,,,,,,,,,,,,,
52.827407741,1265,1.0,0.6148678274715648,0.551478096290871,,,,,,,,,,,,,,,,
52.831414741,1265,1.0,0.6265161738676184,0.5554778205023871,,,,,,,,,,,,,,,,
52.835564741000006,1265,1.0,0.6377147225772634,0.559708743625217,,,,,,,,,,,,,,,,
52.839460741,1265,1.0,0.6546224145328298,0.562265071162471,,,,,,,,,,,,,,,,
52.847404741000005,1265,1.0,0.6674974104937386,0.5629583005551939,,,,,,,,,,,,,,,,
52.851438741,1265,1.0,0.6772594451904297,0.5600401419180411,,,,,,,,,,,,,,,,
52.855427741,1265,1.0,0.6844631643856273,0.5578495449490017,,,,,,,,,,,,,,,,
52.859414741,1265,1.0,0.6815853118896484,0.5580047889992044,,,,,,,,,,,,,,,,
52.867437741,1266,1.0,0.6798834520227769,0.556462068910952,,,,,,,,,,,,,,,,
52.871458741000005,1266,1.0,0.6835116779102999,0.5600830925835503,,,,,,,,,,,,,,,,
52.875589741000006,1266,1.0,0.6832654616411995,0.5629967866120515,,,,,,,,,,,,,,,,
52.879421741,1266,1.0,0.6830977832569796,0.5630421391239873,,,,,,,,,,,,,,,,
52.887433741,1266,1.0,0.6835536395802218,0.564094967312283,,,,,,,,,,,,,,,,
52.891407741,1266,1.0,0.6804875766529757,0.5662100050184462,,,,,,,,,,,,,,,,
52.895490741,1266,1.0,0.6811012941248277,0.5661621941460504,,,,,,,,,,,,,,,,
52.899518741,1267,1.0,0.6816508910235237,0.5668228714554397,,,,,,,,,,,,,,,,
52.907405741000005,1267,1.0,0.6787057764389935,0.5699026319715712,,,,,,,,,,,,,,,,
52.911362741000005,1267,1.0,0.6812528161441579,0.5725661666304978,,,,,,,,,,,,,,,,
52.915491741000004,1267,1.0,0.681346107931698,0.5700208028157552,,,,,,,,,,,,,,,,
52.919604741,1267,1.0,0.6769570182351505,0.5737649140534578,,,,,,,,,,,,,,,,
52.927416741,1267,1.0,0.678408847135656,0.5712235909921152,,,,,,,,,,,,,,,,
52.931631741000004,1267,1.0,0.6787427453433766,0.5713464242440682,,,,,,,,,,,,,,,,
52.935454741,1267,1.0,0.6786019942339729,0.571594888192636,,,,,,,,,,,,,,,,
52.939356741000005,1268,1.0,0.675940569709329,0.573225572374132,,,,,,,,,,,,,,,,
52.947429741,1268,1.0,0.6766909991993624,0.5735063623498987,,,,,,,,,,,,,,,,
52.951655741,1268,1.0,0.6777146844302907,0.5747738025806568,,,,,,,,,,,,,,,,
52.955798741,1268,1.0,0.6763880112591911,0.5748383981210214,,,,,,,,,,,,,,,,
52.960795741000005,1268,1.0,0.6764790591071633,0.5742733708134404,,,,,,,,,,,,,,,,
52.967438741,1268,1.0,0.6758324118221507,0.5753624810112847,,,,,,,,,,,,,,,,
52.971587741,1268,1.0,0.6774842318366555,0.5804560343424479,,,,,,,,,,,,,,,,
52.975487741,1268,1.0,0.6799621021046358,0.582383049858941,,,,,,,,,,,,,,,,
52.979488741000004,1268,1.0,0.6794948577880859,0.583634129276982,,,,,,,,,,,,,,,,
52.987466741000006,1269,1.0,0.67759968252743,0.589215087890625,,,,,,,,,,,,,,,,
52.99140074100001,1269,1.0,0.6833502825568704,0.5917920995641638,,,,,,,,,,,,,,,,
52.995444741,1269,1.0,0.6879388584810144,0.5893063297978154,,,,,,,,,,,,,,,,
52.999456741,1269,1.0,0.6865238862879136,0.58777830335829,,,,,,,,,,,,,,,,
53.007502741,1269,1.0,0.6864360360538259,0.5860015869140625,,,,,,,,,,,,,,,,
53.011409741,1269,1.0,0.687193702248966,0.5859147531014901,,,,,,,,,,,,,,,,
53.015540741,1269,1.0,0.6836384604958927,0.5873049418131511,,,,,,,,,,,,,,,,
53.019487741000006,1269,1.0,0.6827167623183307,0.5859326397931135,,,,,,,,,,,,,,,,
53.027421741000005,1270,1.0,0.6838834425982308,0.5863600271719474,,,,,,,,,,,,,,,,
53.031445741000006,1270,1.0,0.6828890968771542,0.5870089213053385,,,,,,,,,,,,,,,,
53.036092741000004,1270,1.0,0.6839315190034754,0.5868597525137442,,,,,,,,,,,,,,,,
53.039384741000006,1270,1.0,0.6831544988295611,0.5874402081524884,,,,,,,,,,,,,,,,
53.047459741000004,1270,1.0,0.6817509146297679,0.5861960799605759,,,,,,,,,,,,,,,,
53.051469741000005,1270,1.0,0.6831927019007066,0.5858860157154224,,,,,,,,,,,,,,,,
53.055585741,1270,1.0,0.6826378878425149,0.5880565219455295,,,,,,,,,,,,,,,,
53.059887741000004,1271,1.0,0.6841263490564683,0.587114178692853,,,,,,,,,,,,,,,,
53.067377741,1271,1.0,0.6837769115672392,0.5883049576370805,,,,,,,,,,,,,,,,
53.071423741000004,1271,1.0,0.6843226937686696,0.5861937628851996,,,,,,,,,,,,,,,,
53.075557741000004,1271,1.0,0.6862215715296128,0.5871999669958043,,,,,,,,,,,,,,,,
53.079422741,1271,1.0,0.684995595146628,0.5866791619194878,,,,,,,,,,,,,,,,
53.087517741000006,1271,1.0,0.6848960203282973,0.5851808336046007,,,,,,,,,,,,,,,,
53.091539741000005,1272,1.0,0.6859241373398725,0.5859495940031829,,,,,,,,,,,,,,,,
53.095599741,1272,1.0,0.6865756651934456,0.5885846738462095,,,,,,,,,,,,,,,,
53.099542741,1272,1.0,0.6872017243329216,0.5901590135362413,,,,,,,,,,,,,,,,
53.107495741,1272,1.0,0.6905315062578987,0.5917557327835647,,,,,,,,,,,,,,,,
53.111421741,1272,1.0,0.6895451265222886,0.5911408035843461,,,,,,,,,,,,,,,,
53.115693741,1272,1.0,0.6903518788954791,0.5903378239384405,,,,,,,,,,,,,,,,
53.119508741000004,1272,1.0,0.687409849727855,0.5888046829788773,,,,,,,,,,,,,,,,
53.127507741,1272,1.0,0.6823443244485294,0.585326244212963,,,,,,,,,,,,,,,,
53.131922741000004,1273,1.0,0.680141056285185,0.5774490073875145,,,,,,,,,,,,,,,,
53.135471741,1273,1.0,0.6796761681051815,0.5661318743670428,,,,,,,,,,,,,,,,
53.139414741,1273,1.0,0.6707048977122587,0.544893165870949,,,,,,,,,,,,,,,,
53.148207741,1273,1.0,0.6462776520672966,0.5180884467230903,,,,,,,,,,,,,,,,
53.151465741,1273,1.0,0.6205414603738224,0.495387550636574,,,,,,,,,,,,,,,,
53.155377741,1273,1.0,0.5947778365191292,0.4631678263346354,,,,,,,,,,,,,,,,
53.159407741,1273,1.0,0.5668865652645335,0.4304013852719908,,,,,,,,,,,,,,,,
53.167421741000005,1273,1.0,0.536715451408835,0.4133502536349827,,,,,,,,,,,,,,,,
53.172674741,1273,1.0,0.5175387999590706,0.39754237422236693,,,,,,,,,,,,,,,,
53.175397741000005,1274,1.0,0.5059033562155331,0.3860945524992766,,,,,,,,,,,,,,,,
53.179376741000006,1274,1.0,0.5030563017901253,0.38182248716001155,,,,,,,,,,,,,,,,
53.187417741000004,1274,1.0,0.4972508374382468,0.37188381618923616,,,,,,,,,,,,,,,,
53.191428741,1274,1.0,0.5015057956471163,0.370607672797309,,,,,,,,,,,,,,,,
53.195414741,1274,1.0,0.5056023878209731,0.37042366310402197,,,,,,,,,,,,,,,,
53.199383741000005,1274,1.0,0.5049145081463982,0.3729366161205151,,,,,,,,,,,,,,,,
53.207398741000006,1274,1.0,0.4970964543959674,0.3728914614076968,,,,,,,,,,,,,,,,
53.211730741000004,1274,1.0,0.5015935336842257,0.37481870298032405,,,,,,,,,,,,,,,,
53.215582741000006,1274,1.0,0.49887679604923024,0.3736891569914641,,,,,,,,,,,,,,,,
53.219366741,1275,1.0,0.49998389973359947,0.3701234605577257,,,,,,,,,,,,,,,,
53.227398741,1275,1.0,0.49935206244973573,0.3743378815827546,,,,,,,,,,,,,,,,
53.231425741,1275,1.0,0.4985274146584904,0.36919889096860536,,,,,,,,,,,,,,,,
53.235782741,1275,1.0,0.49799582537482767,0.37134947600188084,,,,,,,,,,,,,,,,
53.239462741000004,1275,1.0,0.5016007703893325,0.3685499403211806,,,,,,,,,,,,,,,,
53.24744874100001,1275,1.0,0.4966287612915039,0.37669084337022574,,,,,,,,,,,,,,,,
53.251400741000005,1275,1.0,0.49631887323716106,0.3753667195638021,,,,,,,,,,,,,,,,
53.255381741,1275,1.0,0.4946130864760455,0.3735651652018229,,,,,,,,,,,,,,,,
53.259411741,1276,1.0,0.4989613925709444,0.37261120831524885,,,,,,,,,,,,,,,,
53.267487741000004,1276,1.0,0.49274371652042165,0.3731568513093171,,,,,,,,,,,,,,,,
53.272538741000005,1276,1.0,0.49437904357910156,0.36891230830439814,,,,,,,,,,,,,,,,
53.27543974100001,1276,1.0,0.49833039676441865,0.37157027633101847,,,,,,,,,,,,,,,,
53.279390741,1276,1.0,0.49744392843807445,0.3708849871600116,,,,,,,,,,,,,,,,
53.287409741000005,1276,1.0,0.49750479529885683,0.36714324951171873,,,,,,,,,,,,,,,,
53.291419741000006,1276,1.0,0.49826936160816865,0.37202668366608793,,,,,,,,,,,,,,,,
53.295428741,1276,1.0,0.4984634062823127,0.37209054452401624,,,,,,,,,,,,,,,,
53.299387741000004,1277,1.0,0.4966386907240924,0.37329830593532987,,,,,,,,,,,,,,,,
53.307395741,1277,1.0,0.49929966646082263,0.3723518654152199,,,,,,,,,,,,,,,,
53.311423741000006,1277,1.0,0.4976247338687672,0.3709161829065394,,,,,,,,,,,,,,,,
53.315763741000005,1277,1.0,0.49810875163358803,0.37241397433810763,,,,,,,,,,,,,,,,
53.319380741,1277,1.0,0.4997362810022691,0.372959617332176,,,,,,,,,,,,,,,,
53.327427741,1277,1.0,0.5009036344640395,0.37622126826533564,,,,,,,,,,,,,,,,
53.331430741000005,1277,1.0,0.4992830613080193,0.3725423742223669,,,,,,,,,,,,,,,,
53.335371741,1278,1.0,0.4989275651819566,0.36881476508246525,,,,,,,,,,,,,,,,
53.33940874100001,1278,1.0,0.49748555351706114,0.36523443151403356,,,,,,,,,,,,,,,,
53.347409741,1278,1.0,0.49501974442425895,0.3595554493091725,,,,,,,,,,,,,,,,
53.351478741,1278,1.0,0.4904027826645795,0.35731218126085074,,,,,,,,,,,,,,,,
53.355445741000004,1278,1.0,0.488491507137523,0.35821917498553246,,,,,,,,,,,,,,,,
53.359410741000005,1278,1.0,0.487119618584128,0.3569472701461227,,,,,,,,,,,,,,,,
53.367348741,1278,1.0,0.48259499493767233,0.3573959350585938,,,,,,,,,,,,,,,,
53.375379741,1278,1.0,0.4865868512321921,0.3548955281575521,,,,,,,,,,,,,,,,
53.37938874100001,1279,1.0,0.4863339592428768,0.3548877857349537,,,,,,,,,,,,,,,,
53.387538741,1279,1.0,0.4821597828584559,0.354841387713397,,,,,,,,,,,,,,,,
53.391405741,1279,1.0,0.4804079392377068,0.35650487829137734,,,,,,,,,,,,,,,,
53.395432741,1279,1.0,0.4835994944852941,0.35752953423394096,,,,,,,,,,,,,,,,
53.403409741000004,1279,1.0,0.4810916676240809,0.357174626103154,,,,,,,,,,,,,,,,
53.407445741000004,1279,1.0,0.4826023999382468,0.3592799999095776,,,,,,,,,,,,,,,,
53.411397741,1279,1.0,0.4840610728544347,0.35689606843171295,,,,,,,,,,,,,,,,
53.415395741000005,1279,1.0,0.4848446565515855,0.3570791173864294,,,,,,,,,,,,,,,,
53.423402741000004,1280,1.0,0.48739225724164176,0.3568650422272859,,,,,,,,,,,,,,,,
53.428322741,1280,1.0,0.4859423356897691,0.35620851869936343,,,,,,,,,,,,,,,,
53.431387741,1280,1.0,0.48473554499009075,0.3565727516456887,,,,,,,,,,,,,,,,
53.435442741,1280,1.0,0.48534359651453357,0.3566774721498842,,,,,,,,,,,,,,,,
53.44338874100001,1280,1.0,0.48375404582304116,0.3572745994285301,,,,,,,,,,,,,,,,
53.447366741,1280,1.0,0.48448607500861673,0.35711048267505785,,,,,,,,,,,,,,,,
53.451765741,1280,1.0,0.486972640542423,0.35858306884765623,,,,,,,,,,,,,,,,
53.455368741,1281,1.0,0.48396093705121207,0.3590111626519097,,,,,,,,,,,,,,,,
53.463380741,1281,1.0,0.48485279083251953,0.36113880298755785,,,,,,,,,,,,,,,,
53.467384741000004,1281,1.0,0.48430723302504597,0.3598258689597801,,,,,,,,,,,,,,,,
53.47135174100001,1281,1.0,0.4848281635957606,0.3566307350441261,,,,,,,,,,,,,,,,
53.475518741,1281,1.0,0.4871662364286535,0.3569962112991898,,,,,,,,,,,,,,,,
53.483393741,1281,1.0,0.48305567573098573,0.3568033854166667,,,,,,,,,,,,,,,,
53.487362741000005,1281,1.0,0.4843548606423771,0.35530819363064237,,,,,,,,,,,,,,,,
53.491451741000006,1281,1.0,0.48389440424302044,0.35626005949797457,,,,,,,,,,,,,,,,
53.495435741,1281,1.0,0.4821339775534237,0.35797271728515623,,,,,,,,,,,,,,,,
53.503382741,1282,1.0,0.48385485480813417,0.3593317102502893,,,,,,,,,,,,,,,,
53.507398741,1282,1.0,0.484924877391142,0.35840781882957173,,,,,,,,,,,,,,,,
53.511381741,1282,1.0,0.4846356335808249,0.3589916087962963,,,,,,,,,,,,,,,,
53.515471741000006,1282,1.0,0.48555806103874655,0.35932142469618056,,,,,,,,,,,,,,,,
53.523447741000005,1282,1.0,0.4850272010354435,0.3607742309570312,,,,,,,,,,,,,,,,
53.527379741000004,1282,1.0,0.4856415916891659,0.3605031896520544,,,,,,,,,,,,,,,,
53.531395741000004,1282,1.0,0.48630254408892465,0.35930271855107065,,,,,,,,,,,,,,,,
53.535440741,1282,1.0,0.48554392421946807,0.35973968505859377,,,,,,,,,,,,,,,,
53.543400741000006,1283,1.0,0.4868147793938132,0.3572933620876736,,,,,,,,,,,,,,,,
53.547455741,1283,1.0,0.4869350545546588,0.3567676120334201,,,,,,,,,,,,,,,,
53.551408741,1283,1.0,0.4871012743781595,0.3561618381076389,,,,,,,,,,,,,,,,
53.55552174100001,1283,1.0,0.4873148974250345,0.35606361671730324,,,,,,,,,,,,,,,,
53.56338774100001,1283,1.0,0.4861745273365694,0.35773733633535876,,,,,,,,,,,,,,,,
53.567371741,1283,1.0,0.48568450703340416,0.3582579436125579,,,,,,,,,,,,,,,,
53.571406741000004,1283,1.0,0.48613974627326517,0.36493100766782405,,,,,,,,,,,,,,,,
53.575401741,1284,1.0,0.48598642910228057,0.3775261773003472,,,,,,,,,,,,,,,,
53.58421074100001,1284,1.0,0.48615747339585247,0.40550819679542827,,,,,,,,,,,,,,,,
53.587415741,1284,1.0,0.4843314675723805,0.4224585639105902,,,,,,,,,,,,,,,,
53.591390741000005,1284,1.0,0.4843188454123104,0.44065709997106484,,,,,,,,,,,,,,,,
53.595406741000005,1284,1.0,0.4852015551398782,0.4539579603407118,,,,,,,,,,,,,,,,
53.603409741,1284,1.0,0.4866819942698759,0.4636249118381076,,,,,,,,,,,,,,,,
53.607501741,1284,1.0,0.4872075810151942,0.4659346403899016,,,,,,,,,,,,,,,,
53.611383741000004,1285,1.0,0.48778270272647634,0.4719631618923611,,,,,,,,,,,,,,,,
53.615405741000004,1285,1.0,0.4882897208718693,0.47182713261357057,,,,,,,,,,,,,,,,
53.623535741000005,1285,1.0,0.48919273825252757,0.4777820728443287,,,,,,,,,,,,,,,,
53.627674741,1285,1.0,0.48945095959831686,0.4759362679940683,,,,,,,,,,,,,,,,
53.631404741000004,1285,1.0,0.4897770601160386,0.4781512790256076,,,,,,,,,,,,,,,,
53.635433741,1285,1.0,0.4900670893052045,0.4811382152416088,,,,,,,,,,,,,,,,
53.643550741000006,1285,1.0,0.4913763719446519,0.4797555428964121,,,,,,,,,,,,,,,,
53.647416741,1285,1.0,0.4915352989645565,0.47747701009114585,,,,,,,,,,,,,,,,
53.651412741,1286,1.0,0.4917171702665441,0.4760739361798322,,,,,,,,,,,,,,,,
53.655414741,1286,1.0,0.49212023791144877,0.4785623055917245,,,,,,,,,,,,,,,,
53.663404741,1286,1.0,0.4931921117446002,0.47542775472005205,,,,,,,,,,,,,,,,
53.667535741,1286,1.0,0.4933573778937845,0.476086821379485,,,,,,,,,,,,,,,,
53.671435741,1286,1.0,0.4934846092672909,0.4789232042100694,,,,,,,,,,,,,,,,
53.675479741000004,1286,1.0,0.49359983556410847,0.47948190194589124,,,,,,,,,,,,,,,,
53.683400741,1286,1.0,0.4934215545654297,0.4814017401801215,,,,,,,,,,,,,,,,
53.687525741,1286,1.0,0.4935423346126781,0.47791810212311925,,,,,,,,,,,,,,,,
53.691445741,1287,1.0,0.49397917354808135,0.47660562020761,,,,,,,,,,,,,,,,
53.695443741000005,1287,1.0,0.49408895829144645,0.4778981526692708,,,,,,,,,,,,,,,,
53.703418741,1287,1.0,0.49375472349279065,0.47775765878182874,,,,,,,,,,,,,,,,
53.707473741,1287,1.0,0.49434151368982654,0.47856383147063075,,,,,,,,,,,,,,,,
53.711505741,1287,1.0,0.49436047497917623,0.4780558268229167,,,,,,,,,,,,,,,,
53.715413741000006,1287,1.0,0.4944276809692383,0.47850986056857636,,,,,,,,,,,,,,,,
53.72339774100001,1287,1.0,0.4946606579948874,0.47911393907335065,,,,,,,,,,,,,,,,
53.727432741,1287,1.0,0.4947349884930779,0.4786529541015625,,,,,,,,,,,,,,,,
53.731414741,1288,1.0,0.49480202618767233,0.47666795518663196,,,,,,,,,,,,,,,,
53.735511741,1288,1.0,0.4950045417336857,0.4755003752531829,,,,,,,,,,,,,,,,
53.743375741,1288,1.0,0.4953874700209674,0.47596904613353586,,,,,,,,,,,,,,,,
53.747418741000004,1288,1.0,0.4955115598790786,0.4769629584418402,,,,,,,,,,,,,,,,
53.751425741000006,1288,1.0,0.4955098208259134,0.4768068101671007,,,,,,,,,,,,,,,,
53.75544974100001,1288,1.0,0.4959907531738281,0.4781059547706886,,,,,,,,,,,,,,,,
53.763474741,1288,1.0,0.49707934435676127,0.47790425618489585,,,,,,,,,,,,,,,,
53.767448741,1288,1.0,0.4975432227639591,0.4776516949688947,,,,,,,,,,,,,,,,
53.771416741,1288,1.0,0.49716051887063417,0.4774116798683449,,,,,,,,,,,,,,,,
53.775467741,1288,1.0,0.497226266299977,0.47918644657841436,,,,,,,,,,,,,,,,
53.783404741000005,1289,1.0,0.4965391720042509,0.47792691831235534,,,,,,,,,,,,,,,,
53.787412741000004,1289,1.0,0.49617329765768614,0.47524781403718175,,,,,,,,,,,,,,,,
53.791445741000004,1289,1.0,0.49619876637178306,0.473678136754919,,,,,,,,,,,,,,,,
53.795791741,1289,1.0,0.49564198886646943,0.4741253323025174,,,,,,,,,,,,,,,,
53.803446741,1289,1.0,0.49460192287669463,0.47555344193070026,,,,,,,,,,,,,,,,
53.807435741000006,1289,1.0,0.49477285497328816,0.47434534143518514,,,,,,,,,,,,,,,,
53.81167674100001,1289,1.0,0.494837480432847,0.4735176934136285,,,,,,,,,,,,,,,,
53.815447741,1289,1.0,0.49560462727266197,0.4723254733615452,,,,,,,,,,,,,,,,
53.823425741,1290,1.0,0.49637514002182903,0.4665942156756365,,,,,,,,,,,,,,,,
53.827421741,1290,1.0,0.49703003378475413,0.4558349609375,,,,,,,,,,,,,,,,
53.831434741,1290,1.0,0.49701735552619486,0.43861536096643516,,,,,,,,,,,,,,,,
53.837391741000005,1290,1.0,0.49358440847957835,0.3927594785337095,,,,,,,,,,,,,,,,
53.843420741,1290,1.0,0.49367495144114776,0.3612310338903356,,,,,,,,,,,,,,,,
53.847481741,1290,1.0,0.49299217672909007,0.3338467633282697,,,,,,,,,,,,,,,,
53.851390741,1290,1.0,0.49055856816908894,0.3201264558015047,,,,,,,,,,,,,,,,
53.856044741000005,1290,1.0,0.49011993408203125,0.3038253219039352,,,,,,,,,,,,,,,,
53.863391741,1291,1.0,0.4897436254164752,0.2991750081380208,,,,,,,,,,,,,,,,
53.867380741000005,1291,1.0,0.4901128095739028,0.3036503544560185,,,,,,,,,,,,,,,,
53.871434741,1291,1.0,0.4902197332943187,0.3004858511465567,,,,,,,,,,,,,,,,
53.875456741,1291,1.0,0.4903862897087546,0.2995380542896412,,,,,,,,,,,,,,,,
53.883438741000006,1291,1.0,0.4895205778234145,0.2976337009006076,,,,,,,,,,,,,,,,
53.887484741,1291,1.0,0.4888877307667452,0.29801505759910296,,,,,,,,,,,,,,,,
53.891456741000006,1291,1.0,0.4884096033432904,0.2983592280635128,,,,,,,,,,,,,,,,
53.895415741,1291,1.0,0.48861054813160615,0.29855810094762736,,,,,,,,,,,,,,,,
53.903369741000006,1292,1.0,0.48932945027070884,0.3011246857819734,,,,,,,,,,,,,,,,
53.907513741,1292,1.0,0.4893905976239373,0.3019890679253472,,,,,,,,,,,,,,,,
53.911459741,1292,1.0,0.4891538619995117,0.30101821334273726,,,,,,,,,,,,,,,,
53.915686741,1292,1.0,0.48907330456902,0.30208808051215275,,,,,,,,,,,,,,,,
53.923406741,1292,1.0,0.49105094460880055,0.30088500976562504,,,,,,,,,,,,,,,,
53.927468741000006,1292,1.0,0.4913710425881779,0.3024501659252026,,,,,,,,,,,,,,,,
53.931429741,1292,1.0,0.49103304919074564,0.29942768238208917,,,,,,,,,,,,,,,,
53.935439741,1292,1.0,0.4907793718225816,0.29966944941767937,,,,,,,,,,,,,,,,
53.943395741,1293,1.0,0.49015437855440025,0.3031287299262153,,,,,,,,,,,,,,,,
53.94737674100001,1293,1.0,0.490267977995031,0.2950283474392361,,,,,,,,,,,,,,,,
53.951455741000004,1293,1.0,0.4891663719626034,0.2947545369466146,,,,,,,,,,,,,,,,
53.955442741000006,1293,1.0,0.48931116216322956,0.3007203843858507,,,,,,,,,,,,,,,,
53.963458741000004,1293,1.0,0.49055851207059975,0.3097384982638889,,,,,,,,,,,,,,,,
53.967387741,1293,1.0,0.49038976781508503,0.31105521873191555,,,,,,,,,,,,,,,,
53.971387741,1293,1.0,0.4911372801836799,0.31103227403428824,,,,,,,,,,,,,,,,
53.975425741,1294,1.0,0.49144402672262755,0.310717377839265,,,,,,,,,,,,,,,,
53.983380741000005,1294,1.0,0.49179823258343863,0.3121409098307292,,,,,,,,,,,,,,,,
53.987399741000004,1294,1.0,0.4921718485215131,0.31372234203197336,,,,,,,,,,,,,,,,
53.991495741,1294,1.0,0.49271218916949105,0.31279155589916086,,,,,,,,,,,,,,,,
53.996596741000005,1294,1.0,0.4927530288696289,0.31286926269531246,,,,,,,,,,,,,,,,
54.003446741000005,1294,1.0,0.4941163904526654,0.31452698884186925,,,,,,,,,,,,,,,,
54.00740574100001,1294,1.0,0.4940626481000115,0.3149026941370081,,,,,,,,,,,,,,,,
54.011412741,1294,1.0,0.49454430972828584,0.3145837289315683,,,,,,,,,,,,,,,,
54.015397741,1295,1.0,0.4945867201861213,0.31221929479528354,,,,,,,,,,,,,,,,
54.023380741000004,1295,1.0,0.49477268667782054,0.31332990858289933,,,,,,,,,,,,,,,,
54.027392741,1295,1.0,0.4956973580753102,0.3135254471390335,,,,,,,,,,,,,,,,
54.031429741000004,1295,1.0,0.4961993834551643,0.3090241608796296,,,,,,,,,,,,,,,,
54.035447741000006,1295,1.0,0.4967341142542222,0.3108314231589988,,,,,,,,,,,,,,,,
54.043448741000006,1295,1.0,0.4967350118300494,0.3098981504087095,,,,,,,,,,,,,,,,
54.047388741000006,1295,1.0,0.49670275519875917,0.31134637903284146,,,,,,,,,,,,,,,,
54.051403741,1295,1.0,0.497409371768727,0.3133302476671007,,,,,,,,,,,,,,,,
54.055395741000005,1295,1.0,0.49737268335678997,0.3122882419162326,,,,,,,,,,,,,,,,
54.063456741,1296,1.0,0.49737992006189685,0.3095813327365451,,,,,,,,,,,,,,,,
54.067782741,1296,1.0,0.49752672980813417,0.3100741916232639,,,,,,,,,,,,,,,,
54.071421741,1296,1.0,0.4976212557624368,0.31095422815393514,,,,,,,,,,,,,,,,
54.075505741,1296,1.0,0.49759387969970703,0.3124269838686342,,,,,,,,,,,,,,,,
54.083413741,1296,1.0,0.49901777155259075,0.3134776927806713,,,,,,,,,,,,,,,,
54.087391741000005,1296,1.0,0.4996325548957376,0.3127054850260417,,,,,,,,,,,,,,,,
54.091554741,1296,1.0,0.4997416664572323,0.31087414776837385,,,,,,,,,,,,,,,,
54.095582741,1296,1.0,0.5005782632266774,0.31212305139612273,,,,,,,,,,,,,,,,
54.103340741000004,1297,1.0,0.5014941832598518,0.310437407316985,,,,,,,,,,,,,,,,
54.107607741,1297,1.0,0.501862694235409,0.3111897786458333,,,,,,,,,,,,,,,,
54.11150674100001,1297,1.0,0.5026038674747243,0.31212124294704857,,,,,,,,,,,,,,,,
54.11608274100001,1297,1.0,0.5024096545051125,0.3118401421440973,,,,,,,,,,,,,,,,
54.123601741,1297,1.0,0.5021552478565889,0.311536040129485,,,,,,,,,,,,,,,,
54.127381741,1297,1.0,0.5020842271692613,0.31202104356553817,,,,,,,,,,,,,,,,
54.131415741000005,1297,1.0,0.5020449021283317,0.31320512559678815,,,,,,,,,,,,,,,,
54.13540574100001,1297,1.0,0.5020287457634421,0.3144169560185185,,,,,,,,,,,,,,,,
54.143373741000005,1298,1.0,0.5021658504710478,0.31297483091001155,,,,,,,,,,,,,,,,
54.147434741000005,1298,1.0,0.501797732184915,0.3132121333369502,,,,,,,,,,,,,,,,
54.151437741,1298,1.0,0.5016827863805434,0.31396755642361107,,,,,,,,,,,,,,,,
54.155506741,1298,1.0,0.5015754138722139,0.31459949634693285,,,,,,,,,,,,,,,,
54.163419741000006,1298,1.0,0.5018794115851907,0.3158841168438947,,,,,,,,,,,,,,,,
54.16739874100001,1298,1.0,0.5021863264196059,0.3167331271701389,,,,,,,,,,,,,,,,
54.171389741000006,1298,1.0,0.5019623251522288,0.3168226453993056,,,,,,,,,,,,,,,,
54.17938474100001,1299,1.0,0.5017824733958525,0.3178852222583912,,,,,,,,,,,,,,,,
54.183458741,1299,1.0,0.5020012575037339,0.3183766682942708,,,,,,,,,,,,,,,,
54.187378741,1299,1.0,0.5028130587409524,0.3188901548032408,,,,,,,,,,,,,,,,
54.191389741,1299,1.0,0.5027211694156423,0.31859419080946183,,,,,,,,,,,,,,,,
54.199396741,1299,1.0,0.5033341015086454,0.31758202446831596,,,,,,,,,,,,,,,,
54.203388741000005,1299,1.0,0.5034285152659697,0.3177988688151042,,,,,,,,,,,,,,,,
54.207403741,1299,1.0,0.504229882184197,0.3174476340964988,,,,,,,,,,,,,,,,
54.211551741,1299,1.0,0.5040724137250114,0.3157479180230035,,,,,,,,,,,,,,,,
54.219404741000005,1300,1.0,0.5039007523480583,0.3162928263346354,,,,,,,,,,,,,,,,
54.223396741,1300,1.0,0.5034179126515108,0.3167946144386574,,,,,,,,,,,,,,,,
54.228273741,1300,1.0,0.5036119012271657,0.3170038859049479,,,,,,,,,,,,,,,,
54.231420741,1300,1.0,0.5035967546350816,0.31703270806206596,,,,,,,,,,,,,,,,
54.239850741000005,1300,1.0,0.5035147947423598,0.31597922996238426,,,,,,,,,,,,,,,,
54.24379574100001,1300,1.0,0.5034914016723633,0.3156000773111979,,,,,,,,,,,,,,,,
54.247467741,1300,1.0,0.5031440398272347,0.3158652976707176,,,,,,,,,,,,,,,,
54.251729741000005,1301,1.0,0.5030473260318532,0.3157073409469039,,,,,,,,,,,,,,,,
54.259401741000005,1301,1.0,0.5031213760375977,0.3150362367983217,,,,,,,,,,,,,,,,
54.263871741,1301,1.0,0.5035218631519991,0.3161393342194734,,,,,,,,,,,,,,,,
54.267473741,1301,1.0,0.5034539839800667,0.31643778483072915,,,,,,,,,,,,,,,,
54.271446741000005,1301,1.0,0.5033990635591394,0.31675126817491317,,,,,,,,,,,,,,,,
54.279395741,1301,1.0,0.5031816258149988,0.3170986034252026,,,,,,,,,,,,,,,,
54.283670741,1301,1.0,0.503275478587431,0.3173680623372396,,,,,,,,,,,,,,,,
54.287404741,1301,1.0,0.5033834120806526,0.3175547281901042,,,,,,,,,,,,,,,,
54.291512741000005,1302,1.0,0.5036202599020565,0.31687712492766207,,,,,,,,,,,,,,,,
54.299385741,1302,1.0,0.5037761576035443,0.31720179805049187,,,,,,,,,,,,,,,,
54.303390741,1302,1.0,0.5044713861802045,0.31743130154079857,,,,,,,,,,,,,,,,
54.307528741000006,1302,1.0,0.503392219543457,0.3173407660590277,,,,,,,,,,,,,,,,
54.311580741,1302,1.0,0.503063818987678,0.3172020241066261,,,,,,,,,,,,,,,,
54.319444741000005,1302,1.0,0.502571330350988,0.31723502830222805,,,,,,,,,,,,,,,,
54.323501741,1302,1.0,0.5025131562176872,0.3173923633716724,,,,,,,,,,,,,,,,
54.327411741000006,1302,1.0,0.5013055801391602,0.31735975477430556,,,,,,,,,,,,,,,,
54.331486741000006,1303,1.0,0.5021177179673139,0.31730437102141207,,,,,,,,,,,,,,,,
54.339402741,1303,1.0,0.5021319669835708,0.3154860319914641,,,,,,,,,,,,,,,,
54.343439741000005,1303,1.0,0.5039092232199276,0.3156144883897569,,,,,,,,,,,,,,,,
54.347430741000004,1303,1.0,0.5038769665886375,0.31583076759620954,,,,,,,,,,,,,,,,
54.352972741,1303,1.0,0.5037836748010972,0.31561550564236107,,,,,,,,,,,,,,,,
54.359387741000006,1303,1.0,0.5038324243882123,0.31570801911530666,,,,,,,,,,,,,,,,
54.363394741,1303,1.0,0.5037579255945542,0.3157922815393519,,,,,,,,,,,,,,,,
54.367372741000004,1303,1.0,0.5036938611198875,0.3155611956561053,,,,,,,,,,,,,,,,
54.371414741,1303,1.0,0.5036278892965877,0.31573983651620374,,,,,,,,,,,,,,,,
54.379396741,1304,1.0,0.5034474204568302,0.3160098040545428,,,,,,,,,,,,,,,,
54.383589741,1304,1.0,0.5036945343017578,0.3163832487883391,,,,,,,,,,,,,,,,
54.387425741,1304,1.0,0.5037131029016831,0.3166123001663773,,,,,,,,,,,,,,,,
54.391383741000006,1304,1.0,0.5072749642764821,0.31670792191116903,,,,,,,,,,,,,,,,
54.399374741,1304,1.0,0.5087749256807215,0.3161674782081887,,,,,,,,,,,,,,,,
54.403395741000004,1304,1.0,0.5103252635282629,0.31629932544849537,,,,,,,,,,,,,,,,
54.407563741000004,1304,1.0,0.5115691353293026,0.3162999471028646,,,,,,,,,,,,,,,,
54.411465741,1304,1.0,0.511360392850988,0.31640834101924187,,,,,,,,,,,,,,,,
54.419400741000004,1305,1.0,0.5107063966638902,0.31590576171874996,,,,,,,,,,,,,,,,
54.423391741,1305,1.0,0.5120998831356273,0.316030431676794,,,,,,,,,,,,,,,,
54.427426741000005,1305,1.0,0.5138732124777401,0.3165227819372106,,,,,,,,,,,,,,,,
54.431410741,1305,1.0,0.5134477054371553,0.316337811505353,,,,,,,,,,,,,,,,
54.439422741,1305,1.0,0.5151145037482766,0.31652560763888893,,,,,,,,,,,,,,,,
54.443423741000004,1305,1.0,0.5149189444149241,0.31644281457971646,,,,,,,,,,,,,,,,
54.447398741,1305,1.0,0.5151081085205078,0.31679156268084496,,,,,,,,,,,,,,,,
54.451389741,1305,1.0,0.5152712429271025,0.31636499475549773,,,,,,,,,,,,,,,,
54.459391741000005,1306,1.0,0.5144461463479435,0.3163835878725405,,,,,,,,,,,,,,,,
54.463463741000005,1306,1.0,0.5142443600822898,0.3165879426179109,,,,,,,,,,,,,,,,
54.467475741,1306,1.0,0.5141515170826632,0.3163733588324653,,,,,,,,,,,,,,,,
54.471389741,1306,1.0,0.5143137539134306,0.316447279188368,,,,,,,,,,,,,,,,
54.479528741,1306,1.0,0.5143445519840016,0.31582398591218175,,,,,,,,,,,,,,,,
54.483397741000005,1306,1.0,0.5140677059397978,0.3159959581163194,,,,,,,,,,,,,,,,
54.487371741000004,1306,1.0,0.5137661765603458,0.31655296043113423,,,,,,,,,,,,,,,,
54.491367741000005,1306,1.0,0.5143603156594669,0.3166233204029224,,,,,,,,,,,,,,,,
54.499370741,1307,1.0,0.5139385672176585,0.31643964979383676,,,,,,,,,,,,,,,,
54.503484741,1307,1.0,0.5137180440566119,0.3167260629159433,,,,,,,,,,,,,,,,
54.50928274100001,1307,1.0,0.5134032193352195,0.3171622947410301,,,,,,,,,,,,,,,,
54.511416741000005,1307,1.0,0.5133219326243681,0.317204002097801,,,,,,,,,,,,,,,,
54.519404741,1307,1.0,0.5137814353494083,0.32000206841362844,,,,,,,,,,,,,,,,
54.523415741,1307,1.0,0.513572468477137,0.3203548290111401,,,,,,,,,,,,,,,,
54.527416741,1307,1.0,0.5133684382719153,0.3205734818070023,,,,,,,,,,,,,,,,
54.531390741,1307,1.0,0.5130020590389476,0.32021913881655095,,,,,,,,,,,,,,,,
54.539379741000005,1308,1.0,0.5115346908569336,0.3201575385199653,,,,,,,,,,,,,,,,
54.543438741,1308,1.0,0.5114286647123449,0.32007740162037035,,,,,,,,,,,,,,,,
54.547407741,1308,1.0,0.51159247230081,0.3202629371925637,,,,,,,,,,,,,,,,
54.551417741,1308,1.0,0.5115440593046301,0.32022592050057874,,,,,,,,,,,,,,,,
54.559439741000006,1308,1.0,0.5120582019581514,0.3197059348777488,,,,,,,,,,,,,,,,
54.563410741000006,1308,1.0,0.511960927177878,0.3192332515010128,,,,,,,,,,,,,,,,
54.567418741000004,1308,1.0,0.5118527131922105,0.3192885787398727,,,,,,,,,,,,,,,,
54.571370741,1308,1.0,0.5117684532614315,0.31883703161168986,,,,,,,,,,,,,,,,
54.579398741000006,1309,1.0,0.5115800184362075,0.3189538461190683,,,,,,,,,,,,,,,,
54.583750741,1309,1.0,0.5117474724264706,0.31914520263671875,,,,,,,,,,,,,,,,
54.587526741000005,1309,1.0,0.5116700004128849,0.3191539057978877,,,,,,,,,,,,,,,,
54.591431741,1309,1.0,0.5114849875955021,0.31936119927300344,,,,,,,,,,,,,,,,
54.599399741000006,1309,1.0,0.5110212213852826,0.3200268780743635,,,,,,,,,,,,,,,,
54.603393741000005,1309,1.0,0.5109531178193933,0.31962280273437504,,,,,,,,,,,,,,,,
54.607394741,1309,1.0,0.5101435044232536,0.31962421558521414,,,,,,,,,,,,,,,,
54.611362741,1309,1.0,0.5100969426772174,0.31948581271701393,,,,,,,,,,,,,,,,
54.619422741,1310,1.0,0.5099034589879653,0.31938572636357065,,,,,,,,,,,,,,,,
54.623395741,1310,1.0,0.5101042915793026,0.320215747974537,,,,,,,,,,,,,,,,
54.627372741,1310,1.0,0.5094822154325598,0.3201470269097222,,,,,,,,,,,,,,,,
54.631436741,1310,1.0,0.5094645444084617,0.32005677399811916,,,,,,,,,,,,,,,,
54.639503741000006,1310,1.0,0.5097427368164062,0.3198078861942998,,,,,,,,,,,,,,,,
54.643473741,1310,1.0,0.5095826317282284,0.3193052503797743,,,,,,,,,,,,,,,,
54.647385741,1310,1.0,0.509361603680779,0.31963760941116903,,,,,,,,,,,,,,,,
54.651402741000005,1310,1.0,0.5087303273818072,0.32014470983434606,,,,,,,,,,,,,,,,
54.659404741,1311,1.0,0.5082717783310834,0.3295547485351562,,,,,,,,,,,,,,,,
54.66382174100001,1311,1.0,0.5056379542631262,0.34101596408420143,,,,,,,,,,,,,,,,
54.667396741000005,1311,1.0,0.5056557374842027,0.3566905268916377,,,,,,,,,,,,,,,,
54.671435741,1311,1.0,0.5043531866634593,0.376536390516493,,,,,,,,,,,,,,,,
54.679813741000004,1311,1.0,0.501614065731273,0.398756182635272,,,,,,,,,,,,,,,,
54.683353741000005,1311,1.0,0.5002337624044979,0.4162841231734664,,,,,,,,,,,,,,,,
54.687431741000005,1311,1.0,0.49726441327263327,0.42608716046368633,,,,,,,,,,,,,,,,
54.691396741000005,1311,1.0,0.496399206273696,0.43160643400969334,,,,,,,,,,,,,,,,
54.699369741000005,1312,1.0,0.49715765784768495,0.4381170767324942,,,,,,,,,,,,,,,,
54.703357741000005,1312,1.0,0.4969259710872875,0.4410667702003762,,,,,,,,,,,,,,,,
54.707390741000005,1312,1.0,0.4966394761029412,0.44050733778211804,,,,,,,,,,,,,,,,
54.711431741000006,1312,1.0,0.4956478792078355,0.4375691731770833,,,,,,,,,,,,,,,,
54.71940974100001,1312,1.0,0.4964282091926126,0.4369348031503183,,,,,,,,,,,,,,,,
54.723333741000005,1312,1.0,0.49663470773135915,0.4372701574254919,,,,,,,,,,,,,,,,
54.727379741,1312,1.0,0.4969184538897346,0.4371949937608507,,,,,,,,,,,,,,,,
54.731380741,1312,1.0,0.4971573212567498,0.43659148039641205,,,,,,,,,,,,,,,,
54.739390741,1313,1.0,0.49766074909883384,0.43313417787905095,,,,,,,,,,,,,,,,
54.743392741,1313,1.0,0.4979037116555607,0.4330041956018519,,,,,,,,,,,,,,,,
54.747437741000006,1313,1.0,0.4980742510627298,0.43401664451316546,,,,,,,,,,,,,,,,
54.751539741,1313,1.0,0.498165859895594,0.43198016131365746,,,,,,,,,,,,,,,,
54.759475741,1313,1.0,0.4983702827902401,0.43112318250868054,,,,,,,,,,,,,,,,
54.763407741,1313,1.0,0.49851389492259307,0.43257293701171873,,,,,,,,,,,,,,,,
54.767403741,1313,1.0,0.4986442117130055,0.4303780449761285,,,,,,,,,,,,,,,,
54.771439741,1313,1.0,0.4985820545869715,0.4311839350947627,,,,,,,,,,,,,,,,
54.779386741,1314,1.0,0.4988362368415384,0.4327574553313078,,,,,,,,,,,,,,,,
54.783501741,1314,1.0,0.49909159716437845,0.43339561179832176,,,,,,,,,,,,,,,,
54.787417741000006,1314,1.0,0.49921372357536764,0.43512460214120374,,,,,,,,,,,,,,,,
54.791395741,1314,1.0,0.49927380505730123,0.43534591109664356,,,,,,,,,,,,,,,,
54.799462741000006,1314,1.0,0.49948905496036305,0.43109012179904516,,,,,,,,,,,,,,,,
54.803489741,1314,1.0,0.49958251504337087,0.4318231088143808,,,,,,,,,,,,,,,,
54.807395741,1314,1.0,0.49945208605598,0.4298788000036169,,,,,,,,,,,,,,,,
54.811339741000005,1314,1.0,0.49837275112376495,0.4314476295753762,,,,,,,,,,,,,,,,
54.819382741000005,1315,1.0,0.49868129281436696,0.43254569724754055,,,,,,,,,,,,,,,,
54.823371741,1315,1.0,0.4977843340705423,0.4342901724356192,,,,,,,,,,,,,,,,
54.827392741000004,1315,1.0,0.4965367036707261,0.43603306523075813,,,,,,,,,,,,,,,,
54.831443741,1315,1.0,0.49645642673268037,0.43796211525245954,,,,,,,,,,,,,,,,
54.839432741,1315,1.0,0.4970834395464729,0.4427587438512731,,,,,,,,,,,,,,,,
54.843425741000004,1315,1.0,0.49659128750071807,0.4377466272424768,,,,,,,,,,,,,,,,
54.847446741000006,1315,1.0,0.49650035184972424,0.4388163813838253,,,,,,,,,,,,,,,,
54.851401741000004,1316,1.0,0.4966303881476907,0.43715023464626734,,,,,,,,,,,,,,,,
54.859409741,1316,1.0,0.49692855161779065,0.43946171513310184,,,,,,,,,,,,,,,,
54.863422741,1316,1.0,0.4969300101785099,0.43608257152416086,,,,,,,,,,,,,,,,
54.867435741,1316,1.0,0.4959707260131836,0.4359771163375289,,,,,,,,,,,,,,,,
54.871648741,1316,1.0,0.49637379365808826,0.4350060922128183,,,,,,,,,,,,,,,,
54.879529741000006,1316,1.0,0.49666814243092255,0.434102037217882,,,,,,,,,,,,,,,,
54.883417741,1316,1.0,0.49677422467400045,0.4336047137225115,,,,,,,,,,,,,,,,
54.887391741,1316,1.0,0.49553848715389476,0.4334182174117477,,,,,,,,,,,,,,,,
54.891708741,1317,1.0,0.4956156786750345,0.43564854374638307,,,,,,,,,,,,,,,,
54.899662741,1317,1.0,0.49653277677648205,0.43417160599320026,,,,,,,,,,,,,,,,
54.903419741,1317,1.0,0.4966603447409237,0.4340069806134259,,,,,,,,,,,,,,,,
54.907489741000006,1317,1.0,0.4967661464915556,0.43247663709852435,,,,,,,,,,,,,,,,
54.911733741000006,1317,1.0,0.49688008252312155,0.4327332673249421,,,,,,,,,,,,,,,,
54.919490741000004,1317,1.0,0.497066385605756,0.43470114248770253,,,,,,,,,,,,,,,,
54.923412741,1317,1.0,0.4969642863554113,0.43520276104962385,,,,,,,,,,,,,,,,
54.927403741000006,1317,1.0,0.4964595121495864,0.4357107656973379,,,,,,,,,,,,,,,,
54.931443741,1318,1.0,0.49672525069292855,0.4345889056170428,,,,,,,,,,,,,,,,
54.940324741000005,1318,1.0,0.49644290699678306,0.4381413777669271,,,,,,,,,,,,,,,,
54.943393741,1318,1.0,0.49651213253245635,0.437496100531684,,,,,,,,,,,,,,,,
54.947481741000004,1318,1.0,0.49661339030546303,0.4369978728117766,,,,,,,,,,,,,,,,
54.955541741000005,1318,1.0,0.4971483454984777,0.43848074453848385,,,,,,,,,,,,,,,,
54.959411741000004,1318,1.0,0.4970250410192153,0.43726331922743056,,,,,,,,,,,,,,,,
54.963514741000004,1318,1.0,0.4971165937535903,0.437663099500868,,,,,,,,,,,,,,,,
54.967379741,1318,1.0,0.4967002868652344,0.4380299320927372,,,,,,,,,,,,,,,,
54.975427741000004,1319,1.0,0.49722890292896943,0.43849532515914347,,,,,,,,,,,,,,,,
54.979405741,1319,1.0,0.4971420063691981,0.4382627699110243,,,,,,,,,,,,,,,,
54.983362741,1319,1.0,0.49718907300163717,0.4379614935980902,,,,,,,,,,,,,,,,
54.987458741000005,1319,1.0,0.49686583350686464,0.4393161349826389,,,,,,,,,,,,,,,,
54.995462741000004,1319,1.0,0.4967223335714901,0.4405101069697628,,,,,,,,,,,,,,,,
54.999557741000004,1319,1.0,0.4966123244341682,0.4405081854926215,,,,,,,,,,,,,,,,
55.003441741,1319,1.0,0.496125670040355,0.4398288868091724,,,,,,,,,,,,,,,,
55.00743674100001,1319,1.0,0.49611809674431295,0.4392861825448495,,,,,,,,,,,,,,,,
55.015425741,1320,1.0,0.4962320327758789,0.4389338175455729,,,,,,,,,,,,,,,,
55.019449741,1320,1.0,0.4962909922880285,0.43923673276548036,,,,,,,,,,,,,,,,
55.023446741,1320,1.0,0.4967981226303998,0.4383458455403646,,,,,,,,,,,,,,,,
55.027450741,1320,1.0,0.49668166216681986,0.43763224283854163,,,,,,,,,,,,,,,,
55.035445741000004,1320,1.0,0.49769064959357767,0.4402690746166088,,,,,,,,,,,,,,,,
55.039510741,1320,1.0,0.4976981667911305,0.43987794099030675,,,,,,,,,,,,,,,,
55.043683741,1320,1.0,0.4976108775419347,0.4399028636791088,,,,,,,,,,,,,,,,
55.047419741000006,1320,1.0,0.4973909714642693,0.43949901439525463,,,,,,,,,,,,,,,,
55.055407741,1321,1.0,0.49959508110495177,0.43988924379701966,,,,,,,,,,,,,,,,
55.059474741,1321,1.0,0.49953819723690257,0.43941090901692703,,,,,,,,,,,,,,,,
55.063545741000006,1321,1.0,0.4994056365069221,0.4388298882378472,,,,,,,,,,,,,,,,
55.067458741,1321,1.0,0.4994365467744715,0.43999876799406834,,,,,,,,,,,,,,,,
55.075536741,1321,1.0,0.4984036052928251,0.4395289103190104,,,,,,,,,,,,,,,,
55.079414741,1321,1.0,0.4983934514662799,0.4389121726707176,,,,,,,,,,,,,,,,
55.083458741,1321,1.0,0.4983021792243509,0.4384806880244503,,,,,,,,,,,,,,,,
55.087412741,1321,1.0,0.4991665447459501,0.4377403541847512,,,,,,,,,,,,,,,,
55.09543974100001,1322,1.0,0.5009647257187787,0.43639486807364003,,,,,,,,,,,,,,,,
55.099488741,1322,1.0,0.5059404934153837,0.4315094559280961,,,,,,,,,,,,,,,,
55.103388741,1322,1.0,0.5141687954173368,0.4235921223958333,,,,,,,,,,,,,,,,
55.107441741,1322,1.0,0.5295455596026253,0.41340614601417824,,,,,,,,,,,,,,,,
55.115442741,1322,1.0,0.5425780240227195,0.4078245940031828,,,,,,,,,,,,,,,,
55.119401741000004,1322,1.0,0.5505985372206744,0.4040319937246817,,,,,,,,,,,,,,,,
55.123440741,1322,1.0,0.5525339911965763,0.4018251207139757,,,,,,,,,,,,,,,,
55.127424741000006,1322,1.0,0.5548625833847943,0.4011836299189815,,,,,,,,,,,,,,,,
55.135440741000004,1322,1.0,0.5559939777149874,0.3986380683051215,,,,,,,,,,,,,,,,
55.139445741,1322,1.0,0.5566460104549632,0.3969416300455729,,,,,,,,,,,,,,,,
55.143452741000004,1323,1.0,0.5554777594173655,0.3962160463686343,,,,,,,,,,,,,,,,
55.147427741,1323,1.0,0.5545475903679343,0.3978130199291088,,,,,,,,,,,,,,,,
55.155466741000005,1323,1.0,0.556334327248966,0.40004475911458337,,,,,,,,,,,,,,,,
55.159421741,1323,1.0,0.5561385435216567,0.3987758495189525,,,,,,,,,,,,,,,,
55.163471741,1323,1.0,0.5555367189295152,0.39758057770905675,,,,,,,,,,,,,,,,
55.167725741000005,1323,1.0,0.5555349237778607,0.3980958161530671,,,,,,,,,,,,,,,,
55.175469741,1323,1.0,0.5531500087064856,0.3959897641782407,,,,,,,,,,,,,,,,
55.179392741,1323,1.0,0.5545804640826058,0.3972375940393519,,,,,,,,,,,,,,,,
55.183387741000004,1324,1.0,0.5551790349623736,0.3980025114836516,,,,,,,,,,,,,,,,
55.187412741,1324,1.0,0.5588988696827608,0.3979037814670139,,,,,,,,,,,,,,,,
55.195433741,1324,1.0,0.5553112591014189,0.39862071849681713,,,,,,,,,,,,,,,,
55.199561741000004,1324,1.0,0.5567246605368221,0.3996540776005497,,,,,,,,,,,,,,,,
55.203469741000006,1324,1.0,0.5568750044878792,0.3994788840964988,,,,,,,,,,,,,,,,
55.207402741,1324,1.0,0.5546061010921702,0.3994333902994792,,,,,,,,,,,,,,,,
55.215361741,1324,1.0,0.5547617183012121,0.3981480916341146,,,,,,,,,,,,,,,,
55.21937874100001,1325,1.0,0.5561723148121553,0.3990449128327547,,,,,,,,,,,,,,,,
55.223385741,1325,1.0,0.5559920142678654,0.3994875307436343,,,,,,,,,,,,,,,,
55.227451741,1325,1.0,0.5584798700669232,0.4002004552770544,,,,,,,,,,,,,,,,
55.235420741000006,1325,1.0,0.5604923472684973,0.4012759738498264,,,,,,,,,,,,,,,,
55.239425741000005,1325,1.0,0.5628858454087201,0.4014054475007234,,,,,,,,,,,,,,,,
55.24343274100001,1325,1.0,0.5639026305254768,0.4009503399884259,,,,,,,,,,,,,,,,
55.247506741,1325,1.0,0.5654496024636662,0.4010695845992477,,,,,,,,,,,,,,,,
55.255468741,1325,1.0,0.5780632355633903,0.3993615609628183,,,,,,,,,,,,,,,,
55.259372741,1326,1.0,0.5831653370576746,0.3995146009657118,,,,,,,,,,,,,,,,
55.263430741,1326,1.0,0.5853307387408089,0.3987109148943866,,,,,,,,,,,,,,,,
55.267408741000004,1326,1.0,0.5888741437126609,0.39898941605179394,,,,,,,,,,,,,,,,
55.275447741,1326,1.0,0.5913477504954618,0.39929442229094325,,,,,,,,,,,,,,,,
55.279420741,1326,1.0,0.5908348420087028,0.3985249272099247,,,,,,,,,,,,,,,,
55.283373741000005,1326,1.0,0.5931836857515222,0.3961650707103588,,,,,,,,,,,,,,,,
55.287453741,1326,1.0,0.5940946691176471,0.3960196601019965,,,,,,,,,,,,,,,,
55.295419741,1326,1.0,0.5918492709889132,0.39544689037181713,,,,,,,,,,,,,,,,
55.29940074100001,1327,1.0,0.5916547214283663,0.3947424994574653,,,,,,,,,,,,,,,,
55.303392741,1327,1.0,0.5934730417588178,0.3950023509837963,,,,,,,,,,,,,,,,
55.307418741000006,1327,1.0,0.5933652765610639,0.3951916164822049,,,,,,,,,,,,,,,,
55.315441741,1327,1.0,0.594765775343951,0.3952684190538195,,,,,,,,,,,,,,,,
55.319443741,1327,1.0,0.5974102020263672,0.395809088812934,,,,,,,,,,,,,,,,
55.323398741000005,1327,1.0,0.5971358243156882,0.3949084811740451,,,,,,,,,,,,,,,,
55.327438741,1327,1.0,0.5933418273925781,0.39498155381944444,,,,,,,,,,,,,,,,
55.335414741,1327,1.0,0.5919667412252987,0.39559925220630787,,,,,,,,,,,,,,,,
55.339383741000006,1328,1.0,0.5910958682789522,0.3959830390082465,,,,,,,,,,,,,,,,
55.343372741,1328,1.0,0.592045503504136,0.3956324259440104,,,,,,,,,,,,,,,,
55.347687741,1328,1.0,0.5917155882891487,0.39598072193287037,,,,,,,,,,,,,,,,
55.355416741000006,1328,1.0,0.59234619140625,0.3949660124602141,,,,,,,,,,,,,,,,
55.359445741,1328,1.0,0.5927365807925954,0.395358332881221,,,,,,,,,,,,,,,,
55.363389741000006,1328,1.0,0.5923310448141659,0.3945811518916378,,,,,,,,,,,,,,,,
55.367448741000004,1328,1.0,0.5916129841524012,0.3944936116536458,,,,,,,,,,,,,,,,
55.375394741,1328,1.0,0.5927816839779124,0.3949269047489873,,,,,,,,,,,,,,,,
55.37938874100001,1328,1.0,0.5923872555003447,0.3942021687825521,,,,,,,,,,,,,,,,
55.383406741,1329,1.0,0.5930344637702493,0.3944804438838252,,,,,,,,,,,,,,,,
55.387440741000006,1329,1.0,0.5940486122580135,0.39462150291160303,,,,,,,,,,,,,,,,
55.395522741,1329,1.0,0.5957775115966797,0.3950280083550347,,,,,,,,,,,,,,,,
55.399576741000004,1329,1.0,0.5951364180620979,0.3952197604709201,,,,,,,,,,,,,,,,
55.403534741,1329,1.0,0.5945950115428251,0.39536918357566553,,,,,,,,,,,,,,,,
55.407420741,1329,1.0,0.5952454735251034,0.3953860812717014,,,,,,,,,,,,,,,,
55.415495741,1329,1.0,0.5953641218297622,0.39513538501880785,,,,,,,,,,,,,,,,
55.419414741000004,1329,1.0,0.5964777890373679,0.395198341652199,,,,,,,,,,,,,,,,
55.423374741,1330,1.0,0.5959703221040613,0.39540908248336226,,,,,,,,,,,,,,,,
55.427371741,1330,1.0,0.5946359073414522,0.39416650842737266,,,,,,,,,,,,,,,,
55.435407741000006,1330,1.0,0.594220385831945,0.39412858751085067,,,,,,,,,,,,,,,,
55.439480741000004,1330,1.0,0.5940821030560661,0.3941874186197917,,,,,,,,,,,,,,,,
55.443414741000005,1330,1.0,0.5942533156451058,0.39439476860894096,,,,,,,,,,,,,,,,
55.447427741000006,1330,1.0,0.5945283665376551,0.3944733796296296,,,,,,,,,,,,,,,,
55.455731741,1331,1.0,0.5929640601663029,0.39474182128906254,,,,,,,,,,,,,,,,
55.459458741000006,1331,1.0,0.5930116316851448,0.3947545934606481,,,,,,,,,,,,,,,,
55.463401741000006,1331,1.0,0.5928863637587604,0.3947997481734664,,,,,,,,,,,,,,,,
55.467375741000005,1331,1.0,0.594049846424776,0.39496075665509256,,,,,,,,,,,,,,,,
55.475779741000004,1331,1.0,0.5929142447078929,0.39503043845847796,,,,,,,,,,,,,,,,
55.479522741000004,1331,1.0,0.5940213483922622,0.39507276746961806,,,,,,,,,,,,,,,,
55.483386741000004,1331,1.0,0.5937566196217257,0.3951140792281539,,,,,,,,,,,,,,,,
55.487530741,1331,1.0,0.5934480218326345,0.39553669117115164,,,,,,,,,,,,,,,,
55.495451741000004,1332,1.0,0.5954357035019818,0.3959240383572049,,,,,,,,,,,,,,,,
55.499608741,1332,1.0,0.5948765698601218,0.39665403012876155,,,,,,,,,,,,,,,,
55.503452741000004,1332,1.0,0.5940993252922507,0.3966341371889468,,,,,,,,,,,,,,,,
55.507628741000005,1332,1.0,0.5940430024090935,0.39654456244574654,,,,,,,,,,,,,,,,
55.515592741000006,1332,1.0,0.5942917992086971,0.39423387315538194,,,,,,,,,,,,,,,,
55.519434741000005,1332,1.0,0.594271884245031,0.3946600454824942,,,,,,,,,,,,,,,,
55.523401741,1332,1.0,0.5936399347641889,0.3949325561523438,,,,,,,,,,,,,,,,
55.527426741000006,1332,1.0,0.5930401858161477,0.3948227493851273,,,,,,,,,,,,,,,,
55.535465741,1333,1.0,0.5921272951013902,0.39535262496383106,,,,,,,,,,,,,,,,
55.54067074100001,1333,1.0,0.5915760152480182,0.39546650074146417,,,,,,,,,,,,,,,,
55.543546741,1333,1.0,0.5919229844037224,0.39537873444733795,,,,,,,,,,,,,,,,
55.547530741,1333,1.0,0.592129202450023,0.39526355884693287,,,,,,,,,,,,,,,,
55.555440741000005,1333,1.0,0.5916771047255572,0.39540111400462963,,,,,,,,,,,,,,,,
55.559395741,1333,1.0,0.5913655337165383,0.39548537642867476,,,,,,,,,,,,,,,,
55.563442741,1333,1.0,0.5913664873908547,0.39362662986472796,,,,,,,,,,,,,,,,
55.567396741,1333,1.0,0.5918985815609202,0.39276586461950236,,,,,,,,,,,,,,,,
55.575431741,1334,1.0,0.5923940995160271,0.3921339246961806,,,,,,,,,,,,,,,,
55.579445741,1334,1.0,0.5965842639698702,0.3879036232277199,,,,,,,,,,,,,,,,
55.583472741,1334,1.0,0.6019045324886546,0.3781899911385995,,,,,,,,,,,,,,,,
55.587433741000005,1334,1.0,0.610114153693704,0.3691410771122685,,,,,,,,,,,,,,,,
55.59543974100001,1334,1.0,0.6271844190709731,0.36052229139539926,,,,,,,,,,,,,,,,
55.599413741000006,1334,1.0,0.6451525968663833,0.33583910906756365,,,,,,,,,,,,,,,,
55.603351741000004,1334,1.0,0.679815460653866,0.31361982557508683,,,,,,,,,,,,,,,,
55.607386741000006,1334,1.0,0.7057962978587431,0.30629905418113423,,,,,,,,,,,,,,,,
55.61626274100001,1335,1.0,0.7488794326782227,0.3078369140625,,,,,,,,,,,,,,,,
55.619398741000005,1335,1.0,0.767538912156049,0.3017136185257523,,,,,,,,,,,,,,,,
55.623419741000006,1335,1.0,0.7862194846658146,0.2994284170645255,,,,,,,,,,,,,,,,
55.627391741000004,1335,1.0,0.810330447028665,0.30000282570167824,,,,,,,,,,,,,,,,
55.635427741,1335,1.0,0.8166514564962948,0.293923102484809,,,,,,,,,,,,,,,,
55.639426741,1335,1.0,0.8073414634255802,0.28554060194227426,,,,,,,,,,,,,,,,
55.643386741,1335,1.0,0.7588590734145221,0.2980906733760127,,,,,,,,,,,,,,,,
55.647421741,1335,1.0,0.8067985983455882,0.2929646244755497,,,,,,,,,,,,,,,,
55.655457741000006,1336,1.0,0.743692959056181,0.3013378002025463,,,,,,,,,,,,,,,,
55.659482741000005,1336,1.0,0.7592904707964729,0.3049470689561632,,,,,,,,,,,,,,,,
55.666127741000004,1336,1.0,0.7793747958014993,0.3034265023690683,,,,,,,,,,,,,,,,
55.667436741,1336,1.0,0.7944139031802907,0.30408506040219907,,,,,,,,,,,,,,,,
55.675454741,1336,1.0,0.8744430541992188,0.31072376392505785,,,,,,,,,,,,,,,,
55.679433741000004,1336,1.0,0.8856456420000862,0.31201917860243056,,,,,,,,,,,,,,,,
55.683439741,1336,1.0,0.9009755639468923,0.30759147361472805,,,,,,,,,,,,,,,,
55.687401741,1336,1.0,0.8920883851892808,0.30462861237702543,,,,,,,,,,,,,,,,
55.695467741,1336,1.0,0.8967230179730583,0.306874254014757,,,,,,,,,,,,,,,,
55.69941974100001,1337,1.0,0.9138353572172278,0.2986920392071759,,,,,,,,,,,,,,,,
55.70343574100001,1337,1.0,0.9078407287597656,0.2934516624168113,,,,,,,,,,,,,,,,
55.707447741,1337,1.0,0.9124816445743337,0.29350619845920134,,,,,,,,,,,,,,,,
55.715480741,1337,1.0,0.9087067211375517,0.2936171920211227,,,,,,,,,,,,,,,,
55.719503741000004,1337,1.0,0.9049007752362419,0.2900031760886863,,,,,,,,,,,,,,,,
55.723433741,1337,1.0,0.896790672751034,0.2873917191116898,,,,,,,,,,,,,,,,
55.731428741,1337,1.0,0.8875715031343347,0.29029665346498845,,,,,,,,,,,,,,,,
55.735478741,1338,1.0,0.8836811851052677,0.2900096752025463,,,,,,,,,,,,,,,,
55.739384741,1338,1.0,0.8717711953555837,0.29332326253255203,,,,,,,,,,,,,,,,
55.743412741,1338,1.0,0.8674288917990292,0.2919257835105613,,,,,,,,,,,,,,,,
55.751389741000004,1338,1.0,0.8506816415225759,0.2857285111038773,,,,,,,,,,,,,,,,
55.755720741000005,1338,1.0,0.8417438619277057,0.28858105694806135,,,,,,,,,,,,,,,,
55.759431741,1338,1.0,0.8344296287087833,0.2892495614510996,,,,,,,,,,,,,,,,
55.763446741,1338,1.0,0.8276259478400735,0.288393317328559,,,,,,,,,,,,,,,,
55.771413741,1338,1.0,0.8206058390000287,0.2894974320023148,,,,,,,,,,,,,,,,
55.775403741000005,1338,1.0,0.8181982040405273,0.2929849695276331,,,,,,,,,,,,,,,,
55.779418741,1339,1.0,0.8136473263011259,0.2924336186161748,,,,,,,,,,,,,,,,
55.783397741,1339,1.0,0.8108407749849207,0.28918021873191546,,,,,,,,,,,,,,,,
55.791585741000006,1339,1.0,0.80817071129294,0.28782631202980324,,,,,,,,,,,,,,,,
55.795829741000006,1339,1.0,0.8027855368221507,0.28899632206669557,,,,,,,,,,,,,,,,
55.799505741000004,1339,1.0,0.7979628619025735,0.28947250931351276,,,,,,,,,,,,,,,,
55.803473741000005,1339,1.0,0.7941890043370864,0.2883220531322338,,,,,,,,,,,,,,,,
55.811412741000005,1339,1.0,0.7890138065113741,0.2871415879991319,,,,,,,,,,,,,,,,
55.815454741,1339,1.0,0.7880987279555377,0.28845000090422457,,,,,,,,,,,,,,,,
55.819351741000006,1340,1.0,0.7870266858269187,0.28908866599754046,,,,,,,,,,,,,,,,
55.823402741,1340,1.0,0.7851442449233111,0.287911139594184,,,,,,,,,,,,,,,,
55.831413741000006,1340,1.0,0.7831384434419519,0.28929855911820024,,,,,,,,,,,,,,,,
55.835436741,1340,1.0,0.7791087206672219,0.29169430202907987,,,,,,,,,,,,,,,,
55.839441741,1340,1.0,0.7717190349803251,0.2937892772533276,,,,,,,,,,,,,,,,
55.845064741,1340,1.0,0.7662013558780446,0.2962524979202835,,,,,,,,,,,,,,,,
55.851413741,1340,1.0,0.7571899750653435,0.2984428688331887,,,,,,,,,,,,,,,,
55.855453741000005,1340,1.0,0.7499550090116613,0.29951561821831596,,,,,,,,,,,,,,,,
55.859400741,1341,1.0,0.7439663830925437,0.30016044334129055,,,,,,,,,,,,,,,,
55.863417741000006,1341,1.0,0.7370958889231962,0.30112095585575815,,,,,,,,,,,,,,,,
55.871408741,1341,1.0,0.7321621389950023,0.3056478994864005,,,,,,,,,,,,,,,,
55.875451741000006,1341,1.0,0.7256471409517176,0.3066866839373553,,,,,,,,,,,,,,,,
55.879392741000004,1341,1.0,0.7255719689761891,0.3085358796296296,,,,,,,,,,,,,,,,
55.883459741,1341,1.0,0.7218662149765912,0.3095276444046585,,,,,,,,,,,,,,,,
55.891388741,1341,1.0,0.7158772524665383,0.30993629738136574,,,,,,,,,,,,,,,,
55.89537674100001,1341,1.0,0.7156765881706687,0.3080887971100984,,,,,,,,,,,,,,,,
55.899346741,1342,1.0,0.7152588788200828,0.3041446261935764,,,,,,,,,,,,,,,,
55.903353741000004,1342,1.0,0.7135990928201115,0.3018081665039063,,,,,,,,,,,,,,,,
55.911425741,1342,1.0,0.7122476802152746,0.29741634792751737,,,,,,,,,,,,,,,,
55.91572974100001,1342,1.0,0.7147566290462718,0.2983496206778067,,,,,,,,,,,,,,,,
55.919394741000005,1342,1.0,0.7180140439201804,0.29849034062138313,,,,,,,,,,,,,,,,
55.923386741,1342,1.0,0.720486697028665,0.2970356128833912,,,,,,,,,,,,,,,,
55.931407741,1342,1.0,0.7220971724566292,0.2950519703052662,,,,,,,,,,,,,,,,
55.935493741,1342,1.0,0.7189660913803998,0.295584954155816,,,,,,,,,,,,,,,,
55.939347741000006,1343,1.0,0.7158371420467601,0.29503411187065975,,,,,,,,,,,,,,,,
55.943395741,1343,1.0,0.7109246534459731,0.29548057273582173,,,,,,,,,,,,,,,,
55.951402741,1343,1.0,0.7112557467292336,0.2948098641854745,,,,,,,,,,,,,,,,
55.955439741000006,1343,1.0,0.7093229293823242,0.29516279432508685,,,,,,,,,,,,,,,,
55.959445741,1343,1.0,0.702620225794175,0.29597603126808447,,,,,,,,,,,,,,,,
55.963420741,1343,1.0,0.6965532863841337,0.29672908076533566,,,,,,,,,,,,,,,,
55.971466741,1343,1.0,0.6848267947926241,0.2968716656720197,,,,,,,,,,,,,,,,
55.975725741000005,1344,1.0,0.6852085450116325,0.2974592420789931,,,,,,,,,,,,,,,,
55.979402741,1344,1.0,0.6816213832182043,0.2974688494646991,,,,,,,,,,,,,,,,
55.983386741000004,1344,1.0,0.6812363792868221,0.29790089925130203,,,,,,,,,,,,,,,,
55.991390741000004,1344,1.0,0.680666306439568,0.2987495139793114,,,,,,,,,,,,,,,,
55.995456741000005,1344,1.0,0.6753308913286995,0.2983722262912326,,,,,,,,,,,,,,,,
55.999777741,1344,1.0,0.6691895653219784,0.2986316822193287,,,,,,,,,,,,,,,,
56.003353741000005,1344,1.0,0.6611640593584847,0.2989108615451389,,,,,,,,,,,,,,,,
56.011384741,1344,1.0,0.6563052009133732,0.2994105021158854,,,,,,,,,,,,,,,,
56.015411741,1344,1.0,0.652485679177677,0.29969731083622686,,,,,,,,,,,,,,,,
56.01937774100001,1345,1.0,0.6543500002692727,0.29995377152054403,,,,,,,,,,,,,,,,
56.023391741000005,1345,1.0,0.652926949893727,0.3002279776114004,,,,,,,,,,,,,,,,
56.031429741000004,1345,1.0,0.6523549696978401,0.3003519694010417,,,,,,,,,,,,,,,,
56.035417741,1345,1.0,0.6453604978673598,0.3001189620406539,,,,,,,,,,,,,,,,
56.039678741,1345,1.0,0.6467983582440544,0.30021944399233214,,,,,,,,,,,,,,,,
56.043401741000004,1345,1.0,0.6421480178833008,0.3018715187355324,,,,,,,,,,,,,,,,
56.051454741,1345,1.0,0.6416024600758272,0.3054244995117188,,,,,,,,,,,,,,,,
56.055581741000005,1345,1.0,0.6387039072373334,0.30693800184461806,,,,,,,,,,,,,,,,
56.059373741,1346,1.0,0.6344493978163775,0.3106176305700231,,,,,,,,,,,,,,,,
56.063374741000004,1346,1.0,0.6317947051104378,0.3124677870008681,,,,,,,,,,,,,,,,
56.071373741,1346,1.0,0.6293164421530331,0.3136900160047743,,,,,,,,,,,,,,,,
56.075383741,1346,1.0,0.6288181753719554,0.3155759458188657,,,,,,,,,,,,,,,,
56.079401741000005,1346,1.0,0.6210173999561983,0.3169892487702546,,,,,,,,,,,,,,,,
56.083384741,1346,1.0,0.6254745371201459,0.3179498743127893,,,,,,,,,,,,,,,,
56.091398741000006,1346,1.0,0.6240337035235237,0.32037641737196176,,,,,,,,,,,,,,,,
56.095488741000004,1347,1.0,0.6250678230734432,0.32067628083405675,,,,,,,,,,,,,,,,
56.099374741000005,1347,1.0,0.6224839827593636,0.3230913515444155,,,,,,,,,,,,,,,,
56.103651741,1347,1.0,0.6220460779526654,0.32400060583043977,,,,,,,,,,,,,,,,
56.111533741,1347,1.0,0.6179640713860007,0.32532642505787035,,,,,,,,,,,,,,,,
56.115462741,1347,1.0,0.6220925275017234,0.3260551735206887,,,,,,,,,,,,,,,,
56.119590741,1347,1.0,0.6150803285486558,0.3258206402813947,,,,,,,,,,,,,,,,
56.12408374100001,1347,1.0,0.6157254050759708,0.3271500198929398,,,,,,,,,,,,,,,,
56.131395741000006,1348,1.0,0.6132503397324506,0.32782479745370374,,,,,,,,,,,,,,,,
56.135624741,1348,1.0,0.6078680823830998,0.32839547616464115,,,,,,,,,,,,,,,,
56.139463741,1348,1.0,0.6058852812823128,0.3291456434461806,,,,,,,,,,,,,,,,
56.143412741000006,1348,1.0,0.6001622256110696,0.33224227340133106,,,,,,,,,,,,,,,,
56.151518741000004,1348,1.0,0.5963168985703412,0.33413769757306133,,,,,,,,,,,,,,,,
56.155410741000004,1348,1.0,0.5957711163689109,0.33374328613281246,,,,,,,,,,,,,,,,
56.159407741,1348,1.0,0.5942364299998564,0.33292134602864587,,,,,,,,,,,,,,,,
56.16341074100001,1348,1.0,0.5936436372644761,0.33551567925347225,,,,,,,,,,,,,,,,
56.171450741,1349,1.0,0.5880666059606215,0.3367737381546586,,,,,,,,,,,,,,,,
56.175432741,1349,1.0,0.5878137700697955,0.3372143780743634,,,,,,,,,,,,,,,,
56.179603741,1349,1.0,0.5863060670740464,0.33598598904079857,,,,,,,,,,,,,,,,
56.183456741,1349,1.0,0.5821049634148093,0.3362193919994213,,,,,,,,,,,,,,,,
56.191405741000004,1349,1.0,0.5808825212366441,0.3356483742042824,,,,,,,,,,,,,,,,
56.196438741,1349,1.0,0.5825796127319336,0.33725755479600694,,,,,,,,,,,,,,,,
56.199370741,1349,1.0,0.5766280118156882,0.33662974039713545,,,,,,,,,,,,,,,,
56.203364741,1349,1.0,0.575099271886489,0.3383559050383391,,,,,,,,,,,,,,,,
56.213068741,1350,1.0,0.5785986395443187,0.338100348578559,,,,,,,,,,,,,,,,
56.215388741000005,1350,1.0,0.5751260308658376,0.3392055370189525,,,,,,,,,,,,,,,,
56.219357741,1350,1.0,0.571959888233858,0.33994462754991317,,,,,,,,,,,,,,,,
56.223436741,1350,1.0,0.5695820976706112,0.34044347692418986,,,,,,,,,,,,,,,,
56.231432741000006,1350,1.0,0.5692893196554745,0.34099279333043986,,,,,,,,,,,,,,,,
56.235419741,1350,1.0,0.5716291876400218,0.34114148175274883,,,,,,,,,,,,,,,,
56.239392741,1350,1.0,0.5669487223905676,0.3416084572120949,,,,,,,,,,,,,,,,
56.243392741,1350,1.0,0.5673646926879883,0.34210968017578125,,,,,,,,,,,,,,,,
56.25137474100001,1350,1.0,0.5616053973927218,0.3421843352141204,,,,,,,,,,,,,,,,
56.255396741000006,1351,1.0,0.5617299360387465,0.3428511442961516,,,,,,,,,,,,,,,,
56.25944874100001,1351,1.0,0.5613875108606675,0.3436247649016204,,,,,,,,,,,,,,,,
56.263679741000004,1351,1.0,0.5590993656831629,0.3440920229311343,,,,,,,,,,,,,,,,
56.271449741000005,1351,1.0,0.5607553369858685,0.34566667344835067,,,,,,,,,,,,,,,,
56.275412741000004,1351,1.0,0.561134001787971,0.34857375533492474,,,,,,,,,,,,,,,,
56.279540741000005,1351,1.0,0.5627128937665153,0.3495082713939526,,,,,,,,,,,,,,,,
56.283419741,1351,1.0,0.5646156984217027,0.34942932128906246,,,,,,,,,,,,,,,,
56.291403741,1351,1.0,0.5567772809196921,0.35168338351779516,,,,,,,,,,,,,,,,
56.295417741,1352,1.0,0.5601371877333697,0.35146456117983216,,,,,,,,,,,,,,,,
56.299406741000006,1352,1.0,0.5586213504566866,0.35235731336805554,,,,,,,,,,,,,,,,
56.303417741000004,1352,1.0,0.5588301490334904,0.3517922860604745,,,,,,,,,,,,,,,,
56.311553741000004,1352,1.0,0.5597157758824965,0.3533825344509549,,,,,,,,,,,,,,,,
56.315656741000005,1352,1.0,0.5588391808902516,0.3530111242223669,,,,,,,,,,,,,,,,
56.319443741,1352,1.0,0.5596623140222886,0.3525882862232349,,,,,,,,,,,,,,,,
56.323398741000005,1352,1.0,0.5577290478874656,0.3523317690248843,,,,,,,,,,,,,,,,
56.331388741000005,1352,1.0,0.5606062833000632,0.3535247237594039,,,,,,,,,,,,,,,,
56.335389741,1353,1.0,0.5592356289134306,0.3537796020507813,,,,,,,,,,,,,,,,
56.339385741,1353,1.0,0.5602540408863741,0.35456023039641205,,,,,,,,,,,,,,,,
56.343447741000006,1353,1.0,0.5586423312916475,0.3542663009078414,,,,,,,,,,,,,,,,
56.351559741,1353,1.0,0.5584959142348346,0.3599133526837385,,,,,,,,,,,,,,,,
56.355504741000004,1353,1.0,0.5574005912331974,0.3592176649305555,,,,,,,,,,,,,,,,
56.359466741000006,1353,1.0,0.5560296002556296,0.35825839572482643,,,,,,,,,,,,,,,,
56.363371741,1353,1.0,0.5560754327213063,0.35845432987919557,,,,,,,,,,,,,,,,
56.371434741,1353,1.0,0.5542168336756089,0.35843782778139466,,,,,,,,,,,,,,,,
56.375388741,1354,1.0,0.5557817010318532,0.3577347932038484,,,,,,,,,,,,,,,,
56.379393741,1354,1.0,0.5539593416101792,0.35771439163773144,,,,,,,,,,,,,,,,
56.383454741,1354,1.0,0.5554239609662224,0.35671657986111116,,,,,,,,,,,,,,,,
56.391487741000006,1354,1.0,0.5522470474243164,0.3563666449652778,,,,,,,,,,,,,,,,
56.399421741000005,1354,1.0,0.5506571601418888,0.3574965865523727,,,,,,,,,,,,,,,,
56.403385741,1354,1.0,0.5498892279232249,0.35779820194950807,,,,,,,,,,,,,,,,
56.411400741,1354,1.0,0.5492040409761316,0.35783120614511,,,,,,,,,,,,,,,,
56.415357741,1355,1.0,0.5487967098460478,0.35745702672887736,,,,,,,,,,,,,,,,
56.419558741,1355,1.0,0.5486700955559226,0.3571530377423322,,,,,,,,,,,,,,,,
56.423382741000005,1355,1.0,0.5464708103853113,0.35692251699942135,,,,,,,,,,,,,,,,
56.431479741000004,1355,1.0,0.5478443257948932,0.35697727909794563,,,,,,,,,,,,,,,,
56.435407741000006,1355,1.0,0.547022258534151,0.3574236269350405,,,,,,,,,,,,,,,,
56.439617741000006,1355,1.0,0.5432847527896657,0.35717829951533564,,,,,,,,,,,,,,,,
56.443434741000004,1355,1.0,0.545785623438218,0.35803448712384256,,,,,,,,,,,,,,,,
56.451394741,1356,1.0,0.5467488905962776,0.3576946117259838,,,,,,,,,,,,,,,,
56.455397741000006,1356,1.0,0.547940310309915,0.3572808159722223,,,,,,,,,,,,,,,,
56.459491741,1356,1.0,0.5468703438253963,0.3571064701786748,,,,,,,,,,,,,,,,
56.463371741,1356,1.0,0.5470643324010512,0.35711506031177664,,,,,,,,,,,,,,,,
56.471437741,1356,1.0,0.5435699014102712,0.35684413203486687,,,,,,,,,,,,,,,,
56.475605741,1356,1.0,0.5433067433974322,0.3564629448784722,,,,,,,,,,,,,,,,
56.479439741,1356,1.0,0.5428483626421761,0.35618523491753473,,,,,,,,,,,,,,,,
56.487406741,1356,1.0,0.5420544568230125,0.35576171874999996,,,,,,,,,,,,,,,,
56.491449741000004,1357,1.0,0.5413730845731848,0.356023265697338,,,,,,,,,,,,,,,,
56.495784741,1357,1.0,0.5418844784007353,0.3557668615270544,,,,,,,,,,,,,,,,
56.499395741,1357,1.0,0.5409729901482078,0.35556239375361687,,,,,,,,,,,,,,,,
56.507447741,1357,1.0,0.5425962560317096,0.3554676762333623,,,,,,,,,,,,,,,,
56.511551741000005,1357,1.0,0.5426682303933537,0.35584869384765627,,,,,,,,,,,,,,,,
56.515456741,1357,1.0,0.5442129022934857,0.3556680184823495,,,,,,,,,,,,,,,,
56.520568741000005,1357,1.0,0.5422773922190947,0.3557467425311053,,,,,,,,,,,,,,,,
56.52744074100001,1357,1.0,0.5419375475715188,0.35540211995442705,,,,,,,,,,,,,,,,
56.531396741,1357,1.0,0.5406744339886833,0.3554276642975984,,,,,,,,,,,,,,,,
56.535386741,1358,1.0,0.5414454516242532,0.35591131139684606,,,,,,,,,,,,,,,,
56.539480741000006,1358,1.0,0.5422603382783777,0.35562032063802085,,,,,,,,,,,,,,,,
56.547845741,1358,1.0,0.5404345568488625,0.3565482245551215,,,,,,,,,,,,,,,,
56.551554741000004,1358,1.0,0.5409761316636029,0.3564083523220486,,,,,,,,,,,,,,,,
56.555428741,1358,1.0,0.5410840090583352,0.3562143961588542,,,,,,,,,,,,,,,,
56.559411741000005,1358,1.0,0.5419945997350356,0.3560278433340567,,,,,,,,,,,,,,,,
56.567397741,1358,1.0,0.5393768198349896,0.35578709355107063,,,,,,,,,,,,,,,,
56.571614741000005,1358,1.0,0.538063554202809,0.35663163926866315,,,,,,,,,,,,,,,,
56.575386741,1359,1.0,0.5389013851390165,0.35661135073061345,,,,,,,,,,,,,,,,
56.579388741,1359,1.0,0.5389265172621783,0.3564341227213542,,,,,,,,,,,,,,,,
56.587427741000006,1359,1.0,0.537529328290154,0.3563025015371817,,,,,,,,,,,,,,,,
56.591380741,1359,1.0,0.5378410675946403,0.35615375660083914,,,,,,,,,,,,,,,,
56.59548774100001,1359,1.0,0.5374290802899528,0.3560386940285012,,,,,,,,,,,,,,,,
56.599390741,1359,1.0,0.5378184038050035,0.3562008327907986,,,,,,,,,,,,,,,,
56.60736974100001,1359,1.0,0.5361977184520048,0.35787686948423036,,,,,,,,,,,,,,,,
56.611422741000005,1359,1.0,0.5365228652954102,0.35786873146339704,,,,,,,,,,,,,,,,
56.615425741,1360,1.0,0.5368252361522001,0.35769365098741324,,,,,,,,,,,,,,,,
56.619381741000005,1360,1.0,0.5365452485926011,0.3575761583116319,,,,,,,,,,,,,,,,
56.627435741000006,1360,1.0,0.5340425827923942,0.3574654473198785,,,,,,,,,,,,,,,,
56.631388741,1360,1.0,0.5350315430585075,0.3573252925166377,,,,,,,,,,,,,,,,
56.635425741000006,1360,1.0,0.5359378141515395,0.3582248829029224,,,,,,,,,,,,,,,,
56.639575741,1360,1.0,0.536627264583812,0.35886727792245365,,,,,,,,,,,,,,,,
56.647404741,1360,1.0,0.5377324609195485,0.3603876184534144,,,,,,,,,,,,,,,,
56.651430741000006,1360,1.0,0.5381982466753792,0.3609057956271702,,,,,,,,,,,,,,,,
56.655407741000005,1360,1.0,0.5384530460133272,0.36078519467954284,,,,,,,,,,,,,,,,
56.659377741,1360,1.0,0.5382596745210535,0.3609131424515336,,,,,,,,,,,,,,,,
56.667393741000005,1361,1.0,0.5369198182049919,0.3604953342013889,,,,,,,,,,,,,,,,
56.671424741,1361,1.0,0.5369807411642635,0.3603099116572628,,,,,,,,,,,,,,,,
56.675457741,1361,1.0,0.5375509262084961,0.36020835593894673,,,,,,,,,,,,,,,,
56.679417741,1361,1.0,0.5373557034660789,0.3608214201750579,,,,,,,,,,,,,,,,
56.68747874100001,1361,1.0,0.5364065170288086,0.3607058489764178,,,,,,,,,,,,,,,,
56.691789741,1361,1.0,0.5366685530718636,0.36055331759982634,,,,,,,,,,,,,,,,
56.695838741,1361,1.0,0.5344965317670036,0.3616968225549768,,,,,,,,,,,,,,,,
56.69939174100001,1362,1.0,0.5350804048426011,0.3622263590494792,,,,,,,,,,,,,,,,
56.707400741,1362,1.0,0.5358428955078125,0.36291713008174187,,,,,,,,,,,,,,,,
56.711451741000005,1362,1.0,0.5363270254696116,0.36268734402126734,,,,,,,,,,,,,,,,
56.715675741000005,1362,1.0,0.5366122301887063,0.3624759815357349,,,,,,,,,,,,,,,,
56.719698741,1362,1.0,0.5368917689603918,0.36323050039785876,,,,,,,,,,,,,,,,
56.727497741,1362,1.0,0.5369453430175781,0.3633825231481481,,,,,,,,,,,,,,,,
56.73139874100001,1363,1.0,0.53727985830868,0.36328113697193287,,,,,,,,,,,,,,,,
56.735475741,1363,1.0,0.5365146188174977,0.3630486382378473,,,,,,,,,,,,,,,,
56.73938574100001,1363,1.0,0.5365900712854722,0.3630623146339699,,,,,,,,,,,,,,,,
56.747684741,1363,1.0,0.5371541976928711,0.36266626428674764,,,,,,,,,,,,,,,,
56.751420741000004,1363,1.0,0.5370877209831687,0.3628125226056135,,,,,,,,,,,,,,,,
56.755474741,1363,1.0,0.5371899885289809,0.3630694919162326,,,,,,,,,,,,,,,,
56.760611741000005,1363,1.0,0.5369356379789465,0.36378281204788776,,,,,,,,,,,,,,,,
56.767567741,1363,1.0,0.5378397212308996,0.3640471846969039,,,,,,,,,,,,,,,,
56.771548741000004,1364,1.0,0.5387572120217716,0.3639444421838831,,,,,,,,,,,,,,,,
56.775497741,1364,1.0,0.5388794506297392,0.3637871636284722,,,,,,,,,,,,,,,,
56.779551741000006,1364,1.0,0.5389471054077148,0.3636158695927373,,,,,,,,,,,,,,,,
56.788122741,1364,1.0,0.5392393785364488,0.3634759973596644,,,,,,,,,,,,,,,,
56.79153474100001,1364,1.0,0.5393551097196692,0.36376602737991903,,,,,,,,,,,,,,,,
56.795701741,1364,1.0,0.5394793678732479,0.36439333315248845,,,,,,,,,,,,,,,,
56.799435741,1364,1.0,0.5389035729800954,0.3655656602647569,,,,,,,,,,,,,,,,
56.80742974100001,1364,1.0,0.5383792204015395,0.36625756157769096,,,,,,,,,,,,,,,,
56.811872741,1365,1.0,0.5386486053466797,0.3663499620225694,,,,,,,,,,,,,,,,
56.815491741,1365,1.0,0.5387696658863741,0.36712024830005785,,,,,,,,,,,,,,,,
56.81940474100001,1365,1.0,0.5386798522051643,0.3672792222764757,,,,,,,,,,,,,,,,
56.827627741,1365,1.0,0.5387684878181008,0.36962992350260415,,,,,,,,,,,,,,,,
56.831534741000006,1365,1.0,0.5388806847965016,0.3699743765371817,,,,,,,,,,,,,,,,
56.835984741000004,1365,1.0,0.5390499900369083,0.36996103922526047,,,,,,,,,,,,,,,,
56.839492741,1365,1.0,0.5391346426571116,0.37024722629123263,,,,,,,,,,,,,,,,
56.847445741,1365,1.0,0.5394105350269991,0.3695625022605613,,,,,,,,,,,,,,,,
56.851371741,1365,1.0,0.5399733711691463,0.3692593609845197,,,,,,,,,,,,,,,,
56.855414741000004,1366,1.0,0.540155803456026,0.36927077681929976,,,,,,,,,,,,,,,,
56.859376741000005,1366,1.0,0.540397419649012,0.3700924908673322,,,,,,,,,,,,,,,,
56.867434741000004,1366,1.0,0.5374538197236902,0.37090900562427664,,,,,,,,,,,,,,,,
56.871417741,1366,1.0,0.5375204647288603,0.3706328215422454,,,,,,,,,,,,,,,,
56.875360741,1366,1.0,0.5376573450425092,0.37075596562138313,,,,,,,,,,,,,,,,
56.879404741,1366,1.0,0.5376462375416475,0.3714835272894965,,,,,,,,,,,,,,,,
56.887484741,1366,1.0,0.5370643279131722,0.3722716720015914,,,,,,,,,,,,,,,,
56.891773741,1366,1.0,0.5372063131893382,0.3718912760416667,,,,,,,,,,,,,,,,
56.895426741,1367,1.0,0.5372796339147231,0.37233796296296295,,,,,,,,,,,,,,,,
56.899413741000004,1367,1.0,0.5372772216796875,0.3720715558087384,,,,,,,,,,,,,,,,
56.907498741000005,1367,1.0,0.5409729340497185,0.3718546549479167,,,,,,,,,,,,,,,,
56.911490741,1367,1.0,0.5415272993199965,0.3715962162724248,,,,,,,,,,,,,,,,
56.915477741000004,1367,1.0,0.5404796039356905,0.3713361952039931,,,,,,,,,,,,,,,,
56.91939674100001,1367,1.0,0.5405127020443187,0.3716361716941551,,,,,,,,,,,,,,,,
56.927415741000004,1367,1.0,0.5384115892298081,0.371592542860243,,,,,,,,,,,,,,,,
56.931556741,1367,1.0,0.5384996077593636,0.37142288773148147,,,,,,,,,,,,,,,,
56.935429741,1368,1.0,0.5385757334092084,0.3715741757993345,,,,,,,,,,,,,,,,
56.939482741000006,1368,1.0,0.5390191919663373,0.37182967574508097,,,,,,,,,,,,,,,,
56.947417741,1368,1.0,0.5397482479319853,0.37198039867259836,,,,,,,,,,,,,,,,
56.95143474100001,1368,1.0,0.5401024537927964,0.37328592936197913,,,,,,,,,,,,,,,,
56.955439741000006,1368,1.0,0.5398234199075138,0.37328513816550923,,,,,,,,,,,,,,,,
56.959430741000006,1368,1.0,0.5402986863080192,0.37354374638310184,,,,,,,,,,,,,,,,
56.967438741,1368,1.0,0.5407563377829159,0.37338172064887154,,,,,,,,,,,,,,,,
56.971383741000004,1368,1.0,0.5407787210801068,0.37349452265986693,,,,,,,,,,,,,,,,
56.975441741000004,1369,1.0,0.5416278839111328,0.37326558430989587,,,,,,,,,,,,,,,,
56.979455741,1369,1.0,0.5421286190257353,0.3734006528501157,,,,,,,,,,,,,,,,
56.988882741000005,1369,1.0,0.5426455666037167,0.3729682074652778,,,,,,,,,,,,,,,,
56.991484741,1369,1.0,0.5426310370950138,0.3732007061993634,,,,,,,,,,,,,,,,
56.995473741000005,1369,1.0,0.5435909944422105,0.3737681636103878,,,,,,,,,,,,,,,,
56.99944674100001,1369,1.0,0.5456296135397518,0.37358969229239003,,,,,,,,,,,,,,,,
57.007449741,1369,1.0,0.545277988209444,0.3739474826388889,,,,,,,,,,,,,,,,
57.012937741,1370,1.0,0.545187837937299,0.3736990469473379,,,,,,,,,,,,,,,,
57.015415741000005,1370,1.0,0.5452706393073586,0.3742943092628762,,,,,,,,,,,,,,,,
57.019402741,1370,1.0,0.5454916673548081,0.3741222240306713,,,,,,,,,,,,,,,,
57.027474741000006,1370,1.0,0.5467612322639016,0.3742164329246238,,,,,,,,,,,,,,,,
57.031397741000006,1370,1.0,0.5467614005593693,0.37437964545355906,,,,,,,,,,,,,,,,
57.035451741,1370,1.0,0.5468104867374196,0.37753069842303244,,,,,,,,,,,,,,,,
57.039421741000005,1370,1.0,0.5474914662978229,0.38016922562210653,,,,,,,,,,,,,,,,
57.047442741000005,1370,1.0,0.5472777871524587,0.3830277054398148,,,,,,,,,,,,,,,,
57.051478741000004,1370,1.0,0.5470445296343636,0.38319736056857634,,,,,,,,,,,,,,,,
57.056397741000005,1371,1.0,0.5467818765079274,0.3837777031792535,,,,,,,,,,,,,,,,
57.060340741000005,1371,1.0,0.5467430002549115,0.3883473149052372,,,,,,,,,,,,,,,,
57.067653741,1371,1.0,0.5401198443244485,0.3921519526728877,,,,,,,,,,,,,,,,
57.071395741,1371,1.0,0.5398137148688821,0.39493148238570597,,,,,,,,,,,,,,,,
57.075409741,1371,1.0,0.5398814257453469,0.39434085422092013,,,,,,,,,,,,,,,,
57.079443741000006,1371,1.0,0.5399596270392922,0.3953333536783854,,,,,,,,,,,,,,,,
57.087378741,1371,1.0,0.5408926571116728,0.39448021782769094,,,,,,,,,,,,,,,,
57.09238074100001,1371,1.0,0.5406864390653723,0.39505705656828705,,,,,,,,,,,,,,,,
57.095390741,1372,1.0,0.5404700110940373,0.3958980984157986,,,,,,,,,,,,,,,,
57.099370741,1372,1.0,0.5405873130349552,0.3948993824146412,,,,,,,,,,,,,,,,
57.107505741000004,1372,1.0,0.5402024213005515,0.39727681477864585,,,,,,,,,,,,,,,,
57.111540741000006,1372,1.0,0.5396819395177505,0.39634523744936345,,,,,,,,,,,,,,,,
57.115442741,1372,1.0,0.5396955714506262,0.39713569923683445,,,,,,,,,,,,,,,,
57.119376741,1372,1.0,0.5393813638126149,0.3961293538411458,,,,,,,,,,,,,,,,
57.127415741,1372,1.0,0.5385037029490751,0.39556754783347803,,,,,,,,,,,,,,,,
57.131404741000004,1372,1.0,0.5385554818546071,0.3950874611183449,,,,,,,,,,,,,,,,
57.135387741,1373,1.0,0.5386144974652458,0.39493702076099535,,,,,,,,,,,,,,,,
57.13937674100001,1373,1.0,0.5386869206148035,0.3958416408962674,,,,,,,,,,,,,,,,
57.147358741000005,1373,1.0,0.537598497727338,0.399989997016059,,,,,,,,,,,,,,,,
57.151416741000006,1373,1.0,0.5364147074082318,0.399149915907118,,,,,,,,,,,,,,,,
57.155388741,1373,1.0,0.5363092983470243,0.3993554009331597,,,,,,,,,,,,,,,,
57.159392741000005,1373,1.0,0.5360730115105125,0.39926418728298607,,,,,,,,,,,,,,,,
57.167391741,1373,1.0,0.5357500525081859,0.39963565402560763,,,,,,,,,,,,,,,,
57.171408741,1373,1.0,0.5354118347167969,0.39904496934678824,,,,,,,,,,,,,,,,
57.175513741,1374,1.0,0.5354972166173598,0.39837855586299187,,,,,,,,,,,,,,,,
57.180076741,1374,1.0,0.534979034872616,0.3981392189308449,,,,,,,,,,,,,,,,
57.187483741,1374,1.0,0.5352386025821462,0.39784766303168406,,,,,,,,,,,,,,,,
57.191498741000004,1374,1.0,0.5352398367489085,0.39770858199508097,,,,,,,,,,,,,,,,
57.196639741000006,1374,1.0,0.5357532501220703,0.3971931740089699,,,,,,,,,,,,,,,,
57.199505741,1374,1.0,0.5353929856244255,0.3973182960792824,,,,,,,,,,,,,,,,
57.207477741000005,1374,1.0,0.5360746944651884,0.3977642483181424,,,,,,,,,,,,,,,,
57.211530741000004,1374,1.0,0.5360786774579216,0.397690271448206,,,,,,,,,,,,,,,,
57.215421741,1375,1.0,0.5360215130974265,0.3979607476128473,,,,,,,,,,,,,,,,
57.219415741000006,1375,1.0,0.5360764335183537,0.39929933901186343,,,,,,,,,,,,,,,,
57.227813741000006,1375,1.0,0.5360099568086512,0.3981988412362558,,,,,,,,,,,,,,,,
57.23139874100001,1375,1.0,0.5358616324032054,0.39775944462528934,,,,,,,,,,,,,,,,
57.235542741,1375,1.0,0.5362158382640165,0.397600018536603,,,,,,,,,,,,,,,,
57.23959674100001,1375,1.0,0.5362966761869543,0.39737746627242476,,,,,,,,,,,,,,,,
57.247443741000005,1375,1.0,0.5377453635720646,0.39668409559461804,,,,,,,,,,,,,,,,
57.251452741,1375,1.0,0.5385986776912913,0.3963226318359375,,,,,,,,,,,,,,,,
57.255420741,1376,1.0,0.5402611003202551,0.39653761121961806,,,,,,,,,,,,,,,,
57.264000741000004,1376,1.0,0.5428667629466337,0.3960008409288195,,,,,,,,,,,,,,,,
57.267414741,1376,1.0,0.5450270596672507,0.39626815230758106,,,,,,,,,,,,,,,,
57.271452741000004,1376,1.0,0.5452102773329791,0.3960088094075521,,,,,,,,,,,,,,,,
57.275942741,1376,1.0,0.5459549286786247,0.3958167747214988,,,,,,,,,,,,,,,,
57.283414741,1376,1.0,0.5486246557796702,0.39572070086443867,,,,,,,,,,,,,,,,
57.287357741,1376,1.0,0.5487787022310144,0.3953947279188368,,,,,,,,,,,,,,,,
57.291545741,1376,1.0,0.5491169200224035,0.3951977765118634,,,,,,,,,,,,,,,,
57.295432741000006,1377,1.0,0.5498840668622185,0.394708251953125,,,,,,,,,,,,,,,,
57.303406741,1377,1.0,0.5495129192576689,0.3943918863932292,,,,,,,,,,,,,,,,
57.307496741,1377,1.0,0.5517556807574104,0.3941639652958623,,,,,,,,,,,,,,,,
57.311425741,1377,1.0,0.5525263618020451,0.3936264038085937,,,,,,,,,,,,,,,,
57.315501741000006,1377,1.0,0.5529637056238511,0.39352660002531825,,,,,,,,,,,,,,,,
57.323478741,1377,1.0,0.5523353464463178,0.39296078152126734,,,,,,,,,,,,,,,,
57.327834741000004,1377,1.0,0.5540450040031882,0.39287425853587965,,,,,,,,,,,,,,,,
57.331468741,1378,1.0,0.5535781523760628,0.392796947337963,,,,,,,,,,,,,,,,
57.335370741000006,1378,1.0,0.5542856104233685,0.3927728723596644,,,,,,,,,,,,,,,,
57.343404741,1378,1.0,0.5539506463443532,0.39273031729239005,,,,,,,,,,,,,,,,
57.347790741000004,1378,1.0,0.5539659051334157,0.3926513106734665,,,,,,,,,,,,,,,,
57.351388741,1378,1.0,0.5544105417588178,0.39279434769241894,,,,,,,,,,,,,,,,
57.355425741000005,1378,1.0,0.5542930715224322,0.39271760163483793,,,,,,,,,,,,,,,,
57.363551741,1378,1.0,0.5536651050343233,0.3919419465241609,,,,,,,,,,,,,,,,
57.367383741000005,1378,1.0,0.5543547237620634,0.39173691361038776,,,,,,,,,,,,,,,,
57.371441741000005,1379,1.0,0.554113556356991,0.39165214256004055,,,,,,,,,,,,,,,,
57.375607741,1379,1.0,0.5538994284237132,0.39169322826244213,,,,,,,,,,,,,,,,
57.383368741000005,1379,1.0,0.5548864813411937,0.3916623150860822,,,,,,,,,,,,,,,,
57.387464741,1379,1.0,0.5551500881419462,0.3918039957682292,,,,,,,,,,,,,,,,
57.392508741,1379,1.0,0.5548019409179688,0.39202524820963547,,,,,,,,,,,,,,,,
57.395427741000006,1379,1.0,0.5551015068502987,0.3919924700701678,,,,,,,,,,,,,,,,
57.403452741,1379,1.0,0.554835600011489,0.3911697387695312,,,,,,,,,,,,,,,,
57.407389741,1379,1.0,0.55486780054429,0.39140014648437504,,,,,,,,,,,,,,,,
57.411418741000006,1379,1.0,0.5557001899270451,0.39147830539279516,,,,,,,,,,,,,,,,
57.415429741000004,1380,1.0,0.555388562819537,0.3915397361472801,,,,,,,,,,,,,,,,
57.423364741,1380,1.0,0.5549421871409697,0.39148774323640045,,,,,,,,,,,,,,,,
57.42738374100001,1380,1.0,0.5554342830882353,0.3914710150824653,,,,,,,,,,,,,,,,
57.431397741000005,1380,1.0,0.5554727666518268,0.39144168429904513,,,,,,,,,,,,,,,,
57.435592741,1380,1.0,0.5553812139174518,0.3914576212565104,,,,,,,,,,,,,,,,
57.443483741,1380,1.0,0.5555456385892981,0.39123778166594325,,,,,,,,,,,,,,,,
57.447395741,1380,1.0,0.5553204031551585,0.3911552711769387,,,,,,,,,,,,,,,,
57.451418741000005,1381,1.0,0.5566033195046818,0.3904343781647859,,,,,,,,,,,,,,,,
57.455400741000005,1381,1.0,0.5563380297492532,0.39054734971788196,,,,,,,,,,,,,,,,
57.463436741,1381,1.0,0.5558587803560144,0.38990303322120945,,,,,,,,,,,,,,,,
57.46740874100001,1381,1.0,0.5558397068696863,0.38999142116970487,,,,,,,,,,,,,,,,
57.471415741,1381,1.0,0.5556556477266199,0.3890800758644387,,,,,,,,,,,,,,,,
57.475436741,1381,1.0,0.5556484110215131,0.38924865722656254,,,,,,,,,,,,,,,,
57.483394741000005,1381,1.0,0.5549769121057847,0.38990195945457173,,,,,,,,,,,,,,,,
57.487378741,1381,1.0,0.556124911588781,0.39039871780960644,,,,,,,,,,,,,,,,
57.491373741000004,1381,1.0,0.5563257441801184,0.3903676350911458,,,,,,,,,,,,,,,,
57.495465741000004,1382,1.0,0.5563186196719899,0.3904448332609953,,,,,,,,,,,,,,,,
57.503629741000005,1382,1.0,0.5559485379387351,0.3899328726309317,,,,,,,,,,,,,,,,
57.507527741000004,1382,1.0,0.555970360251034,0.3895938449435764,,,,,,,,,,,,,,,,
57.512122741000006,1382,1.0,0.556292870465447,0.389047693323206,,,,,,,,,,,,,,,,
57.515534741,1382,1.0,0.5552280089434456,0.38806508382161453,,,,,,,,,,,,,,,,
57.523391741000005,1382,1.0,0.5530074063469382,0.3879812735098379,,,,,,,,,,,,,,,,
57.527400741,1382,1.0,0.552088176502901,0.38795889395254635,,,,,,,,,,,,,,,,
57.531462741000006,1382,1.0,0.5515901341157801,0.38734899450231486,,,,,,,,,,,,,,,,
57.536821741000004,1382,1.0,0.5512822656070485,0.38633999294704857,,,,,,,,,,,,,,,,
57.543443741000004,1383,1.0,0.5501794254078585,0.3858898586697048,,,,,,,,,,,,,,,,
57.547424741,1383,1.0,0.5498999427346623,0.38567713984736685,,,,,,,,,,,,,,,,
57.551419741000004,1383,1.0,0.5485949235803941,0.3857468781647859,,,,,,,,,,,,,,,,
57.555550741000005,1383,1.0,0.5487109913545496,0.3857157389322917,,,,,,,,,,,,,,,,
57.563423741,1383,1.0,0.5485912210801068,0.38529956958912037,,,,,,,,,,,,,,,,
57.567411741,1383,1.0,0.5487035863539752,0.3852018568250868,,,,,,,,,,,,,,,,
57.571396741,1383,1.0,0.5486095652860754,0.3852834630895544,,,,,,,,,,,,,,,,
57.575413741000006,1383,1.0,0.5473490883322323,0.3847115410698785,,,,,,,,,,,,,,,,
57.583366741000006,1384,1.0,0.5471273310044232,0.38508029513888886,,,,,,,,,,,,,,,,
57.587991741,1384,1.0,0.5471680024090935,0.3850918805157697,,,,,,,,,,,,,,,,
57.591429741000006,1384,1.0,0.5471973419189453,0.38506854021990744,,,,,,,,,,,,,,,,
57.595541741000005,1384,1.0,0.5466340008903953,0.38493290653935186,,,,,,,,,,,,,,,,
