world_index,world_timestamp,img_to_surf_trans,surf_to_img_trans,num_detected_markers,dist_img_to_surf_trans,surf_to_dist_img_trans,num_definition_markers
53,4.328069741,"[[ 7.70584337e-04 -3.49145781e-05 -1.52242354e-01]
 [ 1.37745679e-04 -9.22310059e-04  1.00976999e+00]
 [ 2.39786443e-04  8.27926150e-04  3.12040910e-03]]","[[ 1.18838793e+03  1.78403439e+02  2.48857159e+02]
 [-3.42394774e+02 -5.51207400e+01  1.13199350e+03]
 [-4.74850165e-01  9.15641475e-01  1.00000000e+00]]",1,"[[ 8.88717429e-04 -6.97791301e-05 -1.73984086e-01]
 [ 2.20383332e-04 -1.09351494e-03  1.11604675e+00]
 [ 3.15749746e-04  8.42390199e-04  4.14086863e-03]]","[[ 9.87691246e+02  1.52934190e+02  2.80340461e+02]
 [-3.67483687e+02 -6.12845823e+01  1.07710382e+03]
 [-5.55101825e-01  8.05772920e-01  1.00000000e+00]]",6
54,4.368847741000001,"[[ 1.22963221e-03 -1.62089150e-05 -2.72207745e-01]
 [-3.90164666e-04 -2.39238495e-03  2.30055719e+00]
 [-2.35030125e-04  3.71741630e-04  7.11576688e-01]]","[[ 8.67540976e+02  3.04120422e+01  2.33547182e+02]
 [ 8.92337946e+01 -2.75094712e+02  9.23528353e+02]
 [ 2.39926842e-01  1.53759819e-01  1.00000000e+00]]",3,"[[ 1.40437524e-03 -9.79467381e-05 -2.86024139e-01]
 [-4.24272465e-04 -2.85450512e-03  2.64366250e+00]
 [-2.38683041e-04  2.41311442e-04  8.49407364e-01]]","[[ 7.56127705e+02 -3.49988890e+00  2.65506646e+02]
 [ 6.68132595e+01 -2.77659187e+02  8.86673952e+02]
 [ 1.93490265e-01  7.78978114e-02  1.00000000e+00]]",6
55,4.408862741,"[[ 1.23663212e-03 -2.50744566e-05 -2.69886483e-01]
 [-3.67705899e-04 -2.43634770e-03  2.32156642e+00]
 [-2.56194350e-04  2.52119036e-04  8.29447745e-01]]","[[ 8.62362725e+02  1.56334302e+01  2.36839508e+02]
 [ 9.58872067e+01 -3.16529172e+02  9.17142958e+02]
 [ 2.37215025e-01  1.01040996e-01  1.00000000e+00]]",2,"[[ 1.40838233e-03 -1.17760095e-04 -2.73436639e-01]
 [-3.99463798e-04 -2.88661691e-03  2.65255564e+00]
 [-2.52379692e-04  1.12367658e-04  9.68517662e-01]]","[[ 7.52291811e+02 -2.02619512e+01  2.67883702e+02]
 [ 6.87084144e+01 -3.14901628e+02  8.81843999e+02]
 [ 1.88063243e-01  3.12550349e-02  1.00000000e+00]]",6
56,4.446136741,"[[ 1.24990836e-03  5.54386449e-07 -2.99717075e-01]
 [-3.48993159e-04 -2.45123251e-03  2.31103911e+00]
 [-2.30637768e-04  3.65315242e-04  7.23241160e-01]]","[[ 8.54246899e+02  3.58700099e+01  2.39388182e+02]
 [ 9.15930994e+01 -2.72507166e+02  9.08724186e+02]
 [ 2.26150352e-01  1.49084436e-01  1.00000000e+00]]",5,"[[ 1.40419015e-03 -6.43268677e-05 -3.20675431e-01]
 [-3.86498393e-04 -2.86005739e-03  2.60771610e+00]
 [-2.41338765e-04  2.62861901e-04  8.34661110e-01]]","[[ 7.60382003e+02  7.57306963e+00  2.68477120e+02]
 [ 7.59102634e+01 -2.70886258e+02  8.75489469e+02]
 [ 1.95954664e-01  8.75006049e-02  1.00000000e+00]]",6
57,4.487679741,"[[ 1.26103350e-03  2.05928645e-06 -3.08693141e-01]
 [-3.37506768e-04 -2.47681247e-03  2.31608396e+00]
 [-2.28541246e-04  3.61248625e-04  7.29780583e-01]]","[[ 8.46784971e+02  3.61929308e+01  2.43320869e+02]
 [ 9.06329457e+01 -2.72117932e+02  9.01950206e+02]
 [ 2.20318640e-01  1.46035410e-01  1.00000000e+00]]",5,"[[ 1.41043136e-03 -6.03293729e-05 -3.30071262e-01]
 [-3.75505161e-04 -2.87596431e-03  2.60465233e+00]
 [-2.41697281e-04  2.59872147e-04  8.39406350e-01]]","[[ 7.57777907e+02  8.61373672e+00  2.71245172e+02]
 [ 7.70619374e+01 -2.70690504e+02  8.70246670e+02]
 [ 1.94335686e-01  8.62834061e-02  1.00000000e+00]]",6
66,4.847652741,"[[ 1.47999592e-03  2.64906132e-05 -5.31712213e-01]
 [-3.30973584e-04 -2.62770742e-03  2.53637158e+00]
 [-3.80288625e-05  4.78891376e-04  5.71464145e-01]]","[[ 7.00032744e+02  6.95244686e+01  3.42761790e+02]
 [-2.38862759e+01 -2.12756588e+02  9.22068590e+02]
 [ 6.66015197e-02  1.82918268e-01  1.00000000e+00]]",2,"[[ 1.57934084e-03 -3.65920769e-05 -5.34549041e-01]
 [-4.37831624e-04 -3.07197236e-03  2.90269409e+00]
 [-1.44314906e-04  3.21454718e-04  7.64547754e-01]]","[[ 6.74188180e+02  2.95532899e+01  3.59169827e+02]
 [ 1.72891964e+01 -2.32211348e+02  8.93705365e+02]
 [ 1.19989509e-01  1.03211883e-01  1.00000000e+00]]",6
70,5.005663741,"[[ 5.92480467e-04 -1.77822676e-05 -8.02724412e-02]
 [-2.73394656e-04 -1.74728525e-03  1.65184563e+00]
 [-7.25867770e-04  2.62999506e-04  8.76461639e-01]]","[[ 1.89008220e+03  5.31311325e+00  1.63093356e+02]
 [ 9.22418183e+02 -4.43247670e+02  9.19859412e+02]
 [ 1.28853811e+00  1.37405370e-01  1.00000000e+00]]",1,"[[ 6.34018041e-04 -5.89111533e-05 -6.97510563e-02]
 [-3.22964684e-04 -1.99403040e-03  1.84118307e+00]
 [-8.18106559e-04  1.71596431e-04  1.00473592e+00]]","[[ 1.80741459e+03 -3.67972794e+01  1.92906017e+02]
 [ 9.20915198e+02 -4.51934144e+02  8.92103369e+02]
 [ 1.31440704e+00  4.72225483e-02  1.00000000e+00]]",6
71,5.048544741000001,"[[ 1.36953237e-03 -3.47251345e-05 -4.23655928e-01]
 [-3.65010829e-04 -2.61054578e-03  2.42953321e+00]
 [-1.48934278e-04  4.04997554e-04  6.91282670e-01]]","[[ 7.77217456e+02  4.11312045e+01  3.31764654e+02]
 [ 3.05234406e+01 -2.46282397e+02  8.84273142e+02]
 [ 1.49566026e-01  1.53149528e-01  1.00000000e+00]]",4,"[[ 1.44818078e-03 -8.38618437e-05 -4.30195124e-01]
 [-4.57896679e-04 -2.94181365e-03  2.69407472e+00]
 [-2.45072805e-04  2.92980786e-04  8.32545798e-01]]","[[ 7.53372708e+02  1.30784579e+01  3.46963402e+02]
 [ 6.49093722e+01 -2.55950245e+02  8.61781756e+02]
 [ 1.98924749e-01  9.39211735e-02  1.00000000e+00]]",6
72,5.0886837410000005,"[[ 1.36413317e-03 -3.83207685e-05 -4.15087494e-01]
 [-3.66747557e-04 -2.60461142e-03  2.42182739e+00]
 [-1.51221948e-04  3.99482297e-04  6.96832259e-01]]","[[ 7.80034631e+02  3.90001159e+01  3.29105131e+02]
 [ 3.10258221e+01 -2.48886751e+02  8.83482605e+02]
 [ 1.51491394e-01  1.51146166e-01  1.00000000e+00]]",6,"[[ 1.44694539e-03 -8.75368862e-05 -4.23126877e-01]
 [-4.63321123e-04 -2.93650216e-03  2.68819727e+00]
 [-2.37473611e-04  2.88877172e-04  8.33067365e-01]]","[[ 7.51334875e+02  1.14949036e+01  3.44521251e+02]
 [ 5.88407193e+01 -2.57586527e+02  8.61083410e+02]
 [ 1.93771203e-01  9.25982783e-02  1.00000000e+00]]",6
73,5.126481741,"[[ 1.36101946e-03 -3.92965332e-05 -4.12038428e-01]
 [-3.64697621e-04 -2.60098330e-03  2.41264594e+00]
 [-1.51413164e-04  3.95503419e-04  7.01028516e-01]]","[[ 7.81463964e+02  3.80985977e+01  3.28196001e+02]
 [ 3.08477901e+01 -2.50884938e+02  8.81571845e+02]
 [ 1.51382608e-01  1.49772053e-01  1.00000000e+00]]",6,"[[ 1.44288980e-03 -8.78493313e-05 -4.20265967e-01]
 [-4.60280591e-04 -2.92825230e-03  2.67471449e+00]
 [-2.37632953e-04  2.86367070e-04  8.35542223e-01]]","[[ 7.53151517e+02  1.10063579e+01  3.43591356e+02]
 [ 5.88469548e+01 -2.59220580e+02  8.59408890e+02]
 [ 1.94031833e-01  9.19734623e-02  1.00000000e+00]]",6
74,5.167453741,"[[ 1.35800503e-03 -4.03355990e-05 -4.09438281e-01]
 [-3.65131938e-04 -2.59059301e-03  2.40420702e+00]
 [-1.51734718e-04  3.87573391e-04  7.07934637e-01]]","[[ 7.82892803e+02  3.68358419e+01  3.27693097e+02]
 [ 3.00931688e+01 -2.54546369e+02  8.81865965e+02]
 [ 1.51325704e-01  1.47251837e-01  1.00000000e+00]]",5,"[[ 1.44152941e-03 -8.87871632e-05 -4.18451404e-01]
 [-4.56799114e-04 -2.91429678e-03  2.66184719e+00]
 [-2.36137332e-04  2.79344950e-04  8.40930117e-01]]","[[ 7.53086495e+02  9.95578627e+00  3.43226284e+02]
 [ 5.76257122e+01 -2.62498317e+02  8.59576741e+02]
 [ 1.92327972e-01  8.99938185e-02  1.00000000e+00]]",6
75,5.208509741,"[[ 1.35107844e-03 -3.93444813e-05 -4.05566425e-01]
 [-3.66106609e-04 -2.57656977e-03  2.39792449e+00]
 [-1.50518398e-04  3.87192913e-04  7.06643510e-01]]","[[ 7.86478235e+02  3.69698171e+01  3.25932855e+02]
 [ 2.92442766e+01 -2.55663645e+02  8.84353432e+02]
 [ 1.51499682e-01  1.47961154e-01  1.00000000e+00]]",6,"[[ 1.43361615e-03 -8.82199260e-05 -4.13887669e-01]
 [-4.61645901e-04 -2.90354083e-03  2.65974855e+00]
 [-2.36786110e-04  2.78061174e-04  8.41310223e-01]]","[[ 7.57109749e+02  9.72232977e+00  3.41728210e+02]
 [ 5.74321852e+01 -2.63629974e+02  8.61703440e+02]
 [ 1.94106059e-01  8.98686011e-02  1.00000000e+00]]",6
76,5.246094741,"[[ 1.34486966e-03 -3.83488405e-05 -4.01166721e-01]
 [-3.65557799e-04 -2.56720383e-03  2.39202065e+00]
 [-1.51795585e-04  3.84189337e-04  7.08841050e-01]]","[[ 7.90039063e+02  3.66185091e+01  3.23549477e+02]
 [ 2.99938276e+01 -2.57431018e+02  8.85689164e+02]
 [ 1.52927280e-01  1.47368412e-01  1.00000000e+00]]",6,"[[ 1.42855284e-03 -8.76924899e-05 -4.09605682e-01]
 [-4.60236264e-04 -2.89597078e-03  2.65473854e+00]
 [-2.36996300e-04  2.74667969e-04  8.43543660e-01]]","[[ 7.59334627e+02  9.22417213e+00  3.39686049e+02]
 [ 5.76754563e+01 -2.65229551e+02  8.62716821e+02]
 [ 1.94557679e-01  8.89534949e-02  1.00000000e+00]]",6
77,5.288521741,"[[ 1.34050097e-03 -3.80819210e-05 -3.97065247e-01]
 [-3.64653808e-04 -2.56214348e-03  2.38754554e+00]
 [-1.51807862e-04  3.81380096e-04  7.10841487e-01]]","[[ 7.92195376e+02  3.60634029e+01  3.21379998e+02]
 [ 2.99373203e+01 -2.58843250e+02  8.86114738e+02]
 [ 1.53119915e-01  1.46576098e-01  1.00000000e+00]]",6,"[[ 1.42510184e-03 -8.76752126e-05 -4.05707394e-01]
 [-4.58282896e-04 -2.89156035e-03  2.65009518e+00]
 [-2.35750835e-04  2.72020342e-04  8.44889003e-01]]","[[ 7.60386172e+02  8.72033028e+00  3.37777609e+02]
 [ 5.70937134e+01 -2.66383288e+02  8.62958812e+02]
 [ 1.93789981e-01  8.81979739e-02  1.00000000e+00]]",6
78,5.328866741000001,"[[ 1.33892184e-03 -3.88637830e-05 -3.93829714e-01]
 [-3.63486686e-04 -2.56689910e-03  2.38417859e+00]
 [-1.51944370e-04  3.75857632e-04  7.16506779e-01]]","[[ 7.92613550e+02  3.48239958e+01  3.19785031e+02]
 [ 2.95049920e+01 -2.60650650e+02  8.83533358e+02]
 [ 1.52606358e-01  1.44114263e-01  1.00000000e+00]]",5,"[[ 1.42535467e-03 -8.78645026e-05 -4.03680212e-01]
 [-4.50778384e-04 -2.89081129e-03  2.63934693e+00]
 [-2.32040163e-04  2.68952148e-04  8.46572456e-01]]","[[ 7.58920624e+02  8.21795044e+00  3.36263263e+02]
 [ 5.54845611e+01 -2.67544616e+02  8.60577349e+02]
 [ 1.90388161e-01  8.72501737e-02  1.00000000e+00]]",6
79,5.366096741000001,"[[ 1.33567183e-03 -3.85608939e-05 -3.90667420e-01]
 [-3.63811785e-04 -2.56203642e-03  2.37186669e+00]
 [-1.52788384e-04  3.73517180e-04  7.19642642e-01]]","[[ 7.94420537e+02  3.43913166e+01  3.17911405e+02]
 [ 2.92715924e+01 -2.62368718e+02  8.80630250e+02]
 [ 1.53471711e-01  1.43479293e-01  1.00000000e+00]]",6,"[[ 1.41920084e-03 -8.64289953e-05 -4.00317696e-01]
 [-4.53692910e-04 -2.88101251e-03  2.62377909e+00]
 [-2.34413074e-04  2.68750067e-04  8.47765911e-01]]","[[ 7.62501200e+02  8.31256957e+00  3.34328585e+02]
 [ 5.58201704e+01 -2.68731704e+02  8.58065202e+02]
 [ 1.93141259e-01  8.74890550e-02  1.00000000e+00]]",6
80,5.408656741000001,"[[ 1.33481677e-03 -3.99260402e-05 -3.86873758e-01]
 [-3.63913461e-04 -2.56531192e-03  2.36835871e+00]
 [-1.52976379e-04  3.68351572e-04  7.24803482e-01]]","[[ 7.94397639e+02  3.30256609e+01  3.16106357e+02]
 [ 2.86549382e+01 -2.64135815e+02  8.78381819e+02]
 [ 1.53102166e-01  1.41206536e-01  1.00000000e+00]]",6,"[[ 1.41846897e-03 -8.73071538e-05 -3.97015617e-01]
 [-4.51918009e-04 -2.88082601e-03  2.61632873e+00]
 [-2.32977428e-04  2.65430162e-04  8.50270979e-01]]","[[ 7.62015030e+02  7.54884992e+00  3.32578204e+02]
 [ 5.46056011e+01 -2.69907041e+02  8.56015131e+02]
 [ 1.91748669e-01  8.63256342e-02  1.00000000e+00]]",6
81,5.451465741000001,"[[ 1.33483407e-03 -3.99384596e-05 -3.84952977e-01]
 [-3.63767437e-04 -2.56990549e-03  2.36370294e+00]
 [-1.53846830e-04  3.65795030e-04  7.28240289e-01]]","[[ 7.94252107e+02  3.24329462e+01  3.14577299e+02]
 [ 2.86618950e+01 -2.64985729e+02  8.75234504e+02]
 [ 1.53395509e-01  1.39954037e-01  1.00000000e+00]]",6,"[[ 1.41829805e-03 -8.64623558e-05 -3.95708397e-01]
 [-4.49652781e-04 -2.88083540e-03  2.60676242e+00]
 [-2.32162905e-04  2.65259862e-04  8.50530423e-01]]","[[ 7.61670165e+02  7.61903267e+00  3.31014934e+02]
 [ 5.40031656e+01 -2.70182141e+02  8.53197178e+02]
 [ 1.91065107e-01  8.63429833e-02  1.00000000e+00]]",6
82,5.478973741,"[[ 1.33708106e-03 -3.88903028e-05 -3.85609669e-01]
 [-3.58528951e-04 -2.57618422e-03  2.35780367e+00]
 [-1.54397457e-04  3.63126678e-04  7.31952630e-01]]","[[ 7.92776625e+02  3.22564587e+01  3.13746992e+02]
 [ 2.93804756e+01 -2.65762636e+02  8.71566665e+02]
 [ 1.52651764e-01  1.38650801e-01  1.00000000e+00]]",6,"[[ 1.41981321e-03 -8.43472396e-05 -3.96913409e-01]
 [-4.42497171e-04 -2.88220751e-03  2.59584365e+00]
 [-2.31826106e-04  2.64566716e-04  8.51639153e-01]]","[[ 7.60711851e+02  8.03402516e+00  3.30047837e+02]
 [ 5.44703557e+01 -2.70528708e+02  8.49972948e+02]
 [ 1.90153098e-01  8.62282908e-02  1.00000000e+00]]",6
83,5.519076741,"[[ 1.33818415e-03 -3.75449351e-05 -3.87174884e-01]
 [-3.54033643e-04 -2.57979439e-03  2.35281432e+00]
 [-1.55688042e-04  3.62400943e-04  7.33926995e-01]]","[[ 7.92387078e+02  3.25367931e+01  3.13708780e+02]
 [ 3.07226143e+01 -2.66005605e+02  8.68964931e+02]
 [ 1.52918872e-01  1.38251178e-01  1.00000000e+00]]",6,"[[ 1.42001966e-03 -8.21166447e-05 -3.98794583e-01]
 [-4.36936011e-04 -2.88203708e-03  2.58727699e+00]
 [-2.33023927e-04  2.65232613e-04  8.52023026e-01]]","[[ 7.61013977e+02  8.67353100e+00  3.29858954e+02]
 [ 5.58609346e+01 -2.70553462e+02  8.47716275e+02]
 [ 1.90744051e-01  8.65947745e-02  1.00000000e+00]]",6
84,5.557831741,"[[ 1.34023715e-03 -3.72667516e-05 -3.89259032e-01]
 [-3.50261787e-04 -2.58382059e-03  2.35151141e+00]
 [-1.55704738e-04  3.62253874e-04  7.34741814e-01]]","[[ 7.91224584e+02  3.26897662e+01  3.14560779e+02]
 [ 3.12974516e+01 -2.65858074e+02  8.67449080e+02]
 [ 1.52243674e-01  1.38005033e-01  1.00000000e+00]]",6,"[[ 1.42110568e-03 -8.13511274e-05 -4.00864953e-01]
 [-4.33127347e-04 -2.88394326e-03  2.58429316e+00]
 [-2.33749013e-04  2.65490747e-04  8.52536126e-01]]","[[ 7.60778456e+02  8.96819955e+00  3.30534923e+02]
 [ 5.68071237e+01 -2.70426692e+02  8.46455435e+02]
 [ 1.90900353e-01  8.66732683e-02  1.00000000e+00]]",6
85,5.5978717410000005,"[[ 1.34332117e-03 -3.68421156e-05 -3.92533439e-01]
 [-3.46854092e-04 -2.58935309e-03  2.35289120e+00]
 [-1.55374709e-04  3.61949780e-04  7.35517590e-01]]","[[ 7.89474375e+02  3.29348869e+01  3.15971893e+02]
 [ 3.16410679e+01 -2.65544810e+02  8.66353481e+02]
 [ 1.51202195e-01  1.37632512e-01  1.00000000e+00]]",6,"[[ 1.42304008e-03 -8.04515980e-05 -4.04035519e-01]
 [-4.30217284e-04 -2.88779825e-03  2.58464228e+00]
 [-2.34631339e-04  2.65282032e-04  8.53511471e-01]]","[[ 7.60226636e+02  9.29449903e+00  3.31730291e+02]
 [ 5.77314132e+01 -2.70213382e+02  8.45601375e+02]
 [ 1.91043580e-01  8.65407654e-02  1.00000000e+00]]",6
86,5.637174741,"[[ 1.34615854e-03 -3.49497110e-05 -3.96638557e-01]
 [-3.43508436e-04 -2.59436415e-03  2.35344035e+00]
 [-1.54205909e-04  3.62354546e-04  7.35408963e-01]]","[[ 7.87773670e+02  3.36777794e+01  3.17106234e+02]
 [ 3.14730773e+01 -2.65039618e+02  8.65149054e+02]
 [ 1.49678544e-01  1.37653507e-01  1.00000000e+00]]",6,"[[ 1.42468554e-03 -7.80210416e-05 -4.08060806e-01]
 [-4.27231407e-04 -2.89077590e-03  2.58378560e+00]
 [-2.34612609e-04  2.66028319e-04  8.53352952e-01]]","[[ 7.59725358e+02  1.01104219e+01  3.32677093e+02]
 [ 5.81942007e+01 -2.69769470e+02  8.44636726e+02]
 [ 1.90729806e-01  8.68788828e-02  1.00000000e+00]]",6
87,5.676291741,"[[ 1.34859310e-03 -3.35719928e-05 -4.00216430e-01]
 [-3.39205571e-04 -2.59754088e-03  2.35280501e+00]
 [-1.53227952e-04  3.63179514e-04  7.34902932e-01]]","[[ 7.86313555e+02  3.43380913e+01  3.18279817e+02]
 [ 3.16503235e+01 -2.64556426e+02  8.64218439e+02]
 [ 1.48305935e-01  1.37899885e-01  1.00000000e+00]]",6,"[[ 1.42598012e-03 -7.62358854e-05 -4.11482664e-01]
 [-4.23448989e-04 -2.89245352e-03  2.58228042e+00]
 [-2.34956578e-04  2.66787374e-04  8.53254189e-01]]","[[ 7.59447141e+02  1.07604672e+01  3.33678747e+02]
 [ 5.90383023e+01 -2.69444264e+02  8.43914854e+02]
 [ 1.90665842e-01  8.72103190e-02  1.00000000e+00]]",6
88,5.716365741000001,"[[ 1.35121225e-03 -3.26473858e-05 -4.03723147e-01]
 [-3.35595043e-04 -2.60276193e-03  2.35390894e+00]
 [-1.52286852e-04  3.63303021e-04  7.35083146e-01]]","[[ 7.84737566e+02  3.47734852e+01  3.19641531e+02]
 [ 3.16848606e+01 -2.64119573e+02  8.63174922e+02]
 [ 1.46914003e-01  1.37740858e-01  1.00000000e+00]]",6,"[[ 1.42733481e-03 -7.48518193e-05 -4.14822758e-01]
 [-4.20461058e-04 -2.89597441e-03  2.58240188e+00]
 [-2.35452694e-04  2.66908721e-04  8.53806901e-01]]","[[ 7.59152585e+02  1.12390976e+01  3.34841405e+02]
 [ 5.97937776e+01 -2.69147152e+02  8.43106246e+02]
 [ 1.90657911e-01  8.72375216e-02  1.00000000e+00]]",6
89,5.757371741,"[[ 1.35326452e-03 -3.21779108e-05 -4.07128620e-01]
 [-3.30689891e-04 -2.60635052e-03  2.35330700e+00]
 [-1.51557354e-04  3.62915306e-04  7.35818893e-01]]","[[ 7.83513407e+02  3.50723070e+01  3.21349219e+02]
 [ 3.20356128e+01 -2.64026995e+02  8.62140392e+02]
 [ 1.45580666e-01  1.37445375e-01  1.00000000e+00]]",6,"[[ 1.42787034e-03 -7.38903880e-05 -4.17988330e-01]
 [-4.16390997e-04 -2.89746415e-03  2.58064871e+00]
 [-2.36577389e-04  2.66481609e-04  8.55102726e-01]]","[[ 7.59440349e+02  1.15649406e+01  3.36324684e+02]
 [ 6.10527503e+01 -2.69217178e+02  8.42324879e+02]
 [ 1.91084621e-01  8.70976411e-02  1.00000000e+00]]",6
90,5.798756741,"[[ 1.35563963e-03 -3.12399645e-05 -4.11972949e-01]
 [-3.27013121e-04 -2.60813944e-03  2.35392662e+00]
 [-1.50127901e-04  3.63245198e-04  7.35510504e-01]]","[[ 7.82130427e+02  3.57227803e+01  3.23758496e+02]
 [ 3.18305825e+01 -2.63751123e+02  8.61937561e+02]
 [ 1.43923564e-01  1.37549789e-01  1.00000000e+00]]",6,"[[ 1.42842739e-03 -7.25182787e-05 -4.22411221e-01]
 [-4.14380369e-04 -2.89761177e-03  2.58097841e+00]
 [-2.37853799e-04  2.66348784e-04  8.56157758e-01]]","[[ 7.59940957e+02  1.20941910e+01  3.38480541e+02]
 [ 6.21529607e+01 -2.69241072e+02  8.42320817e+02]
 [ 1.91787643e-01  8.71202540e-02  1.00000000e+00]]",6
91,5.838582741000001,"[[ 1.35827979e-03 -3.02149925e-05 -4.16565905e-01]
 [-3.25183053e-04 -2.61220681e-03  2.35667765e+00]
 [-1.48195485e-04  3.64299000e-04  7.34404576e-01]]","[[ 7.80495826e+02  3.64156689e+01  3.25853031e+02]
 [ 3.10385441e+01 -2.63016104e+02  8.61614693e+02]
 [ 1.42099668e-01  1.37816600e-01  1.00000000e+00]]",6,"[[ 1.42945127e-03 -7.11387320e-05 -4.26598311e-01]
 [-4.14130978e-04 -2.90036488e-03  2.58361399e+00]
 [-2.38233537e-04  2.67041649e-04  8.56181840e-01]]","[[ 7.59970091e+02  1.26962543e+01  3.40347954e+02]
 [ 6.24928483e+01 -2.68774874e+02  8.42192435e+02]
 [ 1.91971100e-01  8.73631695e-02  1.00000000e+00]]",6
92,5.875401741,"[[ 1.35932283e-03 -2.80566147e-05 -4.19964571e-01]
 [-3.22423495e-04 -2.61603786e-03  2.35632739e+00]
 [-1.47520052e-04  3.64607673e-04  7.34467250e-01]]","[[ 7.79933249e+02  3.71703900e+01  3.26711265e+02]
 [ 3.10780833e+01 -2.62665439e+02  8.60456968e+02]
 [ 1.41224113e-01  1.37859397e-01  1.00000000e+00]]",6,"[[ 1.42930240e-03 -6.83832003e-05 -4.29949656e-01]
 [-4.11725200e-04 -2.90197826e-03  2.58171559e+00]
 [-2.38733817e-04  2.67826480e-04  8.56113069e-01]]","[[ 7.60513421e+02  1.35557230e+01  3.41059462e+02]
 [ 6.31853558e+01 -2.68441521e+02  8.41251240e+02]
 [ 1.92308197e-01  8.77593858e-02  1.00000000e+00]]",6
93,5.916666741,"[[ 1.35934359e-03 -2.85422024e-05 -4.20050493e-01]
 [-3.20816840e-04 -2.61748640e-03  2.35377139e+00]
 [-1.48109267e-04  3.62969330e-04  7.36589151e-01]]","[[ 7.79979587e+02  3.68470584e+01  3.27049696e+02]
 [ 3.14825395e+01 -2.63248223e+02  8.59163332e+02]
 [ 1.41320312e-01  1.37129934e-01  1.00000000e+00]]",6,"[[ 1.42855099e-03 -6.84115807e-05 -4.30079884e-01]
 [-4.09921540e-04 -2.90103225e-03  2.57719158e+00]
 [-2.39760870e-04  2.66887386e-04  8.57604770e-01]]","[[ 7.61150191e+02  1.34488375e+01  3.41293758e+02]
 [ 6.38396126e+01 -2.68919192e+02  8.40145061e+02]
 [ 1.92928084e-01  8.74477940e-02  1.00000000e+00]]",6
94,5.955106741000001,"[[ 1.35921973e-03 -2.88451396e-05 -4.19721122e-01]
 [-3.21625707e-04 -2.61797685e-03  2.35400542e+00]
 [-1.48783620e-04  3.61212120e-04  7.38377019e-01]]","[[ 7.80155952e+02  3.65250396e+01  3.27025062e+02]
 [ 3.16049415e+01 -2.63803973e+02  8.58993751e+02]
 [ 1.41741056e-01  1.36412046e-01  1.00000000e+00]]",6,"[[ 1.42833022e-03 -6.86498859e-05 -4.29770935e-01]
 [-4.10615997e-04 -2.90095253e-03  2.57691043e+00]
 [-2.40409618e-04  2.65409833e-04  8.59100303e-01]]","[[ 7.61354197e+02  1.32052168e+01  3.41263113e+02]
 [ 6.39435440e+01 -2.69376034e+02  8.39993868e+02]
 [ 1.93301790e-01  8.69161713e-02  1.00000000e+00]]",6
95,5.995872741,"[[ 1.35932365e-03 -2.78948103e-05 -4.19854524e-01]
 [-3.22057509e-04 -2.61832833e-03  2.35358314e+00]
 [-1.49287006e-04  3.61674252e-04  7.38160962e-01]]","[[ 7.80232468e+02  3.67865987e+01  3.26492223e+02]
 [ 3.18454770e+01 -2.63644643e+02  8.58728769e+02]
 [ 1.42192402e-01  1.36616870e-01  1.00000000e+00]]",6,"[[ 1.42873083e-03 -6.76279505e-05 -4.30070526e-01]
 [-4.10481330e-04 -2.90117444e-03  2.57606299e+00]
 [-2.40253205e-04  2.66229655e-04  8.58310085e-01]]","[[ 7.61111023e+02  1.35286504e+01  3.40763516e+02]
 [ 6.38875207e+01 -2.69118992e+02  8.39724042e+02]
 [ 1.93229245e-01  8.72618872e-02  1.00000000e+00]]",6
96,6.036333741,"[[ 1.35764510e-03 -2.68592335e-05 -4.18422590e-01]
 [-3.22658554e-04 -2.61399080e-03  2.35065284e+00]
 [-1.50787215e-04  3.62878526e-04  7.37279641e-01]]","[[ 7.81507746e+02  3.71138133e+01  3.25193850e+02]
 [ 3.27638966e+01 -2.63629306e+02  8.59117892e+02]
 [ 1.43706751e-01  1.37345041e-01  1.00000000e+00]]",6,"[[ 1.42808793e-03 -6.68725789e-05 -4.28839451e-01]
 [-4.10198011e-04 -2.89815710e-03  2.57368125e+00]
 [-2.40423995e-04  2.67336456e-04  8.57098393e-01]]","[[ 7.61366083e+02  1.37600916e+01  3.39622295e+02]
 [ 6.41330706e+01 -2.69044693e+02  8.39971324e+02]
 [ 1.93566537e-01  8.77772160e-02  1.00000000e+00]]",6
97,6.0771507410000005,"[[ 1.35691827e-03 -2.77203889e-05 -4.16501977e-01]
 [-3.24291770e-04 -2.61458750e-03  2.35212889e+00]
 [-1.51767157e-04  3.62973221e-04  7.37320988e-01]]","[[ 7.82043605e+02  3.67581265e+01  3.24502978e+02]
 [ 3.31392672e+01 -2.63517946e+02  8.59368922e+02]
 [ 1.44658662e-01  1.37292489e-01  1.00000000e+00]]",5,"[[ 1.42800640e-03 -6.79386960e-05 -4.27023551e-01]
 [-4.11331943e-04 -2.89996462e-03  2.57580414e+00]
 [-2.40501372e-04  2.67355436e-04  8.56916600e-01]]","[[ 7.61236923e+02  1.34199447e+01  3.39004922e+02]
 [ 6.40441343e+01 -2.68877944e+02  8.40134588e+02]
 [ 1.93666428e-01  8.76555491e-02  1.00000000e+00]]",6
98,6.116834741000001,"[[ 1.35684859e-03 -2.78876765e-05 -4.16011499e-01]
 [-3.24457993e-04 -2.61532967e-03  2.35094668e+00]
 [-1.52561563e-04  3.62962596e-04  7.37797998e-01]]","[[ 7.82226184e+02  3.66593024e+01  3.24250029e+02]
 [ 3.35276045e+01 -2.63548003e+02  8.58683777e+02]
 [ 1.45254369e-01  1.37233861e-01  1.00000000e+00]]",6,"[[ 1.42797572e-03 -6.78963099e-05 -4.26707039e-01]
 [-4.10998475e-04 -2.89958198e-03  2.57346925e+00]
 [-2.40783401e-04  2.68059533e-04  8.56521462e-01]]","[[ 7.61291689e+02  1.34890440e+01  3.38736267e+02]
 [ 6.42014264e+01 -2.68769235e+02  8.39517273e+02]
 [ 1.93919948e-01  8.79068381e-02  1.00000000e+00]]",6
99,6.158535741000001,"[[ 1.35676713e-03 -2.78409415e-05 -4.16114038e-01]
 [-3.23912651e-04 -2.61501546e-03  2.34938381e+00]
 [-1.52902732e-04  3.62789348e-04  7.38223437e-01]]","[[ 7.82347151e+02  3.66627643e+01  3.24306592e+02]
 [ 3.37666004e+01 -2.63698696e+02  8.58249915e+02]
 [ 1.45447636e-01  1.37184638e-01  1.00000000e+00]]",6,"[[ 1.42774147e-03 -6.77214760e-05 -4.26847767e-01]
 [-4.10281836e-04 -2.89850712e-03  2.57122976e+00]
 [-2.41146752e-04  2.68146638e-04  8.56681927e-01]]","[[ 7.61518556e+02  1.35479174e+01  3.38769475e+02]
 [ 6.44637508e+01 -2.68881296e+02  8.39135010e+02]
 [ 1.94181741e-01  8.79750690e-02  1.00000000e+00]]",6
100,6.197510741,"[[ 1.35688045e-03 -2.82698494e-05 -4.16140020e-01]
 [-3.22921289e-04 -2.61901582e-03  2.35032022e+00]
 [-1.53442939e-04  3.61415554e-04  7.39926478e-01]]","[[ 7.82335680e+02  3.63425196e+01  3.24552012e+02]
 [ 3.41589028e+01 -2.63874668e+02  8.57389045e+02]
 [ 1.45552742e-01  1.36425598e-01  1.00000000e+00]]",6,"[[ 1.42732702e-03 -6.78603551e-05 -4.26883260e-01]
 [-4.09220299e-04 -2.90122189e-03  2.57109813e+00]
 [-2.41946244e-04  2.67232941e-04  8.57955898e-01]]","[[ 7.61905423e+02  1.33987199e+01  3.38939621e+02]
 [ 6.50012046e+01 -2.68976922e+02  8.38404386e+02]
 [ 1.94613374e-01  8.75584214e-02  1.00000000e+00]]",6
101,6.239337741000001,"[[ 1.35647630e-03 -2.75410868e-05 -4.16857436e-01]
 [-3.21661471e-04 -2.61995404e-03  2.34685378e+00]
 [-1.54346307e-04  3.61181110e-04  7.40979843e-01]]","[[ 7.82811331e+02  3.65316437e+01  3.24686698e+02]
 [ 3.47717479e+01 -2.64059328e+02  8.55898442e+02]
 [ 1.46110776e-01  1.36321880e-01  1.00000000e+00]]",5,"[[ 1.42629390e-03 -6.66801412e-05 -4.27683789e-01]
 [-4.07746845e-04 -2.89990035e-03  2.56577301e+00]
 [-2.43047060e-04  2.67545153e-04  8.58425048e-01]]","[[ 7.62810308e+02  1.37354594e+01  3.38992359e+02]
 [ 6.57131508e+01 -2.69118114e+02  8.37114953e+02]
 [ 1.95494724e-01  8.77649251e-02  1.00000000e+00]]",6
102,6.276042741,"[[ 1.35671930e-03 -2.69640762e-05 -4.16994459e-01]
 [-3.19735184e-04 -2.62123105e-03  2.34407006e+00]
 [-1.55269992e-04  3.59603965e-04  7.43006967e-01]]","[[ 7.82780122e+02  3.64438009e+01  3.24341711e+02]
 [ 3.54563686e+01 -2.64609440e+02  8.54700163e+02]
 [ 1.46421255e-01  1.35682755e-01  1.00000000e+00]]",6,"[[ 1.42611966e-03 -6.56582403e-05 -4.27994213e-01]
 [-4.05013603e-04 -2.89919673e-03  2.56098735e+00]
 [-2.43809259e-04  2.66963501e-04  8.59361775e-01]]","[[ 7.63037978e+02  1.38985716e+01  3.38602183e+02]
 [ 6.64086376e+01 -2.69442806e+02  8.36041525e+02]
 [ 1.95851208e-01  8.76464342e-02  1.00000000e+00]]",6
103,6.3181787410000005,"[[ 1.35631460e-03 -2.40067602e-05 -4.17542748e-01]
 [-3.18852897e-04 -2.61734893e-03  2.34013214e+00]
 [-1.56581145e-04  3.60626014e-04  7.42331586e-01]]","[[ 7.83351365e+02  3.73160787e+01  3.22979826e+02]
 [ 3.64644358e+01 -2.64632056e+02  8.54738572e+02]
 [ 1.47519022e-01  1.36429865e-01  1.00000000e+00]]",6,"[[ 1.42667408e-03 -6.27224762e-05 -4.28894065e-01]
 [-4.02924838e-04 -2.89592303e-03  2.55686081e+00]
 [-2.43684211e-04  2.68309833e-04  8.57913071e-01]]","[[ 7.62719617e+02  1.47387183e+01  3.37378082e+02]
 [ 6.67319590e+01 -2.69304448e+02  8.35976224e+02]
 [ 1.95774949e-01  8.84106174e-02  1.00000000e+00]]",6
104,6.356971741000001,"[[ 1.35500480e-03 -2.61705258e-05 -4.14142518e-01]
 [-3.20821112e-04 -2.61406681e-03  2.34165808e+00]
 [-1.60074705e-04  3.58782193e-04  7.44364785e-01]]","[[ 7.84675041e+02  3.63632350e+01  3.22176759e+02]
 [ 3.83138915e+01 -2.65408339e+02  8.56250868e+02]
 [ 1.50276163e-01  1.35746105e-01  1.00000000e+00]]",6,"[[ 1.42693018e-03 -6.54888588e-05 -4.25664993e-01]
 [-4.04245286e-04 -2.89560864e-03  2.56038369e+00]
 [-2.45708717e-04  2.65769191e-04  8.60230817e-01]]","[[ 7.62657611e+02  1.36577542e+01  3.36732363e+02]
 [ 6.76632292e+01 -2.70037849e+02  8.37219915e+02]
 [ 1.96934146e-01  8.73295496e-02  1.00000000e+00]]",6
105,6.397596741,"[[ 1.35652285e-03 -2.45307519e-05 -4.18346229e-01]
 [-3.11820273e-04 -2.60996109e-03  2.34067540e+00]
 [-1.61152954e-04  3.63658189e-04  7.40135563e-01]]","[[ 7.84339306e+02  3.77605352e+01  3.23913951e+02]
 [ 4.12662024e+01 -2.63968748e+02  8.58124847e+02]
 [ 1.50501893e-01  1.37920165e-01  1.00000000e+00]]",5,"[[ 1.42814232e-03 -6.41082032e-05 -4.29493799e-01]
 [-3.96503292e-04 -2.89380189e-03  2.56202641e+00]
 [-2.48467033e-04  2.69347215e-04  8.58102821e-01]]","[[ 7.63135363e+02  1.45908854e+01  3.38397294e+02]
 [ 7.12663958e+01 -2.69054704e+02  8.38983060e+02]
 [ 1.98599247e-01  8.86775887e-02  1.00000000e+00]]",6
106,6.442731741,"[[ 1.37026732e-03 -1.23208427e-05 -4.41191118e-01]
 [-2.83665028e-04 -2.60117247e-03  2.32711438e+00]
 [-1.44877918e-04  3.86269969e-04  7.16080832e-01]]","[[ 7.74019494e+02  4.52929852e+01  3.29695417e+02]
 [ 3.75639114e+01 -2.57106391e+02  8.58686359e+02]
 [ 1.36337292e-01  1.47852625e-01  1.00000000e+00]]",2,"[[ 1.43817761e-03 -5.13999243e-05 -4.51050544e-01]
 [-3.72508183e-04 -2.88512435e-03  2.55103817e+00]
 [-2.38481954e-04  2.88614733e-04  8.39563588e-01]]","[[ 7.57715411e+02  2.08772923e+01  3.43641844e+02]
 [ 7.09210795e+01 -2.63855715e+02  8.39835126e+02]
 [ 1.90852230e-01  9.66353298e-02  1.00000000e+00]]",6
108,6.5219197410000005,"[[ 1.38969847e-03 -7.91198294e-06 -4.68956497e-01]
 [-2.43215512e-04 -2.63598679e-03  2.32816708e+00]
 [-1.32302413e-04  3.83214113e-04  7.18926374e-01]]","[[ 7.60478029e+02  4.74803382e+01  3.42300632e+02]
 [ 3.63335840e+01 -2.55663893e+02  8.51640935e+02]
 [ 1.20581939e-01  1.45015928e-01  1.00000000e+00]]",2,"[[ 1.44014129e-03 -4.31076350e-05 -4.74677574e-01]
 [-3.40825450e-04 -2.90441176e-03  2.54444908e+00]
 [-2.43682915e-04  2.89586872e-04  8.44758743e-01]]","[[ 7.60071498e+02  2.40728800e+01  3.54582512e+02]
 [ 7.91249585e+01 -2.62278216e+02  8.34454113e+02]
 [ 1.92129280e-01  9.68542537e-02  1.00000000e+00]]",6
109,6.5611637410000005,"[[ 1.37712037e-03 -5.99021092e-06 -4.67875615e-01]
 [-2.63890391e-04 -2.65468915e-03  2.34207004e+00]
 [-1.58745230e-04  3.65483401e-04  7.44552985e-01]]","[[ 7.74467882e+02  4.55351919e+01  3.43438322e+02]
 [ 4.79334284e+01 -2.60038325e+02  8.48099282e+02]
 [ 1.41593965e-01  1.37355149e-01  1.00000000e+00]]",4,"[[ 1.43115894e-03 -3.98098399e-05 -4.75697912e-01]
 [-3.60472265e-04 -2.92068189e-03  2.55641212e+00]
 [-2.66806851e-04  2.69886183e-04  8.70469560e-01]]","[[ 7.70640396e+02  2.23471875e+01  3.55513185e+02]
 [ 8.78066004e+01 -2.66756807e+02  8.31401560e+02]
 [ 2.08984159e-01  8.95566744e-02  1.00000000e+00]]",6
110,6.6026817410000005,"[[ 1.37528931e-03 -3.53229972e-06 -4.66199818e-01]
 [-2.68119623e-04 -2.65101857e-03  2.33655488e+00]
 [-1.65362199e-04  3.66595424e-04  7.45953851e-01]]","[[ 7.77135474e+02  4.61414959e+01  3.41158208e+02]
 [ 5.11049928e+01 -2.60171583e+02  8.46875875e+02]
 [ 1.47159204e-01  1.38088664e-01  1.00000000e+00]]",4,"[[ 1.43030858e-03 -3.71546843e-05 -4.74594802e-01]
 [-3.63116348e-04 -2.91542973e-03  2.54874592e+00]
 [-2.71234696e-04  2.72505392e-04  8.69611095e-01]]","[[ 7.72050032e+02  2.31912384e+01  3.53379068e+02]
 [ 8.97674921e+01 -2.66546542e+02  8.30213185e+02]
 [ 2.12675104e-01  9.07596956e-02  1.00000000e+00]]",6
111,6.640904741000001,"[[ 1.37616901e-03 -2.94121088e-06 -4.61651142e-01]
 [-2.60368573e-04 -2.64136148e-03  2.32365213e+00]
 [-1.57091565e-04  3.77105006e-04  7.33773612e-01]]","[[ 7.74101929e+02  4.72898101e+01  3.37270198e+02]
 [ 4.78514005e+01 -2.57795858e+02  8.46471635e+02]
 [ 1.41133286e-01  1.42612023e-01  1.00000000e+00]]",3,"[[ 1.42943437e-03 -3.69805772e-05 -4.69318410e-01]
 [-3.57803685e-04 -2.90399239e-03  2.53458153e+00]
 [-2.64555102e-04  2.86744015e-04  8.54628726e-01]]","[[ 7.70504694e+02  2.47267544e+01  3.49789392e+02]
 [ 8.75891061e+01 -2.63543822e+02  8.29694185e+02]
 [ 2.09126244e-01  9.60782153e-02  1.00000000e+00]]",6
112,6.682069741,"[[ 1.37139195e-03 -3.95848811e-06 -4.54034372e-01]
 [-2.74932006e-04 -2.65181376e-03  2.33520376e+00]
 [-1.76292138e-04  3.67640898e-04  7.47761984e-01]]","[[ 7.81095654e+02  4.50720777e+01  3.33517610e+02]
 [ 5.66541265e+01 -2.59893710e+02  8.46028150e+02]
 [ 1.56296591e-01  1.38404214e-01  1.00000000e+00]]",5,"[[ 1.43179880e-03 -3.86895405e-05 -4.63929655e-01]
 [-3.63841172e-04 -2.92054432e-03  2.54715232e+00]
 [-2.74377282e-04  2.74508408e-04  8.67484103e-01]]","[[ 7.70487353e+02  2.23537992e+01  3.46419490e+02]
 [ 9.13443531e+01 -2.65693122e+02  8.28992948e+02]
 [ 2.14792908e-01  9.11467660e-02  1.00000000e+00]]",6
113,6.722752741000001,"[[ 1.37157650e-03 -3.74932491e-06 -4.51847760e-01]
 [-2.72734292e-04 -2.65359838e-03  2.33277514e+00]
 [-1.81007045e-04  3.69364708e-04  7.47934499e-01]]","[[ 7.81831192e+02  4.50724484e+01  3.31746679e+02]
 [ 5.99514380e+01 -2.59312335e+02  8.45002191e+02]
 [ 1.59603559e-01  1.38968393e-01  1.00000000e+00]]",4,"[[ 1.43250455e-03 -3.83581399e-05 -4.62114377e-01]
 [-3.61089693e-04 -2.92047845e-03  2.54282311e+00]
 [-2.78290728e-04  2.78007838e-04  8.65737627e-01]]","[[ 7.70775900e+02  2.26955289e+01  3.44764857e+02]
 [ 9.41131444e+01 -2.64820571e+02  8.28060235e+02]
 [ 2.17543502e-01  9.23353070e-02  1.00000000e+00]]",6
114,6.762588741,"[[ 1.37143288e-03 -1.38749205e-06 -4.53338498e-01]
 [-2.64216374e-04 -2.65570043e-03  2.32752956e+00]
 [-1.85100321e-04  3.71211427e-04  7.48244070e-01]]","[[ 7.82740467e+02  4.59154694e+01  3.31411614e+02]
 [ 6.40025582e+01 -2.58684477e+02  8.43455517e+02]
 [ 1.61881712e-01  1.39694527e-01  1.00000000e+00]]",5,"[[ 1.43338290e-03 -3.59692140e-05 -4.63923901e-01]
 [-3.49947540e-04 -2.92557362e-03  2.53862412e+00]
 [-2.80124218e-04  2.78092024e-04  8.66620039e-01]]","[[ 7.70634761e+02  2.32621555e+01  3.44397778e+02]
 [ 9.69693900e+01 -2.64438327e+02  8.26539775e+02]
 [ 2.17981396e-01  9.23755268e-02  1.00000000e+00]]",6
115,6.800898741,"[[ 1.37248345e-03  3.17525053e-06 -4.58349730e-01]
 [-2.54440335e-04 -2.65439480e-03  2.32143864e+00]
 [-1.86399557e-04  3.72197629e-04  7.48220362e-01]]","[[ 7.82500693e+02  4.74898366e+01  3.32006789e+02]
 [ 6.65341569e+01 -2.58485731e+02  8.42739264e+02]
 [ 1.61842597e-01  1.40412993e-01  1.00000000e+00]]",4,"[[ 1.43216294e-03 -3.05795259e-05 -4.68675243e-01]
 [-3.42206242e-04 -2.91918360e-03  2.52955925e+00]
 [-2.84747952e-04  2.81098431e-04  8.65991107e-01]]","[[ 7.72817714e+02  2.51150027e+01  3.44888811e+02]
 [ 1.01149583e+02 -2.64073089e+02  8.26099510e+02]
 [ 2.21278568e-01  9.39755337e-02  1.00000000e+00]]",6
116,6.841785741000001,"[[ 1.36910465e-03  8.51275827e-06 -4.62976800e-01]
 [-2.43391058e-04 -2.64716639e-03  2.31300924e+00]
 [-1.91595612e-04  3.75915828e-04  7.46829062e-01]]","[[ 7.85847419e+02  4.98037333e+01  3.32917719e+02]
 [ 7.21640565e+01 -2.57796100e+02  8.43158197e+02]
 [ 1.65281873e-01  1.42538389e-01  1.00000000e+00]]",5,"[[ 1.42937045e-03 -2.52697383e-05 -4.73322776e-01]
 [-3.29533297e-04 -2.91663126e-03  2.52421072e+00]
 [-2.89054680e-04  2.81669885e-04  8.67171644e-01]]","[[ 7.75676733e+02  2.66699234e+01  3.45750417e+02]
 [ 1.06259014e+02 -2.63974406e+02  8.26389843e+02]
 [ 2.24042180e-01  9.46325995e-02  1.00000000e+00]]",6
117,6.881064741,"[[ 1.37434314e-03  1.47338986e-05 -4.72714282e-01]
 [-2.22651345e-04 -2.65282603e-03  2.30771965e+00]
 [-1.82327302e-04  3.72473950e-04  7.47518978e-01]]","[[ 7.80374821e+02  5.13608332e+01  3.34931857e+02]
 [ 6.98191685e+01 -2.58374669e+02  8.41799120e+02]
 [ 1.55551655e-01  1.41270414e-01  1.00000000e+00]]",3,"[[ 1.42827832e-03 -1.78841992e-05 -4.81513195e-01]
 [-3.11324756e-04 -2.91466399e-03  2.51410507e+00]
 [-2.89514165e-04  2.81289691e-04  8.68403217e-01]]","[[ 7.76845516e+02  2.87665708e+01  3.47464379e+02]
 [ 1.09754469e+02 -2.64102562e+02  8.25457348e+02]
 [ 2.23438808e-01  9.51374388e-02  1.00000000e+00]]",6
118,6.919844741,"[[ 1.37174122e-03  3.52136739e-05 -4.94018704e-01]
 [-2.07501000e-04 -2.66588697e-03  2.30645006e+00]
 [-1.91558559e-04  3.61231002e-04  7.61856664e-01]]","[[ 7.84794194e+02  5.62479818e+01  3.38606803e+02]
 [ 7.77439221e+01 -2.60422138e+02  8.38816064e+02]
 [ 1.60463950e-01  1.37620811e-01  1.00000000e+00]]",2,"[[ 1.41824706e-03  1.17735165e-05 -5.06846559e-01]
 [-2.97586889e-04 -2.91635637e-03  2.50477484e+00]
 [-3.09107743e-04  2.71407935e-04  8.84959032e-01]]","[[ 7.89010217e+02  3.58081818e+01  3.50542420e+02]
 [ 1.23624796e+02 -2.65793359e+02  8.23101742e+02]
 [ 2.37679270e-01  9.40235763e-02  1.00000000e+00]]",6
119,6.960935741,"[[ 1.38186061e-03  2.72490472e-05 -4.96632161e-01]
 [-2.09217931e-04 -2.63171895e-03  2.27103056e+00]
 [-1.81253587e-04  3.89221331e-04  7.36888335e-01]]","[[ 7.77538310e+02  5.87665190e+01  3.42914875e+02]
 [ 7.09073170e+01 -2.55651017e+02  8.35684456e+02]
 [ 1.53799377e-01  1.49488690e-01  1.00000000e+00]]",2,"[[ 1.42232198e-03 -1.97546557e-06 -5.02361814e-01]
 [-3.10726064e-04 -2.87323072e-03  2.46778592e+00]
 [-2.95302319e-04  3.06356339e-04  8.53250360e-01]]","[[ 7.84779234e+02  3.72414953e+01  3.54338065e+02]
 [ 1.13429119e+02 -2.60625636e+02  8.20568927e+02]
 [ 2.30878775e-01  1.06465605e-01  1.00000000e+00]]",6
120,7.002288741,"[[ 1.36755749e-03  3.33405308e-05 -5.00262562e-01]
 [-1.72366038e-04 -2.64344509e-03  2.25819597e+00]
 [-1.92318140e-04  3.73347589e-04  7.55926490e-01]]","[[ 7.87224480e+02  5.87299065e+01  3.45530023e+02]
 [ 8.42253669e+01 -2.59762037e+02  8.31732172e+02]
 [ 1.58682374e-01  1.43236622e-01  1.00000000e+00]]",4,"[[ 1.41208945e-03  5.83415930e-06 -5.08379693e-01]
 [-2.66882782e-04 -2.88704493e-03  2.45434571e+00]
 [-3.06111537e-04  2.83209205e-04  8.77746765e-01]]","[[ 7.92398111e+02  3.65867703e+01  3.56643326e+02]
 [ 1.26876457e+02 -2.65958421e+02  8.17155190e+02]
 [ 2.35409153e-01  9.85722865e-02  1.00000000e+00]]",6
121,7.044379741,"[[ 1.36479358e-03  3.74388165e-05 -5.04986124e-01]
 [-1.63267063e-04 -2.64275079e-03  2.24560115e+00]
 [-1.94578867e-04  3.64955423e-04  7.65294824e-01]]","[[ 7.89299402e+02  5.91410966e+01  3.47288290e+02]
 [ 8.66496421e+01 -2.62785202e+02  8.28265917e+02]
 [ 1.59360448e-01  1.40354395e-01  1.00000000e+00]]",4,"[[ 1.40658471e-03  1.14202657e-05 -5.12975589e-01]
 [-2.58713924e-04 -2.87956909e-03  2.43712284e+00]
 [-3.10146573e-04  2.76526590e-04  8.85917158e-01]]","[[ 7.96804449e+02  3.75472345e+01  3.58085410e+02]
 [ 1.30124467e+02 -2.68572177e+02  8.14177777e+02]
 [ 2.38333000e-01  9.69757653e-02  1.00000000e+00]]",6
122,7.083433741,"[[ 1.36100836e-03  3.95467577e-05 -5.06678115e-01]
 [-1.54601867e-04 -2.63885421e-03  2.23168695e+00]
 [-1.95228403e-04  3.58628114e-04  7.72023427e-01]]","[[ 7.91435250e+02  5.91958256e+01  3.48300789e+02]
 [ 8.82282084e+01 -2.65469793e+02  8.25297204e+02]
 [ 1.59152585e-01  1.38288080e-01  1.00000000e+00]]",4,"[[ 1.40068489e-03  1.47446830e-05 -5.14630255e-01]
 [-2.50524775e-04 -2.86963877e-03  2.41889601e+00]
 [-3.11851983e-04  2.72149033e-04  8.91038921e-01]]","[[ 8.00659260e+02  3.81481943e+01  3.58869805e+02]
 [ 1.32256267e+02 -2.70826625e+02  8.11597003e+02]
 [ 2.39825397e-01  9.60696464e-02  1.00000000e+00]]",6
123,7.132930741,"[[ 1.35812249e-03  4.02614235e-05 -5.07388974e-01]
 [-1.49909647e-04 -2.63734381e-03  2.22288322e+00]
 [-1.95194078e-04  3.51136775e-04  7.79175691e-01]]","[[ 7.92966591e+02  5.85976925e+01  3.49198109e+02]
 [ 8.86760040e+01 -2.68241123e+02  8.23000416e+02]
 [ 1.58686902e-01  1.35562809e-01  1.00000000e+00]]",4,"[[ 1.39609942e-03  1.63747812e-05 -5.15271435e-01]
 [-2.46390258e-04 -2.86334787e-03  2.40677320e+00]
 [-3.12725664e-04  2.66181661e-04  8.96949500e-01]]","[[ 8.03538355e+02  3.80227314e+01  3.59583533e+02]
 [ 1.33131914e+02 -2.73218111e+02  8.09603102e+02]
 [ 2.40648768e-01  9.43379025e-02  1.00000000e+00]]",6
124,7.172044741000001,"[[ 1.35392004e-03  4.20249430e-05 -5.07596257e-01]
 [-1.46990535e-04 -2.63015023e-03  2.20916731e+00]
 [-1.94273677e-04  3.51291481e-04  7.79684513e-01]]","[[ 7.95184134e+02  5.93783927e+01  3.49443501e+02]
 [ 8.84926415e+01 -2.69215778e+02  8.20410333e+02]
 [ 1.58264827e-01  1.36092056e-01  1.00000000e+00]]",4,"[[ 1.39046576e-03  1.90972046e-05 -5.15547128e-01]
 [-2.43626720e-04 -2.85089657e-03  2.38917547e+00]
 [-3.11972674e-04  2.68681282e-04  8.95303853e-01]]","[[ 8.06770743e+02  3.93026267e+01  3.59685113e+02]
 [ 1.33160241e+02 -2.73790690e+02  8.07306233e+02]
 [ 2.41161435e-01  9.58599463e-02  1.00000000e+00]]",6
125,7.212888741,"[[ 1.35144092e-03  4.21261133e-05 -5.06295600e-01]
 [-1.45544473e-04 -2.62751879e-03  2.19995442e+00]
 [-1.93155416e-04  3.45393535e-04  7.84928439e-01]]","[[ 7.96169074e+02  5.86597008e+01  3.49137854e+02]
 [ 8.76468799e+01 -2.71662510e+02  8.17934905e+02]
 [ 1.57354093e-01  1.33975160e-01  1.00000000e+00]]",4,"[[ 1.38700101e-03  2.00189236e-05 -5.14444120e-01]
 [-2.42051055e-04 -2.84350232e-03  2.37623023e+00]
 [-3.10493902e-04  2.65066653e-04  8.98153896e-01]]","[[ 8.08247096e+02  3.91821106e+01  3.59283918e+02]
 [ 1.32113061e+02 -2.75700028e+02  8.05086445e+02]
 [ 2.40423193e-01  9.49110062e-02  1.00000000e+00]]",6
126,7.251987741000001,"[[ 1.34687386e-03  4.07511576e-05 -5.02408510e-01]
 [-1.46135659e-04 -2.62183065e-03  2.19113945e+00]
 [-1.96641436e-04  3.38586947e-04  7.92100772e-01]]","[[ 7.99543115e+02  5.74098208e+01  3.48319749e+02]
 [ 8.93861106e+01 -2.74603582e+02  8.16314172e+02]
 [ 1.60280535e-01  1.31632668e-01  1.00000000e+00]]",5,"[[ 1.37555951e-03  1.93480205e-05 -5.08528461e-01]
 [-2.42651907e-04 -2.82743706e-03  2.35935702e+00]
 [-3.25153897e-04  2.62223929e-04  9.05782145e-01]]","[[ 8.18542748e+02  3.88387258e+01  3.58384039e+02]
 [ 1.40905761e+02 -2.78176282e+02  8.03694087e+02]
 [ 2.53044844e-01  9.44741971e-02  1.00000000e+00]]",6
127,7.287255741,"[[ 1.34491324e-03  3.99549171e-05 -5.00260582e-01]
 [-1.43922166e-04 -2.62152903e-03  2.18424580e+00]
 [-1.96545405e-04  3.34346384e-04  7.96162318e-01]]","[[ 8.00418850e+02  5.65545795e+01  3.47779455e+02]
 [ 8.94090832e+01 -2.76264548e+02  8.14102227e+02]
 [ 1.60049076e-01  1.29978012e-01  1.00000000e+00]]",5,"[[ 1.37255500e-03  1.92144497e-05 -5.06462050e-01]
 [-2.39782972e-04 -2.82326569e-03  2.34912487e+00]
 [-3.25133200e-04  2.60157974e-04  9.07760942e-01]]","[[ 8.20051716e+02  3.85487748e+01  3.57769510e+02]
 [ 1.41096930e+02 -2.79366940e+02  8.01673691e+02]
 [ 2.53280942e-01  9.38716568e-02  1.00000000e+00]]",6
128,7.333321741000001,"[[ 1.34378710e-03  3.88828136e-05 -4.99574641e-01]
 [-1.42771564e-04 -2.62009786e-03  2.17746875e+00]
 [-1.97993353e-04  3.29633190e-04  8.01264163e-01]]","[[ 8.01398064e+02  5.57083769e+01  3.48268290e+02]
 [ 9.00993912e+01 -2.78159854e+02  8.12086437e+02]
 [ 1.60960325e-01  1.28198181e-01  1.00000000e+00]]",5,"[[ 1.37004080e-03  1.88296993e-05 -5.05694902e-01]
 [-2.38630939e-04 -2.81775079e-03  2.33930832e+00]
 [-3.27484894e-04  2.57324383e-04  9.11450013e-01]]","[[ 8.22160071e+02  3.81981957e+01  3.58115963e+02]
 [ 1.42270870e+02 -2.80895504e+02  7.99875836e+02]
 [ 2.55236422e-01  9.30282440e-02  1.00000000e+00]]",6
129,7.371208741,"[[ 1.34320297e-03  3.99978231e-05 -5.00758859e-01]
 [-1.39133716e-04 -2.61930987e-03  2.16955313e+00]
 [-1.95871626e-04  3.28852419e-04  8.02004982e-01]]","[[ 8.01139451e+02  5.60122495e+01  3.48696245e+02]
 [ 8.92100054e+01 -2.78751698e+02  8.09769682e+02]
 [ 1.59080758e-01  1.27978483e-01  1.00000000e+00]]",5,"[[ 1.36773557e-03  2.05631213e-05 -5.06614892e-01]
 [-2.35395600e-04 -2.81293105e-03  2.32858600e+00]
 [-3.26944923e-04  2.58003966e-04  9.11338892e-01]]","[[ 8.23503825e+02  3.88935365e+01  3.58409325e+02]
 [ 1.42301480e+02 -2.81284044e+02  7.97821911e+02]
 [ 2.55147729e-01  9.35858702e-02  1.00000000e+00]]",6
130,7.409552741000001,"[[ 1.34060502e-03  4.05071720e-05 -5.00269582e-01]
 [-1.37944921e-04 -2.61581104e-03  2.16132880e+00]
 [-1.99298309e-04  3.27447408e-04  8.04973696e-01]]","[[ 8.03551733e+02  5.61008268e+01  3.48756933e+02]
 [ 9.13140683e+01 -2.79748095e+02  8.07863993e+02]
 [ 1.61801494e-01  1.27685649e-01  1.00000000e+00]]",4,"[[ 1.37244916e-03  2.15915975e-05 -5.09175943e-01]
 [-2.33772516e-04 -2.81391762e-03  2.32374630e+00]
 [-3.15460691e-04  2.56337006e-04  9.09034431e-01]]","[[ 8.17651715e+02  3.89296329e+01  3.58474862e+02]
 [ 1.34963784e+02 -2.81826168e+02  7.96023563e+02]
 [ 2.45690103e-01  9.29813462e-02  1.00000000e+00]]",6
131,7.456250741000001,"[[ 1.34157221e-03  4.06501530e-05 -5.00634066e-01]
 [-1.35892843e-04 -2.61715918e-03  2.15863122e+00]
 [-1.96252984e-04  3.23937927e-04  8.07120451e-01]]","[[ 8.02041897e+02  5.56209559e+01  3.48726592e+02]
 [ 8.95588090e+01 -2.80854616e+02  8.06692152e+02]
 [ 1.59073681e-01  1.26245396e-01  1.00000000e+00]]",5,"[[ 1.36424143e-03  2.21567113e-05 -5.06402827e-01]
 [-2.31896195e-04 -2.80524639e-03  2.31337809e+00]
 [-3.28377226e-04  2.55757765e-04  9.14314072e-01]]","[[ 8.25909769e+02  3.91885797e+01  3.58285025e+02]
 [ 1.43288783e+02 -2.82858085e+02  7.95043588e+02]
 [ 2.56545040e-01  9.31975033e-02  1.00000000e+00]]",6
132,7.492325741,"[[ 1.34172977e-03  4.05120796e-05 -5.00756858e-01]
 [-1.34933644e-04 -2.61821828e-03  2.15691551e+00]
 [-1.96654010e-04  3.21009601e-04  8.09930681e-01]]","[[ 8.01991724e+02  5.51849228e+01  3.48886203e+02]
 [ 8.97737512e+01 -2.81750340e+02  8.05830071e+02]
 [ 1.59145289e-01  1.25068605e-01  1.00000000e+00]]",5,"[[ 1.36384401e-03  2.22783252e-05 -5.06489364e-01]
 [-2.30939874e-04 -2.80474594e-03  2.31049451e+00]
 [-3.29210572e-04  2.53540186e-04  9.16607811e-01]]","[[ 8.26329854e+02  3.89613479e+01  3.58394614e+02]
 [ 1.43702840e+02 -2.83597543e+02  7.94270478e+02]
 [ 2.57036953e-01  9.24385112e-02  1.00000000e+00]]",6
133,7.525958741,"[[ 1.34219313e-03  4.05552309e-05 -5.00991684e-01]
 [-1.34734723e-04 -2.61812432e-03  2.15443324e+00]
 [-1.95693492e-04  3.20817510e-04  8.10048563e-01]]","[[ 8.01463939e+02  5.51731692e+01  3.48941867e+02]
 [ 8.90583356e+01 -2.81938915e+02  8.04934524e+02]
 [ 1.58348288e-01  1.24990001e-01  1.00000000e+00]]",4,"[[ 1.37293138e-03  2.24642318e-05 -5.10038513e-01]
 [-2.30683579e-04 -2.81159499e-03  2.31338132e+00]
 [-3.11827941e-04  2.52084563e-04  9.11794651e-01]]","[[ 8.16293125e+02  3.86660787e+01  3.58514438e+02]
 [ 1.32567624e+02 -2.83476747e+02  7.93385227e+02]
 [ 2.42515957e-01  9.15965842e-02  1.00000000e+00]]",6
134,7.5600257410000005,"[[ 1.34087691e-03  4.10796934e-05 -5.01043553e-01]
 [-1.32882343e-04 -2.61656736e-03  2.15069066e+00]
 [-1.95581752e-04  3.22071663e-04  8.09245578e-01]]","[[ 8.02196179e+02  5.55562349e+01  3.49029955e+02]
 [ 8.93800121e+01 -2.81785210e+02  8.04225711e+02]
 [ 1.58305672e-01  1.25574757e-01  1.00000000e+00]]",5,"[[ 1.36205545e-03  2.32874049e-05 -5.06689296e-01]
 [-2.28804267e-04 -2.80061485e-03  2.30238886e+00]
 [-3.28695422e-04  2.55798436e-04  9.15019080e-01]]","[[ 8.27341743e+02  3.96188689e+01  3.58448441e+02]
 [ 1.43708690e+02 -2.83456369e+02  7.92816736e+02]
 [ 2.57025225e-01  9.34737193e-02  1.00000000e+00]]",6
135,7.598897741,"[[ 1.33846401e-03  4.16139859e-05 -5.00784583e-01]
 [-1.34841606e-04 -2.61382332e-03  2.14821346e+00]
 [-1.97975148e-04  3.22475458e-04  8.09901022e-01]]","[[ 8.04399377e+02  5.58831075e+01  3.49156200e+02]
 [ 9.04935097e+01 -2.81966638e+02  8.03854130e+02]
 [ 1.60598822e-01  1.25929940e-01  1.00000000e+00]]",5,"[[ 1.35928797e-03  2.40355360e-05 -5.06409953e-01]
 [-2.30641804e-04 -2.79670546e-03  2.29902389e+00]
 [-3.31156334e-04  2.56968521e-04  9.15091536e-01]]","[[ 8.29829067e+02  4.00755410e+01  3.58542353e+02]
 [ 1.44963174e+02 -2.83502752e+02  7.92478529e+02]
 [ 2.59593898e-01  9.41135928e-02  1.00000000e+00]]",6
136,7.639182741000001,"[[ 1.33936014e-03  4.12557360e-05 -5.00765759e-01]
 [-1.34179159e-04 -2.61528364e-03  2.14655382e+00]
 [-1.97058049e-04  3.20887004e-04  8.11176553e-01]]","[[ 8.03557401e+02  5.55161182e+01  3.49154196e+02]
 [ 8.98279606e+01 -2.82442400e+02  8.02859227e+02]
 [ 1.59672797e-01  1.25215643e-01  1.00000000e+00]]",5,"[[ 1.35971695e-03  2.38525930e-05 -5.06340463e-01]
 [-2.30080321e-04 -2.79698356e-03  2.29652444e+00]
 [-3.30656635e-04  2.55743658e-04  9.16098609e-01]]","[[ 8.29371033e+02  3.98525318e+01  3.58500489e+02]
 [ 1.44454969e+02 -2.83917442e+02  7.91581533e+02]
 [ 2.59026256e-01  9.36444924e-02  1.00000000e+00]]",6
137,7.684178741,"[[ 1.33896205e-03  4.09635299e-05 -5.00029928e-01]
 [-1.33203019e-04 -2.61530026e-03  2.14424561e+00]
 [-1.97089083e-04  3.19771879e-04  8.12271995e-01]]","[[ 8.03700892e+02  5.52490653e+01  3.48906444e+02]
 [ 8.99257796e+01 -2.82882496e+02  8.02114485e+02]
 [ 1.59607788e-01  1.24769604e-01  1.00000000e+00]]",5,"[[ 1.35910863e-03  2.37865110e-05 -5.05686921e-01]
 [-2.28747160e-04 -2.79593169e-03  2.29320866e+00]
 [-3.30470793e-04  2.55426602e-04  9.16371367e-01]]","[[ 8.29577075e+02  3.97843787e+01  3.58230742e+02]
 [ 1.44476547e+02 -2.84180755e+02  7.90886418e+02]
 [ 2.58899229e-01  9.35591210e-02  1.00000000e+00]]",6
138,7.731793741000001,"[[ 1.33891165e-03  4.04928414e-05 -5.00096595e-01]
 [-1.31978358e-04 -2.61605043e-03  2.14307368e+00]
 [-1.97876982e-04  3.18713699e-04  8.13636950e-01]]","[[ 8.03914215e+02  5.49947717e+01  3.49267464e+02]
 [ 9.05501425e+01 -2.83197265e+02  8.01581616e+02]
 [ 1.60042569e-01  1.24307343e-01  1.00000000e+00]]",5,"[[ 1.35868726e-03  2.35023991e-05 -5.05715085e-01]
 [-2.27553188e-04 -2.79576968e-03  2.29139540e+00]
 [-3.31485994e-04  2.54876862e-04  9.17392034e-01]]","[[ 8.30121469e+02  3.96643607e+01  3.58536158e+02]
 [ 1.45208755e+02 -2.84404532e+02  7.90411806e+02]
 [ 2.59609066e-01  9.33475672e-02  1.00000000e+00]]",6
139,7.765736741,"[[ 1.33898979e-03  4.20275568e-05 -5.01859690e-01]
 [-1.28645378e-04 -2.61473140e-03  2.13895627e+00]
 [-1.96163286e-04  3.20277039e-04  8.12102483e-01]]","[[ 8.03414160e+02  5.57442761e+01  3.49668446e+02]
 [ 9.01427988e+01 -2.82905499e+02  8.00836766e+02]
 [ 1.58514099e-01  1.25037317e-01  1.00000000e+00]]",5,"[[ 1.35793684e-03  2.52417719e-05 -5.07265402e-01]
 [-2.24630543e-04 -2.79306308e-03  2.28648906e+00]
 [-3.30824136e-04  2.56706940e-04  9.15985484e-01]]","[[ 8.30539279e+02  4.04896365e+01  3.58875479e+02]
 [ 1.45404829e+02 -2.84129114e+02  7.89769010e+02]
 [ 2.59213726e-01  9.42513455e-02  1.00000000e+00]]",6
140,7.812204741,"[[ 1.33840705e-03  4.43138866e-05 -5.03506147e-01]
 [-1.27316452e-04 -2.61245866e-03  2.13589014e+00]
 [-1.96939656e-04  3.20674076e-04  8.12157071e-01]]","[[ 8.03992793e+02  5.65618329e+01  3.49692765e+02]
 [ 9.08766542e+01 -2.82975426e+02  8.00536496e+02]
 [ 1.59077944e-01  1.25446364e-01  1.00000000e+00]]",5,"[[ 1.35704587e-03  2.76472900e-05 -5.08850136e-01]
 [-2.23298847e-04 -2.79015457e-03  2.28297091e+00]
 [-3.31937734e-04  2.57219079e-04  9.16052301e-01]]","[[ 8.31478776e+02  4.13238902e+01  3.58884366e+02]
 [ 1.46355120e+02 -2.84170177e+02  7.89501940e+02]
 [ 2.60196771e-01  9.47663680e-02  1.00000000e+00]]",6
141,7.848990741000001,"[[ 1.33826226e-03  4.46329027e-05 -5.03455356e-01]
 [-1.25668799e-04 -2.61386555e-03  2.13536317e+00]
 [-1.96878411e-04  3.20348381e-04  8.12490710e-01]]","[[ 8.03968210e+02  5.65637688e+01  3.49515273e+02]
 [ 9.11406384e+01 -2.82956722e+02  8.00132970e+02]
 [ 1.58878405e-01  1.25270248e-01  1.00000000e+00]]",5,"[[ 1.35686225e-03  2.80061559e-05 -5.08818073e-01]
 [-2.21513671e-04 -2.79144286e-03  2.28225969e+00]
 [-3.31819396e-04  2.56937508e-04  9.16270215e-01]]","[[ 8.31468325e+02  4.13591968e+01  3.58708247e+02]
 [ 1.46594303e+02 -2.84132027e+02  7.89126274e+02]
 [ 2.60001622e-01  9.46532555e-02  1.00000000e+00]]",6
142,7.891333741,"[[ 1.33764199e-03  4.58495320e-05 -5.03909397e-01]
 [-1.24120749e-04 -2.61121571e-03  2.13226097e+00]
 [-1.96580287e-04  3.22482896e-04  8.10686274e-01]]","[[ 8.04229692e+02  5.72587867e+01  3.49294458e+02]
 [ 9.13452712e+01 -2.82563301e+02  7.99974614e+02]
 [ 1.58678419e-01  1.26285326e-01  1.00000000e+00]]",5,"[[ 1.35621661e-03  2.92756737e-05 -5.09293260e-01]
 [-2.19783883e-04 -2.78863708e-03  2.27894572e+00]
 [-3.31401536e-04  2.59195150e-04  9.14307958e-01]]","[[ 8.31760964e+02  4.20529026e+01  3.58494058e+02]
 [ 1.46811525e+02 -2.83724431e+02  7.88971256e+02]
 [ 2.59862143e-01  9.56749772e-02  1.00000000e+00]]",6
143,7.932538741,"[[ 1.33811964e-03  4.44312562e-05 -5.02828075e-01]
 [-1.24548645e-04 -2.61569008e-03  2.13422948e+00]
 [-1.97096822e-04  3.18709411e-04  8.14086584e-01]]","[[ 8.03988840e+02  5.62091454e+01  3.49231828e+02]
 [ 9.13578054e+01 -2.83364977e+02  7.99304604e+02]
 [ 1.58886113e-01  1.24544159e-01  1.00000000e+00]]",5,"[[ 1.35652982e-03  2.79990376e-05 -5.08262104e-01]
 [-2.20068497e-04 -2.79238688e-03  2.28026617e+00]
 [-3.31850121e-04  2.55922636e-04  9.17179300e-01]]","[[ 8.31534149e+02  4.11857175e+01  3.58406364e+02]
 [ 1.46719857e+02 -2.84392573e+02  7.88355021e+02]
 [ 2.59922760e-01  9.42563599e-02  1.00000000e+00]]",6
144,7.969485741000001,"[[ 1.33908401e-03  4.48078086e-05 -5.02983741e-01]
 [-1.20915303e-04 -2.61795705e-03  2.13141920e+00]
 [-1.97539944e-04  3.15615766e-04  8.17051000e-01]]","[[ 8.03290267e+02  5.58131733e+01  3.48914173e+02]
 [ 9.20639336e+01 -2.84191572e+02  7.98038353e+02]
 [ 1.58649932e-01  1.23273421e-01  1.00000000e+00]]",5,"[[ 1.35722613e-03  2.85923262e-05 -5.08483279e-01]
 [-2.16067145e-04 -2.79363753e-03  2.27647157e+00]
 [-3.32292106e-04  2.53236358e-04  9.19638860e-01]]","[[ 8.30983884e+02  4.09627118e+01  3.58065514e+02]
 [ 1.47341588e+02 -2.85091989e+02  7.87183505e+02]
 [ 2.59685783e-01  9.33053683e-02  1.00000000e+00]]",6
145,8.010836741,"[[ 1.33844088e-03  4.57752899e-05 -5.03408052e-01]
 [-1.19356990e-04 -2.61451109e-03  2.12726733e+00]
 [-1.98062744e-04  3.16120444e-04  8.16917188e-01]]","[[ 8.03774515e+02  5.62500131e+01  3.48833091e+02]
 [ 9.26835828e+01 -2.84406417e+02  7.97713831e+02]
 [ 1.59010745e-01  1.23693951e-01  1.00000000e+00]]",5,"[[ 1.35644750e-03  2.97071666e-05 -5.08944754e-01]
 [-2.14293003e-04 -2.78954611e-03  2.27174103e+00]
 [-3.32742639e-04  2.54162480e-04  9.19117542e-01]]","[[ 8.31583436e+02  4.14715435e+01  3.57970994e+02]
 [ 1.47966549e+02 -2.85211153e+02  7.86877241e+02]
 [ 2.60136175e-01  9.38827959e-02  1.00000000e+00]]",6
146,8.051182741,"[[ 1.33823317e-03  4.69072155e-05 -5.04526046e-01]
 [-1.18723631e-04 -2.61386357e-03  2.12757332e+00]
 [-1.98469074e-04  3.17519786e-04  8.15858725e-01]]","[[ 8.04059708e+02  5.68283231e+01  3.49034253e+02]
 [ 9.31728139e+01 -2.83953513e+02  7.98103900e+02]
 [ 1.59337358e-01  1.24334668e-01  1.00000000e+00]]",5,"[[ 1.35622824e-03  3.07530064e-05 -5.09977820e-01]
 [-2.13867106e-04 -2.78940491e-03  2.27255392e+00]
 [-3.33421980e-04  2.55078884e-04  9.18613343e-01]]","[[ 8.32006144e+02  4.19263878e+01  3.58175401e+02]
 [ 1.48618918e+02 -2.84870550e+02  7.87247480e+02]
 [ 2.60718604e-01  9.43200337e-02  1.00000000e+00]]",6
147,8.089639741000001,"[[ 1.33874032e-03  4.71326892e-05 -5.04944209e-01]
 [-1.17106539e-04 -2.61486475e-03  2.12818475e+00]
 [-1.98576732e-04  3.17042578e-04  8.16240139e-01]]","[[ 8.03719055e+02  5.68109938e+01  3.49074958e+02]
 [ 9.35653963e+01 -2.83958085e+02  7.98246176e+02]
 [ 1.59188066e-01  1.24115613e-01  1.00000000e+00]]",5,"[[ 1.35685758e-03  3.08937294e-05 -5.10387753e-01]
 [-2.12292882e-04 -2.79089755e-03  2.27354971e+00]
 [-3.33560221e-04  2.54203312e-04  9.19335223e-01]]","[[ 8.31606212e+02  4.18337928e+01  3.58226694e+02]
 [ 1.48982519e+02 -2.84941460e+02  7.87381370e+02]
 [ 2.60534891e-01  9.39669774e-02  1.00000000e+00]]",6
148,8.121282741,"[[ 1.33818822e-03  4.79888784e-05 -5.04697717e-01]
 [-1.17017281e-04 -2.61557612e-03  2.12890335e+00]
 [-1.99596832e-04  3.16265247e-04  8.17076258e-01]]","[[ 8.04237834e+02  5.68973866e+01  3.48520666e+02]
 [ 9.42362744e+01 -2.84063743e+02  7.98340523e+02]
 [ 1.59984658e-01  1.23851387e-01  1.00000000e+00]]",5,"[[ 1.35660955e-03  3.16777324e-05 -5.10233118e-01]
 [-2.11892682e-04 -2.79218671e-03  2.27449508e+00]
 [-3.34170489e-04  2.53162864e-04  9.20187916e-01]]","[[ 8.31788434e+02  4.18707709e+01  3.57721655e+02]
 [ 1.49446952e+02 -2.85050334e+02  7.87446077e+02]
 [ 2.60951840e-01  9.36288485e-02  1.00000000e+00]]",6
149,8.162681741,"[[ 1.33961622e-03  4.74476482e-05 -5.04856735e-01]
 [-1.17082097e-04 -2.61768973e-03  2.13069978e+00]
 [-1.98839211e-04  3.15251904e-04  8.17625416e-01]]","[[ 8.03165058e+02  5.65390711e+01  3.48589339e+02]
 [ 9.36657649e+01 -2.84169647e+02  7.98370479e+02]
 [ 1.59207864e-01  1.23317114e-01  1.00000000e+00]]",5,"[[ 1.35811151e-03  3.11083171e-05 -5.10408283e-01]
 [-2.11984238e-04 -2.79444290e-03  2.27639404e+00]
 [-3.33335314e-04  2.52134469e-04  9.20713045e-01]]","[[ 8.30613385e+02  4.15284212e+01  3.57784548e+02]
 [ 1.48770059e+02 -2.85145506e+02  7.87473368e+02]
 [ 2.59975369e-01  9.31211963e-02  1.00000000e+00]]",6
150,8.202320741000001,"[[ 1.33913960e-03  4.76752782e-05 -5.04681295e-01]
 [-1.16982023e-04 -2.61579927e-03  2.12978282e+00]
 [-1.99167542e-04  3.15962545e-04  8.17064453e-01]]","[[ 8.03526566e+02  5.67328249e+01  3.48437912e+02]
 [ 9.39575372e+01 -2.84114873e+02  7.98617032e+02]
 [ 1.59533741e-01  1.23697703e-01  1.00000000e+00]]",5,"[[ 1.35784554e-03  3.12533010e-05 -5.10265089e-01]
 [-2.11835210e-04 -2.79299851e-03  2.27579007e+00]
 [-3.33508973e-04  2.52569882e-04  9.20335331e-01]]","[[ 8.30804055e+02  4.16396651e+01  3.57660038e+02]
 [ 1.48985952e+02 -2.85140215e+02  7.87692892e+02]
 [ 2.60178258e-01  9.33410132e-02  1.00000000e+00]]",6
151,8.243959741000001,"[[ 1.33955510e-03  4.78005668e-05 -5.04962381e-01]
 [-1.16528942e-04 -2.61703783e-03  2.13157971e+00]
 [-1.99059290e-04  3.15354866e-04  8.17398644e-01]]","[[ 8.03225691e+02  5.66597172e+01  3.48451830e+02]
 [ 9.40145996e+01 -2.84115923e+02  7.98985388e+02]
 [ 1.59336666e-01  1.23410997e-01  1.00000000e+00]]",5,"[[ 1.35840504e-03  3.13168904e-05 -5.10558118e-01]
 [-2.11379054e-04 -2.79466792e-03  2.27789052e+00]
 [-3.33276370e-04  2.51824925e-04  9.20761822e-01]]","[[ 8.30376284e+02  4.15357023e+01  3.57683782e+02]
 [ 1.48967359e+02 -2.85146250e+02  7.88030537e+02]
 [ 2.59818656e-01  9.30205824e-02  1.00000000e+00]]",6
152,8.284665741000001,"[[ 1.34001976e-03  4.75193571e-05 -5.05351427e-01]
 [-1.16591483e-04 -2.61848096e-03  2.13270880e+00]
 [-1.99326147e-04  3.14979683e-04  8.17869081e-01]]","[[ 8.03058238e+02  5.65299599e+01  3.48790155e+02]
 [ 9.41256323e+01 -2.84085814e+02  7.98952855e+02]
 [ 1.59466650e-01  1.23184946e-01  1.00000000e+00]]",5,"[[ 1.35871099e-03  3.10707148e-05 -5.10893786e-01]
 [-2.11625209e-04 -2.79595030e-03  2.27901206e+00]
 [-3.33786482e-04  2.51477738e-04  9.21325056e-01]]","[[ 8.30390271e+02  4.14271288e+01  3.57993414e+02]
 [ 1.49177508e+02 -2.85125470e+02  7.88015307e+02]
 [ 2.60123421e-01  9.28342533e-02  1.00000000e+00]]",6
153,8.330518741,"[[ 1.33976218e-03  4.70433131e-05 -5.04981453e-01]
 [-1.17172300e-04 -2.61832668e-03  2.13230488e+00]
 [-1.99881199e-04  3.13793016e-04  8.19086097e-01]]","[[ 8.03368825e+02  5.62445435e+01  3.48871557e+02]
 [ 9.42871449e+01 -2.84501417e+02  7.98764651e+02]
 [ 1.59924185e-01  1.22718216e-01  1.00000000e+00]]",5,"[[ 1.35829942e-03  3.06618361e-05 -5.10510636e-01]
 [-2.12221975e-04 -2.79537123e-03  2.27831261e+00]
 [-3.34497215e-04  2.50473597e-04  9.22435530e-01]]","[[ 8.30827967e+02  4.11964935e+01  3.58060821e+02]
 [ 1.49409444e+02 -2.85501977e+02  7.87846784e+02]
 [ 2.60708215e-01  9.24626348e-02  1.00000000e+00]]",6
154,8.371733741,"[[ 1.33943420e-03  5.02988031e-05 -5.03383817e-01]
 [-1.09809663e-04 -2.87381302e-03  2.24884030e+00]
 [-2.03530635e-04  3.20843111e-04  8.23795318e-01]]","[[ 8.03629391e+02  5.27980780e+01  3.46930334e+02]
 [ 9.55437371e+01 -2.60413125e+02  7.69272038e+02]
 [ 1.61336982e-01  1.14467492e-01  1.00000000e+00]]",5,"[[ 1.34932754e-03  3.74982045e-05 -5.07652919e-01]
 [-2.01376496e-04 -3.03618875e-03  2.38108216e+00]
 [-3.37147323e-04  2.68551416e-04  9.15434245e-01]]","[[ 8.36061442e+02  4.17332168e+01  3.55087015e+02]
 [ 1.51232316e+02 -2.60209997e+02  7.60682609e+02]
 [ 2.63549486e-01  9.17051182e-02  1.00000000e+00]]",6
155,8.412727741000001,"[[ 1.33875432e-03  5.12662574e-05 -5.03366052e-01]
 [-1.08175672e-04 -2.87340668e-03  2.24690979e+00]
 [-2.02641729e-04  3.22410722e-04  8.22317425e-01]]","[[ 8.03719713e+02  5.32244164e+01  3.46550794e+02]
 [ 9.53762216e+01 -2.60040528e+02  7.68920542e+02]
 [ 1.60664035e-01  1.15071552e-01  1.00000000e+00]]",5,"[[ 1.34855535e-03  3.84698783e-05 -5.07615118e-01]
 [-1.99646746e-04 -3.03569847e-03  2.37901673e+00]
 [-3.36342275e-04  2.69994313e-04  9.14018035e-01]]","[[ 8.36245203e+02  4.21463542e+01  3.54723664e+02]
 [ 1.51165925e+02 -2.59872363e+02  7.60351310e+02]
 [ 2.63069945e-01  9.22735193e-02  1.00000000e+00]]",6
156,8.451336741,"[[ 1.33957998e-03  5.03791010e-05 -5.03356884e-01]
 [-1.07372220e-04 -2.87534707e-03  2.24782014e+00]
 [-2.03333689e-04  3.19116812e-04  8.25186735e-01]]","[[ 8.03363453e+02  5.25698161e+01  3.46843958e+02]
 [ 9.57935749e+01 -2.60780929e+02  7.68804141e+02]
 [ 1.60910869e-01  1.13803082e-01  1.00000000e+00]]",5,"[[ 1.34922000e-03  3.76431035e-05 -5.07580806e-01]
 [-1.98993084e-04 -3.03732622e-03  2.37978730e+00]
 [-3.37301438e-04  2.66769918e-04  9.16925830e-01]]","[[ 8.36042776e+02  4.15406317e+01  3.54992070e+02]
 [ 1.51629176e+02 -2.60584028e+02  7.60256281e+02]
 [ 2.63432788e-01  9.10953665e-02  1.00000000e+00]]",6
157,8.492385741,"[[ 1.33890685e-03  5.07987725e-05 -5.03679295e-01]
 [-1.07829658e-04 -2.87683233e-03  2.24885876e+00]
 [-2.04157896e-04  3.19977933e-04  8.24878160e-01]]","[[ 8.04044116e+02  5.27954972e+01  3.47021865e+02]
 [ 9.62412647e+01 -2.60405154e+02  7.68706428e+02]
 [ 1.61668572e-01  1.14080509e-01  1.00000000e+00]]",5,"[[ 1.34846690e-03  3.81111933e-05 -5.07877253e-01]
 [-1.99407927e-04 -3.03865417e-03  2.38070804e+00]
 [-3.38081909e-04  2.67819860e-04  9.16481201e-01]]","[[ 8.36805177e+02  4.17972974e+01  3.55148750e+02]
 [ 1.52110545e+02 -2.60185817e+02  7.60168294e+02]
 [ 2.64239427e-01  9.14517822e-02  1.00000000e+00]]",6
158,8.533292741,"[[ 1.33890001e-03  5.11586345e-05 -5.03662417e-01]
 [-1.06577048e-04 -2.87792250e-03  2.24720041e+00]
 [-2.05423195e-04  3.17492110e-04  8.27414222e-01]]","[[ 8.04278786e+02  5.25594686e+01  3.46831527e+02]
 [ 9.70538761e+01 -2.61022261e+02  7.67997097e+02]
 [ 1.62438202e-01  1.13207436e-01  1.00000000e+00]]",5,"[[ 1.34831796e-03  3.87057438e-05 -5.07964158e-01]
 [-1.97744052e-04 -3.03882711e-03  2.37814767e+00]
 [-3.39064155e-04  2.66170333e-04  9.18192402e-01]]","[[ 8.37044539e+02  4.17503339e+01  3.54936682e+02]
 [ 1.52770369e+02 -2.60604824e+02  7.59490742e+02]
 [ 2.64812537e-01  9.09627595e-02  1.00000000e+00]]",6
159,8.570703741,"[[ 1.33881997e-03  5.20018037e-05 -5.03955303e-01]
 [-1.04386975e-04 -2.87511336e-03  2.24417618e+00]
 [-2.04068881e-04  3.18941570e-04  8.25790799e-01]]","[[ 8.03886367e+02  5.29874787e+01  3.46588458e+02]
 [ 9.67172415e+01 -2.60870899e+02  7.67968628e+02]
 [ 1.61301195e-01  1.13849258e-01  1.00000000e+00]]",5,"[[ 1.34822017e-03  3.94738863e-05 -5.08216050e-01]
 [-1.95642964e-04 -3.03627839e-03  2.37534782e+00]
 [-3.37965279e-04  2.67121379e-04  9.17012544e-01]]","[[ 8.36744471e+02  4.20851141e+01  3.54717270e+02]
 [ 1.52570014e+02 -2.60551830e+02  7.59465895e+02]
 [ 2.63939537e-01  9.14079879e-02  1.00000000e+00]]",6
160,8.611857741,"[[ 1.33784402e-03  5.28865355e-05 -5.03716198e-01]
 [-1.03955121e-04 -2.87199979e-03  2.24255876e+00]
 [-2.03687740e-04  3.21932236e-04  8.23162178e-01]]","[[ 8.04337380e+02  5.36116603e+01  3.46141352e+02]
 [ 9.67500983e+01 -2.60285761e+02  7.68306322e+02]
 [ 1.61191429e-01  1.15061670e-01  1.00000000e+00]]",5,"[[ 1.34760153e-03  4.02027169e-05 -5.08028754e-01]
 [-1.95047819e-04 -3.03405869e-03  2.37427573e+00]
 [-3.37237766e-04  2.69604680e-04  9.14654884e-01]]","[[ 8.36890230e+02  4.25739946e+01  3.54321509e+02]
 [ 1.52490871e+02 -2.60058827e+02  7.59763185e+02]
 [ 2.63617177e-01  9.23524675e-02  1.00000000e+00]]",6
161,8.659100741000001,"[[ 1.33789537e-03  5.26878996e-05 -5.03548702e-01]
 [-1.03362809e-04 -2.87219945e-03  2.24310648e+00]
 [-2.03421220e-04  3.21181247e-04  8.23572868e-01]]","[[ 8.04196794e+02  5.34555693e+01  3.46108678e+02]
 [ 9.67276137e+01 -2.60452192e+02  7.68516169e+02]
 [ 1.60913020e-01  1.14775948e-01  1.00000000e+00]]",5,"[[ 1.34770073e-03  3.99761730e-05 -5.07867559e-01]
 [-1.94469197e-04 -3.03441178e-03  2.37492775e+00]
 [-3.36963700e-04  2.68805251e-04  9.15104576e-01]]","[[ 8.36708504e+02  4.24087120e+01  3.54297735e+02]
 [ 1.52461977e+02 -2.60223170e+02  7.59958740e+02]
 [ 2.63311779e-01  9.20545621e-02  1.00000000e+00]]",6
162,8.686397741,"[[ 1.33731778e-03  5.30845485e-05 -5.03482907e-01]
 [-1.03314937e-04 -2.87034020e-03  2.24170593e+00]
 [-2.03772039e-04  3.21912047e-04  8.23099959e-01]]","[[ 8.04631010e+02  5.36830701e+01  3.45980218e+02]
 [ 9.69870680e+01 -2.60404795e+02  7.68536430e+02]
 [ 1.61268379e-01  1.15133707e-01  1.00000000e+00]]",5,"[[ 1.34721973e-03  4.03503351e-05 -5.07826372e-01]
 [-1.94348347e-04 -3.03269102e-03  2.37359607e+00]
 [-3.37199540e-04  2.69437947e-04  9.14664678e-01]]","[[ 8.37064760e+02  4.26043947e+01  3.54182187e+02]
 [ 1.52681079e+02 -2.60189340e+02  7.59972360e+02]
 [ 2.63615488e-01  9.23519471e-02  1.00000000e+00]]",6
163,8.722274741,"[[ 1.33660899e-03  5.32459891e-05 -5.02942376e-01]
 [-1.01425498e-04 -2.86982399e-03  2.23957412e+00]
 [-2.03998634e-04  3.22423928e-04  8.22842010e-01]]","[[ 8.05001625e+02  5.37729662e+01  3.45681046e+02]
 [ 9.74858438e+01 -2.60340990e+02  7.68170192e+02]
 [ 1.61376621e-01  1.15343863e-01  1.00000000e+00]]",5,"[[ 1.34654612e-03  4.05561448e-05 -5.07339870e-01]
 [-1.92231723e-04 -3.03215703e-03  2.37131876e+00]
 [-3.37256679e-04  2.69955521e-04  9.14288797e-01]]","[[ 8.37373734e+02  4.27075133e+01  3.53892507e+02]
 [ 1.53120458e+02 -2.60120502e+02  7.59620747e+02]
 [ 2.63673987e-01  9.25575816e-02  1.00000000e+00]]",6
164,8.761311741,"[[ 1.33671331e-03  5.35150882e-05 -5.02760788e-01]
 [-1.00856876e-04 -2.87206229e-03  2.23948252e+00]
 [-2.04606160e-04  3.20030422e-04  8.25006778e-01]]","[[ 8.05006140e+02  5.34855724e+01  3.45385667e+02]
 [ 9.78171790e+01 -2.60824444e+02  7.67618451e+02]
 [ 1.61701389e-01  1.14441768e-01  1.00000000e+00]]",5,"[[ 1.34655285e-03  4.09593324e-05 -5.07224052e-01]
 [-1.91404265e-04 -3.03382752e-03  2.37064981e+00]
 [-3.37709794e-04  2.68004005e-04  9.15970744e-01]]","[[ 8.37363662e+02  4.25410638e+01  3.53593198e+02]
 [ 1.53351562e+02 -2.60488665e+02  7.59097395e+02]
 [ 2.63858948e-01  9.19009040e-02  1.00000000e+00]]",6
165,8.805208741000001,"[[ 1.33663694e-03  5.39936358e-05 -5.02477131e-01]
 [-1.01658554e-04 -2.87162269e-03  2.23856564e+00]
 [-2.04672573e-04  3.19283576e-04  8.25599754e-01]]","[[ 8.05031737e+02  5.34878750e+01  3.44929753e+02]
 [ 9.76416646e+01 -2.61082373e+02  7.67336388e+02]
 [ 1.61812714e-01  1.14228249e-01  1.00000000e+00]]",5,"[[ 1.34659285e-03  4.14912601e-05 -5.07046467e-01]
 [-1.91884788e-04 -3.03317764e-03  2.36938368e+00]
 [-3.37433566e-04  2.67550935e-04  9.16146534e-01]]","[[ 8.37181700e+02  4.26034822e+01  3.53159692e+02]
 [ 1.53002809e+02 -2.60660738e+02  7.58814018e+02]
 [ 2.63666513e-01  9.18148635e-02  1.00000000e+00]]",6
166,8.844825741000001,"[[ 1.33669863e-03  5.36596065e-05 -5.01276640e-01]
 [-1.00156850e-04 -2.87048377e-03  2.23787289e+00]
 [-2.02542575e-04  3.19712598e-04  8.24301321e-01]]","[[ 8.04265018e+02  5.33709893e+01  3.44196678e+02]
 [ 9.67494961e+01 -2.61069339e+02  7.67605537e+02]
 [ 1.60094218e-01  1.14372077e-01  1.00000000e+00]]",4,"[[ 1.35788713e-03  4.13847132e-05 -5.10249024e-01]
 [-1.92476104e-04 -3.04031847e-03  2.37584391e+00]
 [-3.14567049e-04  2.67589563e-04  9.07793101e-01]]","[[ 8.24117828e+02  4.22542037e+01  3.52630929e+02]
 [ 1.38973800e+02 -2.60208148e+02  7.59121423e+02]
 [ 2.44606810e-01  9.13432419e-02  1.00000000e+00]]",6
167,8.884768741,"[[ 1.33484078e-03  5.28425093e-05 -4.99856665e-01]
 [-1.04467254e-04 -2.86637855e-03  2.23904587e+00]
 [-2.05565838e-04  3.21167275e-04  8.23873503e-01]]","[[ 8.06315872e+02  5.34133594e+01  3.44042380e+02]
 [ 9.79426667e+01 -2.60947601e+02  7.68602149e+02]
 [ 1.63004416e-01  1.15051390e-01  1.00000000e+00]]",5,"[[ 1.34593657e-03  4.00292445e-05 -5.04717202e-01]
 [-1.94165311e-04 -3.03001387e-03  2.37105858e+00]
 [-3.37007212e-04  2.68786067e-04  9.14496693e-01]]","[[ 8.37317352e+02  4.23216678e+01  3.52391999e+02]
 [ 1.52686489e+02 -2.60601488e+02  7.59942485e+02]
 [ 2.63688198e-01  9.21914283e-02  1.00000000e+00]]",6
168,8.930353741000001,"[[ 1.33631269e-03  5.21434597e-05 -5.00022145e-01]
 [-1.04792470e-04 -2.87033209e-03  2.24303626e+00]
 [-2.03361925e-04  3.20454161e-04  8.23598795e-01]]","[[ 8.04865232e+02  5.30467415e+01  3.44178107e+02]
 [ 9.65593220e+01 -2.60796003e+02  7.68889773e+02]
 [ 1.61165979e-01  1.14571382e-01  1.00000000e+00]]",4,"[[ 1.35793588e-03  3.95444982e-05 -5.08960983e-01]
 [-1.97139462e-04 -3.04170361e-03  2.38214719e+00]
 [-3.15286951e-04  2.67538816e-04  9.07779192e-01]]","[[ 8.24352812e+02  4.17364553e+01  3.52663997e+02]
 [ 1.38770412e+02 -2.60084916e+02  7.60305242e+02]
 [ 2.45413438e-01  9.11474631e-02  1.00000000e+00]]",6
169,8.972467741,"[[ 1.33444708e-03  5.30289048e-05 -4.98980360e-01]
 [-1.09098867e-04 -2.86700136e-03  2.24306957e+00]
 [-2.05419319e-04  3.20861659e-04  8.23689283e-01]]","[[ 8.06589492e+02  5.33452728e+01  3.43351750e+02]
 [ 9.70939423e+01 -2.60903056e+02  7.69309118e+02]
 [ 1.63332635e-01  1.14936468e-01  1.00000000e+00]]",5,"[[ 1.34608885e-03  4.00010242e-05 -5.03952597e-01]
 [-1.98627940e-04 -3.03169662e-03  2.37570894e+00]
 [-3.36279774e-04  2.68110478e-04  9.14378544e-01]]","[[ 8.36995115e+02  4.21535892e+01  3.51781224e+02]
 [ 1.51555022e+02 -2.60586522e+02  7.60575892e+02]
 [ 2.63382207e-01  9.19109236e-02  1.00000000e+00]]",6
170,9.011220741,"[[ 1.33238601e-03  5.21891806e-05 -4.96110711e-01]
 [-1.09576868e-04 -2.86550684e-03  2.24208190e+00]
 [-2.07120663e-04  3.19398662e-04  8.25149244e-01]]","[[ 8.08077859e+02  5.28615269e+01  3.42212285e+02]
 [ 9.80956009e+01 -2.61437337e+02  7.69351976e+02]
 [ 1.64864743e-01  1.14465899e-01  1.00000000e+00]]",5,"[[ 1.34470992e-03  3.91600137e-05 -5.01408393e-01]
 [-1.98273522e-04 -3.03087709e-03  2.37470464e+00]
 [-3.36764360e-04  2.66874657e-04  9.15137761e-01]]","[[ 8.37638637e+02  4.17047076e+01  3.50726081e+02]
 [ 1.51987614e+02 -2.61004935e+02  7.60560351e+02]
 [ 2.63922228e-01  9.14619256e-02  1.00000000e+00]]",6
171,9.050053741000001,"[[ 1.33232466e-03  5.15821332e-05 -4.95563536e-01]
 [-1.08428033e-04 -2.86294214e-03  2.23962272e+00]
 [-2.06187125e-04  3.21053570e-04  8.23557551e-01]]","[[ 8.07828268e+02  5.29260125e+01  3.42169084e+02]
 [ 9.77964306e+01 -2.61256465e+02  7.69321172e+02]
 [ 1.64124408e-01  1.15098190e-01  1.00000000e+00]]",5,"[[ 1.34471852e-03  3.85520502e-05 -5.00896618e-01]
 [-1.97087785e-04 -3.02836306e-03  2.37226856e+00]
 [-3.35768356e-04  2.68511541e-04  9.13539648e-01]]","[[ 8.37334390e+02  4.17534980e+01  3.50688068e+02]
 [ 1.51668156e+02 -2.60848042e+02  7.60527118e+02]
 [ 2.63180413e-01  9.20159440e-02  1.00000000e+00]]",6
172,9.093254741,"[[ 1.33240812e-03  5.05577386e-05 -4.95234466e-01]
 [-1.10341999e-04 -2.86482004e-03  2.24176996e+00]
 [-2.06580528e-04  3.19685386e-04  8.24810102e-01]]","[[ 8.07967648e+02  5.24775382e+01  3.42491995e+02]
 [ 9.76234595e+01 -2.61490179e+02  7.69325361e+02]
 [ 1.64524646e-01  1.14493537e-01  1.00000000e+00]]",5,"[[ 1.34466652e-03  3.75304285e-05 -5.00509916e-01]
 [-1.99232261e-04 -3.03000877e-03  2.37438932e+00]
 [-3.36410912e-04  2.67207740e-04  9.14853586e-01]]","[[ 8.37613735e+02  4.13278028e+01  3.50991340e+02]
 [ 1.51591152e+02 -2.61084058e+02  7.60545826e+02]
 [ 2.63731897e-01  9.14537652e-02  1.00000000e+00]]",6
173,9.131725741,"[[ 1.33213737e-03  5.15450722e-05 -4.94729492e-01]
 [-1.11216822e-04 -2.86453830e-03  2.24060809e+00]
 [-2.05790812e-04  3.20606500e-04  8.23781721e-01]]","[[ 8.07854428e+02  5.27725621e+01  3.41627854e+02]
 [ 9.69701507e+01 -2.61291502e+02  7.68924376e+02]
 [ 1.64072295e-01  1.14874923e-01  1.00000000e+00]]",4,"[[ 1.35512481e-03  3.89217993e-05 -5.04297336e-01]
 [-2.02240104e-04 -3.03660764e-03  2.37938626e+00]
 [-3.15290048e-04  2.68510517e-04  9.06316271e-01]]","[[ 8.25645400e+02  4.15583134e+01  3.50305413e+02]
 [ 1.38029709e+02 -2.60322106e+02  7.60236663e+02]
 [ 2.46332717e-01  9.15818777e-02  1.00000000e+00]]",6
174,9.170114741,"[[ 1.33054030e-03  5.11648220e-05 -4.91981790e-01]
 [-1.14984414e-04 -2.86033887e-03  2.23808080e+00]
 [-2.06593809e-04  3.20830359e-04  8.23635781e-01]]","[[ 8.08945290e+02  5.26285401e+01  3.40198220e+02]
 [ 9.67570471e+01 -2.61648152e+02  7.68777200e+02]
 [ 1.65219255e-01  1.15120546e-01  1.00000000e+00]]",5,"[[ 1.34388190e-03  3.82078551e-05 -4.97840203e-01]
 [-2.02392925e-04 -3.02598469e-03  2.37012046e+00]
 [-3.34263952e-04  2.69207062e-04  9.12029204e-01]]","[[ 8.37146918e+02  4.16052536e+01  3.48844014e+02]
 [ 1.49712385e+02 -2.60973903e+02  7.59923508e+02]
 [ 2.62628000e-01  9.22812055e-02  1.00000000e+00]]",6
175,9.213754741,"[[ 1.32925730e-03  4.97026342e-05 -4.89671570e-01]
 [-1.16860439e-04 -2.85796810e-03  2.23751202e+00]
 [-2.07766832e-04  3.20656281e-04  8.23973062e-01]]","[[ 8.09972582e+02  5.21911936e+01  3.39625330e+02]
 [ 9.71723523e+01 -2.61927508e+02  7.69016019e+02]
 [ 1.66421111e-01  1.15091505e-01  1.00000000e+00]]",5,"[[ 1.34310314e-03  3.67517550e-05 -4.95760113e-01]
 [-2.03748311e-04 -3.02404799e-03  2.36957220e+00]
 [-3.34533672e-04  2.69330074e-04  9.11803587e-01]]","[[ 8.37551590e+02  4.12009214e+01  3.48316367e+02]
 [ 1.49705290e+02 -2.61165862e+02  7.60108086e+02]
 [ 2.63070990e-01  9.22599096e-02  1.00000000e+00]]",6
176,9.243814741000001,"[[ 1.33042252e-03  4.97601802e-05 -4.90623007e-01]
 [-1.16349353e-04 -2.85810367e-03  2.23826366e+00]
 [-2.05811361e-04  3.22036143e-04  8.22237228e-01]]","[[ 8.08819326e+02  5.23910836e+01  3.39999579e+02]
 [ 9.61344624e+01 -2.61529275e+02  7.69288025e+02]
 [ 1.64800900e-01  1.15543977e-01  1.00000000e+00]]",5,"[[ 1.34410443e-03  3.66894609e-05 -4.96558230e-01]
 [-2.03664516e-04 -3.02439444e-03  2.37071456e+00]
 [-3.33129225e-04  2.70233661e-04  9.10673605e-01]]","[[ 8.36666572e+02  4.13046255e+01  3.48678377e+02]
 [ 1.48924978e+02 -2.60896747e+02  7.60384000e+02]
 [ 2.61865001e-01  9.25280588e-02  1.00000000e+00]]",6
177,9.285218741000001,"[[ 1.33078228e-03  4.93062738e-05 -4.90538017e-01]
 [-1.18236354e-04 -2.86083186e-03  2.24145685e+00]
 [-2.06699405e-04  3.19904619e-04  8.24150470e-01]]","[[ 8.08880266e+02  5.19718018e+01  3.40100480e+02]
 [ 9.62465077e+01 -2.61849134e+02  7.69442146e+02]
 [ 1.65510271e-01  1.14674797e-01  1.00000000e+00]]",5,"[[ 1.34449024e-03  3.62373720e-05 -4.96484100e-01]
 [-2.05609989e-04 -3.02713889e-03  2.37394816e+00]
 [-3.33992966e-04  2.68154484e-04  9.12548238e-01]]","[[ 8.36674084e+02  4.09113755e+01  3.48774872e+02]
 [ 1.48985051e+02 -2.61190875e+02  7.60532186e+02]
 [ 2.62443386e-01  9.17251413e-02  1.00000000e+00]]",6
178,9.325391741,"[[ 1.33068429e-03  4.86612080e-05 -4.88362129e-01]
 [-1.18817178e-04 -2.86258642e-03  2.24221231e+00]
 [-2.06934657e-04  3.17637360e-04  8.25792400e-01]]","[[ 8.08776037e+02  5.13501713e+01  3.38871611e+02]
 [ 9.61958983e+01 -2.62345656e+02  7.69216445e+02]
 [ 1.65669217e-01  1.13777884e-01  1.00000000e+00]]",5,"[[ 1.34518989e-03  3.55569457e-05 -4.94670003e-01]
 [-2.05327800e-04 -3.02964063e-03  2.37469677e+00]
 [-3.32884529e-04  2.66119130e-04  9.13402931e-01]]","[[ 8.35574471e+02  4.03424964e+01  3.47636754e+02]
 [ 1.48213344e+02 -2.61552480e+02  7.60260889e+02]
 [ 2.61338561e-01  9.09056763e-02  1.00000000e+00]]",6
179,9.365869741000001,"[[ 1.32873115e-03  4.83072334e-05 -4.85594061e-01]
 [-1.21343160e-04 -2.85855105e-03  2.24074470e+00]
 [-2.08634234e-04  3.18079861e-04  8.25631838e-01]]","[[ 8.10267754e+02  5.12452530e+01  3.37479330e+02]
 [ 9.68549783e+01 -2.62560747e+02  7.69548575e+02]
 [ 1.67437794e-01  1.14102673e-01  1.00000000e+00]]",5,"[[ 1.34428870e-03  3.51139826e-05 -4.92314927e-01]
 [-2.06906226e-04 -3.02687599e-03  2.37359298e+00]
 [-3.32965437e-04  2.66568028e-04  9.12602619e-01]]","[[ 8.35865274e+02  4.01997515e+01  3.46362258e+02]
 [ 1.48089922e+02 -2.61680999e+02  7.60496459e+02]
 [ 2.61711070e-01  9.11030867e-02  1.00000000e+00]]",6
180,9.403441741,"[[ 1.32888227e-03  4.70517862e-05 -4.84701958e-01]
 [-1.21200387e-04 -2.85691642e-03  2.24070883e+00]
 [-2.07814762e-04  3.19102523e-04  8.24426766e-01]]","[[ 8.09942989e+02  5.10341413e+01  3.37480917e+02]
 [ 9.64786465e+01 -2.62434614e+02  7.69993130e+02]
 [ 1.66820797e-01  1.14442179e-01  1.00000000e+00]]",5,"[[ 1.34472234e-03  3.37896522e-05 -4.91491871e-01]
 [-2.06665294e-04 -3.02574169e-03  2.37387260e+00]
 [-3.31831221e-04  2.67512953e-04  9.11388060e-01]]","[[ 8.35261978e+02  3.99517346e+01  3.46377310e+02]
 [ 1.47563362e+02 -2.61576572e+02  7.60900522e+02]
 [ 2.60800971e-01  9.13248242e-02  1.00000000e+00]]",6
181,9.447839741000001,"[[ 1.33230923e-03  4.65487139e-05 -4.87144660e-01]
 [-1.18783289e-04 -2.86289237e-03  2.24470436e+00]
 [-2.02959111e-04  3.20660671e-04  8.21836304e-01]]","[[ 8.06730410e+02  5.10573396e+01  3.38736287e+02]
 [ 9.39848455e+01 -2.61522865e+02  7.70014329e+02]
 [ 1.62557972e-01  1.14648926e-01  1.00000000e+00]]",4,"[[ 1.35759731e-03  3.35288233e-05 -4.97529016e-01]
 [-2.08391154e-04 -3.03750402e-03  2.38435064e+00]
 [-3.09354831e-04  2.68835287e-04  9.02941321e-01]]","[[ 8.21937205e+02  3.98443198e+01  3.47680156e+02]
 [ 1.33466785e+02 -2.60381482e+02  7.61117403e+02]
 [ 2.41864736e-01  9.11750978e-02  1.00000000e+00]]",6
182,9.492019741,"[[ 1.32931429e-03  4.74845383e-05 -4.86123228e-01]
 [-1.26088802e-04 -2.85877146e-03  2.24505476e+00]
 [-2.06672640e-04  3.21444618e-04  8.22248657e-01]]","[[ 8.09727160e+02  5.14745774e+01  3.38174996e+02]
 [ 9.49642326e+01 -2.61597619e+02  7.70406000e+02]
 [ 1.66400647e-01  1.15205458e-01  1.00000000e+00]]",5,"[[ 1.34476813e-03  3.41198893e-05 -4.92657494e-01]
 [-2.12239053e-04 -3.02735305e-03  2.37844306e+00]
 [-3.31413965e-04  2.69741930e-04  9.09651857e-01]]","[[ 8.35514654e+02  4.03380422e+01  3.47034765e+02]
 [ 1.46458688e+02 -2.60835959e+02  7.61321424e+02]
 [ 2.60973661e-01  9.20428898e-02  1.00000000e+00]]",6
183,9.528893741000001,"[[ 1.32883304e-03  4.69305340e-05 -4.82834386e-01]
 [-1.25751729e-04 -2.85968427e-03  2.24502072e+00]
 [-2.05290973e-04  3.20364656e-04  8.22238616e-01]]","[[ 8.09291973e+02  5.09393699e+01  3.36148225e+02]
 [ 9.42201488e+01 -2.61850102e+02  7.70277168e+02]
 [ 1.65348025e-01  1.14741522e-01  1.00000000e+00]]",4,"[[ 1.35555347e-03  3.38062736e-05 -4.93809696e-01]
 [-2.14086012e-04 -3.03546959e-03  2.38470087e+00]
 [-3.09372494e-04  2.69031949e-04  9.02023899e-01]]","[[ 8.22793340e+02  3.97673761e+01  3.45301309e+02]
 [ 1.32598817e+02 -2.60491656e+02  7.61258388e+02]
 [ 2.42650233e-01  9.13318487e-02  1.00000000e+00]]",6
184,9.570627741000001,"[[ 1.32824818e-03  4.46689208e-05 -4.79654684e-01]
 [-1.25696933e-04 -2.85996246e-03  2.24413986e+00]
 [-2.06450025e-04  3.18600596e-04  8.23903505e-01]]","[[ 8.09706308e+02  4.99907436e+01  3.35225183e+02]
 [ 9.48401562e+01 -2.62401993e+02  7.69941254e+02]
 [ 1.66218199e-01  1.13996386e-01  1.00000000e+00]]",4,"[[ 1.35552635e-03  3.16468793e-05 -4.90970953e-01]
 [-2.13474616e-04 -3.03566879e-03  2.38339341e+00]
 [-3.09485883e-04  2.67988857e-04  9.02682818e-01]]","[[ 8.22499134e+02  3.89812770e+01  3.44434899e+02]
 [ 1.32644539e+02 -2.60860900e+02  7.60908210e+02]
 [ 2.42615245e-01  9.08092719e-02  1.00000000e+00]]",6
185,9.612100741,"[[ 1.32881149e-03  4.49283801e-05 -4.79978686e-01]
 [-1.27465346e-04 -2.85744063e-03  2.24386254e+00]
 [-2.04793535e-04  3.21545535e-04  8.20946748e-01]]","[[ 8.09045002e+02  5.04365697e+01  3.35163796e+02]
 [ 9.36060971e+01 -2.61808344e+02  7.70318987e+02]
 [ 1.65161216e-01  1.15126088e-01  1.00000000e+00]]",4,"[[ 1.35625457e-03  3.17790000e-05 -4.91279287e-01]
 [-2.15307369e-04 -3.03354929e-03  2.38344583e+00]
 [-3.07773126e-04  2.70737806e-04  8.99895908e-01]]","[[ 8.21723894e+02  3.93447849e+01  3.44395126e+02]
 [ 1.31422153e+02 -2.60329997e+02  7.61251853e+02]
 [ 2.41498582e-01  9.17777700e-02  1.00000000e+00]]",6
186,9.653872741,"[[ 1.32835068e-03  4.46819745e-05 -4.79312024e-01]
 [-1.31436902e-04 -2.85598180e-03  2.24702382e+00]
 [-2.06262898e-04  3.21416886e-04  8.21144448e-01]]","[[ 8.09796263e+02  5.03579077e+01  3.34885864e+02]
 [ 9.38650817e+01 -2.61862959e+02  7.71366071e+02]
 [ 1.66671165e-01  1.15149222e-01  1.00000000e+00]]",4,"[[ 1.35621506e-03  3.12596193e-05 -4.90608571e-01]
 [-2.19181606e-04 -3.03329438e-03  2.38744023e+00]
 [-3.09067954e-04  2.69969559e-04  9.00601987e-01]]","[[ 8.22101265e+02  3.91049158e+01  3.44180096e+02]
 [ 1.31602806e+02 -2.60480190e+02  7.62208344e+02]
 [ 2.42678128e-01  9.15030163e-02  1.00000000e+00]]",6
187,9.686386741,"[[ 1.32857230e-03  4.40411950e-05 -4.78452419e-01]
 [-1.30717706e-04 -2.85802086e-03  2.24844561e+00]
 [-2.06091577e-04  3.20684272e-04  8.21568738e-01]]","[[ 8.09505222e+02  5.00127966e+01  3.34553478e+02]
 [ 9.38963598e+01 -2.61889193e+02  7.71412686e+02]
 [ 1.66414708e-01  1.14769412e-01  1.00000000e+00]]",4,"[[ 1.35670067e-03  3.05489798e-05 -4.89825522e-01]
 [-2.18255263e-04 -3.03578442e-03  2.38904492e+00]
 [-3.08573794e-04  2.69132031e-04  9.00969042e-01]]","[[ 8.21529676e+02  3.87529355e+01  3.43878296e+02]
 [ 1.31458565e+02 -2.60506406e+02  7.62238472e+02]
 [ 2.42098017e-01  9.10894321e-02  1.00000000e+00]]",6
188,9.733919741000001,"[[ 1.32930694e-03  4.47480618e-05 -4.79664598e-01]
 [-1.27996959e-04 -2.85843037e-03  2.24671511e+00]
 [-2.04665755e-04  3.21207847e-04  8.20887939e-01]]","[[ 8.08674363e+02  5.02912467e+01  3.34884149e+02]
 [ 9.35039896e+01 -2.61739627e+02  7.71000400e+02]
 [ 1.65033164e-01  1.14955664e-01  1.00000000e+00]]",4,"[[ 1.35715207e-03  3.13682859e-05 -4.90984543e-01]
 [-2.15673785e-04 -3.03573632e-03  2.38705950e+00]
 [-3.07416980e-04  2.69773389e-04  9.00270726e-01]]","[[ 8.21004927e+02  3.90680940e+01  3.44166321e+02]
 [ 1.31201758e+02 -2.60349549e+02  7.61868489e+02]
 [ 2.41034286e-01  9.13564922e-02  1.00000000e+00]]",6
189,9.767090741,"[[ 1.32726990e-03  4.44859772e-05 -4.79380978e-01]
 [-1.30423183e-04 -2.85313193e-03  2.24599217e+00]
 [-2.08206885e-04  3.20492692e-04  8.22433106e-01]]","[[ 8.10969090e+02  5.03097360e+01  3.35307370e+02]
 [ 9.53080206e+01 -2.62301201e+02  7.71874688e+02]
 [ 1.68164222e-01  1.14952147e-01  1.00000000e+00]]",5,"[[ 1.34537863e-03  3.06642568e-05 -4.86807225e-01]
 [-2.14740143e-04 -3.02563702e-03  2.38111534e+00]
 [-3.29488915e-04  2.68033845e-04  9.09110151e-01]]","[[ 8.33863520e+02  3.89656352e+01  3.44456736e+02]
 [ 1.45010456e+02 -2.61488351e+02  7.62532527e+02]
 [ 2.59463692e-01  9.12171897e-02  1.00000000e+00]]",6
190,9.803620741000001,"[[ 1.32611563e-03  4.50989920e-05 -4.80382796e-01]
 [-1.28836994e-04 -2.85193367e-03  2.24624647e+00]
 [-2.08699758e-04  3.22420531e-04  8.21066718e-01]]","[[ 8.11894834e+02  5.08223613e+01  3.35978495e+02]
 [ 9.61307458e+01 -2.61791743e+02  7.72444335e+02]
 [ 1.68619341e-01  1.15719765e-01  1.00000000e+00]]",5,"[[ 1.34391680e-03  3.11449275e-05 -4.87554464e-01]
 [-2.13670711e-04 -3.02468958e-03  2.38188103e+00]
 [-3.30701362e-04  2.69386128e-04  9.08556786e-01]]","[[ 8.35267893e+02  3.93362428e+01  3.45101533e+02]
 [ 1.46258971e+02 -2.61142836e+02  7.63100768e+02]
 [ 2.60659648e-01  9.17463913e-02  1.00000000e+00]]",6
191,9.843066741000001,"[[ 1.32971028e-03  4.53028773e-05 -4.83115617e-01]
 [-1.24127160e-04 -2.85759677e-03  2.24816509e+00]
 [-2.03579982e-04  3.21517010e-04  8.20369118e-01]]","[[ 8.08377488e+02  5.07346424e+01  3.37018947e+02]
 [ 9.37894093e+01 -2.61586899e+02  7.72093499e+02]
 [ 1.63846470e-01  1.15110617e-01  1.00000000e+00]]",4,"[[ 1.35649044e-03  3.17335147e-05 -4.93796948e-01]
 [-2.12873497e-04 -3.03525203e-03  2.38948854e+00]
 [-3.08500874e-04  2.68673482e-04  9.01806839e-01]]","[[ 8.22083532e+02  3.92376273e+01  3.46176658e+02]
 [ 1.32632007e+02 -2.60539207e+02  7.62966858e+02]
 [ 2.41713386e-01  9.10447944e-02  1.00000000e+00]]",6
192,9.881141741,"[[ 1.32838465e-03  4.56988383e-05 -4.82664242e-01]
 [-1.27189241e-04 -2.85095522e-03  2.24734813e+00]
 [-2.03628523e-04  3.22061235e-04  8.19535230e-01]]","[[ 8.09298194e+02  5.10132913e+01  3.36745346e+02]
 [ 9.34554747e+01 -2.61909924e+02  7.73255831e+02]
 [ 1.64358780e-01  1.15600637e-01  1.00000000e+00]]",4,"[[ 1.35555987e-03  3.18868472e-05 -4.93348266e-01]
 [-2.15848238e-04 -3.02966143e-03  2.38941616e+00]
 [-3.08407524e-04  2.68588803e-04  9.01491696e-01]]","[[ 8.22678332e+02  3.93300884e+01  3.45972105e+02]
 [ 1.32275098e+02 -2.60944491e+02  7.64025535e+02]
 [ 2.42035038e-01  9.12004672e-02  1.00000000e+00]]",6
193,9.922025741,"[[ 1.32560653e-03  4.22094527e-05 -4.78447603e-01]
 [-1.37247660e-04 -2.84571016e-03  2.25443944e+00]
 [-2.06746414e-04  3.20509465e-04  8.20793896e-01]]","[[ 8.11977077e+02  4.99116699e+01  3.36217959e+02]
 [ 9.38391976e+01 -2.62613230e+02  7.76008163e+02]
 [ 1.67882581e-01  1.15119137e-01  1.00000000e+00]]",5,"[[ 1.34426241e-03  2.75422632e-05 -4.85508317e-01]
 [-2.22985490e-04 -3.02099569e-03  2.39241936e+00]
 [-3.28916762e-04  2.65982428e-04  9.09772866e-01]]","[[ 8.34739929e+02  3.80268434e+01  3.45467571e+02]
 [ 1.44034399e+02 -2.62223399e+02  7.66431117e+02]
 [ 2.59679470e-01  9.04121078e-02  1.00000000e+00]]",6
194,9.959175741000001,"[[ 1.32526090e-03  4.06038312e-05 -4.76057051e-01]
 [-1.43229442e-04 -2.84367780e-03  2.26039931e+00]
 [-2.04014639e-04  3.23168123e-04  8.16999965e-01]]","[[ 8.11569632e+02  4.97023031e+01  3.35381158e+02]
 [ 9.14574685e+01 -2.61936769e+02  7.77993503e+02]
 [ 1.66482195e-01  1.16021561e-01  1.00000000e+00]]",4,"[[ 1.35458609e-03  2.55818601e-05 -4.86860913e-01]
 [-2.31396129e-04 -3.02798028e-03  2.40627883e+00]
 [-3.07480169e-04  2.67303064e-04  9.00676700e-01]]","[[ 8.22912742e+02  3.73999285e+01  3.44906660e+02]
 [ 1.29761622e+02 -2.61331028e+02  7.68323620e+02]
 [ 2.42421803e-01  9.03257750e-02  1.00000000e+00]]",6
195,10.001876741,"[[ 1.32330141e-03  3.85531167e-05 -4.72151333e-01]
 [-1.53233299e-04 -2.83856520e-03  2.26599105e+00]
 [-2.05200677e-04  3.24302381e-04  8.15512454e-01]]","[[ 8.13186913e+02  4.92112412e+01  3.34066085e+02]
 [ 9.06628574e+01 -2.61916313e+02  7.80253700e+02]
 [ 1.68561895e-01  1.16538090e-01  1.00000000e+00]]",5,"[[ 1.34483991e-03  2.27381152e-05 -4.79695002e-01]
 [-2.38426913e-04 -3.01958920e-03  2.40778599e+00]
 [-3.24642213e-04  2.67846021e-04  9.05260694e-01]]","[[ 8.33061044e+02  3.67575950e+01  3.43669839e+02]
 [ 1.39523723e+02 -2.61796687e+02  7.70252408e+02]
 [ 2.57468272e-01  9.06415894e-02  1.00000000e+00]]",6
196,10.052723741000001,"[[ 1.32356333e-03  3.49651501e-05 -4.67477125e-01]
 [-1.61897008e-04 -2.83772414e-03  2.27417374e+00]
 [-2.03135024e-04  3.26056018e-04  8.12429550e-01]]","[[ 8.12468908e+02  4.82182792e+01  3.32525922e+02]
 [ 8.81100453e+01 -2.61407054e+02  7.82436443e+02]
 [ 1.67783262e-01  1.16967883e-01  1.00000000e+00]]",4,"[[ 1.35604530e-03  1.86408953e-05 -4.78794976e-01]
 [-2.48868248e-04 -3.02825291e-03  2.42385375e+00]
 [-3.03766537e-04  2.68409853e-04  8.96745141e-01]]","[[ 8.20651890e+02  3.54061882e+01  3.42465843e+02]
 [ 1.25094627e+02 -2.61003167e+02  7.72268678e+02]
 [ 2.40547668e-01  9.01159462e-02  1.00000000e+00]]",6
197,10.087996741000001,"[[ 1.32149297e-03  3.08745220e-05 -4.61596850e-01]
 [-1.74694146e-04 -2.83417603e-03  2.28192013e+00]
 [-2.04165890e-04  3.26831997e-04  8.11092390e-01]]","[[ 8.14070523e+02  4.70345074e+01  3.30965255e+02]
 [ 8.66848903e+01 -2.61396685e+02  7.84743931e+02]
 [ 1.69985613e-01  1.17169935e-01  1.00000000e+00]]",5,"[[ 1.34729219e-03  1.37054037e-05 -4.70067596e-01]
 [-2.58455240e-04 -3.02263606e-03  2.42827591e+00]
 [-3.18922820e-04  2.68636210e-04  9.00780602e-01]]","[[ 8.29489884e+02  3.40694204e+01  3.41022400e+02]
 [ 1.33114655e+02 -2.61426242e+02  7.74203984e+02]
 [ 2.53983973e-01  9.00264394e-02  1.00000000e+00]]",6
198,10.130145741,"[[ 1.32186773e-03  2.63698662e-05 -4.56740271e-01]
 [-1.82685676e-04 -2.83491301e-03  2.28920733e+00]
 [-2.01351697e-04  3.28127419e-04  8.08424024e-01]]","[[ 8.13069485e+02  4.57405945e+01  3.29841599e+02]
 [ 8.36988777e+01 -2.60961351e+02  7.86249873e+02]
 [ 1.68536585e-01  1.17312844e-01  1.00000000e+00]]",4,"[[ 1.35755140e-03  8.81799580e-06 -4.68641396e-01]
 [-2.68557781e-04 -3.03089898e-03  2.44218718e+00]
 [-2.98816396e-04  2.69481789e-04  8.92633255e-01]]","[[ 8.17951264e+02  3.26249893e+01  3.40172731e+02]
 [ 1.19166877e+02 -2.60626718e+02  7.75621743e+02]
 [ 2.37840059e-01  8.96034686e-02  1.00000000e+00]]",6
199,10.171601741,"[[ 1.31993444e-03  2.39805440e-05 -4.52881289e-01]
 [-1.91776514e-04 -2.82830035e-03  2.29168839e+00]
 [-2.03399084e-04  3.31572025e-04  8.05605298e-01]]","[[ 8.14883928e+02  4.54548319e+01  3.28792988e+02]
 [ 8.35792183e+01 -2.60483237e+02  7.87976292e+02]
 [ 1.71342113e-01  1.18686441e-01  1.00000000e+00]]",4,"[[ 1.35684729e-03  5.96176987e-06 -4.64990900e-01]
 [-2.77214538e-04 -3.02626117e-03  2.44590146e+00]
 [-2.99744248e-04  2.72631137e-04  8.89824485e-01]]","[[ 8.18529060e+02  3.21781539e+01  3.39284854e+02]
 [ 1.18521148e+02 -2.60195391e+02  7.77146001e+02]
 [ 2.39414430e-01  9.05600859e-02  1.00000000e+00]]",6
200,10.212942741,"[[ 1.32016726e-03  1.99807090e-05 -4.48977939e-01]
 [-1.98874101e-04 -2.83097112e-03  2.30130995e+00]
 [-2.02640911e-04  3.29959010e-04  8.05874819e-01]]","[[ 8.14475056e+02  4.39939655e+01  3.28137293e+02]
 [ 8.19824858e+01 -2.60597046e+02  7.89853322e+02]
 [ 1.71236405e-01  1.17761864e-01  1.00000000e+00]]",4,"[[ 1.35831974e-03  1.33143099e-06 -4.61197167e-01]
 [-2.84015967e-04 -3.03183137e-03  2.45746122e+00]
 [-2.98089667e-04  2.70036531e-04  8.90675035e-01]]","[[ 8.16932803e+02  3.05321768e+01  3.38771653e+02]
 [ 1.16464068e+02 -2.60415420e+02  7.78817939e+02]
 [ 2.38099942e-01  8.91716956e-02  1.00000000e+00]]",6
201,10.249530741000001,"[[ 1.32134061e-03  1.87063449e-05 -4.48077833e-01]
 [-2.02357244e-04 -2.83121182e-03  2.30590423e+00]
 [-1.99762710e-04  3.32534779e-04  8.02462034e-01]]","[[ 8.13102159e+02  4.38863762e+01  3.27909934e+02]
 [ 7.98054402e+01 -2.59770387e+02  7.91021451e+02]
 [ 1.69340605e-01  1.18572027e-01  1.00000000e+00]]",4,"[[ 1.36019626e-03 -4.01567652e-07 -4.60279677e-01]
 [-2.87464680e-04 -3.03403986e-03  2.46347422e+00]
 [-2.94820813e-04  2.71802217e-04  8.87864706e-01]]","[[ 8.14972255e+02  3.02273671e+01  3.38622342e+02]
 [ 1.14139362e+02 -2.59745311e+02  7.79861956e+02]
 [ 2.35674929e-01  8.95530679e-02  1.00000000e+00]]",6
202,10.292528741,"[[ 1.32102890e-03  1.77864992e-05 -4.46905173e-01]
 [-2.06017130e-04 -2.83022591e-03  2.30946742e+00]
 [-2.00041675e-04  3.32808851e-04  8.01905516e-01]]","[[ 8.13404632e+02  4.36387477e+01  3.27635197e+02]
 [ 7.94569925e+01 -2.59679468e+02  7.92151944e+02]
 [ 1.69933779e-01  1.18658859e-01  1.00000000e+00]]",4,"[[ 1.36035600e-03 -1.64720569e-06 -4.59084155e-01]
 [-2.91056370e-04 -3.03439074e-03  2.46799829e+00]
 [-2.94922590e-04  2.71528095e-04  8.87776195e-01]]","[[ 8.14854887e+02  2.98406049e+01  3.38419082e+02]
 [ 1.13720417e+02 -2.59741131e+02  7.80881391e+02]
 [ 2.35916244e-01  8.93554970e-02  1.00000000e+00]]",6
203,10.329176741000001,"[[ 1.31932469e-03  1.58017223e-05 -4.44418759e-01]
 [-2.11675189e-04 -2.83104287e-03  2.31345878e+00]
 [-2.04772835e-04  3.30284613e-04  8.05217920e-01]]","[[ 8.15630958e+02  4.27439656e+01  3.27358954e+02]
 [ 8.12732102e+01 -2.60292576e+02  7.92699056e+02]
 [ 1.74084269e-01  1.17637019e-01  1.00000000e+00]]",5,"[[ 1.35197717e-03 -3.82245936e-06 -4.54099145e-01]
 [-2.93793961e-04 -3.03226543e-03  2.46827201e+00]
 [-3.12545186e-04  2.68797564e-04  8.95670424e-01]]","[[ 8.24102036e+02  2.89310985e+01  3.38086645e+02]
 [ 1.23956122e+02 -2.60688553e+02  7.81245656e+02]
 [ 2.50371135e-01  8.83301730e-02  1.00000000e+00]]",6
204,10.370146741000001,"[[ 1.31952096e-03  1.69530526e-05 -4.44189824e-01]
 [-2.12661941e-04 -2.83146688e-03  2.31390627e+00]
 [-2.03040587e-04  3.32538493e-04  8.02680706e-01]]","[[ 8.15047797e+02  4.32189892e+01  3.26445181e+02]
 [ 8.01369773e+01 -2.59597074e+02  7.92692939e+02]
 [ 1.72969342e-01  1.18479525e-01  1.00000000e+00]]",5,"[[ 1.35274895e-03 -2.81222861e-06 -4.54027721e-01]
 [-2.94355962e-04 -3.03352758e-03  2.46905244e+00]
 [-3.10060465e-04  2.70907740e-04  8.92938231e-01]]","[[ 8.22925215e+02  2.93557217e+01  3.37257420e+02]
 [ 1.22480824e+02 -2.59998455e+02  7.81195702e+02]
 [ 2.48590063e-01  8.90740699e-02  1.00000000e+00]]",6
205,10.412062741000002,"[[ 1.31850749e-03  1.56505399e-05 -4.40615467e-01]
 [-2.18183080e-04 -2.83212229e-03  2.31549387e+00]
 [-2.03924186e-04  3.31239589e-04  8.03700265e-01]]","[[ 8.15694622e+02  4.24920498e+01  3.24769815e+02]
 [ 7.95632587e+01 -2.59955807e+02  7.92562735e+02]
 [ 1.74176079e-01  1.17920593e-01  1.00000000e+00]]",5,"[[ 1.35288777e-03 -4.14662169e-06 -4.50947689e-01]
 [-2.98690435e-04 -3.03484708e-03  2.47041412e+00]
 [-3.08963529e-04  2.70388361e-04  8.92557523e-01]]","[[ 8.22183821e+02  2.87870909e+01  3.35716019e+02]
 [ 1.20931069e+02 -2.60090525e+02  7.80974754e+02]
 [ 2.47968849e-01  8.87557497e-02  1.00000000e+00]]",6
206,10.445523741,"[[ 1.31718805e-03  1.38701455e-05 -4.36178915e-01]
 [-2.22590861e-04 -2.82978935e-03  2.31492180e+00]
 [-2.04103958e-04  3.30230213e-04  8.04122814e-01]]","[[ 8.16253734e+02  4.16705690e+01  3.22797158e+02]
 [ 7.88057079e+01 -2.60494864e+02  7.92663281e+02]
 [ 1.74819803e-01  1.17554683e-01  1.00000000e+00]]",5,"[[ 1.35309054e-03 -6.14946045e-06 -4.47037333e-01]
 [-3.01963819e-04 -3.03410166e-03  2.47032829e+00]
 [-3.07143081e-04  2.69346326e-04  8.92217783e-01]]","[[ 8.21093416e+02  2.79799411e+01  3.33931666e+02]
 [ 1.19136706e+02 -2.60500701e+02  7.80953731e+02]
 [ 2.46693276e-01  8.82730131e-02  1.00000000e+00]]",6
207,10.486949741,"[[ 1.31733683e-03  1.05480151e-05 -4.31971389e-01]
 [-2.26884053e-04 -2.82937175e-03  2.31650935e+00]
 [-2.02787207e-04  3.30517366e-04  8.03125037e-01]]","[[ 8.15601176e+02  4.06045153e+01  3.21563420e+02]
 [ 7.71958018e+01 -2.60517844e+02  7.92950500e+02]
 [ 1.74168311e-01  1.17465829e-01  1.00000000e+00]]",4,"[[ 1.36117109e-03 -9.48224441e-06 -4.45752141e-01]
 [-3.09100616e-04 -3.03663404e-03  2.47547523e+00]
 [-2.91431422e-04  2.71144936e-04  8.85173516e-01]]","[[ 8.12115405e+02  2.71909067e+01  3.32919771e+02]
 [ 1.08266462e+02 -2.59885397e+02  7.81315593e+02]
 [ 2.34214016e-01  8.85599178e-02  1.00000000e+00]]",6
208,10.521214741000001,"[[ 1.31688887e-03  6.98807180e-06 -4.27771252e-01]
 [-2.35545685e-04 -2.82807272e-03  2.32116513e+00]
 [-2.01794029e-04  3.30238237e-04  8.02472223e-01]]","[[ 8.15553089e+02  3.94546030e+01  3.20621088e+02]
 [ 7.50490340e+01 -2.60689320e+02  7.94054622e+02]
 [ 1.74198781e-01  1.17201919e-01  1.00000000e+00]]",4,"[[ 1.36189838e-03 -1.34377698e-05 -4.41793700e-01]
 [-3.17449493e-04 -3.03680377e-03  2.48100943e+00]
 [-2.89194631e-04  2.70855056e-04  8.84165639e-01]]","[[ 8.10860729e+02  2.60334921e+01  3.32114039e+02]
 [ 1.05509134e+02 -2.59989749e+02  7.82263254e+02]
 [ 2.32896278e-01  8.81602730e-02  1.00000000e+00]]",6
209,10.561570741,"[[ 1.31540290e-03  3.93321429e-06 -4.23311643e-01]
 [-2.44862264e-04 -2.82492457e-03  2.32566108e+00]
 [-2.02778714e-04  3.30431781e-04  8.01890298e-01]]","[[ 8.16633126e+02  3.85010816e+01  3.19432526e+02]
 [ 7.40903175e+01 -2.60829891e+02  7.95576679e+02]
 [ 1.75976714e-01  1.17215142e-01  1.00000000e+00]]",5,"[[ 1.35554700e-03 -1.72749680e-05 -4.35173676e-01]
 [-3.22530680e-04 -3.03503297e-03  2.48435269e+00]
 [-3.00946971e-04  2.68983300e-04  8.88901331e-01]]","[[ 8.17072354e+02  2.46859411e+01  3.31015137e+02]
 [ 1.11891714e+02 -2.60694451e+02  7.83381986e+02]
 [ 2.42769855e-01  8.72443433e-02  1.00000000e+00]]",6
210,10.611771741,"[[ 1.31395986e-03  2.04709565e-06 -4.19454823e-01]
 [-2.52132472e-04 -2.82201774e-03  2.32995251e+00]
 [-2.03106498e-04  3.30986914e-04  8.00714942e-01]]","[[ 8.17481866e+02  3.78889078e+01  3.17987516e+02]
 [ 7.31873546e+01 -2.60799136e+02  7.97223027e+02]
 [ 1.77106501e-01  1.17415799e-01  1.00000000e+00]]",5,"[[ 1.35588465e-03 -1.97311924e-05 -4.31663050e-01]
 [-3.29049350e-04 -3.03491023e-03  2.49028474e+00]
 [-2.99326501e-04  2.69079569e-04  8.87541649e-01]]","[[ 8.16137255e+02  2.39330131e+01  3.29783148e+02]
 [ 1.10000081e+02 -2.60633490e+02  7.84790862e+02]
 [ 2.41895955e-01  8.70887947e-02  1.00000000e+00]]",6
211,10.645859741,"[[ 1.31312614e-03  1.55130417e-06 -4.16863601e-01]
 [-2.57478348e-04 -2.82049367e-03  2.33430789e+00]
 [-2.03141042e-04  3.31710872e-04  7.99349927e-01]]","[[ 8.17893693e+02  3.76743875e+01  3.16515311e+02]
 [ 7.24707713e+01 -2.60571495e+02  7.98729694e+02]
 [ 1.77780006e-01  1.17705161e-01  1.00000000e+00]]",5,"[[ 1.35678346e-03 -2.08027630e-05 -4.29386356e-01]
 [-3.33621035e-04 -3.03638552e-03  2.49641337e+00]
 [-2.97551218e-04  2.69132215e-04  8.86196705e-01]]","[[ 8.14872517e+02  2.35363249e+01  3.28526097e+02]
 [ 1.08358141e+02 -2.60407484e+02  7.86069536e+02]
 [ 2.40695595e-01  8.69866754e-02  1.00000000e+00]]",6
212,10.694115741000001,"[[ 1.31374625e-03  2.98826583e-07 -4.13869931e-01]
 [-2.60721418e-04 -2.82005137e-03  2.33681487e+00]
 [-1.99714961e-04  3.33707947e-04  7.96069082e-01]]","[[ 8.16456203e+02  3.73437942e+01  3.14848478e+02]
 [ 6.99492138e+01 -2.59983997e+02  7.99534062e+02]
 [ 1.75507269e-01  1.18352593e-01  1.00000000e+00]]",4,"[[ 1.36467881e-03 -2.23134226e-05 -4.28897168e-01]
 [-3.40139035e-04 -3.03845107e-03  2.50230337e+00]
 [-2.81589436e-04  2.72381685e-04  8.77778913e-01]]","[[ 8.06112109e+02  2.34075959e+01  3.27151052e+02]
 [ 9.77480985e+01 -2.59289259e+02  7.86922835e+02]
 [ 2.28266890e-01  8.79685943e-02  1.00000000e+00]]",6
213,10.730465741000002,"[[ 1.31137142e-03 -3.72837923e-06 -4.06794376e-01]
 [-2.72668545e-04 -2.81644759e-03  2.34217639e+00]
 [-2.01586616e-04  3.32707018e-04  7.96376376e-01]]","[[ 8.18046229e+02  3.58307809e+01  3.12483649e+02]
 [ 6.90241620e+01 -2.60484592e+02  8.01354136e+02]
 [ 1.78235257e-01  1.17894077e-01  1.00000000e+00]]",4,"[[ 1.36471986e-03 -2.70695119e-05 -4.22335465e-01]
 [-3.51046006e-04 -3.03794893e-03  2.50935200e+00]
 [-2.80997929e-04  2.71190337e-04  8.77538060e-01]]","[[ 8.05310209e+02  2.18457037e+01  3.25105559e+02]
 [ 9.55531420e+01 -2.59639206e+02  7.88434911e+02]
 [ 2.28340423e-01  8.72329587e-02  1.00000000e+00]]",6
214,10.764575741,"[[ 1.33876939e-03 -8.01049541e-06 -4.08302054e-01]
 [-2.82085094e-04 -2.78422080e-03  2.32617275e+00]
 [-1.40079356e-04  3.62258329e-04  7.52104866e-01]]","[[ 7.87385029e+02  3.80423350e+01  3.09794408e+02]
 [ 3.04827566e+01 -2.54632552e+02  8.04097276e+02]
 [ 1.31967974e-01  1.29731521e-01  1.00000000e+00]]",3,"[[ 1.39365902e-03 -3.25513762e-05 -4.24123966e-01]
 [-3.59862351e-04 -2.98752709e-03  2.47877072e+00]
 [-2.18243998e-04  3.22073701e-04  8.15744410e-01]]","[[ 7.74890214e+02  2.63562759e+01  3.22795158e+02]
 [ 5.92581735e+01 -2.50114967e+02  7.90824260e+02]
 [ 1.83917459e-01  1.05802199e-01  1.00000000e+00]]",6
215,10.815863741000001,"[[ 1.30487062e-03 -1.32086729e-05 -3.89335176e-01]
 [-3.01763920e-04 -2.80358211e-03  2.35359359e+00]
 [-2.03074556e-04  3.35707313e-04  7.91501004e-01]]","[[ 8.21658088e+02  3.28340276e+01  3.06534595e+02]
 [ 6.52892091e+01 -2.60421840e+02  8.06501264e+02]
 [ 1.83120155e-01  1.18879536e-01  1.00000000e+00]]",4,"[[ 1.36442345e-03 -3.86226954e-05 -4.06012108e-01]
 [-3.77764916e-04 -3.03340911e-03  2.52559067e+00]
 [-2.76504564e-04  2.73538855e-04  8.71639425e-01]]","[[ 8.02920536e+02  1.86339354e+01  3.20010497e+02]
 [ 8.88569776e+01 -2.59307903e+02  7.92739074e+02]
 [ 2.26820118e-01  8.72874183e-02  1.00000000e+00]]",6
216,10.850692741000001,"[[ 1.34117565e-03 -2.04141207e-05 -3.91579581e-01]
 [-3.13219525e-04 -2.77634638e-03  2.34198267e+00]
 [-1.26611913e-04  3.61246970e-04  7.46197811e-01]]","[[ 7.82243233e+02  3.38405475e+01  3.04284598e+02]
 [ 1.68364118e+01 -2.55016976e+02  8.09219919e+02]
 [ 1.24577167e-01  1.29199959e-01  1.00000000e+00]]",3,"[[ 1.40308869e-03 -4.73230901e-05 -4.08713965e-01]
 [-3.89283314e-04 -2.98767489e-03  2.49934644e+00]
 [-1.97423250e-04  3.20377664e-04  8.08069537e-01]]","[[ 7.63582490e+02  2.20175255e+01  3.18112973e+02]
 [ 4.24808394e+01 -2.50119907e+02  7.95103367e+02]
 [ 1.69711911e-01  1.04544967e-01  1.00000000e+00]]",6
217,10.895988741,"[[ 1.33169552e-03 -2.47052284e-05 -3.80253788e-01]
 [-3.27414191e-04 -2.76448102e-03  2.34192615e+00]
 [-1.38162970e-04  3.69502401e-04  7.41662730e-01]]","[[ 7.90251133e+02  3.31157485e+01  3.00596674e+02]
 [ 2.18825823e+01 -2.53455173e+02  8.11547093e+02]
 [ 1.36312333e-01  1.32442499e-01  1.00000000e+00]]",3,"[[ 1.39723583e-03 -5.26224160e-05 -3.98109453e-01]
 [-4.01544645e-04 -2.97912847e-03  2.50077243e+00]
 [-2.05215117e-04  3.29886203e-04  8.01717833e-01]]","[[ 7.68078430e+02  2.13072192e+01  3.14942199e+02]
 [ 4.57183674e+01 -2.48224523e+02  7.96981095e+02]
 [ 1.77792536e-01  1.07591980e-01  1.00000000e+00]]",6
218,10.932097741000002,"[[ 1.29668128e-03 -2.99983986e-05 -3.60814019e-01]
 [-3.49474031e-04 -2.78659669e-03  2.37261898e+00]
 [-2.03719602e-04  3.37882221e-04  7.85427157e-01]]","[[ 8.25190425e+02  2.71402328e+01  2.97095460e+02]
 [ 5.76361668e+01 -2.60759651e+02  8.14180193e+02]
 [ 1.89238719e-01  1.19215445e-01  1.00000000e+00]]",4,"[[ 1.36659846e-03 -5.88499478e-05 -3.79319118e-01]
 [-4.22048979e-04 -3.02911449e-03  2.55210514e+00]
 [-2.67361710e-04  2.75271745e-04  8.63452029e-01]]","[[ 7.96753664e+02  1.28713528e+01  3.11974311e+02]
 [ 7.63410247e+01 -2.58998038e+02  7.99057514e+02]
 [ 2.22371236e-01  8.65550674e-02  1.00000000e+00]]",6
219,10.970034741000001,"[[ 1.29502503e-03 -3.70888820e-05 -3.51569733e-01]
 [-3.62740145e-04 -2.78577007e-03  2.38300395e+00]
 [-2.02832879e-04  3.35698446e-04  7.85536994e-01]]","[[ 8.25246416e+02  2.45469145e+01  2.94876333e+02]
 [ 5.47916347e+01 -2.61241424e+02  8.17023805e+02]
 [ 1.89671067e-01  1.17979499e-01  1.00000000e+00]]",4,"[[ 1.36807059e-03 -6.73071569e-05 -3.70382449e-01]
 [-4.34507216e-04 -3.03312665e-03  2.56566183e+00]
 [-2.63925540e-04  2.72196361e-04  8.63708834e-01]]","[[ 7.94036689e+02  1.02142256e+01  3.10163558e+02]
 [ 7.22354838e+01 -2.59372853e+02  8.01448078e+02]
 [ 2.19870770e-01  8.48620959e-02  1.00000000e+00]]",6
220,11.009198741,"[[ 1.31236513e-03 -7.12025489e-05 -3.35986220e-01]
 [-3.85627765e-04 -2.83186191e-03  2.43368860e+00]
 [-2.18584578e-04  2.86747399e-04  8.30969281e-01]]","[[ 8.14938594e+02  9.92977866e+00  3.00422836e+02]
 [ 5.64978442e+01 -2.71667298e+02  8.18485254e+02]
 [ 1.94871703e-01  9.63578190e-02  1.00000000e+00]]",3,"[[ 1.38219759e-03 -9.80426281e-05 -3.55715367e-01]
 [-4.58699350e-04 -3.06979690e-03  2.60994932e+00]
 [-2.80345076e-04  2.29922571e-04  9.03439250e-01]]","[[ 7.86714412e+02 -1.58314046e+00  3.14330291e+02]
 [ 7.39917524e+01 -2.67956699e+02  8.03234318e+02]
 [ 2.25293663e-01  6.77029117e-02  1.00000000e+00]]",6
221,11.042157741,"[[ 1.31265788e-03 -7.46956851e-05 -3.32988069e-01]
 [-3.91806321e-04 -2.83165521e-03  2.43743714e+00]
 [-2.20166399e-04  2.86596522e-04  8.31325430e-01]]","[[ 8.14835961e+02  8.89868650e+00  3.00292347e+02]
 [ 5.63023273e+01 -2.71719765e+02  8.19231345e+02]
 [ 1.96389334e-01  9.60311431e-02  1.00000000e+00]]",3,"[[ 1.38373828e-03 -1.02150959e-04 -3.52798391e-01]
 [-4.64453103e-04 -3.07156116e-03  2.61492757e+00]
 [-2.80935740e-04  2.29399187e-04  9.03904718e-01]]","[[ 7.85600610e+02 -2.65330744e+00  3.14299541e+02]
 [ 7.32500279e+01 -2.67970997e+02  8.03809543e+02]
 [ 2.25576643e-01  6.71828775e-02  1.00000000e+00]]",6
222,11.081775741000001,"[[ 1.31010079e-03 -7.22296657e-05 -3.33090496e-01]
 [-3.93315033e-04 -2.82722722e-03  2.43422619e+00]
 [-2.18080568e-04  2.93552919e-04  8.24778241e-01]]","[[ 8.16215039e+02  1.02364762e+01  2.99420574e+02]
 [ 5.53161159e+01 -2.70044053e+02  8.19339725e+02]
 [ 1.96128394e-01  9.88200130e-02  1.00000000e+00]]",3,"[[ 1.38124166e-03 -9.96357258e-05 -3.52929014e-01]
 [-4.66079477e-04 -3.06707751e-03  2.61175459e+00]
 [-2.78622607e-04  2.36668227e-04  8.97091104e-01]]","[[ 7.86764906e+02 -1.36714787e+00  3.13505302e+02]
 [ 7.22838215e+01 -2.66358933e+02  8.03904107e+02]
 [ 2.25287269e-01  6.98455015e-02  1.00000000e+00]]",6
223,11.121464741,"[[ 1.29813514e-03 -4.66730238e-05 -3.44200192e-01]
 [-3.77294469e-04 -2.79519563e-03  2.39807123e+00]
 [-1.97096496e-04  3.38187446e-04  7.81364565e-01]]","[[ 8.21431774e+02  2.19232647e+01  2.94565986e+02]
 [ 4.87766145e+01 -2.59582258e+02  8.18165673e+02]
 [ 1.86091988e-01  1.17881541e-01  1.00000000e+00]]",4,"[[ 1.37273203e-03 -7.77974788e-05 -3.63049715e-01]
 [-4.49484265e-04 -3.04441280e-03  2.58224957e+00]
 [-2.56835996e-04  2.75060361e-04  8.58888981e-01]]","[[ 7.89032556e+02  7.84056856e+00  3.09948953e+02]
 [ 6.57686036e+01 -2.57652170e+02  8.02431387e+02]
 [ 2.14884148e-01  8.48580442e-02  1.00000000e+00]]",6
224,11.166034741,"[[ 1.30077422e-03 -4.73219187e-05 -3.47786081e-01]
 [-3.72317578e-04 -2.80171050e-03  2.39676323e+00]
 [-1.96182513e-04  3.35997810e-04  7.84106312e-01]]","[[ 8.19807917e+02  2.17776337e+01  2.97054045e+02]
 [ 4.86799308e+01 -2.59888782e+02  8.15988941e+02]
 [ 1.84255151e-01  1.16813819e-01  1.00000000e+00]]",4,"[[ 1.37283039e-03 -7.74354489e-05 -3.66369827e-01]
 [-4.45671154e-04 -3.04640249e-03  2.57815633e+00]
 [-2.57831511e-04  2.74081843e-04  8.61009180e-01]]","[[ 7.89622849e+02  8.00214573e+00  3.12032915e+02]
 [ 6.66404238e+01 -2.57916541e+02  8.00646752e+02]
 [ 2.15241284e-01  8.44978754e-02  1.00000000e+00]]",6
225,11.208361741000001,"[[ 1.30577524e-03 -4.46201666e-05 -3.56008255e-01]
 [-3.62637150e-04 -2.80556913e-03  2.39289609e+00]
 [-1.91863353e-04  3.38665473e-04  7.81948677e-01]]","[[ 8.16442839e+02  2.32841813e+01  3.00459315e+02]
 [ 4.77074412e+01 -2.58924384e+02  8.14073108e+02]
 [ 1.79664729e-01  1.17854449e-01  1.00000000e+00]]",4,"[[ 1.37462231e-03 -7.38035882e-05 -3.73970420e-01]
 [-4.37546964e-04 -3.04614654e-03  2.57208984e+00]
 [-2.56565442e-04  2.77130336e-04  8.59343155e-01]]","[[ 7.89291501e+02  9.53076160e+00  3.14958812e+02]
 [ 6.72828739e+01 -2.57210648e+02  7.99134427e+02]
 [ 2.13952710e-01  8.57935935e-02  1.00000000e+00]]",6
226,11.242056741,"[[ 1.30945595e-03 -4.20677167e-05 -3.63848711e-01]
 [-3.56660368e-04 -2.80935507e-03  2.39283835e+00]
 [-1.89566650e-04  3.38094620e-04  7.82704930e-01]]","[[ 8.14326261e+02  2.43896191e+01  3.03985749e+02]
 [ 4.72266493e+01 -2.58801778e+02  8.13147010e+02]
 [ 1.76825288e-01  1.17698182e-01  1.00000000e+00]]",4,"[[ 1.37527654e-03 -7.06034992e-05 -3.81039715e-01]
 [-4.33245385e-04 -3.04701432e-03  2.57085595e+00]
 [-2.57557276e-04  2.76126807e-04  8.61429132e-01]]","[[ 7.90004537e+02  1.05175480e+01  3.18057508e+02]
 [ 6.84499553e+01 -2.57413925e+02  7.98505930e+02]
 [ 2.14260863e-01  8.56573726e-02  1.00000000e+00]]",6
227,11.285465741000001,"[[ 1.31196821e-03 -3.99072203e-05 -3.68885639e-01]
 [-3.54010984e-04 -2.81605436e-03  2.39596131e+00]
 [-1.87817151e-04  3.36190624e-04  7.84338566e-01]]","[[ 8.12748034e+02  2.49993492e+01  3.05880158e+02]
 [ 4.64685998e+01 -2.58781744e+02  8.12369394e+02]
 [ 1.74702251e-01  1.16907808e-01  1.00000000e+00]]",4,"[[ 1.37601272e-03 -6.80141705e-05 -3.85653856e-01]
 [-4.31569778e-04 -3.05211187e-03  2.57332151e+00]
 [-2.57671056e-04  2.73928292e-04  8.63806596e-01]]","[[ 7.90083423e+02  1.10875693e+01  3.19709110e+02]
 [ 6.86382003e+01 -2.57557788e+02  7.97921186e+02]
 [ 2.13913260e-01  8.49835033e-02  1.00000000e+00]]",6
228,11.330225741000001,"[[ 1.31260203e-03 -2.65658647e-05 -3.79822141e-01]
 [-3.49268658e-04 -2.80209877e-03  2.37978224e+00]
 [-1.85665253e-04  3.54554094e-04  7.69169246e-01]]","[[ 8.13341513e+02  3.09801904e+01  3.05783167e+02]
 [ 4.69707546e+01 -2.54681871e+02  8.11171181e+02]
 [ 1.74676231e-01  1.24875566e-01  1.00000000e+00]]",4,"[[ 1.36260797e-03 -7.26166482e-05 -3.77613372e-01]
 [-4.24317619e-04 -3.05077442e-03  2.56568882e+00]
 [-2.82686549e-04  2.54697935e-04  8.87460615e-01]]","[[ 8.02545511e+02  7.57743058e+00  3.19575407e+02]
 [ 8.32701433e+01 -2.63266841e+02  7.96547698e+02]
 [ 2.31739960e-01  7.79702866e-02  1.00000000e+00]]",6
229,11.372760741,"[[ 1.30851860e-03 -3.68778679e-05 -3.70479091e-01]
 [-3.47936734e-04 -2.81358381e-03  2.38413289e+00]
 [-1.94460108e-04  3.35221303e-04  7.88121720e-01]]","[[ 8.16536208e+02  2.57489022e+01  3.05943589e+02]
 [ 5.12665854e+01 -2.59639857e+02  8.09531199e+02]
 [ 1.79665227e-01  1.16788998e-01  1.00000000e+00]]",5,"[[ 1.36766384e-03 -6.42445327e-05 -3.85936241e-01]
 [-4.19603459e-04 -3.05029150e-03  2.55916147e+00]
 [-2.71823189e-04  2.71167072e-04  8.71269330e-01]]","[[ 7.98237862e+02  1.15937205e+01  3.19532327e+02]
 [ 7.86075215e+01 -2.58815637e+02  7.95033721e+02]
 [ 2.24573255e-01  8.41688306e-02  1.00000000e+00]]",6
230,11.413437741000001,"[[ 1.31127932e-03 -3.53253849e-05 -3.73495591e-01]
 [-3.39557287e-04 -2.81810187e-03  2.38000641e+00]
 [-1.89962830e-04  3.34648327e-04  7.87978295e-01]]","[[ 8.13815212e+02  2.62060474e+01  3.06589451e+02]
 [ 4.97797048e+01 -2.59570525e+02  8.07600944e+02]
 [ 1.75050438e-01  1.16555262e-01  1.00000000e+00]]",4,"[[ 1.37297886e-03 -6.16275813e-05 -3.90579349e-01]
 [-4.17197199e-04 -3.04754508e-03  2.55238013e+00]
 [-2.60534004e-04  2.75040005e-04  8.65098354e-01]]","[[ 7.92990902e+02  1.28532020e+01  3.20101884e+02]
 [ 7.22257870e+01 -2.57962396e+02  7.93699343e+02]
 [ 2.15855357e-01  8.58846564e-02  1.00000000e+00]]",6
231,11.453508741,"[[ 1.30921057e-03 -3.28849453e-05 -3.75639500e-01]
 [-3.38663162e-04 -2.81404707e-03  2.37399698e+00]
 [-1.94785268e-04  3.34515753e-04  7.89995721e-01]]","[[ 8.16499491e+02  2.69742383e+01  3.07182297e+02]
 [ 5.27362560e+01 -2.60086397e+02  8.06655181e+02]
 [ 1.78989531e-01  1.16781875e-01  1.00000000e+00]]",5,"[[ 1.36577124e-03 -5.90849967e-05 -3.90895471e-01]
 [-4.10846320e-04 -3.04579155e-03  2.54556511e+00]
 [-2.74452657e-04  2.71842723e-04  8.72516195e-01]]","[[ 8.00523960e+02  1.30754736e+01  3.20494592e+02]
 [ 8.12993601e+01 -2.59163887e+02  7.92533254e+02]
 [ 2.26477502e-01  8.48584994e-02  1.00000000e+00]]",6
232,11.491578741000001,"[[ 1.31143089e-03 -3.04896943e-05 -3.78762370e-01]
 [-3.30339422e-04 -2.81572434e-03  2.37013648e+00]
 [-1.90594109e-04  3.36218572e-04  7.87735852e-01]]","[[ 8.14252049e+02  2.79064258e+01  3.07547254e+02]
 [ 5.17227578e+01 -2.59505576e+02  8.05668888e+02]
 [ 1.74933630e-01  1.17513243e-01  1.00000000e+00]]",4,"[[ 1.37140804e-03 -5.59081988e-05 -3.95746105e-01]
 [-4.08337146e-04 -3.04193524e-03  2.54031541e+00]
 [-2.62483478e-04  2.77467006e-04  8.64458288e-01]]","[[ 7.94952700e+02  1.46561558e+01  3.20857790e+02]
 [ 7.48112097e+01 -2.57869060e+02  7.92027794e+02]
 [ 2.17366540e-01  8.72189622e-02  1.00000000e+00]]",6
233,11.531783741,"[[ 1.31298941e-03 -3.00884150e-05 -3.80740316e-01]
 [-3.25454012e-04 -2.82266875e-03  2.37122110e+00]
 [-1.90377543e-04  3.33067319e-04  7.90761707e-01]]","[[ 8.13211605e+02  2.77237420e+01  3.08415695e+02]
 [ 5.22267252e+01 -2.59902159e+02  8.04503175e+02]
 [ 1.73784606e-01  1.16144842e-01  1.00000000e+00]]",4,"[[ 1.37200762e-03 -5.51551509e-05 -3.97585239e-01]
 [-4.03706351e-04 -3.04759274e-03  2.54055178e+00]
 [-2.63078103e-04  2.74420603e-04  8.67527493e-01]]","[[ 7.94809357e+02  1.45725477e+01  3.21583072e+02]
 [ 7.56823130e+01 -2.58269515e+02  7.91026511e+02]
 [ 2.17086090e-01  8.61162266e-02  1.00000000e+00]]",6
234,11.570242741000001,"[[ 1.31170065e-03 -2.84776480e-05 -3.82832063e-01]
 [-3.24626077e-04 -2.81911471e-03  2.36564244e+00]
 [-1.94621681e-04  3.34189150e-04  7.91667381e-01]]","[[ 8.15297715e+02  2.84303332e+01  3.09304272e+02]
 [ 5.48705387e+01 -2.60022285e+02  8.03526794e+02]
 [ 1.77268227e-01  1.16753308e-01  1.00000000e+00]]",5,"[[ 1.36510410e-03 -5.33794762e-05 -3.97717830e-01]
 [-3.97554323e-04 -3.04553317e-03  2.53362640e+00]
 [-2.77153712e-04  2.72931941e-04  8.73731736e-01]]","[[ 8.02281504e+02  1.48157775e+01  3.22231644e+02]
 [ 8.49184896e+01 -2.59053801e+02  7.89852445e+02]
 [ 2.27962795e-01  8.56215946e-02  1.00000000e+00]]",6
235,11.608448741,"[[ 1.31454231e-03 -2.80398300e-05 -3.84891984e-01]
 [-3.18845389e-04 -2.82574261e-03  2.36736383e+00]
 [-1.91364442e-04  3.31155687e-04  7.93451033e-01]]","[[ 8.12691160e+02  2.82559358e+01  3.09919859e+02]
 [ 5.37239506e+01 -2.60338574e+02  8.02814561e+02]
 [ 1.73582480e-01  1.15469987e-01  1.00000000e+00]]",4,"[[ 1.37176418e-03 -5.23483496e-05 -4.01531160e-01]
 [-3.97729962e-04 -3.04752325e-03  2.53472112e+00]
 [-2.65622617e-04  2.73296168e-04  8.69960608e-01]]","[[ 7.95932630e+02  1.52800009e+01  3.22843597e+02]
 [ 7.78972141e+01 -2.58663765e+02  7.89597437e+02]
 [ 2.18548629e-01  8.59240393e-02  1.00000000e+00]]",6
236,11.643903741,"[[ 1.32366750e-03 -3.52042240e-05 -3.84872142e-01]
 [-3.19509100e-04 -2.84503475e-03  2.38179315e+00]
 [-1.90075834e-04  3.15661883e-04  8.06121217e-01]]","[[ 8.06243289e+02  2.46511611e+01  3.12095266e+02]
 [ 5.16684238e+01 -2.63131547e+02  8.02125834e+02]
 [ 1.69872236e-01  1.08849870e-01  1.00000000e+00]]",4,"[[ 1.37972798e-03 -5.92449170e-05 -4.01312159e-01]
 [-3.99432957e-04 -3.06488664e-03  2.54818390e+00]
 [-2.65899633e-04  2.58135556e-04  8.82657923e-01]]","[[ 7.90857802e+02  1.20638352e+01  3.24746398e+02]
 [ 7.64275398e+01 -2.61293814e+02  7.89089378e+02]
 [ 2.15893529e-01  8.00502567e-02  1.00000000e+00]]",6
237,11.680333741,"[[ 1.31410889e-03 -2.56217496e-05 -3.86754321e-01]
 [-3.17440415e-04 -2.82596973e-03  2.36428893e+00]
 [-1.92220632e-04  3.33815099e-04  7.91919893e-01]]","[[ 8.13371268e+02  2.92372164e+01  3.09942493e+02]
 [ 5.45648945e+01 -2.59642059e+02  8.01813490e+02]
 [ 1.74426927e-01  1.16542641e-01  1.00000000e+00]]",4,"[[ 1.37093764e-03 -4.96161576e-05 -4.03431658e-01]
 [-3.96334130e-04 -3.04673457e-03  2.53088931e+00]
 [-2.66555140e-04  2.76419195e-04  8.68038327e-01]]","[[ 7.96909513e+02  1.63104373e+01  3.22818251e+02]
 [ 7.87762622e+01 -2.57947655e+02  7.88695362e+02]
 [ 2.19627463e-01  8.71497395e-02  1.00000000e+00]]",6
238,11.719767741,"[[ 1.31199298e-03 -2.68772757e-05 -3.84794065e-01]
 [-3.21283156e-04 -2.82525723e-03  2.36255763e+00]
 [-1.96884081e-04  3.31683769e-04  7.95293125e-01]]","[[ 8.15677484e+02  2.85987999e+01  3.09699071e+02]
 [ 5.64241707e+01 -2.60448793e+02  8.01009025e+02]
 [ 1.78398286e-01  1.15702353e-01  1.00000000e+00]]",5,"[[ 1.36401714e-03 -5.09499573e-05 -3.99711024e-01]
 [-3.94146883e-04 -3.04843168e-03  2.52803774e+00]
 [-2.80201985e-04  2.71809786e-04  8.76276452e-01]]","[[ 8.03795522e+02  1.53174092e+01  3.22458674e+02]
 [ 8.68747329e+01 -2.59264186e+02  7.87598973e+02]
 [ 2.30077731e-01  8.53184072e-02  1.00000000e+00]]",6
239,11.765453741,"[[ 1.31245003e-03 -2.83794453e-05 -3.83478939e-01]
 [-3.23152343e-04 -2.82530093e-03  2.36111501e+00]
 [-1.97365811e-04  3.28739077e-04  7.97991379e-01]]","[[ 8.15325045e+02  2.78211896e+01  3.09490755e+02]
 [ 5.59906689e+01 -2.61387190e+02  8.00304961e+02]
 [ 1.78587102e-01  1.14561557e-01  1.00000000e+00]]",5,"[[ 1.36444252e-03 -5.21900284e-05 -3.98593567e-01]
 [-3.95789835e-04 -3.04735526e-03  2.52561383e+00]
 [-2.80396965e-04  2.69663844e-04  8.78143590e-01]]","[[ 8.03399303e+02  1.47551747e+01  3.22229672e+02]
 [ 8.63002849e+01 -2.59994426e+02  7.86937654e+02]
 [ 2.30029191e-01  8.45515509e-02  1.00000000e+00]]",6
240,11.812031741,"[[ 1.31105742e-03 -2.96972329e-05 -3.81968680e-01]
 [-3.25515554e-04 -2.82499046e-03  2.36129742e+00]
 [-1.99379405e-04  3.27895590e-04  7.99319483e-01]]","[[ 8.16592819e+02  2.73357296e+01  3.09469616e+02]
 [ 5.67145001e+01 -2.61700664e+02  8.00201017e+02]
 [ 1.80422670e-01  1.14172965e-01  1.00000000e+00]]",5,"[[ 1.36315004e-03 -5.34709140e-05 -3.97145992e-01]
 [-3.98101103e-04 -3.04692758e-03  2.52570025e+00]
 [-2.82183032e-04  2.69017169e-04  8.79249753e-01]]","[[ 8.04479842e+02  1.43303022e+01  3.22208674e+02]
 [ 8.68754423e+01 -2.60253393e+02  7.86834788e+02]
 [ 2.31606065e-01  8.42268069e-02  1.00000000e+00]]",6
241,11.856690741000001,"[[ 1.31312259e-03 -3.08642702e-05 -3.81987762e-01]
 [-3.24401025e-04 -2.82913959e-03  2.36364366e+00]
 [-1.94643946e-04  3.26947394e-04  7.98739559e-01]]","[[ 8.14098513e+02  2.69092254e+01  3.09702764e+02]
 [ 5.39479046e+01 -2.61607047e+02  7.99951962e+02]
 [ 1.76304302e-01  1.13640872e-01  1.00000000e+00]]",4,"[[ 1.36991451e-03 -5.41996376e-05 -3.99153715e-01]
 [-4.03464853e-04 -3.04667861e-03  2.52786058e+00]
 [-2.67913550e-04  2.71779384e-04  8.72513655e-01]]","[[ 7.97340894e+02  1.45849118e+01  3.22508370e+02]
 [ 7.75152180e+01 -2.59400709e+02  7.87001221e+02]
 [ 2.20685820e-01  8.52791930e-02  1.00000000e+00]]",6
242,11.891465741000001,"[[ 1.31297988e-03 -3.08199174e-05 -3.81825055e-01]
 [-3.25512624e-04 -2.82825227e-03  2.36319875e+00]
 [-1.93674071e-04  3.28023160e-04  7.97560608e-01]]","[[ 8.13995021e+02  2.70357202e+01  3.09585141e+02]
 [ 5.31961439e+01 -2.61377495e+02  7.99937440e+02]
 [ 1.75786218e-01  1.14065300e-01  1.00000000e+00]]",4,"[[ 1.36977352e-03 -5.41419704e-05 -3.99004652e-01]
 [-4.04642371e-04 -3.04562845e-03  2.52731991e+00]
 [-2.66885014e-04  2.73014662e-04  8.71185033e-01]]","[[ 7.97214374e+02  1.47282862e+01  3.22398965e+02]
 [ 7.67778286e+01 -2.59157838e+02  7.86984909e+02]
 [ 2.20163443e-01  8.57276531e-02  1.00000000e+00]]",6
243,11.931189741,"[[ 1.31342712e-03 -3.13294783e-05 -3.80716077e-01]
 [-3.25259887e-04 -2.83053546e-03  2.36239220e+00]
 [-1.92493668e-04  3.26230824e-04  7.98771783e-01]]","[[ 8.13230857e+02  2.66038312e+01  3.08926008e+02]
 [ 5.22915110e+01 -2.61768051e+02  7.99110625e+02]
 [ 1.74621451e-01  1.13321324e-01  1.00000000e+00]]",4,"[[ 1.37040507e-03 -5.44269155e-05 -3.98153139e-01]
 [-4.04183070e-04 -3.04707153e-03  2.52569057e+00]
 [-2.65088902e-04  2.71998613e-04  8.71447326e-01]]","[[ 7.96228931e+02  1.44999908e+01  3.21761912e+02]
 [ 7.55906136e+01 -2.59352618e+02  7.86210573e+02]
 [ 2.18614373e-01  8.53606833e-02  1.00000000e+00]]",6
244,11.973910741000001,"[[ 1.31147411e-03 -3.26974733e-05 -3.77599299e-01]
 [-3.30086084e-04 -2.82696967e-03  2.36017060e+00]
 [-1.94039075e-04  3.25449954e-04  7.99720241e-01]]","[[ 8.14595384e+02  2.60175592e+01  3.07838610e+02]
 [ 5.21715014e+01 -2.62363408e+02  7.98932293e+02]
 [ 1.76416846e-01  1.13082773e-01  1.00000000e+00]]",4,"[[ 1.36916482e-03 -5.56896039e-05 -3.95413260e-01]
 [-4.08666071e-04 -3.04304115e-03  2.52289980e+00]
 [-2.65435822e-04  2.72168323e-04  8.71220740e-01]]","[[ 7.96769611e+02  1.41080066e+01  3.20768514e+02]
 [ 7.48665313e+01 -2.59689743e+02  7.85994166e+02]
 [ 2.19364496e-01  8.54250695e-02  1.00000000e+00]]",6
245,12.005787741,"[[ 1.30670326e-03 -3.46005423e-05 -3.72917658e-01]
 [-3.39202040e-04 -2.81909984e-03  2.35754731e+00]
 [-2.00410266e-04  3.24575506e-04  8.01974119e-01]]","[[ 8.18854579e+02  2.52447893e+01  3.06555461e+02]
 [ 5.42409434e+01 -2.63351448e+02  7.99391013e+02]
 [ 1.82676197e-01  1.12892352e-01  1.00000000e+00]]",5,"[[ 1.36041527e-03 -5.80912936e-05 -3.89025107e-01]
 [-4.10378909e-04 -3.04021167e-03  2.52046516e+00]
 [-2.80296387e-04  2.68022645e-04  8.78917885e-01]]","[[ 8.04761368e+02  1.27915264e+01  3.19519930e+02]
 [ 8.31262941e+01 -2.61227376e+02  7.85912685e+02]
 [ 2.31298029e-01  8.37396443e-02  1.00000000e+00]]",6
246,12.050425741000002,"[[ 1.30718037e-03 -3.52441291e-05 -3.71655214e-01]
 [-3.40881956e-04 -2.81781671e-03  2.35681492e+00]
 [-1.99224616e-04  3.24919272e-04  8.01198257e-01]]","[[ 8.18151551e+02  2.50365825e+01  3.05871482e+02]
 [ 5.31528526e+01 -2.63372154e+02  7.99395093e+02]
 [ 1.81884498e-01  1.13033935e-01  1.00000000e+00]]",5,"[[ 1.36150507e-03 -5.88218766e-05 -3.87964876e-01]
 [-4.11725776e-04 -3.03943301e-03  2.51989430e+00]
 [-2.78376465e-04  2.68464487e-04  8.77798093e-01]]","[[ 8.03501104e+02  1.26179088e+01  3.18905238e+02]
 [ 8.16993494e+01 -2.61176374e+02  7.85867886e+02]
 [ 2.29827821e-01  8.38793233e-02  1.00000000e+00]]",6
247,12.092244741,"[[ 1.30717908e-03 -3.55052150e-05 -3.71127687e-01]
 [-3.41083602e-04 -2.81788975e-03  2.35659534e+00]
 [-1.98442126e-04  3.25449457e-04  8.00515794e-01]]","[[ 8.17924169e+02  2.49921256e+01  3.05625423e+02]
 [ 5.26586070e+01 -2.63224099e+02  7.99304344e+02]
 [ 1.81349197e-01  1.13209048e-01  1.00000000e+00]]",5,"[[ 1.36171720e-03 -5.91519675e-05 -3.87482517e-01]
 [-4.11831812e-04 -3.03972937e-03  2.51977092e+00]
 [-2.77342531e-04  2.68986933e-04  8.77024003e-01]]","[[ 8.03076928e+02  1.25732256e+01  3.18687539e+02]
 [ 8.10962276e+01 -2.61021722e+02  7.85769047e+02]
 [ 2.29085592e-01  8.40325035e-02  1.00000000e+00]]",6
248,12.133131741000001,"[[ 1.30847060e-03 -3.62138758e-05 -3.70124027e-01]
 [-3.40602389e-04 -2.82033257e-03  2.35795187e+00]
 [-1.95049532e-04  3.25007786e-04  7.99734193e-01]]","[[ 8.16135353e+02  2.46665356e+01  3.04987334e+02]
 [ 5.06463448e+01 -2.63118139e+02  7.99222219e+02]
 [ 1.78467250e-01  1.12945827e-01  1.00000000e+00]]",4,"[[ 1.36847648e-03 -5.94372824e-05 -3.88753100e-01]
 [-4.18231341e-04 -3.03727339e-03  2.52069296e+00]
 [-2.63444244e-04  2.72930844e-04  8.69282089e-01]]","[[ 7.95978671e+02  1.30186790e+01  3.18220158e+02]
 [ 7.18679225e+01 -2.60009671e+02  7.86100891e+02]
 [ 2.18664377e-01  8.55813734e-02  1.00000000e+00]]",6
249,12.169841741,"[[ 1.32734785e-03 -7.19642577e-05 -3.56256312e-01]
 [-3.61973312e-04 -2.86854570e-03  2.40612460e+00]
 [-2.18102826e-04  2.66934625e-04  8.54588489e-01]]","[[ 8.06995611e+02  8.76389210e+00  3.11740993e+02]
 [ 5.61988600e+01 -2.75624407e+02  7.99458304e+02]
 [ 1.88402493e-01  8.83292116e-02  1.00000000e+00]]",3,"[[ 1.38263383e-03 -9.02643062e-05 -3.76038435e-01]
 [-4.40940323e-04 -3.07229986e-03  2.55990491e+00]
 [-2.87673172e-04  2.23801776e-04  9.16925425e-01]]","[[ 7.90635372e+02  3.24752897e-01  3.23339220e+02]
 [ 7.74562439e+01 -2.70449168e+02  7.86815000e+02]
 [ 2.29145942e-01  6.61127122e-02  1.00000000e+00]]",6
250,12.201066741,"[[ 1.32225467e-03 -6.26250732e-05 -3.57319858e-01]
 [-3.58742773e-04 -2.86000282e-03  2.39568668e+00]
 [-2.07144590e-04  2.82889886e-04  8.37785374e-01]]","[[ 8.08014830e+02  1.27797820e+01  3.08078177e+02]
 [ 5.14453200e+01 -2.71744632e+02  7.99008254e+02]
 [ 1.82412519e-01  9.49181892e-02  1.00000000e+00]]",4,"[[ 1.38203057e-03 -8.45817944e-05 -3.76735559e-01]
 [-4.19559599e-04 -3.08959417e-03  2.55677248e+00]
 [-2.76135397e-04  2.35046072e-04  9.04244575e-01]]","[[ 7.88476691e+02  2.80289466e+00  3.20577917e+02]
 [ 7.58653871e+01 -2.66099186e+02  7.84009420e+02]
 [ 2.21062385e-01  7.00248017e-02  1.00000000e+00]]",6
251,12.241210741000002,"[[ 1.32234629e-03 -6.61176045e-05 -3.53321469e-01]
 [-3.62657298e-04 -2.86019304e-03  2.39798342e+00]
 [-2.08587153e-04  2.79432265e-04  8.40678072e-01]]","[[ 8.07792811e+02  1.13358301e+01  3.07165631e+02]
 [ 5.13145353e+01 -2.72708887e+02  7.99452178e+02]
 [ 1.83371341e-01  9.34580941e-02  1.00000000e+00]]",4,"[[ 1.38295087e-03 -8.73552702e-05 -3.73458888e-01]
 [-4.22063925e-04 -3.08976581e-03  2.55816994e+00]
 [-2.75306150e-04  2.33577940e-04  9.04790114e-01]]","[[ 7.87292072e+02  1.90112108e+00  3.19585533e+02]
 [ 7.48052988e+01 -2.66473558e+02  7.84293881e+02]
 [ 2.20242771e-01  6.93704917e-02  1.00000000e+00]]",6
252,12.280911741,"[[ 1.30512971e-03 -4.16530918e-05 -3.58748060e-01]
 [-3.56091289e-04 -2.81436807e-03  2.36091880e+00]
 [-1.97397826e-04  3.24868875e-04  7.99128229e-01]]","[[ 8.17807153e+02  2.25762197e+01  3.00435024e+02]
 [ 4.92083003e+01 -2.63601870e+02  8.00867709e+02]
 [ 1.82007222e-01  1.12738527e-01  1.00000000e+00]]",4,"[[ 1.36941133e-03 -6.57290721e-05 -3.78547408e-01]
 [-4.32015307e-04 -3.03494946e-03  2.52527407e+00]
 [-2.61162545e-04  2.73564370e-04  8.66675713e-01]]","[[ 7.93679013e+02  1.11342820e+01  3.14221358e+02]
 [ 6.81301232e+01 -2.60001362e+02  7.87336219e+02]
 [ 2.17660717e-01  8.54240695e-02  1.00000000e+00]]",6
253,12.322233741000002,"[[ 1.30208710e-03 -4.30493744e-05 -3.55478784e-01]
 [-3.62576969e-04 -2.81165563e-03  2.36363881e+00]
 [-2.02306591e-04  3.25355882e-04  7.99649685e-01]]","[[ 8.20687410e+02  2.20943395e+01  2.99523565e+02]
 [ 5.12004717e+01 -2.63637635e+02  8.02032240e+02]
 [ 1.86796920e-01  1.12856777e-01  1.00000000e+00]]",5,"[[ 1.36348065e-03 -6.82639548e-05 -3.73480090e-01]
 [-4.30055323e-04 -3.04206816e-03  2.53133987e+00]
 [-2.73447921e-04  2.68122308e-04  8.74457437e-01]]","[[ 7.99315597e+02  9.68228097e+00  3.13359239e+02]
 [ 7.56793315e+01 -2.60985663e+02  7.87812087e+02]
 [ 2.26746166e-01  8.30499860e-02  1.00000000e+00]]",6
254,12.365749741,"[[ 1.30218564e-03 -4.33182486e-05 -3.54238084e-01]
 [-3.65243308e-04 -2.81352719e-03  2.36663905e+00]
 [-2.01975094e-04  3.26403220e-04  7.98434104e-01]]","[[ 8.20450708e+02  2.20237646e+01  2.98725448e+02]
 [ 5.06526901e+01 -2.63119259e+02  8.02384844e+02]
 [ 1.86837470e-01  1.13135480e-01  1.00000000e+00]]",5,"[[ 1.36455996e-03 -6.88747210e-05 -3.72387427e-01]
 [-4.32426757e-04 -3.04565831e-03  2.53542308e+00]
 [-2.72231467e-04  2.68621847e-04  8.73425713e-01]]","[[ 7.98235208e+02  9.52619906e+00  3.12676632e+02]
 [ 7.46647679e+01 -2.60517671e+02  7.88077022e+02]
 [ 2.25832777e-01  8.30912899e-02  1.00000000e+00]]",6
255,12.412924741000001,"[[ 1.30329029e-03 -4.39451337e-05 -3.52783739e-01]
 [-3.67850134e-04 -2.81267977e-03  2.36862920e+00]
 [-1.99597667e-04  3.27639532e-04  7.96279745e-01]]","[[ 8.19069953e+02  2.18890257e+01  2.97769191e+02]
 [ 4.88500729e+01 -2.62736071e+02  8.03182356e+02]
 [ 1.85210333e-01  1.13592895e-01  1.00000000e+00]]",4,"[[ 1.37055737e-03 -6.91288806e-05 -3.73000475e-01]
 [-4.42746096e-04 -3.03782284e-03  2.53577209e+00]
 [-2.60897090e-04  2.75489638e-04  8.63955156e-01]]","[[ 7.92329263e+02  1.02604465e+01  3.11961837e+02]
 [ 6.65367192e+01 -2.59121375e+02  7.89266634e+02]
 [ 2.18050926e-01  8.57245585e-02  1.00000000e+00]]",6
256,12.452251741000001,"[[ 1.30274258e-03 -4.64297022e-05 -3.49273770e-01]
 [-3.73877094e-04 -2.81257101e-03  2.37335110e+00]
 [-1.99948014e-04  3.27160272e-04  7.96176270e-01]]","[[ 8.19187315e+02  2.09979788e+01  2.96774816e+02]
 [ 4.80453216e+01 -2.62772908e+02  8.04386373e+02]
 [ 1.85984388e-01  1.13250500e-01  1.00000000e+00]]",4,"[[ 1.37136427e-03 -7.22080164e-05 -3.69625771e-01]
 [-4.48467032e-04 -3.03987059e-03  2.54191317e+00]
 [-2.60212754e-04  2.74479358e-04  8.64045528e-01]]","[[ 7.91280255e+02  9.29831215e+00  3.11143410e+02]
 [ 6.52064576e+01 -2.59152635e+02  7.90288776e+02]
 [ 2.17585048e-01  8.51246673e-02  1.00000000e+00]]",6
257,12.491178741,"[[ 1.30247587e-03 -4.78936638e-05 -3.46386346e-01]
 [-3.77003129e-04 -2.81326388e-03  2.37630206e+00]
 [-1.99132604e-04  3.27664585e-04  7.95059720e-01]]","[[ 8.18882759e+02  2.04820207e+01  2.95548036e+02]
 [ 4.71066704e+01 -2.62493179e+02  8.05071838e+02]
 [ 1.85685509e-01  1.13310176e-01  1.00000000e+00]]",4,"[[ 1.37242058e-03 -7.40967489e-05 -3.66974383e-01]
 [-4.51055096e-04 -3.04237217e-03  2.54586655e+00]
 [-2.58166020e-04  2.74775369e-04  8.62753781e-01]]","[[ 7.89852489e+02  8.76923501e+00  3.10088850e+02]
 [ 6.37009264e+01 -2.58817582e+02  7.90830068e+02]
 [ 2.16063531e-01  8.50539477e-02  1.00000000e+00]]",6
258,12.530406741,"[[ 1.31010987e-03 -7.57527108e-05 -3.31778798e-01]
 [-4.02969449e-04 -2.83707281e-03  2.40963726e+00]
 [-2.28651470e-04  2.83395473e-04  8.39943368e-01]]","[[ 8.18129430e+02  8.11138310e+00  2.99892252e+02]
 [ 5.67047576e+01 -2.73404370e+02  8.06743429e+02]
 [ 2.03581136e-01  9.44542731e-02  1.00000000e+00]]",3,"[[ 1.37693365e-03 -9.72606748e-05 -3.53941354e-01]
 [-4.76472771e-04 -3.05573347e-03  2.57127136e+00]
 [-2.86640503e-04  2.39171379e-04  9.00151450e-01]]","[[ 7.91182172e+02 -6.80953178e-01  3.13039549e+02]
 [ 7.24356464e+01 -2.67519005e+02  7.92646531e+02]
 [ 2.32694534e-01  7.08632979e-02  1.00000000e+00]]",6
259,12.571332741,"[[ 1.29869284e-03 -4.88705094e-05 -3.39580755e-01]
 [-3.84992304e-04 -2.80575895e-03  2.37689405e+00]
 [-2.03929550e-04  3.29600006e-04  7.93496112e-01]]","[[ 8.21753757e+02  1.99712182e+01  2.91850569e+02]
 [ 4.89344682e+01 -2.62449705e+02  8.07102060e+02]
 [ 1.90865552e-01  1.14148191e-01  1.00000000e+00]]",4,"[[ 1.37218978e-03 -7.60115985e-05 -3.60901179e-01]
 [-4.57420403e-04 -3.03913041e-03  2.54872323e+00]
 [-2.59828493e-04  2.76437929e-04  8.60682177e-01]]","[[ 7.89598844e+02  8.16758078e+00  3.06908006e+02]
 [ 6.38609331e+01 -2.58558469e+02  7.92442879e+02]
 [ 2.17858227e-01  8.55107027e-02  1.00000000e+00]]",6
260,12.613058741000001,"[[ 1.29798780e-03 -5.12846907e-05 -3.36584477e-01]
 [-3.86529809e-04 -2.80827233e-03  2.38047665e+00]
 [-2.05247070e-04  3.29420453e-04  7.93738085e-01]]","[[ 8.22174899e+02  1.91466876e+01  2.91220832e+02]
 [ 4.96005687e+01 -2.62264313e+02  8.07582334e+02]
 [ 1.92014910e-01  1.13797022e-01  1.00000000e+00]]",4,"[[ 1.37236225e-03 -7.87944968e-05 -3.57996160e-01]
 [-4.58544714e-04 -3.04309186e-03  2.55314660e+00]
 [-2.60451410e-04  2.76027074e-04  8.60954825e-01]]","[[ 7.89273948e+02  7.35411162e+00  3.06381833e+02]
 [ 6.41409227e+01 -2.58359337e+02  7.92830760e+02]
 [ 2.18202948e-01  8.50562172e-02  1.00000000e+00]]",6
261,12.650108741,"[[ 1.31981622e-03 -8.55742708e-05 -3.26197182e-01]
 [-4.02493882e-04 -2.85842660e-03  2.42845534e+00]
 [-2.22984109e-04  2.76636594e-04  8.43426972e-01]]","[[ 8.09729597e+02  4.74447994e+00  2.99504004e+02]
 [ 5.30681854e+01 -2.73291471e+02  8.07404609e+02]
 [ 1.96669345e-01  9.08915270e-02  1.00000000e+00]]",3,"[[ 1.38919659e-03 -1.08094131e-04 -3.48753082e-01]
 [-4.74632643e-04 -3.08143162e-03  2.59230315e+00]
 [-2.78792197e-04  2.31700025e-04  9.03434955e-01]]","[[ 7.81277622e+02 -3.88962219e+00  3.12757501e+02]
 [ 6.78469207e+01 -2.67270074e+02  7.93091827e+02]
 [ 2.23695099e-01  6.73452873e-02  1.00000000e+00]]",6
262,12.697021741,"[[ 1.31615068e-03 -8.39729424e-05 -3.26371471e-01]
 [-4.08158383e-04 -2.84996496e-03  2.42720364e+00]
 [-2.29599904e-04  2.78014898e-04  8.43935717e-01]]","[[ 8.13679370e+02  5.24888081e+00  2.99574511e+02]
 [ 5.62250470e+01 -2.73643653e+02  8.08757240e+02]
 [ 2.02846379e-01  9.15735087e-02  1.00000000e+00]]",3,"[[ 1.38561972e-03 -1.06658268e-04 -3.48790135e-01]
 [-4.80236739e-04 -3.07381303e-03  2.59178847e+00]
 [-2.85640365e-04  2.32584382e-04  9.04623739e-01]]","[[ 7.84959026e+02 -3.56408140e+00  3.12863014e+02]
 [ 7.09653147e+01 -2.67689174e+02  7.94303407e+02]
 [ 2.29609892e-01  6.76991692e-02  1.00000000e+00]]",6
263,12.738264741,"[[ 1.30672685e-03 -7.60073227e-05 -3.27778867e-01]
 [-4.10904451e-04 -2.82603843e-03  2.41363529e+00]
 [-2.34127929e-04  2.92263454e-04  8.32819373e-01]]","[[ 8.21407448e+02  8.72626474e+00  2.97997369e+02]
 [ 5.98508960e+01 -2.71616608e+02  8.10741576e+02]
 [ 2.09916100e-01  9.77723060e-02  1.00000000e+00]]",3,"[[ 1.37680916e-03 -9.90027527e-05 -3.50101262e-01]
 [-4.82481108e-04 -3.05191508e-03  2.57966583e+00]
 [-2.89833719e-04  2.46142573e-04  8.94357584e-01]]","[[ 7.91700939e+02 -5.57463611e-01  3.11523682e+02]
 [ 7.43971617e+01 -2.65876677e+02  7.96012169e+02]
 [ 2.36090488e-01  7.29931729e-02  1.00000000e+00]]",6
264,12.759881741000001,"[[ 1.31713322e-03 -7.94479939e-05 -3.29825693e-01]
 [-3.97707394e-04 -2.85236068e-03  2.42852813e+00]
 [-2.22668559e-04  2.85311191e-04  8.35621606e-01]]","[[ 8.12023537e+02  7.31535886e+00  2.99251084e+02]
 [ 5.50143809e+01 -2.71129309e+02  8.09685036e+02]
 [ 1.97596485e-01  9.45225996e-02  1.00000000e+00]]",3,"[[ 1.38664735e-03 -1.02935204e-04 -3.51726978e-01]
 [-4.69835645e-04 -3.07909334e-03  2.59531917e+00]
 [-2.79756962e-04  2.37706952e-04  8.98456632e-01]]","[[ 7.83551064e+02 -2.05532930e+00  3.12680961e+02]
 [ 7.03874741e+01 -2.65736441e+02  7.95172551e+02]
 [ 2.25355644e-01  6.96665866e-02  1.00000000e+00]]",6
265,12.800941741,"[[ 1.31814898e-03 -7.98216631e-05 -3.32028098e-01]
 [-3.99129394e-04 -2.85090271e-03  2.43115372e+00]
 [-2.28225717e-04  2.83023220e-04  8.39264079e-01]]","[[ 8.12906906e+02  7.11921324e+00  3.00978010e+02]
 [ 5.80184618e+01 -2.71915378e+02  8.10629050e+02]
 [ 2.01492824e-01  9.36334048e-02  1.00000000e+00]]",3,"[[ 1.38717721e-03 -1.03660933e-04 -3.53482968e-01]
 [-4.71577154e-04 -3.07849694e-03  2.59889554e+00]
 [-2.86604648e-04  2.34190969e-04  9.03652157e-01]]","[[ 7.84970806e+02 -2.52144893e+00  3.14309871e+02]
 [ 7.37882219e+01 -2.66759545e+02  7.96061922e+02]
 [ 2.29840370e-01  6.83338350e-02  1.00000000e+00]]",6
266,12.842117741000001,"[[ 1.32196065e-03 -7.78637919e-05 -3.35807167e-01]
 [-3.87487553e-04 -2.86044055e-03  2.43162701e+00]
 [-2.21661929e-04  2.84102297e-04  8.36970698e-01]]","[[ 8.09362794e+02  7.93215023e+00  3.01685348e+02]
 [ 5.63242727e+01 -2.70756952e+02  8.09220697e+02]
 [ 1.95231522e-01  9.40067887e-02  1.00000000e+00]]",3,"[[ 1.38935627e-03 -1.01328214e-04 -3.56927043e-01]
 [-4.60869615e-04 -3.08592966e-03  2.59828362e+00]
 [-2.81890079e-04  2.35266747e-04  9.01735303e-01]]","[[ 7.83078041e+02 -1.70694491e+00  3.14878275e+02]
 [ 7.31049044e+01 -2.65845927e+02  7.94951947e+02]
 [ 2.25723422e-01  6.88267781e-02  1.00000000e+00]]",6
267,12.881324741,"[[ 1.30767926e-03 -6.77867837e-05 -3.38380960e-01]
 [-3.95120970e-04 -2.82764672e-03  2.41065725e+00]
 [-2.37138599e-04  2.95148813e-04  8.32107586e-01]]","[[ 8.22784034e+02  1.16707086e+01  3.00778863e+02]
 [ 6.52116277e+01 -2.70614356e+02  8.10501962e+02]
 [ 2.11350938e-01  9.93129767e-02  1.00000000e+00]]",3,"[[ 1.37475718e-03 -9.08295336e-05 -3.59484639e-01]
 [-4.68126721e-04 -3.05267770e-03  2.57709943e+00]
 [-2.97414358e-04  2.46559537e-04  8.97140594e-01]]","[[ 7.95924072e+02  1.68604625e+00  3.14083847e+02]
 [ 8.17347718e+01 -2.65718021e+02  7.96044857e+02]
 [ 2.41396678e-01  7.35857537e-02  1.00000000e+00]]",6
268,12.925987741,"[[ 1.30417777e-03 -4.24570832e-05 -3.50922643e-01]
 [-3.64564965e-04 -2.82051449e-03  2.38322227e+00]
 [-2.04450960e-04  3.32760044e-04  7.91916503e-01]]","[[ 8.19358401e+02  2.25100514e+01  2.95340429e+02]
 [ 5.37495391e+01 -2.60170944e+02  8.06785962e+02]
 [ 1.88950366e-01  1.15134229e-01  1.00000000e+00]]",4,"[[ 1.37481228e-03 -6.95712679e-05 -3.71078350e-01]
 [-4.37328665e-04 -3.05472413e-03  2.55600443e+00]
 [-2.64328978e-04  2.77067719e-04  8.62407990e-01]]","[[ 7.90195641e+02  1.01215189e+01  3.10008547e+02]
 [ 7.05587249e+01 -2.57100993e+02  7.92355939e+02]
 [ 2.19527258e-01  8.57016601e-02  1.00000000e+00]]",6
269,12.975725741000002,"[[ 1.30242184e-03 -4.10992995e-05 -3.50974144e-01]
 [-3.61062800e-04 -2.81893025e-03  2.37524414e+00]
 [-2.06969278e-04  3.32587664e-04  7.93351768e-01]]","[[ 8.20985842e+02  2.28207205e+01  2.94875527e+02]
 [ 5.56531220e+01 -2.60598465e+02  8.04835646e+02]
 [ 1.90847631e-01  1.15201133e-01  1.00000000e+00]]",4,"[[ 1.37259969e-03 -6.74297170e-05 -3.71494015e-01]
 [-4.33650373e-04 -3.05049233e-03  2.54589803e+00]
 [-2.66489584e-04  2.78441523e-04  8.62342301e-01]]","[[ 7.92025254e+02  1.07419706e+01  3.09488099e+02]
 [ 7.22189938e+01 -2.57249181e+02  7.90589892e+02]
 [ 2.21440736e-01  8.63827241e-02  1.00000000e+00]]",6
270,13.015278741000001,"[[ 1.30225147e-03 -4.06997758e-05 -3.50648582e-01]
 [-3.59431269e-04 -2.82081371e-03  2.37084593e+00]
 [-2.08426697e-04  3.30970301e-04  7.95591266e-01]]","[[ 8.21275351e+02  2.26879145e+01  2.94359048e+02]
 [ 5.64493190e+01 -2.61107798e+02  8.02975425e+02]
 [ 1.91672115e-01  1.14565981e-01  1.00000000e+00]]",4,"[[ 1.37226797e-03 -6.63847881e-05 -3.71563931e-01]
 [-4.31851362e-04 -3.05013016e-03  2.53964971e+00]
 [-2.67332064e-04  2.78286771e-04  8.63047341e-01]]","[[ 7.92346520e+02  1.09409636e+01  3.08929951e+02]
 [ 7.26631285e+01 -2.57459238e+02  7.88896788e+02]
 [ 2.22002240e-01  8.64058864e-02  1.00000000e+00]]",6
271,13.058567741000001,"[[ 1.31710583e-03 -6.72357010e-05 -3.41353067e-01]
 [-3.72395181e-04 -2.85813884e-03  2.40243151e+00]
 [-2.27616001e-04  2.85686316e-04  8.39337464e-01]]","[[ 8.14164671e+02  1.08421569e+01  3.00082004e+02]
 [ 6.18197739e+01 -2.71222127e+02  8.01459463e+02]
 [ 1.99747837e-01  9.52564398e-02  1.00000000e+00]]",3,"[[ 1.38282529e-03 -8.75078168e-05 -3.63876938e-01]
 [-4.44116995e-04 -3.07530601e-03  2.56169813e+00]
 [-2.85598518e-04  2.42404067e-04  8.98427052e-01]]","[[ 7.88517803e+02  2.23369830e+00  3.12993005e+02]
 [ 7.75049360e+01 -2.65280593e+02  7.87789122e+02]
 [ 2.29748207e-01  7.22852627e-02  1.00000000e+00]]",6
272,13.093445741,"[[ 1.31246627e-03 -5.00846738e-05 -3.48038311e-01]
 [-3.59689998e-04 -2.84108917e-03  2.38019764e+00]
 [-2.08599594e-04  3.11899700e-04  8.12062136e-01]]","[[ 8.13890322e+02  1.81168719e+01  2.95720323e+02]
 [ 5.45572156e+01 -2.65077029e+02  8.00337425e+02]
 [ 1.88114683e-01  1.06465520e-01  1.00000000e+00]]",4,"[[ 1.38125841e-03 -7.46571591e-05 -3.69399791e-01]
 [-4.32911316e-04 -3.06502304e-03  2.54519734e+00]
 [-2.68191411e-04  2.62021466e-04  8.77015176e-01]]","[[ 7.86460341e+02  7.34080705e+00  3.09954138e+02]
 [ 7.10118967e+01 -2.60745082e+02  7.86622044e+02]
 [ 2.19283853e-01  8.01463327e-02  1.00000000e+00]]",6
273,13.137507741,"[[ 1.30365364e-03 -4.11301381e-05 -3.50427841e-01]
 [-3.58505033e-04 -2.81877413e-03  2.36401400e+00]
 [-2.10291363e-04  3.30527815e-04  7.97003203e-01]]","[[ 8.20703345e+02  2.25088522e+01  2.94084212e+02]
 [ 5.72990649e+01 -2.61644430e+02  8.01264387e+02]
 [ 1.92782023e-01  1.14446440e-01  1.00000000e+00]]",4,"[[ 1.37362631e-03 -6.62043252e-05 -3.71767564e-01]
 [-4.30921130e-04 -3.04554044e-03  2.53086367e+00]
 [-2.68658513e-04  2.79480605e-04  8.62859443e-01]]","[[ 7.91839904e+02  1.11056989e+01  3.08594157e+02]
 [ 7.31520382e+01 -2.57686933e+02  7.87342663e+02]
 [ 2.22852003e-01  8.69227790e-02  1.00000000e+00]]",6
274,13.175922741,"[[ 1.30644774e-03 -4.20508390e-05 -3.52447278e-01]
 [-3.56787235e-04 -2.82404737e-03  2.37108265e+00]
 [-2.08785341e-04  3.29707359e-04  7.97205800e-01]]","[[ 8.18769613e+02  2.23193088e+01  2.95597693e+02]
 [ 5.68540838e+01 -2.61284603e+02  8.02258909e+02]
 [ 1.90919187e-01  1.13907100e-01  1.00000000e+00]]",4,"[[ 1.37566917e-03 -6.74965274e-05 -3.73239322e-01]
 [-4.29703273e-04 -3.05180991e-03  2.53900896e+00]
 [-2.68657596e-04  2.77357303e-04  8.64635647e-01]]","[[ 7.90795245e+02  1.06831586e+01  3.09993287e+02]
 [ 7.34720581e+01 -2.57654548e+02  7.88320343e+02]
 [ 2.22145754e-01  8.59697177e-02  1.00000000e+00]]",6
275,13.215103741,"[[ 1.30743431e-03 -3.88232678e-05 -3.56250229e-01]
 [-3.56289699e-04 -2.82398170e-03  2.37378466e+00]
 [-2.09311651e-04  3.34063870e-04  7.93707365e-01]]","[[ 8.18782623e+02  2.37981511e+01  2.96330639e+02]
 [ 5.77633195e+01 -2.59889953e+02  8.03193983e+02]
 [ 1.91612314e-01  1.15661109e-01  1.00000000e+00]]",4,"[[ 1.37631424e-03 -6.46091534e-05 -3.76630444e-01]
 [-4.29418140e-04 -3.05321694e-03  2.54301084e+00]
 [-2.70202452e-04  2.80437969e-04  8.62630781e-01]]","[[ 7.91255524e+02  1.17939609e+01  3.10699264e+02]
 [ 7.48708459e+01 -2.56619963e+02  7.89197422e+02]
 [ 2.23505304e-01  8.71203998e-02  1.00000000e+00]]",6
276,13.259482741000001,"[[ 1.30954748e-03 -3.74443663e-05 -3.58093390e-01]
 [-3.51010410e-04 -2.82505314e-03  2.37554442e+00]
 [-2.06605308e-04  3.35104634e-04  7.91804068e-01]]","[[ 8.16914133e+02  2.43355315e+01  2.96438759e+02]
 [ 5.73354971e+01 -2.59359772e+02  8.04052603e+02]
 [ 1.88891939e-01  1.16115230e-01  1.00000000e+00]]",4,"[[ 1.37866973e-03 -6.36703972e-05 -3.78260649e-01]
 [-4.23899807e-04 -3.05621934e-03  2.54609862e+00]
 [-2.67845264e-04  2.80183271e-04  8.61922395e-01]]","[[ 7.89433472e+02  1.20512394e+01  3.10849301e+02]
 [ 7.46589319e+01 -2.56335151e+02  7.89972640e+02]
 [ 2.21049870e-01  8.70712826e-02  1.00000000e+00]]",6
277,13.297827741,"[[ 1.31036927e-03 -3.62545448e-05 -3.61285358e-01]
 [-3.47029799e-04 -2.82865075e-03  2.37954239e+00]
 [-2.08850586e-04  3.35780425e-04  7.92039341e-01]]","[[ 8.17229620e+02  2.48974404e+01  2.97975832e+02]
 [ 5.97198461e+01 -2.58770733e+02  8.04671942e+02]
 [ 1.90175061e-01  1.16269467e-01  1.00000000e+00]]",4,"[[ 1.37853216e-03 -6.25993506e-05 -3.80957778e-01]
 [-4.20172006e-04 -3.06041769e-03  2.55079851e+00]
 [-2.71601111e-04  2.79838622e-04  8.63564598e-01]]","[[ 7.90702635e+02  1.23782816e+01  3.12252051e+02]
 [ 7.77242707e+01 -2.56050697e+02  7.90610691e+02]
 [ 2.23498580e-01  8.68664943e-02  1.00000000e+00]]",6
278,13.335839741000001,"[[ 1.31230814e-03 -3.30579763e-05 -3.66273998e-01]
 [-3.43639203e-04 -2.83184575e-03  2.38165146e+00]
 [-2.08307628e-04  3.37975261e-04  7.90395450e-01]]","[[ 8.16398124e+02  2.61997809e+01  2.99377557e+02]
 [ 6.02276117e+01 -2.57790815e+02  8.04695522e+02]
 [ 1.89407105e-01  1.17136975e-01  1.00000000e+00]]",4,"[[ 1.37935556e-03 -5.94146058e-05 -3.85464281e-01]
 [-4.17308588e-04 -3.06382247e-03  2.55341097e+00]
 [-2.72626593e-04  2.80991156e-04  8.63290416e-01]]","[[ 7.90999226e+02  1.34136452e+01  3.13511414e+02]
 [ 7.90114191e+01 -2.55404257e+02  7.90705071e+02]
 [ 2.24079766e-01  8.73671854e-02  1.00000000e+00]]",6
279,13.365373741,"[[ 1.31348126e-03 -3.23198800e-05 -3.67197246e-01]
 [-3.43019422e-04 -2.83474109e-03  2.38395075e+00]
 [-2.06801060e-04  3.37704432e-04  7.90140105e-01]]","[[ 8.15354497e+02  2.63670665e+01  2.99362273e+02]
 [ 5.94382604e+01 -2.57572979e+02  8.04752042e+02]
 [ 1.87996546e-01  1.16987194e-01  1.00000000e+00]]",4,"[[ 1.38059836e-03 -5.87754872e-05 -3.86344758e-01]
 [-4.16654089e-04 -3.06731673e-03  2.55611191e+00]
 [-2.71131054e-04  2.80336232e-04  8.63323692e-01]]","[[ 7.89970186e+02  1.35151842e+01  3.13502941e+02]
 [ 7.82617132e+01 -2.55246930e+02  7.90752911e+02]
 [ 2.22681084e-01  8.71276318e-02  1.00000000e+00]]",6
280,13.404204741000001,"[[ 1.31077325e-03 -3.11156229e-05 -3.66274869e-01]
 [-3.43471643e-04 -2.82875740e-03  2.37982462e+00]
 [-2.10457521e-04  3.40822349e-04  7.88452929e-01]]","[[ 8.17910758e+02  2.69732939e+01  2.98544704e+02]
 [ 6.18630815e+01 -2.57196626e+02  8.05047116e+02]
 [ 1.91579159e-01  1.18377505e-01  1.00000000e+00]]",4,"[[ 1.37843493e-03 -5.76403358e-05 -3.85567183e-01]
 [-4.16645278e-04 -3.06185574e-03  2.55217015e+00]
 [-2.74288269e-04  2.83594785e-04  8.61478247e-01]]","[[ 7.91951317e+02  1.40623770e+01  3.12788930e+02]
 [ 8.03611027e+01 -2.54850660e+02  7.90973948e+02]
 [ 2.25696896e-01  8.83730533e-02  1.00000000e+00]]",6
281,13.446113741000001,"[[ 1.31122483e-03 -3.16299095e-05 -3.66286606e-01]
 [-3.41832446e-04 -2.83191878e-03  2.38049322e+00]
 [-2.10685535e-04  3.39249640e-04  7.90005981e-01]]","[[ 8.17598580e+02  2.66574294e+01  2.98754168e+02]
 [ 6.21589541e+01 -2.57432836e+02  8.04532025e+02]
 [ 1.91351451e-01  1.17657757e-01  1.00000000e+00]]",4,"[[ 1.37862132e-03 -5.79861220e-05 -3.85599024e-01]
 [-4.15044693e-04 -3.06439459e-03  2.55237306e+00]
 [-2.74635100e-04  2.82260143e-04  8.62812745e-01]]","[[ 7.91872031e+02  1.38414055e+01  3.12949309e+02]
 [ 8.06987669e+01 -2.55040682e+02  7.90526492e+02]
 [ 2.25654767e-01  8.78396334e-02  1.00000000e+00]]",6
282,13.484755741,"[[ 1.31237691e-03 -3.18760648e-05 -3.67308636e-01]
 [-3.39368063e-04 -2.83490513e-03  2.38072123e+00]
 [-2.08978900e-04  3.37902356e-04  7.90914416e-01]]","[[ 8.16507264e+02  2.65064986e+01  2.99407345e+02]
 [ 6.14023350e+01 -2.57610689e+02  8.03946459e+02]
 [ 1.89508237e-01  1.17062675e-01  1.00000000e+00]]",4,"[[ 1.37898567e-03 -5.79840545e-05 -3.86498482e-01]
 [-4.12938594e-04 -3.06618552e-03  2.55187869e+00]
 [-2.73600238e-04  2.81170981e-04  8.63635342e-01]]","[[ 7.91497194e+02  1.37800423e+01  3.13497439e+02]
 [ 8.03275205e+01 -2.55209634e+02  7.90044659e+02]
 [ 2.24594853e-01  8.74533062e-02  1.00000000e+00]]",6
283,13.525761741,"[[ 1.31388528e-03 -3.09677435e-05 -3.69161898e-01]
 [-3.36233764e-04 -2.83593277e-03  2.37972684e+00]
 [-2.06935080e-04  3.38436897e-04  7.90102101e-01]]","[[ 8.15217872e+02  2.68888678e+01  2.99909614e+02]
 [ 6.06957833e+01 -2.57382650e+02  8.03575856e+02]
 [ 1.87514351e-01  1.17291215e-01  1.00000000e+00]]",4,"[[ 1.38000096e-03 -5.69810842e-05 -3.88222850e-01]
 [-4.10007324e-04 -3.06680000e-03  2.55067780e+00]
 [-2.72067716e-04  2.81552976e-04  8.63057349e-01]]","[[ 7.90726349e+02  1.41291633e+01  3.13929421e+02]
 [ 7.99185253e+01 -2.55054497e+02  7.89736676e+02]
 [ 2.23194685e-01  8.76598084e-02  1.00000000e+00]]",6
284,13.577076741,"[[ 1.31301811e-03 -2.90277427e-05 -3.70870241e-01]
 [-3.35418647e-04 -2.83451080e-03  2.37779481e+00]
 [-2.09776316e-04  3.39665786e-04  7.90108700e-01]]","[[ 8.16622488e+02  2.76127153e+01  3.00216423e+02]
 [ 6.26525033e+01 -2.57169267e+02  8.03347309e+02]
 [ 1.89881652e-01  1.17887697e-01  1.00000000e+00]]",4,"[[ 1.37873278e-03 -5.48684880e-05 -3.89865964e-01]
 [-4.09239710e-04 -3.06489708e-03  2.54846345e+00]
 [-2.75315558e-04  2.82824930e-04  8.63198170e-01]]","[[ 7.92438973e+02  1.48068582e+01  3.14192333e+02]
 [ 8.20070934e+01 -2.54884819e+02  7.89548034e+02]
 [ 2.25877596e-01  8.82350567e-02  1.00000000e+00]]",6
285,13.614227741,"[[ 1.31309491e-03 -2.75386274e-05 -3.71997344e-01]
 [-3.33871506e-04 -2.83407832e-03  2.37531185e+00]
 [-2.09086014e-04  3.40594622e-04  7.89335571e-01]]","[[ 8.16504204e+02  2.81356475e+01  3.00134021e+02]
 [ 6.24852085e+01 -2.56980372e+02  8.02767389e+02]
 [ 1.89320599e-01  1.18338647e-01  1.00000000e+00]]",4,"[[ 1.37860878e-03 -5.31573835e-05 -3.91062110e-01]
 [-4.07690919e-04 -3.06374563e-03  2.54542316e+00]
 [-2.74558731e-04  2.84116025e-04  8.62060949e-01]]","[[ 7.92469047e+02  1.53772177e+01  3.14088107e+02]
 [ 8.18333961e+01 -2.54647566e+02  7.89025129e+02]
 [ 2.25423872e-01  8.88236542e-02  1.00000000e+00]]",6
286,13.655794741000001,"[[ 1.31376833e-03 -2.76117749e-05 -3.72289100e-01]
 [-3.33258303e-04 -2.83612934e-03  2.37382772e+00]
 [-2.08956097e-04  3.39720320e-04  7.90374004e-01]]","[[ 8.16027282e+02  2.80172461e+01  3.00224888e+02]
 [ 6.22793717e+01 -2.57167336e+02  8.01717769e+02]
 [ 1.88969156e-01  1.17943333e-01  1.00000000e+00]]",4,"[[ 1.37887665e-03 -5.28642660e-05 -3.91460168e-01]
 [-4.07248860e-04 -3.06424955e-03  2.54283289e+00]
 [-2.74483161e-04  2.83995871e-04  8.62403613e-01]]","[[ 7.92317200e+02  1.54430378e+01  3.14112274e+02]
 [ 8.16511060e+01 -2.54712123e+02  7.88092153e+02]
 [ 2.25287963e-01  8.87937433e-02  1.00000000e+00]]",6
287,13.694291741,"[[ 1.31285975e-03 -2.80731311e-05 -3.71187510e-01]
 [-3.33602905e-04 -2.83595822e-03  2.37159674e+00]
 [-2.10452644e-04  3.38493448e-04  7.91977765e-01]]","[[ 8.16803729e+02  2.77050259e+01  2.99859672e+02]
 [ 6.29330594e+01 -2.57633637e+02  8.00985948e+02]
 [ 1.90151899e-01  1.17475387e-01  1.00000000e+00]]",4,"[[ 1.37802411e-03 -5.30686378e-05 -3.90565854e-01]
 [-4.07459169e-04 -3.06314510e-03  2.53980109e+00]
 [-2.75552356e-04  2.83482720e-04  8.63236014e-01]]","[[ 7.92938008e+02  1.52986875e+01  3.13748364e+02]
 [ 8.20500710e+01 -2.55011164e+02  7.87413383e+02]
 [ 2.26167764e-01  8.86279611e-02  1.00000000e+00]]",6
288,13.733872741,"[[ 1.31312106e-03 -2.95766689e-05 -3.70001099e-01]
 [-3.33184822e-04 -2.83785994e-03  2.37121273e+00]
 [-2.10103067e-04  3.36696163e-04  7.93508970e-01]]","[[ 8.16379547e+02  2.70610975e+01  2.99799650e+02]
 [ 6.25788649e+01 -2.58071587e+02  8.00365093e+02]
 [ 1.89605649e-01  1.16668288e-01  1.00000000e+00]]",4,"[[ 1.37819518e-03 -5.43730559e-05 -3.89500653e-01]
 [-4.07032078e-04 -3.06413382e-03  2.53869022e+00]
 [-2.74987030e-04  2.82303838e-04  8.64120916e-01]]","[[ 7.92551254e+02  1.48341723e+01  3.13659649e+02]
 [ 8.15955949e+01 -2.55310385e+02  7.86852282e+02]
 [ 2.25554737e-01  8.81292247e-02  1.00000000e+00]]",6
289,13.775695741000002,"[[ 1.31444014e-03 -2.90126486e-05 -3.71707719e-01]
 [-3.31568133e-04 -2.83956201e-03  2.37088788e+00]
 [-2.09584431e-04  3.36668383e-04  7.93678340e-01]]","[[ 8.15568642e+02  2.72886301e+01  3.00442717e+02]
 [ 6.24637552e+01 -2.57970229e+02  7.99866543e+02]
 [ 1.88868601e-01  1.16633764e-01  1.00000000e+00]]",4,"[[ 1.37892996e-03 -5.35886154e-05 -3.91126700e-01]
 [-4.05712555e-04 -3.06484764e-03  2.53779924e+00]
 [-2.74978719e-04  2.82491941e-04  8.64237370e-01]]","[[ 7.92302705e+02  1.51077177e+01  3.14208106e+02]
 [ 8.17355868e+01 -2.55222124e+02  7.86440745e+02]
 [ 2.25374122e-01  8.82309614e-02  1.00000000e+00]]",6
290,13.816235741000002,"[[ 1.31370810e-03 -2.89385766e-05 -3.72031570e-01]
 [-3.31172314e-04 -2.83901894e-03  2.37008787e+00]
 [-2.11043287e-04  3.36270002e-04  7.94556109e-01]]","[[ 8.16412123e+02  2.73077205e+01  3.00808695e+02]
 [ 6.33971208e+01 -2.58155050e+02  7.99736956e+02]
 [ 1.90017730e-01  1.16508965e-01  1.00000000e+00]]",4,"[[ 1.37784864e-03 -5.33913306e-05 -3.91386766e-01]
 [-4.05441043e-04 -3.06386153e-03  2.53676805e+00]
 [-2.76755910e-04  2.82139038e-04  8.65189178e-01]]","[[ 7.93399662e+02  1.51376600e+01  3.14527045e+02]
 [ 8.27874318e+01 -2.55416925e+02  7.86342937e+02]
 [ 2.26794883e-01  8.81339299e-02  1.00000000e+00]]",6
291,13.853004741000001,"[[ 1.31298516e-03 -2.84542029e-05 -3.72798012e-01]
 [-3.32123267e-04 -2.83741589e-03  2.36871414e+00]
 [-2.13610165e-04  3.36705623e-04  7.95138632e-01]]","[[ 8.17604091e+02  2.75501832e+01  3.01259003e+02]
 [ 6.47661499e+01 -2.58203078e+02  7.99551106e+02]
 [ 1.92219837e-01  1.16738671e-01  1.00000000e+00]]",5,"[[ 1.37460646e-03 -5.37359078e-05 -3.90566380e-01]
 [-3.98000571e-04 -3.07237529e-03  2.53906148e+00]
 [-2.84597235e-04  2.75881689e-04  8.72861674e-01]]","[[ 7.96815819e+02  1.43346258e+01  3.14841379e+02]
 [ 8.83951695e+01 -2.56481910e+02  7.85631379e+02]
 [ 2.31863738e-01  8.57389662e-02  1.00000000e+00]]",6
292,13.898677741,"[[ 1.31610622e-03 -2.88091465e-05 -3.74180813e-01]
 [-3.28034189e-04 -2.84097547e-03  2.37033213e+00]
 [-2.08177607e-04  3.36177879e-04  7.94059512e-01]]","[[ 8.14399486e+02  2.74551948e+01  3.01809534e+02]
 [ 6.21509681e+01 -2.58017026e+02  7.99488877e+02]
 [ 1.87197500e-01  1.16433557e-01  1.00000000e+00]]",4,"[[ 1.37937056e-03 -5.31738556e-05 -3.93261344e-01]
 [-4.02837457e-04 -3.06508395e-03  2.53675532e+00]
 [-2.74955336e-04  2.81835314e-04  8.65150991e-01]]","[[ 7.92295701e+02  1.52569633e+01  3.15408631e+02]
 [ 8.21261416e+01 -2.55390939e+02  7.86176479e+02]
 [ 2.25047288e-01  8.80460980e-02  1.00000000e+00]]",6
293,13.940113741000001,"[[ 1.31676618e-03 -2.63168062e-05 -3.76463232e-01]
 [-3.25443206e-04 -2.83995300e-03  2.36863482e+00]
 [-2.07326838e-04  3.38652611e-04  7.91852627e-01]]","[[ 8.14000001e+02  2.84546017e+01  3.01877524e+02]
 [ 6.22655073e+01 -2.57364803e+02  7.99446622e+02]
 [ 1.86496407e-01  1.17517657e-01  1.00000000e+00]]",4,"[[ 1.38000751e-03 -5.06878043e-05 -3.95507766e-01]
 [-4.00149933e-04 -3.06440524e-03  2.53527895e+00]
 [-2.74177036e-04  2.83991280e-04  8.63239438e-01]]","[[ 7.91990136e+02  1.61360464e+01  3.15473158e+02]
 [ 8.22957973e+01 -2.54834226e+02  7.86137015e+02]
 [ 2.24473316e-01  8.89612176e-02  1.00000000e+00]]",6
294,13.965126741,"[[ 1.31631137e-03 -2.62206615e-05 -3.76542619e-01]
 [-3.26161678e-04 -2.83979729e-03  2.36882653e+00]
 [-2.08111974e-04  3.38669430e-04  7.92090703e-01]]","[[ 8.14503365e+02  2.84935828e+01  3.01984198e+02]
 [ 6.26250274e+01 -2.57372682e+02  7.99469336e+02]
 [ 1.87224418e-01  1.17529615e-01  1.00000000e+00]]",4,"[[ 1.37942343e-03 -5.05663439e-05 -3.95549887e-01]
 [-4.00948933e-04 -3.06410470e-03  2.53542009e+00]
 [-2.75109747e-04  2.84030095e-04  8.63521507e-01]]","[[ 7.92577781e+02  1.61722142e+01  3.15569088e+02]
 [ 8.27155733e+01 -2.54850299e+02  7.86165370e+02]
 [ 2.25300886e-01  8.89778515e-02  1.00000000e+00]]",6
295,14.007223741,"[[ 1.31568767e-03 -2.71332121e-05 -3.75113144e-01]
 [-3.27521108e-04 -2.84273125e-03  2.37001041e+00]
 [-2.08523000e-04  3.37278315e-04  7.93414747e-01]]","[[ 8.14828219e+02  2.80044571e+01  3.01584916e+02]
 [ 6.25072098e+01 -2.57577418e+02  7.98962258e+02]
 [ 1.87579193e-01  1.16855467e-01  1.00000000e+00]]",4,"[[ 1.37889712e-03 -5.13348851e-05 -3.94269758e-01]
 [-4.02189344e-04 -3.06656382e-03  2.53613369e+00]
 [-2.75098498e-04  2.83182098e-04  8.64212438e-01]]","[[ 7.92716701e+02  1.58352445e+01  3.15181677e+02]
 [ 8.23957292e+01 -2.54922530e+02  7.85690797e+02]
 [ 2.25340634e-01  8.85728387e-02  1.00000000e+00]]",6
296,14.044904741000002,"[[ 1.31415349e-03 -2.84335939e-05 -3.72565693e-01]
 [-3.29260563e-04 -2.84242601e-03  2.36865841e+00]
 [-2.11961935e-04  3.34620163e-04  7.96565713e-01]]","[[ 8.16284968e+02  2.72431732e+01  3.00778705e+02]
 [ 6.40331111e+01 -2.58452732e+02  7.98481240e+02]
 [ 1.90310188e-01  1.15819712e-01  1.00000000e+00]]",4,"[[ 1.37785950e-03 -5.24822845e-05 -3.92037170e-01]
 [-4.03554544e-04 -3.06581676e-03  2.53421708e+00]
 [-2.77748421e-04  2.81192628e-04  8.66537099e-01]]","[[ 7.93614742e+02  1.52540258e+01  3.14434852e+02]
 [ 8.34258537e+01 -2.55586604e+02  7.85215052e+02]
 [ 2.27303028e-01  8.78275732e-02  1.00000000e+00]]",6
297,14.083847741000001,"[[ 1.31505067e-03 -2.98736341e-05 -3.71706265e-01]
 [-3.29438963e-04 -2.84327271e-03  2.36727782e+00]
 [-2.10476056e-04  3.34118655e-04  7.96766922e-01]]","[[ 8.15275444e+02  2.67790451e+01  3.00777484e+02]
 [ 6.28904235e+01 -2.58624235e+02  7.97739165e+02]
 [ 1.88992655e-01  1.15526293e-01  1.00000000e+00]]",4,"[[ 1.37874140e-03 -5.36944881e-05 -3.91346848e-01]
 [-4.03819765e-04 -3.06555188e-03  2.53201471e+00]
 [-2.75893558e-04  2.81476649e-04  8.65909845e-01]]","[[ 7.92600690e+02  1.49849635e+01  3.14397203e+02]
 [ 8.21260670e+01 -2.55607940e+02  7.84542229e+02]
 [ 2.25839740e-01  8.78635596e-02  1.00000000e+00]]",6
298,14.125802741000001,"[[ 1.31730477e-03 -3.05605810e-05 -3.73002426e-01]
 [-3.28889184e-04 -2.84704476e-03  2.36818580e+00]
 [-2.09066897e-04  3.33106852e-04  7.97591389e-01]]","[[ 8.13630171e+02  2.65590816e+01  3.01644665e+02]
 [ 6.19044058e+01 -2.58660952e+02  7.96959064e+02]
 [ 1.87417211e-01  1.14989156e-01  1.00000000e+00]]",4,"[[ 1.38021500e-03 -5.41151730e-05 -3.92529710e-01]
 [-4.03788636e-04 -3.06788977e-03  2.53212006e+00]
 [-2.75146305e-04  2.80866582e-04  8.66540226e-01]]","[[ 7.91701269e+02  1.48854671e+01  3.15131913e+02]
 [ 8.14821906e+01 -2.55629219e+02  7.83885196e+02]
 [ 2.24972885e-01  8.75820695e-02  1.00000000e+00]]",6
299,14.174050741,"[[ 1.31809977e-03 -2.88361496e-05 -3.75027611e-01]
 [-3.29126174e-04 -2.84808830e-03  2.36817367e+00]
 [-2.08373024e-04  3.34702413e-04  7.96293171e-01]]","[[ 8.13206260e+02  2.72509927e+01  3.01948737e+02]
 [ 6.14797887e+01 -2.58119820e+02  7.96602562e+02]
 [ 1.86957290e-01  1.15625377e-01  1.00000000e+00]]",4,"[[ 1.38064958e-03 -5.22924268e-05 -3.94466191e-01]
 [-4.04252352e-04 -3.06855682e-03  2.53195118e+00]
 [-2.74766166e-04  2.82447770e-04  8.65338226e-01]]","[[ 7.91613077e+02  1.55400386e+01  3.15388790e+02]
 [ 8.12354494e+01 -2.55145368e+02  7.83578297e+02]
 [ 2.24841239e-01  8.82141971e-02  1.00000000e+00]]",6
300,14.215962741,"[[ 1.31832053e-03 -2.85464001e-05 -3.74609026e-01]
 [-3.29429934e-04 -2.85096441e-03  2.36945332e+00]
 [-2.08824172e-04  3.33270905e-04  7.97562625e-01]]","[[ 8.13052759e+02  2.70917611e+01  3.01398576e+02]
 [ 6.15883660e+01 -2.58292050e+02  7.96279181e+02]
 [ 1.87144500e-01  1.15023745e-01  1.00000000e+00]]",4,"[[ 1.38113499e-03 -5.19466512e-05 -3.94201296e-01]
 [-4.04332990e-04 -3.07144592e-03  2.53306766e+00]
 [-2.74839142e-04  2.81217145e-04  8.66273663e-01]]","[[ 7.91223875e+02  1.54480017e+01  3.14878144e+02]
 [ 8.11438448e+01 -2.55237434e+02  7.83263680e+02]
 [ 2.24686792e-01  8.77584778e-02  1.00000000e+00]]",6
301,14.258885741,"[[ 1.32115282e-03 -2.83832603e-05 -3.76575609e-01]
 [-3.21980747e-04 -2.85400210e-03  2.36783676e+00]
 [-2.07876955e-04  3.32837220e-04  7.98010122e-01]]","[[ 8.11074216e+02  2.71682752e+01  3.02127403e+02]
 [ 6.22467567e+01 -2.58223904e+02  7.95569686e+02]
 [ 1.85317951e-01  1.14778224e-01  1.00000000e+00]]",4,"[[ 1.38339153e-03 -5.15679224e-05 -3.96094521e-01]
 [-3.96925189e-04 -3.07364831e-03  2.53085090e+00]
 [-2.74498931e-04  2.80904292e-04  8.66750712e-01]]","[[ 7.89933738e+02  1.55805001e+01  3.15496138e+02]
 [ 8.20780357e+01 -2.55195089e+02  7.82660309e+02]
 [ 2.23570505e-01  8.76402240e-02  1.00000000e+00]]",6
302,14.295233741,"[[ 1.32403100e-03 -5.15963509e-07 -4.02952786e-01]
 [-3.06440768e-04 -2.81012920e-03  2.32712897e+00]
 [-2.06055830e-04  3.80760303e-04  7.60107949e-01]]","[[ 8.12200109e+02  4.11293061e+01  3.04647646e+02]
 [ 6.62724945e+01 -2.48162155e+02  7.94900287e+02]
 [ 1.86979537e-01  1.35461326e-01  1.00000000e+00]]",3,"[[ 1.37733893e-03 -1.27569116e-05 -4.27399123e-01]
 [-3.79653632e-04 -2.99368608e-03  2.46268373e+00]
 [-2.86937678e-04  3.47767822e-04  8.19040569e-01]]","[[ 8.01419912e+02  3.34742630e+01  3.17554044e+02]
 [ 9.58501316e+01 -2.43560975e+02  7.82354301e+02]
 [ 2.40066225e-01  1.15144110e-01  1.00000000e+00]]",6
303,14.336004741000002,"[[ 1.32846210e-03 -1.85952828e-05 -3.94256204e-01]
 [-2.97398142e-04 -2.85804818e-03  2.36394062e+00]
 [-2.06370988e-04  3.36942739e-04  7.95647156e-01]]","[[ 8.07532056e+02  3.10457550e+01  3.07905583e+02]
 [ 6.60711167e+01 -2.56585244e+02  7.95077596e+02]
 [ 1.81473664e-01  1.16711883e-01  1.00000000e+00]]",4,"[[ 1.38597104e-03 -4.13321266e-05 -4.12092122e-01]
 [-3.74234336e-04 -3.07560550e-03  2.52673291e+00]
 [-2.79208282e-04  2.82412515e-04  8.68538989e-01]]","[[ 7.91194793e+02  1.88121196e+01  3.20667169e+02]
 [ 8.89276993e+01 -2.54480501e+02  7.82521765e+02]
 [ 2.25428963e-01  8.87939161e-02  1.00000000e+00]]",6
304,14.377947741000002,"[[ 1.37435019e-03 -1.29646673e-05 -4.15658912e-01]
 [-2.36859461e-04 -2.88578689e-03  2.37651728e+00]
 [-1.47391579e-04  3.15272879e-04  7.94072795e-01]]","[[ 7.66102147e+02  3.04223862e+01  3.09968885e+02]
 [ 4.08638815e+01 -2.59518740e+02  7.98083264e+02]
 [ 1.25975518e-01  1.08684272e-01  1.00000000e+00]]",3,"[[ 1.42265362e-03 -3.71568109e-05 -4.29739658e-01]
 [-3.22679675e-04 -3.10091656e-03  2.53966084e+00]
 [-2.31886372e-04  2.63611118e-04  8.67753090e-01]]","[[ 7.59646804e+02  1.83205266e+01  3.22583044e+02]
 [ 6.98327260e+01 -2.56551643e+02  7.85435466e+02]
 [ 1.81783344e-01  8.28324864e-02  1.00000000e+00]]",6
305,14.417393741000001,"[[ 1.34165097e-03 -2.65757208e-05 -4.02101845e-01]
 [-2.94244883e-04 -2.87300073e-03  2.40171218e+00]
 [-2.26190153e-04  3.11315400e-04  8.21207698e-01]]","[[ 8.04430715e+02  2.67597191e+01  3.15625306e+02]
 [ 7.80884248e+01 -2.61709512e+02  8.03633992e+02]
 [ 1.91966268e-01  1.06583251e-01  1.00000000e+00]]",3,"[[ 1.39432599e-03 -4.79401894e-05 -4.18428877e-01]
 [-3.73430883e-04 -3.09131570e-03  2.56704944e+00]
 [-3.06094900e-04  2.54220877e-04  8.99124753e-01]]","[[ 7.92956130e+02  1.46178744e+01  3.27285992e+02]
 [ 1.03969169e+02 -2.60060298e+02  7.90870612e+02]
 [ 2.40554710e-01  7.85065849e-02  1.00000000e+00]]",6
306,14.455777741,"[[ 1.33782503e-03 -1.49052917e-06 -4.18154968e-01]
 [-2.61260530e-04 -2.86169818e-03  2.38572903e+00]
 [-2.03066000e-04  3.49267823e-04  7.82472107e-01]]","[[ 8.02451054e+02  3.78395925e+01  3.13460222e+02]
 [ 7.31373761e+01 -2.51224260e+02  8.05058432e+02]
 [ 1.75604974e-01  1.21957683e-01  1.00000000e+00]]",4,"[[ 1.39395450e-03 -2.75448119e-05 -4.32890913e-01]
 [-3.38668808e-04 -3.09593545e-03  2.56184436e+00]
 [-2.83926674e-04  2.81665910e-04  8.69591430e-01]]","[[ 7.89328313e+02  2.26542553e+01  3.26195002e+02]
 [ 1.00087929e+02 -2.51856953e+02  7.91803423e+02]
 [ 2.25301215e-01  8.89747331e-02  1.00000000e+00]]",6
307,14.497554741,"[[ 1.33196685e-03  1.94988874e-05 -4.37565987e-01]
 [-2.74345973e-04 -3.03543100e-03  2.54096741e+00]
 [-2.15781536e-04  3.91151457e-04  7.52094188e-01]]","[[ 8.11550486e+02  4.60206423e+01  3.16675678e+02]
 [ 8.46908169e+01 -2.24716045e+02  8.08481140e+02]
 [ 1.88793739e-01  1.30074683e-01  1.00000000e+00]]",2,"[[ 1.37734263e-03  7.91812292e-06 -4.59539456e-01]
 [-3.49020614e-04 -3.26469723e-03  2.71087406e+00]
 [-3.14738567e-04  3.68117580e-04  8.10851547e-01]]","[[ 8.11133176e+02  3.90723424e+01  3.29070716e+02]
 [ 1.26887544e+02 -2.16337241e+02  7.95179893e+02]
 [ 2.57242350e-01  1.13380945e-01  1.00000000e+00]]",6
309,14.564111741000001,"[[ 1.48497010e-03 -2.23328164e-05 -4.60049894e-01]
 [-2.62846638e-04 -2.96311126e-03  2.52140218e+00]
 [-6.06379047e-04 -4.81671642e-04  1.59146180e+00]]","[[ 7.94641184e+02 -5.83601250e+01  3.22171692e+02]
 [ 2.52068686e+02 -4.73061224e+02  8.22351990e+02]
 [ 3.79065399e-01 -1.65413040e-01  1.00000000e+00]]",1,"[[ 1.54823404e-03 -5.19653904e-05 -4.76506085e-01]
 [-3.61543221e-04 -3.20604824e-03  2.71086043e+00]
 [-7.18932834e-04 -6.15378726e-04  1.73785210e+00]]","[[ 7.83428243e+02 -7.69773834e+01  3.34886536e+02]
 [ 2.65051225e+02 -4.71254501e+02  8.07780884e+02]
 [ 4.17952238e-01 -1.98717465e-01  1.00000000e+00]]",6
317,14.894375741000001,"[[ 1.53722177e-03 -2.06607257e-04 -3.60298977e-01]
 [-5.52721462e-04 -2.88322521e-03  2.84008742e+00]
 [-1.50747138e-04  2.23318022e-04  8.49232200e-01]]","[[ 6.78075485e+02 -2.08950525e+01  3.57562607e+02]
 [-9.07404575e+00 -2.75197336e+02  9.16492714e+02]
 [ 1.22751277e-01  6.86580835e-02  1.00000000e+00]]",1,"[[ 1.66220163e-03 -2.89561296e-04 -3.62361866e-01]
 [-6.80155029e-04 -3.34853235e-03  3.23370118e+00]
 [-2.21708474e-04  8.93799285e-05  1.00316170e+00]]","[[ 6.33042124e+02 -4.47846930e+01  3.73031228e+02]
 [ 6.00974974e+00 -2.75403553e+02  8.89936786e+02]
 [ 1.39372997e-01  1.46401163e-02  1.00000000e+00]]",6
321,15.057946741,"[[ 1.42433590e-03 -5.49273340e-05 -3.85962691e-01]
 [-6.65894841e-04 -2.75088627e-03  2.80770255e+00]
 [-1.23305422e-04  4.35945648e-04  6.25408982e-01]]","[[ 7.44528941e+02  3.38596131e+01  3.07467078e+02]
 [-1.77638169e+01 -2.13211615e+02  9.46226618e+02]
 [ 1.59173464e-01  1.55296378e-01  1.00000000e+00]]",2,"[[ 1.56604982e-03 -1.37573191e-04 -3.91003530e-01]
 [-7.62949082e-04 -3.25194707e-03  3.21339138e+00]
 [-1.93634240e-04  2.93468743e-04  7.96548550e-01]]","[[ 6.79797291e+02  9.93442451e-01  3.29685894e+02]
 [ 2.78905832e+00 -2.25432259e+02  9.10795215e+02]
 [ 1.64225432e-01  8.32964745e-02  1.00000000e+00]]",6
322,15.097357741000001,"[[ 1.17090677e-03 -5.73749661e-05 -2.94380315e-01]
 [-7.69918374e-04 -2.23295360e-03  2.44579879e+00]
 [-3.15255097e-04  5.54710731e-04  5.44377137e-01]]","[[ 9.67475442e+02  4.96707378e+01  3.00014610e+02]
 [ 1.32364447e+02 -2.04836503e+02  9.91875526e+02]
 [ 4.25399175e-01  2.37489694e-01  1.00000000e+00]]",1,"[[ 1.30738163e-03 -1.32381614e-04 -2.97142016e-01]
 [-9.11857395e-04 -2.68845323e-03  2.85732805e+00]
 [-3.94681182e-04  4.29011121e-04  7.18942612e-01]]","[[ 8.68828997e+02  8.88516682e+00  3.23777947e+02]
 [ 1.29873279e+02 -2.26281185e+02  9.52997326e+02]
 [ 3.99466340e-01  1.39905399e-01  1.00000000e+00]]",6
323,15.135583741000001,"[[ 1.45524957e-03 -1.66937489e-04 -3.34530253e-01]
 [-6.81247090e-04 -2.71455337e-03  2.79179720e+00]
 [-1.63365130e-04  4.49300980e-04  6.31277043e-01]]","[[ 7.30299030e+02  1.10531743e+01  3.38122383e+02]
 [ 6.40407528e+00 -2.12598037e+02  9.43599909e+02]
 [ 1.84432556e-01  1.54173529e-01  1.00000000e+00]]",2,"[[ 1.60109571e-03 -2.70165412e-04 -3.25615159e-01]
 [-8.11525171e-04 -3.22776163e-03  3.23073639e+00]
 [-2.24586865e-04  2.97157247e-04  8.09452284e-01]]","[[ 6.63193286e+02 -2.26327360e+01  3.57113318e+02]
 [ 1.27506013e+01 -2.26997585e+02  9.11136039e+02]
 [ 1.79325663e-01  7.70532907e-02  1.00000000e+00]]",6
324,15.164860741000002,"[[ 1.33544132e-03 -1.65637310e-04 -2.59831484e-01]
 [-7.01455172e-04 -2.75115628e-03  2.83381500e+00]
 [-1.64022286e-04  3.99937467e-04  6.71154309e-01]]","[[ 7.86186261e+02 -1.91331812e+00  3.12443695e+02]
 [-1.57665940e+00 -2.25230908e+02  9.50382125e+02]
 [ 1.93074277e-01  1.33746369e-01  1.00000000e+00]]",3,"[[ 1.46780940e-03 -2.64351887e-04 -2.49377820e-01]
 [-8.00768746e-04 -3.24488470e-03  3.23624286e+00]
 [-2.41077863e-04  2.56969254e-04  8.45611891e-01]]","[[ 7.18763100e+02 -3.20544458e+01  3.34644710e+02]
 [ 2.07147973e+01 -2.37423677e+02  9.14753563e+02]
 [ 1.98619258e-01  6.30111382e-02  1.00000000e+00]]",6
325,15.206135741,"[[ 1.33451790e-03 -1.63337716e-04 -2.59062567e-01]
 [-7.02060510e-04 -2.75389762e-03  2.83084881e+00]
 [-1.55856122e-04  4.04377277e-04  6.64663290e-01]]","[[ 7.85040544e+02 -1.00416108e+00  3.10258217e+02]
 [-6.70978407e+00 -2.23396717e+02  9.48847461e+02]
 [ 1.88165438e-01  1.35677798e-01  1.00000000e+00]]",4,"[[ 1.49383004e-03 -2.73810954e-04 -2.49017981e-01]
 [-8.04983023e-04 -3.27991231e-03  3.26243368e+00]
 [-1.94133878e-04  2.40308500e-04  8.45509273e-01]]","[[ 6.94756984e+02 -3.35287235e+01  3.33990681e+02]
 [-9.23267503e+00 -2.37244867e+02  9.12700271e+02]
 [ 1.62144357e-01  5.97307430e-02  1.00000000e+00]]",6
326,15.246699741,"[[ 1.47132540e-03 -1.78891377e-04 -3.28680528e-01]
 [-7.07746272e-04 -2.73191977e-03  2.80960220e+00]
 [-1.45228231e-04  4.47745288e-04  6.27762602e-01]]","[[ 7.17046247e+02  8.40872116e+00  3.37793263e+02]
 [-8.74620090e+00 -2.11258350e+02  9.40924513e+02]
 [ 1.72121480e-01  1.52623164e-01  1.00000000e+00]]",2,"[[ 1.61927602e-03 -2.81384971e-04 -3.21487746e-01]
 [-8.36104230e-04 -3.23744789e-03  3.23995363e+00]
 [-2.00672807e-04  3.01137326e-04  7.97880548e-01]]","[[ 6.49696012e+02 -2.33131103e+01  3.56447721e+02]
 [-3.09273176e+00 -2.24090382e+02  9.08717694e+02]
 [ 1.64570573e-01  7.87131249e-02  1.00000000e+00]]",6
327,15.287633741,"[[ 1.46234867e-03 -1.84020987e-04 -3.18879959e-01]
 [-7.09845280e-04 -2.72867823e-03  2.80198010e+00]
 [-1.58914450e-04  4.39835833e-04  6.40263282e-01]]","[[ 7.23016772e+02  5.44369477e+00  3.36271718e+02]
 [-2.23561080e+00 -2.14907511e+02  9.39384931e+02]
 [ 1.80989786e-01  1.48984189e-01  1.00000000e+00]]",2,"[[ 1.60881805e-03 -2.86847511e-04 -3.10736883e-01]
 [-8.36097892e-04 -3.22902421e-03  3.22666928e+00]
 [-2.15072247e-04  2.93486167e-04  8.10034846e-01]]","[[ 6.55523841e+02 -2.59735282e+01  3.54927225e+02]
 [ 3.07256077e+00 -2.27493248e+02  9.07368661e+02]
 [ 1.72934821e-01  7.55275364e-02  1.00000000e+00]]",6
328,15.329394741000002,"[[ 1.33287937e-03 -1.77525765e-04 -2.42418828e-01]
 [-7.21865443e-04 -2.76722932e-03  2.83505775e+00]
 [-1.65691776e-04  3.85356420e-04  6.87097320e-01]]","[[ 7.84445957e+02 -7.48318678e+00  3.07641625e+02]
 [-6.87693764e+00 -2.29436280e+02  9.44259257e+02]
 [ 1.93024062e-01  1.26874081e-01  1.00000000e+00]]",4,"[[ 1.49358832e-03 -2.87247316e-04 -2.33651343e-01]
 [-8.19235128e-04 -3.28440829e-03  3.25504645e+00]
 [-1.98099110e-04  2.25929793e-04  8.60352535e-01]]","[[ 6.92714688e+02 -3.78038921e+01  3.31151627e+02]
 [-1.16729529e+01 -2.40956239e+02  9.08460564e+02]
 [ 1.62565257e-01  5.45709741e-02  1.00000000e+00]]",6
329,15.375608741,"[[ 1.32169775e-03 -1.60209337e-04 -2.46373968e-01]
 [-7.13294379e-04 -2.74564669e-03  2.80215303e+00]
 [-1.59882825e-04  4.07514233e-04  6.63996882e-01]]","[[ 7.92109651e+02 -1.59692642e+00  3.00649048e+02]
 [-6.84151534e+00 -2.23929827e+02  9.42474412e+02]
 [ 1.94929746e-01  1.37047738e-01  1.00000000e+00]]",4,"[[ 1.48389044e-03 -2.67497760e-04 -2.39622102e-01]
 [-8.06313122e-04 -3.25891146e-03  3.21632136e+00]
 [-1.88110730e-04  2.53078108e-04  8.31691247e-01]]","[[ 6.97683981e+02 -3.20361658e+01  3.24903150e+02]
 [-1.29819457e+01 -2.35385602e+02  9.06544324e+02]
 [ 1.61751479e-01  6.43803772e-02  1.00000000e+00]]",6
330,15.416328741000001,"[[ 1.46335531e-03 -5.01074856e-05 -3.80863530e-01]
 [-7.12553563e-04 -2.76790074e-03  2.81579936e+00]
 [-5.53555435e-05  4.56729284e-04  5.85953983e-01]]","[[ 7.11656987e+02  3.53857977e+01  2.92522775e+02]
 [-6.40346042e+01 -2.04686752e+02  9.41999537e+02]
 [ 1.17143394e-01  1.62888617e-01  1.00000000e+00]]",2,"[[ 1.61939822e-03 -1.38532775e-04 -3.86969881e-01]
 [-8.05503581e-04 -3.26516102e-03  3.21411142e+00]
 [-1.07884167e-04  3.18549007e-04  7.45446670e-01]]","[[ 6.40440304e+02  3.70427717e+00  3.16488300e+02]
 [-4.69901013e+01 -2.15852425e+02  9.06288829e+02]
 [ 1.12767314e-01  9.27755282e-02  1.00000000e+00]]",6
331,15.459397741,"[[ 1.47556524e-03 -1.85030544e-04 -3.06511091e-01]
 [-7.01079001e-04 -2.75392122e-03  2.78831756e+00]
 [-1.52227794e-04  4.32366587e-04  6.47305018e-01]]","[[ 7.12611597e+02  3.04149939e+00  3.24333484e+02]
 [-6.99984364e+00 -2.16650084e+02  9.29922812e+02]
 [ 1.72261587e-01  1.45426430e-01  1.00000000e+00]]",2,"[[ 1.62635936e-03 -2.85612692e-04 -3.01426722e-01]
 [-8.11177959e-04 -3.23950480e-03  3.18949588e+00]
 [-1.95097900e-04  2.94979862e-04  8.01868504e-01]]","[[ 6.43329585e+02 -2.54730608e+01  3.43152211e+02]
 [-5.12593894e+00 -2.26409973e+02  8.98636844e+02]
 [ 1.58410387e-01  7.70907470e-02  1.00000000e+00]]",6
332,15.497227741000001,"[[ 1.40923880e-03 -1.85254000e-04 -2.57619843e-01]
 [-6.84097693e-04 -2.83484886e-03  2.84180887e+00]
 [-1.22965917e-04  3.85818874e-04  6.79116968e-01]]","[[ 7.33097875e+02 -6.40863424e+00  3.04914592e+02]
 [-2.79342057e+01 -2.24508598e+02  9.28874036e+02]
 [ 1.48610034e-01  1.26387080e-01  1.00000000e+00]]",3,"[[ 1.60214664e-03 -2.99480821e-04 -2.60369299e-01]
 [-7.89540089e-04 -3.38314315e-03  3.29063028e+00]
 [-1.19400872e-04  2.31281481e-04  8.32245499e-01]]","[[ 6.32283834e+02 -3.34155095e+01  3.29933158e+02]
 [-4.67030294e+01 -2.30219206e+02  8.95656700e+02]
 [ 1.03691503e-01  5.91839764e-02  1.00000000e+00]]",6
333,15.532321741,"[[ 1.41284830e-03 -1.88034433e-04 -2.57663492e-01]
 [-6.77822073e-04 -2.84506589e-03  2.84352623e+00]
 [-1.26703616e-04  3.78726235e-04  6.87794239e-01]]","[[ 7.31532303e+02 -7.65476412e+00  3.05695626e+02]
 [-2.55400281e+01 -2.26447864e+02  9.26628445e+02]
 [ 1.48824257e-01  1.23280853e-01  1.00000000e+00]]",3,"[[ 1.60607331e-03 -3.01646372e-04 -2.61315512e-01]
 [-7.80611634e-04 -3.39141157e-03  3.28884892e+00]
 [-1.22459254e-04  2.24618259e-04  8.39743484e-01]]","[[ 6.31194404e+02 -3.42481933e+01  3.30550969e+02]
 [-4.44824224e+01 -2.31716641e+02  8.93674191e+02]
 [ 1.03945028e-01  5.69861883e-02  1.00000000e+00]]",6
334,15.576033741000002,"[[ 1.32363668e-03 -1.72021672e-04 -2.28537432e-01]
 [-7.05197484e-04 -2.77276249e-03  2.79478150e+00]
 [-1.86430203e-04  3.73456896e-04  7.06294599e-01]]","[[ 7.91814739e+02 -9.53439951e+00  2.93936653e+02]
 [ 6.05429929e+00 -2.35338368e+02  9.33184189e+02]
 [ 2.05802455e-01  1.21919715e-01  1.00000000e+00]]",4,"[[ 1.49168998e-03 -2.78433571e-04 -2.24817965e-01]
 [-7.83264010e-04 -3.28022585e-03  3.19414337e+00]
 [-2.03613327e-04  2.23020914e-04  8.64588854e-01]]","[[ 6.94246043e+02 -3.72892243e+01  3.18285518e+02]
 [-5.24952056e+00 -2.43373498e+02  8.97755798e+02]
 [ 1.64851187e-01  5.39965289e-02  1.00000000e+00]]",6
335,15.614592741000001,"[[ 1.30999563e-03 -1.55315328e-04 -2.36779593e-01]
 [-6.96867361e-04 -2.73724873e-03  2.75699900e+00]
 [-1.89998267e-04  3.96512466e-04  6.85399443e-01]]","[[ 8.03811240e+02 -3.40198082e+00  2.91370759e+02]
 [ 1.25046849e+01 -2.30882078e+02  9.33036229e+02]
 [ 2.15588852e-01  1.32625220e-01  1.00000000e+00]]",3,"[[ 1.44795878e-03 -2.45234442e-04 -2.35011196e-01]
 [-7.78040064e-04 -3.19074559e-03  3.11421224e+00]
 [-2.45378279e-04  2.74500599e-04  8.30342086e-01]]","[[ 7.28405309e+02 -2.89173798e+01  3.14615223e+02]
 [ 2.45528611e+01 -2.37926694e+02  8.99297331e+02]
 [ 2.07137599e-01  7.01100479e-02  1.00000000e+00]]",6
336,15.652470741,"[[ 1.41584039e-03 -1.77952209e-04 -2.68401667e-01]
 [-6.55135423e-04 -2.85146611e-03  2.82545923e+00]
 [-1.27682645e-04  3.78172965e-04  6.90783096e-01]]","[[ 7.31439689e+02 -5.15771217e+00  3.05294873e+02]
 [-2.20988700e+01 -2.27205820e+02  9.20736786e+02]
 [ 1.47295656e-01  1.23431724e-01  1.00000000e+00]]",3,"[[ 1.60411171e-03 -2.86605963e-04 -2.74110298e-01]
 [-7.53521327e-04 -3.38439340e-03  3.25647401e+00]
 [-1.25778480e-04  2.27706632e-04  8.39080971e-01]]","[[ 6.34430239e+02 -3.15450407e+01  3.29681493e+02]
 [-3.94463514e+01 -2.32333681e+02  8.88800924e+02]
 [ 1.05806078e-01  5.83212282e-02  1.00000000e+00]]",6
337,15.697853741000001,"[[ 1.31593810e-03 -1.57068700e-04 -2.35648148e-01]
 [-6.83885205e-04 -2.75749730e-03  2.76174771e+00]
 [-1.82471452e-04  3.86971441e-04  6.93189081e-01]]","[[ 7.97669862e+02 -4.73465492e+00  2.90029594e+02]
 [ 7.99717842e+00 -2.32646852e+02  9.29611342e+02]
 [ 2.05510015e-01  1.28628322e-01  1.00000000e+00]]",4,"[[ 1.48193719e-03 -2.59612380e-04 -2.33980096e-01]
 [-7.58956211e-04 -3.25617989e-03  3.15198658e+00]
 [-1.99196681e-04  2.40998352e-04  8.47057498e-01]]","[[ 7.00408802e+02 -3.25571269e+01  3.14620137e+02]
 [-2.98941135e+00 -2.40653204e+02  8.94669144e+02]
 [ 1.65560841e-01  6.08125825e-02  1.00000000e+00]]",6
338,15.733498741000002,"[[ 1.31279698e-03 -1.61686712e-04 -2.32718812e-01]
 [-6.89118124e-04 -2.75504238e-03  2.75876685e+00]
 [-1.95623654e-04  3.80507576e-04  7.03779458e-01]]","[[ 8.01632912e+02 -6.77010216e+00  2.91614354e+02]
 [ 1.46699195e+01 -2.35606076e+02  9.28410444e+02]
 [ 2.14891671e-01  1.25501681e-01  1.00000000e+00]]",3,"[[ 1.44942052e-03 -2.50052298e-04 -2.31894771e-01]
 [-7.68399862e-04 -3.20078477e-03  3.10800587e+00]
 [-2.49971695e-04  2.59882295e-04  8.45883403e-01]]","[[ 7.27571611e+02 -3.13054217e+01  3.14484817e+02]
 [ 2.62731702e+01 -2.41765949e+02  8.95516564e+02]
 [ 2.06936767e-01  6.50269530e-02  1.00000000e+00]]",6
339,15.763708741,"[[ 1.31649019e-03 -1.58759728e-04 -2.36819134e-01]
 [-6.80938811e-04 -2.76800051e-03  2.75801306e+00]
 [-1.88698219e-04  3.77867853e-04  7.05569882e-01]]","[[ 7.98257350e+02 -6.00448752e+00  2.91400008e+02]
 [ 1.06558166e+01 -2.35648416e+02  9.24706292e+02]
 [ 2.07779914e-01  1.24595631e-01  1.00000000e+00]]",4,"[[ 1.47803839e-03 -2.57703958e-04 -2.36498031e-01]
 [-7.55278988e-04 -3.25450309e-03  3.13717694e+00]
 [-2.07020623e-04  2.35558319e-04  8.55448596e-01]]","[[ 7.03917145e+02 -3.29162997e+01  3.15319093e+02]
 [ 6.70935003e-01 -2.42846272e+02  8.90772867e+02]
 [ 1.70164897e-01  5.89048915e-02  1.00000000e+00]]",6
340,15.807693741000001,"[[ 1.31397885e-03 -1.52172834e-04 -2.40560068e-01]
 [-6.73493152e-04 -2.76252239e-03  2.74292510e+00]
 [-1.86432434e-04  3.84190677e-04  6.99729813e-01]]","[[ 8.00246177e+02 -3.76674414e+00  2.89882134e+02]
 [ 1.07456716e+01 -2.34322654e+02  9.22233778e+02]
 [ 2.07313528e-01  1.27652609e-01  1.00000000e+00]]",4,"[[ 1.47411171e-03 -2.49030105e-04 -2.41284202e-01]
 [-7.46706194e-04 -3.24332709e-03  3.11655642e+00]
 [-2.04658256e-04  2.44459252e-04  8.46980928e-01]]","[[ 7.06447000e+02 -3.05899424e+01  3.13808462e+02]
 [ 1.08377724e+00 -2.41427185e+02  8.88665751e+02]
 [ 1.70387865e-01  6.22902158e-02  1.00000000e+00]]",6
341,15.846643741000001,"[[ 1.41247626e-03 -1.68404312e-04 -2.75254291e-01]
 [-6.32911448e-04 -2.85605546e-03  2.79166587e+00]
 [-1.31388502e-04  3.77526783e-04  6.96229734e-01]]","[[ 7.34755630e+02 -3.21980262e+00  3.03395909e+02]
 [-1.78373349e+01 -2.28764156e+02  9.10221515e+02]
 [ 1.48331087e-01  1.23438495e-01  1.00000000e+00]]",3,"[[ 1.59223278e-03 -2.68693644e-04 -2.84160435e-01]
 [-7.22328418e-04 -3.36216624e-03  3.19400148e+00]
 [-1.31419999e-04  2.36475116e-04  8.34926534e-01]]","[[ 6.42181985e+02 -2.83270633e+01  3.26926243e+02]
 [-3.30486875e+01 -2.32909933e+02  8.79746317e+02]
 [ 1.10441751e-01  6.15079997e-02  1.00000000e+00]]",6
342,15.885549741,"[[ 1.29705081e-03 -1.23022752e-04 -2.53491096e-01]
 [-6.54745844e-04 -2.72090306e-03  2.68783592e+00]
 [-1.78024480e-04  4.23610618e-04  6.60676695e-01]]","[[ 8.13428977e+02  7.23142314e+00  2.82680054e+02]
 [ 1.27227457e+01 -2.24895154e+02  9.19824144e+02]
 [ 2.11027242e-01  1.46146135e-01  1.00000000e+00]]",5,"[[ 1.44915873e-03 -2.09309250e-04 -2.58368730e-01]
 [-7.28193364e-04 -3.17713891e-03  3.04258551e+00]
 [-1.97734009e-04  2.97186558e-04  7.96871835e-01]]","[[ 7.22362776e+02 -1.89229711e+01  3.06461717e+02]
 [ 4.48763126e+00 -2.32036828e+02  8.87409145e+02]
 [ 1.77571873e-01  8.18406528e-02  1.00000000e+00]]",6
343,15.928764741,"[[ 1.29994594e-03 -1.23445930e-04 -2.52859503e-01]
 [-6.54273655e-04 -2.72448745e-03  2.68948616e+00]
 [-1.74014398e-04  4.21420671e-04  6.61557807e-01]]","[[ 8.10448150e+02  6.87202754e+00  2.81830690e+02]
 [ 9.70874249e+00 -2.25258411e+02  9.19472674e+02]
 [ 2.06993525e-01  1.45300050e-01  1.00000000e+00]]",4,"[[ 1.43674574e-03 -2.06816614e-04 -2.55530391e-01]
 [-7.28393104e-04 -3.15879076e-03  3.02584249e+00]
 [-2.21526581e-04  3.06056751e-04  7.96090476e-01]]","[[ 7.33790983e+02 -1.84341037e+01  3.05599174e+02]
 [ 1.92871156e+01 -2.31854873e+02  8.87442813e+02]
 [ 1.96775694e-01  8.40069155e-02  1.00000000e+00]]",6
344,15.975510741,"[[ 1.29825676e-03 -1.16046821e-04 -2.57684705e-01]
 [-6.53420927e-04 -2.71233227e-03  2.67926793e+00]
 [-1.77905555e-04  4.31359691e-04  6.53016915e-01]]","[[ 8.13683720e+02  9.83401941e+00  2.80736796e+02]
 [ 1.38893270e+01 -2.22938796e+02  9.20178055e+02]
 [ 2.12502242e-01  1.49944565e-01  1.00000000e+00]]",4,"[[ 1.46159229e-03 -1.95160508e-04 -2.72369021e-01]
 [-7.34973206e-04 -3.18334753e-03  3.05024692e+00]
 [-1.76550208e-04  3.25254278e-04  7.65070301e-01]]","[[ 7.14648022e+02 -1.26605222e+01  3.04894466e+02]
 [-4.95902448e+00 -2.23121512e+02  8.87794258e+02]
 [ 1.67022822e-01  9.19340462e-02  1.00000000e+00]]",6
345,16.012697741,"[[ 1.29794585e-03 -1.15123868e-04 -2.59192719e-01]
 [-6.48221622e-04 -2.71183838e-03  2.67716979e+00]
 [-1.79700991e-04  4.34683277e-04  6.50650119e-01]]","[[ 8.14640029e+02  1.05054830e+01  2.81293736e+02]
 [ 1.65045188e+01 -2.21990154e+02  9.19977062e+02]
 [ 2.13966582e-01  1.51207616e-01  1.00000000e+00]]",4,"[[ 1.46082650e-03 -1.94190964e-04 -2.73708207e-01]
 [-7.29749211e-04 -3.18368757e-03  3.04890305e+00]
 [-1.78769957e-04  3.28511148e-04  7.62980739e-01]]","[[ 7.15841924e+02 -1.21538766e+01  3.05365246e+02]
 [-2.44804607e+00 -2.22357001e+02  8.87669704e+02]
 [ 1.68779150e-01  9.28909498e-02  1.00000000e+00]]",6
346,16.058328741,"[[ 1.29949452e-03 -1.19364554e-04 -2.58418621e-01]
 [-6.45476580e-04 -2.72584307e-03  2.68734170e+00]
 [-1.84637194e-04  4.26845193e-04  6.60114187e-01]]","[[ 8.14100772e+02  8.70632820e+00  2.83256933e+02]
 [ 1.93671860e+01 -2.23830265e+02  9.18800503e+02]
 [ 2.15184728e-01  1.47169061e-01  1.00000000e+00]]",5,"[[ 1.45126145e-03 -2.05028671e-04 -2.63586378e-01]
 [-7.17845142e-04 -3.18294630e-03  3.04230802e+00]
 [-2.04864959e-04  3.00178563e-04  7.96729671e-01]]","[[ 7.23635357e+02 -1.76712566e+01  3.06881791e+02]
 [ 1.07697786e+01 -2.31253810e+02  8.86604469e+02]
 [ 1.82012390e-01  8.25841153e-02  1.00000000e+00]]",6
347,16.103475741,"[[ 1.30997300e-03 -1.21647762e-04 -2.62159093e-01]
 [-6.38472496e-04 -2.74914234e-03  2.70110273e+00]
 [-1.81627295e-04  4.17218259e-04  6.69511408e-01]]","[[ 8.06619987e+02  7.59261120e+00  2.85214471e+02]
 [ 1.71595161e+01 -2.25450709e+02  9.16286180e+02]
 [ 2.08129303e-01  1.42553475e-01  1.00000000e+00]]",4,"[[ 1.44318777e-03 -2.03483552e-04 -2.64808739e-01]
 [-7.12351205e-04 -3.18108733e-03  3.03517981e+00]
 [-2.33239309e-04  3.01150389e-04  8.05356383e-01]]","[[ 7.33965104e+02 -1.77643674e+01  3.08283920e+02]
 [ 2.83426254e+01 -2.32379572e+02  8.85097797e+02]
 [ 2.01965396e-01  8.17499571e-02  1.00000000e+00]]",6
348,16.131215741000002,"[[ 1.31279658e-03 -1.20777367e-04 -2.63986065e-01]
 [-6.35149437e-04 -2.75548421e-03  2.70233400e+00]
 [-1.82253061e-04  4.16739040e-04  6.70691755e-01]]","[[ 8.05134422e+02  7.85276528e+00  2.85262898e+02]
 [ 1.80068539e+01 -2.25323933e+02  9.14956951e+02]
 [ 2.07597682e-01  1.42140513e-01  1.00000000e+00]]",4,"[[ 1.44500334e-03 -2.01663177e-04 -2.67050084e-01]
 [-7.08614691e-04 -3.18424856e-03  3.03342321e+00]
 [-2.34468693e-04  3.02252442e-04  8.05053565e-01]]","[[ 7.33608607e+02 -1.72071072e+01  3.08186548e+02]
 [ 2.96723234e+01 -2.32009929e+02  8.84050865e+02]
 [ 2.02520337e-01  8.20952077e-02  1.00000000e+00]]",6
349,16.176988741000002,"[[ 1.31165149e-03 -1.18931740e-04 -2.64663606e-01]
 [-6.34751166e-04 -2.75213509e-03  2.70034216e+00]
 [-1.86020887e-04  4.18454885e-04  6.69882709e-01]]","[[ 8.06868237e+02  8.43328202e+00  2.84790020e+02]
 [ 2.09238046e+01 -2.25059563e+02  9.15496978e+02]
 [ 2.10990185e-01  1.42929559e-01  1.00000000e+00]]",4,"[[ 1.44456900e-03 -2.00040229e-04 -2.67755154e-01]
 [-7.07766218e-04 -3.18245855e-03  3.03258995e+00]
 [-2.38082354e-04  3.03733359e-04  8.04652322e-01]]","[[ 7.34748320e+02 -1.68050158e+01  3.07829065e+02]
 [ 3.21808068e+01 -2.31833690e+02  8.84447950e+02]
 [ 2.05251660e-01  8.25383161e-02  1.00000000e+00]]",6
350,16.211004741,"[[ 1.30841088e-03 -1.12466158e-04 -2.69220050e-01]
 [-6.27975943e-04 -2.74298484e-03  2.69269125e+00]
 [-1.86246407e-04  4.30401627e-04  6.58522381e-01]]","[[ 8.10272717e+02  1.14251626e+01  2.84541925e+02]
 [ 2.40377102e+01 -2.21740525e+02  9.16521931e+02]
 [ 2.13454420e-01  1.48158029e-01  1.00000000e+00]]",4,"[[ 1.44168627e-03 -1.93707633e-04 -2.72163535e-01]
 [-7.00625471e-04 -3.17694929e-03  3.02799201e+00]
 [-2.38527379e-04  3.15021938e-04  7.94527933e-01]]","[[ 7.37520541e+02 -1.44551243e+01  3.07725114e+02]
 [ 3.51137999e+01 -2.29128265e+02  8.85249243e+02]
 [ 2.07490785e-01  8.65073264e-02  1.00000000e+00]]",6
351,16.249367741,"[[ 1.48726933e-03 -1.50676292e-04 -3.44528959e-01]
 [-6.27498420e-04 -2.79327505e-03  2.73799970e+00]
 [-1.80134298e-04  4.31525040e-04  6.66673799e-01]]","[[ 7.16354276e+02  1.13490363e+01  3.23593241e+02]
 [ 1.76212367e+01 -2.18753488e+02  9.07517308e+02]
 [ 1.82152006e-01  1.44661390e-01  1.00000000e+00]]",2,"[[ 1.62902948e-03 -2.35411825e-04 -3.48920868e-01]
 [-7.22052719e-04 -3.24041291e-03  3.09663329e+00]
 [-2.22958920e-04  3.08293855e-04  8.04926658e-01]]","[[ 6.53910581e+02 -1.50345909e+01  3.41297756e+02]
 [ 2.00455837e+01 -2.26375547e+02  8.79578743e+02]
 [ 1.73450916e-01  8.25393138e-02  1.00000000e+00]]",6
352,16.297142741000002,"[[ 1.32439580e-03 -1.29814069e-04 -2.71751000e-01]
 [-6.23387021e-04 -2.78654097e-03  2.73228272e+00]
 [-2.09311889e-04  3.90755451e-04  7.04338607e-01]]","[[ 8.03499142e+02  3.91236518e+00  2.94832635e+02]
 [ 3.52186040e+01 -2.32258743e+02  9.14570397e+02]
 [ 2.19241228e-01  1.30015980e-01  1.00000000e+00]]",4,"[[ 1.47784101e-03 -2.21884881e-04 -2.73877067e-01]
 [-6.94558936e-04 -3.26187055e-03  3.10016330e+00]
 [-2.35110191e-04  2.49504662e-04  8.54483391e-01]]","[[ 7.15774548e+02 -2.43763135e+01  3.17858473e+02]
 [ 2.72162328e+01 -2.40901802e+02  8.82742527e+02]
 [ 1.88997605e-01  6.36349443e-02  1.00000000e+00]]",6
353,16.332425741,"[[ 1.37431964e-03 -7.91996700e-05 -3.32270264e-01]
 [-5.99202838e-04 -2.83493367e-03  2.75909132e+00]
 [-9.91292422e-05  4.41863121e-04  6.26612299e-01]]","[[ 7.59603945e+02  2.46453577e+01  2.94272887e+02]
 [-2.58551138e+01 -2.10020270e+02  9.11048536e+02]
 [ 1.38400387e-01  1.51997156e-01  1.00000000e+00]]",2,"[[ 1.49704457e-03 -1.49172098e-04 -3.41024976e-01]
 [-6.76456221e-04 -3.26689274e-03  3.09336471e+00]
 [-1.50979407e-04  3.79436544e-04  7.13171805e-01]]","[[ 7.01898532e+02  4.61015277e+00  3.15637893e+02]
 [-3.08421275e+00 -2.03574759e+02  8.81525572e+02]
 [ 1.50233768e-01  1.09286066e-01  1.00000000e+00]]",6
354,16.367073741000002,"[[ 1.32249157e-03 -9.34156088e-05 -3.04768533e-01]
 [-5.70561793e-04 -2.77526249e-03  2.68541780e+00]
 [-1.87582916e-04  4.35850897e-04  6.59897437e-01]]","[[ 8.06172011e+02  1.91185064e+01  2.94522562e+02]
 [ 3.41678969e+01 -2.19021391e+02  9.07076173e+02]
 [ 2.06595723e-01  1.50094499e-01  1.00000000e+00]]",4,"[[ 1.44170719e-03 -1.67087385e-04 -3.08346193e-01]
 [-6.45090192e-04 -3.19365650e-03  3.00858814e+00]
 [-2.50633301e-04  3.20827159e-04  7.97337135e-01]]","[[ 7.45241986e+02 -7.27894460e+00  3.15665563e+02]
 [ 5.08685744e+01 -2.27551188e+02  8.78289629e+02]
 [ 2.13789664e-01  8.92724697e-02  1.00000000e+00]]",6
355,16.404658741000002,"[[ 1.32222670e-03 -8.88341574e-05 -3.08587477e-01]
 [-5.63132903e-04 -2.77750682e-03  2.67638774e+00]
 [-1.93109828e-04  4.31535217e-04  6.66705596e-01]]","[[ 8.07715102e+02  1.98629293e+01  2.94117623e+02]
 [ 3.79831271e+01 -2.20803343e+02  9.03961930e+02]
 [ 2.09367775e-01  1.48671536e-01  1.00000000e+00]]",4,"[[ 1.44000886e-03 -1.60750601e-04 -3.12971340e-01]
 [-6.36968617e-04 -3.19003691e-03  2.99423203e+00]
 [-2.56202335e-04  3.17489011e-04  8.02702194e-01]]","[[ 7.47706492e+02 -6.31802134e+00  3.15096092e+02]
 [ 5.44780818e+01 -2.29066699e+02  8.75703254e+02]
 [ 2.17101633e-01  8.85851171e-02  1.00000000e+00]]",6
356,16.443429741000003,"[[ 1.32090463e-03 -8.63631195e-05 -3.08562082e-01]
 [-5.59710241e-04 -2.77576404e-03  2.66971594e+00]
 [-1.93821061e-04  4.30390056e-04  6.68165268e-01]]","[[ 8.08560760e+02  2.02153668e+01  2.92625065e+02]
 [ 3.86201137e+01 -2.21482702e+02  9.02789522e+02]
 [ 2.09670270e-01  1.48529295e-01  1.00000000e+00]]",4,"[[ 1.43925516e-03 -1.57843699e-04 -3.13475035e-01]
 [-6.32444083e-04 -3.18663508e-03  2.98552932e+00]
 [-2.55525053e-04  3.16914041e-04  8.02982932e-01]]","[[ 7.47932981e+02 -5.84719126e+00  3.13724325e+02]
 [ 5.44226202e+01 -2.29523857e+02  8.74626733e+02]
 [ 2.16528042e-01  8.87257082e-02  1.00000000e+00]]",6
357,16.486362741,"[[ 1.31938856e-03 -8.68921162e-05 -3.07048604e-01]
 [-5.60641327e-04 -2.77192153e-03  2.66690631e+00]
 [-1.96542188e-04  4.30500746e-04  6.68678453e-01]]","[[ 8.09947192e+02  1.99899162e+01  2.92191142e+02]
 [ 4.02786191e+01 -2.21777729e+02  9.03016861e+02]
 [ 2.12133076e-01  1.48657907e-01  1.00000000e+00]]",4,"[[ 1.43812573e-03 -1.58486046e-04 -3.12013059e-01]
 [-6.33118664e-04 -3.18270232e-03  2.98256929e+00]
 [-2.58080505e-04  3.17314109e-04  8.03291629e-01]]","[[ 7.48920253e+02 -6.05121764e+00  3.13362004e+02]
 [ 5.58345127e+01 -2.29763240e+02  8.74783025e+02]
 [ 2.18556539e-01  8.88163324e-02  1.00000000e+00]]",6
358,16.524348741,"[[ 1.32030793e-03 -8.74889352e-05 -3.06946441e-01]
 [-5.60476154e-04 -2.77206836e-03  2.66870691e+00]
 [-1.95175505e-04  4.29930154e-04  6.68575065e-01]]","[[ 8.09026082e+02  1.98091744e+01  2.92357293e+02]
 [ 3.94028245e+01 -2.21842074e+02  9.03602397e+02]
 [ 2.10838871e-01  1.48439372e-01  1.00000000e+00]]",4,"[[ 1.43927263e-03 -1.59409924e-04 -3.11753508e-01]
 [-6.33038778e-04 -3.18411158e-03  2.98546735e+00]
 [-2.56822327e-04  3.16247302e-04  8.03722230e-01]]","[[ 7.47971540e+02 -6.30484119e+00  3.13548188e+02]
 [ 5.50732073e+01 -2.29883675e+02  8.75276862e+02]
 [ 2.17337572e-01  8.84395941e-02  1.00000000e+00]]",6
359,16.569433741,"[[ 1.32011489e-03 -8.60839738e-05 -3.07986984e-01]
 [-5.58475526e-04 -2.77358653e-03  2.66865455e+00]
 [-1.95031547e-04  4.30091443e-04  6.68475563e-01]]","[[ 8.09224181e+02  2.01959710e+01  2.92208805e+02]
 [ 3.96666518e+01 -2.21698614e+02  9.03329697e+02]
 [ 2.10574573e-01  1.48531276e-01  1.00000000e+00]]",4,"[[ 1.43894824e-03 -1.57847837e-04 -3.12848015e-01]
 [-6.30829923e-04 -3.18579748e-03  2.98540808e+00]
 [-2.56679255e-04  3.16222357e-04  8.03736602e-01]]","[[ 7.48241848e+02 -5.96496644e+00  3.13403465e+02]
 [ 5.53552089e+01 -2.29779243e+02  8.75041121e+02]
 [ 2.17177624e-01  8.84994546e-02  1.00000000e+00]]",6
360,16.609716741,"[[ 1.31942073e-03 -8.38677077e-05 -3.09307086e-01]
 [-5.55137053e-04 -2.77300519e-03  2.66466117e+00]
 [-1.95245980e-04  4.31396688e-04  6.67630090e-01]]","[[ 8.09881155e+02  2.09000778e+01  2.91793849e+02]
 [ 4.03847003e+01 -2.21436832e+02  9.02513851e+02]
 [ 2.10751756e-01  1.49196050e-01  1.00000000e+00]]",4,"[[ 1.43794875e-03 -1.55194829e-04 -3.14371872e-01]
 [-6.27179959e-04 -3.18396853e-03  2.98018387e+00]
 [-2.56810597e-04  3.17873909e-04  8.02448515e-01]]","[[ 7.49038547e+02 -5.26234491e+00  3.12991302e+02]
 [ 5.60476776e+01 -2.29514625e+02  8.74343441e+02]
 [ 2.17515440e-01  8.92334943e-02  1.00000000e+00]]",6
361,16.656973741,"[[ 1.31879687e-03 -8.51826427e-05 -3.07332881e-01]
 [-5.56820452e-04 -2.77635262e-03  2.66436885e+00]
 [-1.96041955e-04  4.28817351e-04  6.70625408e-01]]","[[ 8.10062056e+02  2.01311706e+01  2.91253268e+02]
 [ 4.01496604e+01 -2.22215146e+02  9.01251901e+02]
 [ 2.11130202e-01  1.47975700e-01  1.00000000e+00]]",4,"[[ 1.43714047e-03 -1.56065198e-04 -3.12708744e-01]
 [-6.28617838e-04 -3.18453656e-03  2.97735231e+00]
 [-2.56916647e-04  3.16409646e-04  8.03955863e-01]]","[[ 7.49195895e+02 -5.67422248e+00  3.12422955e+02]
 [ 5.55219831e+01 -2.29972004e+02  8.73269190e+02]
 [ 2.17565683e-01  8.86958616e-02  1.00000000e+00]]",6
362,16.689811741,"[[ 1.33474057e-03 -1.18185075e-04 -2.89747134e-01]
 [-5.76227106e-04 -2.82286317e-03  2.70792954e+00]
 [-2.16207684e-04  3.78305932e-04  7.24145893e-01]]","[[ 7.99968043e+02  6.26446901e+00  2.96659429e+02]
 [ 4.38496982e+01 -2.35643099e+02  8.98728057e+02]
 [ 2.15938030e-01  1.24974276e-01  1.00000000e+00]]",3,"[[ 1.45149047e-03 -1.89248246e-04 -2.94921795e-01]
 [-6.50140743e-04 -3.22232397e-03  3.01461653e+00]
 [-2.78898253e-04  2.66343465e-04  8.56213402e-01]]","[[ 7.42034200e+02 -1.73922355e+01  3.16828700e+02]
 [ 5.91874179e+01 -2.41766984e+02  8.71617290e+02]
 [ 2.23294636e-01  6.95415325e-02  1.00000000e+00]]",6
363,16.729503741000002,"[[ 1.33218559e-03 -1.16730652e-04 -2.88429109e-01]
 [-5.76461726e-04 -2.82067447e-03  2.70010689e+00]
 [-2.14534742e-04  3.80863590e-04  7.21695565e-01]]","[[ 8.01066301e+02  6.69502476e+00  2.95101657e+02]
 [ 4.26768328e+01 -2.35180525e+02  8.96945788e+02]
 [ 2.15606840e-01  1.26103054e-01  1.00000000e+00]]",3,"[[ 1.44883849e-03 -1.86873267e-04 -2.94248941e-01]
 [-6.49829719e-04 -3.21600939e-03  3.00300944e+00]
 [-2.75748948e-04  2.70976465e-04  8.51182770e-01]]","[[ 7.42777777e+02 -1.65928036e+01  3.15314090e+02]
 [ 5.75105168e+01 -2.40976417e+02  8.70056221e+02]
 [ 2.22321458e-01  7.13401299e-02  1.00000000e+00]]",6
364,16.778151741000002,"[[ 1.33658358e-03 -1.22142992e-04 -2.85378781e-01]
 [-5.78064580e-04 -2.83445721e-03  2.70557478e+00]
 [-2.14373211e-04  3.70913696e-04  7.31576755e-01]]","[[ 7.97377970e+02  4.27403891e+00  2.95240410e+02]
 [ 4.07100941e+01 -2.37526102e+02  8.94318228e+02]
 [ 2.13014620e-01  1.21679541e-01  1.00000000e+00]]",3,"[[ 1.45282670e-03 -1.91479161e-04 -2.91775088e-01]
 [-6.51029180e-04 -3.22509571e-03  3.00412098e+00]
 [-2.74424146e-04  2.62527867e-04  8.58666738e-01]]","[[ 7.39672936e+02 -1.82566959e+01  3.15213630e+02]
 [ 5.51719755e+01 -2.42699399e+02  8.67852606e+02]
 [ 2.19526301e-01  6.83679416e-02  1.00000000e+00]]",6
365,16.810197741,"[[ 1.32320541e-03 -9.59472066e-05 -2.95783071e-01]
 [-5.66425362e-04 -2.79507964e-03  2.66171162e+00]
 [-1.96469462e-04  4.09230701e-04  6.90860811e-01]]","[[ 8.04800654e+02  1.45910204e+01  2.88349428e+02]
 [ 3.50734292e+01 -2.28105898e+02  8.93850449e+02]
 [ 2.08096371e-01  1.39267744e-01  1.00000000e+00]]",4,"[[ 1.44167883e-03 -1.64983974e-04 -3.02953586e-01]
 [-6.37125948e-04 -3.18776138e-03  2.96067076e+00]
 [-2.53187481e-04  3.02107213e-04  8.16416871e-01]]","[[ 7.43905225e+02 -9.18372095e+00  3.09350209e+02]
 [ 4.88091960e+01 -2.34065828e+02  8.66933057e+02]
 [ 2.12638771e-01  8.37657502e-02  1.00000000e+00]]",6
366,16.848856741000002,"[[ 1.32935046e-03 -1.22856699e-04 -2.80067651e-01]
 [-5.86057895e-04 -2.82016094e-03  2.69112535e+00]
 [-2.23207670e-04  3.70078904e-04  7.34858799e-01]]","[[ 8.03025946e+02  3.49773910e+00  2.93238288e+02]
 [ 4.44937857e+01 -2.39302698e+02  8.93307433e+02]
 [ 2.21505599e-01  1.21576557e-01  1.00000000e+00]]",3,"[[ 1.44666016e-03 -1.91513459e-04 -2.87329592e-01]
 [-6.58033349e-04 -3.20663243e-03  2.98580407e+00]
 [-2.80926902e-04  2.64179601e-04  8.59035726e-01]]","[[ 7.43641695e+02 -1.85963473e+01  3.13369172e+02]
 [ 5.74024282e+01 -2.43868061e+02  8.66827355e+02]
 [ 2.25537077e-01  6.89153560e-02  1.00000000e+00]]",6
367,16.889415741,"[[ 1.33483893e-03 -1.22850849e-04 -2.83233570e-01]
 [-5.76997242e-04 -2.82690399e-03  2.69323976e+00]
 [-2.14803957e-04  3.70843768e-04  7.32195275e-01]]","[[ 7.98215576e+02  3.92383853e+00  2.94338979e+02]
 [ 4.05904926e+01 -2.38408052e+02  8.92639786e+02]
 [ 2.13613961e-01  1.21900536e-01  1.00000000e+00]]",3,"[[ 1.45116975e-03 -1.91473682e-04 -2.90235980e-01]
 [-6.49400225e-04 -3.21305026e-03  2.98778412e+00]
 [-2.73528173e-04  2.64287233e-04  8.57004728e-01]]","[[ 7.40174308e+02 -1.82552208e+01  3.14313172e+02]
 [ 5.44605683e+01 -2.43214056e+02  8.66363377e+02]
 [ 2.19444873e-01  6.91770428e-02  1.00000000e+00]]",6
368,16.929336741,"[[ 1.31992735e-03 -8.91777087e-05 -3.02853857e-01]
 [-5.51619738e-04 -2.78513589e-03  2.64626028e+00]
 [-1.95042679e-04  4.20453367e-04  6.81157915e-01]]","[[ 8.07905534e+02  1.78752274e+01  2.89763649e+02]
 [ 3.76858068e+01 -2.25483565e+02  8.92746719e+02]
 [ 2.08073535e-01  1.44300983e-01  1.00000000e+00]]",4,"[[ 1.43608750e-03 -1.56888270e-04 -3.10059183e-01]
 [-6.22606982e-04 -3.17538986e-03  2.94357978e+00]
 [-2.53145561e-04  3.13720854e-04  8.06890697e-01]]","[[ 7.48345112e+02 -6.29471937e+00  3.10525680e+02]
 [ 5.21227759e+01 -2.31927412e+02  8.66112333e+02]
 [ 2.14512625e-01  8.81990406e-02  1.00000000e+00]]",6
369,16.969860741,"[[ 1.32289327e-03 -8.35924178e-05 -3.11540000e-01]
 [-5.36066417e-04 -2.79341207e-03  2.64198477e+00]
 [-1.94666294e-04  4.21328973e-04  6.81887112e-01]]","[[ 8.06892344e+02  1.98546316e+01  2.91725130e+02]
 [ 3.97756049e+01 -2.24966093e+02  8.89808113e+02]
 [ 2.05776183e-01  1.44671689e-01  1.00000000e+00]]",4,"[[ 1.43576699e-03 -1.49398332e-04 -3.18951243e-01]
 [-6.07309006e-04 -3.17904654e-03  2.93558380e+00]
 [-2.54862993e-04  3.14937929e-04  8.07479130e-01]]","[[ 7.50046109e+02 -4.33635950e+00  3.12030214e+02]
 [ 5.53763122e+01 -2.31587457e+02  8.63807751e+02]
 [ 2.15137320e-01  8.89564744e-02  1.00000000e+00]]",6
370,17.025314741000003,"[[ 1.32353493e-03 -7.75325668e-05 -3.18494213e-01]
 [-5.20338661e-04 -2.79884894e-03  2.63245635e+00]
 [-1.96807121e-04  4.19920697e-04  6.85458590e-01]]","[[ 8.07515634e+02  2.15228379e+01  2.92550314e+02]
 [ 4.31048668e+01 -2.25530084e+02  8.86161120e+02]
 [ 2.05445235e-01  1.44342195e-01  1.00000000e+00]]",4,"[[ 1.43362332e-03 -1.41211407e-04 -3.26454287e-01]
 [-5.91229574e-04 -3.17850748e-03  2.92088588e+00]
 [-2.58147654e-04  3.14410279e-04  8.10021142e-01]]","[[ 7.52760978e+02 -2.53080962e+00  3.12503268e+02]
 [ 5.92877854e+01 -2.32096754e+02  8.60820595e+02]
 [ 2.16886674e-01  8.92819690e-02  1.00000000e+00]]",6
371,17.052494741,"[[ 1.35541065e-03 -7.46421115e-05 -3.32979846e-01]
 [-5.00216157e-04 -2.77223570e-03  2.59772435e+00]
 [-1.35814714e-04  4.47161330e-04  6.44712980e-01]]","[[ 7.77077970e+02  2.65551576e+01  2.94345436e+02]
 [ 7.98801034e+00 -2.18355453e+02  8.83939273e+02]
 [ 1.58158275e-01  1.57041504e-01  1.00000000e+00]]",3,"[[ 1.46358998e-03 -1.37646390e-04 -3.41169702e-01]
 [-5.71560971e-04 -3.12857290e-03  2.86723257e+00]
 [-1.96257412e-04  3.58876938e-04  7.53287471e-01]]","[[ 7.26915786e+02  4.02579682e+00  3.13902401e+02]
 [ 2.83762719e+01 -2.22333860e+02  8.59119572e+02]
 [ 1.75867815e-01  1.06971894e-01  1.00000000e+00]]",6
372,17.088841741,"[[ 1.32927813e-03 -6.91798391e-05 -3.33268082e-01]
 [-4.94346320e-04 -2.80695642e-03  2.62083394e+00]
 [-1.99721930e-04  4.18004126e-04  6.90781528e-01]]","[[ 8.05888683e+02  2.43051684e+01  2.96587498e+02]
 [ 4.83219631e+01 -2.26184276e+02  8.81459002e+02]
 [ 2.03761765e-01  1.43895330e-01  1.00000000e+00]]",4,"[[ 1.43363152e-03 -1.29661062e-04 -3.41473754e-01]
 [-5.66216451e-04 -3.17743219e-03  2.90232885e+00]
 [-2.65248512e-04  3.13193922e-04  8.15284716e-01]]","[[ 7.56047354e+02  2.67208247e-01  3.15711550e+02]
 [ 6.65871436e+01 -2.32947995e+02  8.57160002e+02]
 [ 2.20396315e-01  8.95745636e-02  1.00000000e+00]]",6
373,17.127231741000003,"[[ 1.33490959e-03 -6.51259344e-05 -3.42701214e-01]
 [-4.80200164e-04 -2.81539987e-03  2.61959280e+00]
 [-1.97339879e-04  4.18469047e-04  6.91147992e-01]]","[[ 8.02748133e+02  2.59654764e+01  2.99622928e+02]
 [ 4.88341336e+01 -2.25616551e+02  8.79347140e+02]
 [ 1.99636905e-01  1.44017733e-01  1.00000000e+00]]",4,"[[ 1.43604377e-03 -1.24231374e-04 -3.50715749e-01]
 [-5.53167282e-04 -3.18251657e-03  2.89893800e+00]
 [-2.65619167e-04  3.13183605e-04  8.16576762e-01]]","[[ 7.55918051e+02  1.80945313e+00  3.18239368e+02]
 [ 6.86167528e+01 -2.32699697e+02  8.55580273e+02]
 [ 2.19571128e-01  8.98364473e-02  1.00000000e+00]]",6
374,17.173111741,"[[ 1.33678652e-03 -5.85628233e-05 -3.50690778e-01]
 [-4.69641741e-04 -2.82092614e-03  2.61643840e+00]
 [-1.98010873e-04  4.20248145e-04  6.90816689e-01]]","[[ 8.02504308e+02  2.81483606e+01  3.00777923e+02]
 [ 5.09801078e+01 -2.24835709e+02  8.77435426e+02]
 [ 1.99011236e-01  1.44843738e-01  1.00000000e+00]]",4,"[[ 1.43584410e-03 -1.16442989e-04 -3.58781313e-01]
 [-5.42888142e-04 -3.18569634e-03  2.89399531e+00]
 [-2.67849273e-04  3.14758242e-04  8.16661393e-01]]","[[ 7.57441701e+02  3.84589714e+00  3.19135840e+02]
 [ 7.15487706e+01 -2.32135259e+02  8.54048834e+02]
 [ 2.20849969e-01  9.07311246e-02  1.00000000e+00]]",6
375,17.211849741,"[[ 1.34585833e-03 -7.85111274e-05 -3.42140000e-01]
 [-4.78158245e-04 -2.85164235e-03  2.64267325e+00]
 [-2.20931349e-04  3.81339793e-04  7.33574341e-01]]","[[ 7.99816861e+02  1.88050157e+01  3.05291252e+02]
 [ 6.01439592e+01 -2.35249663e+02  8.75529051e+02]
 [ 2.09616564e-01  1.27955232e-01  1.00000000e+00]]",3,"[[ 1.44278986e-03 -1.36333881e-04 -3.49796280e-01]
 [-5.53998220e-04 -3.20971691e-03  2.91633746e+00]
 [-2.94339105e-04  2.75077134e-04  8.60483908e-01]]","[[ 7.57281605e+02 -4.48151733e+00  3.23032078e+02]
 [ 8.10979652e+01 -2.41908977e+02  8.52841026e+02]
 [ 2.33112313e-01  7.57998397e-02  1.00000000e+00]]",6
376,17.249267741,"[[ 1.34695857e-03 -7.53936812e-05 -3.44826026e-01]
 [-4.69821273e-04 -2.85498401e-03  2.63800872e+00]
 [-2.18575531e-04  3.80571214e-04  7.34094531e-01]]","[[ 7.98712935e+02  1.95530588e+01  3.04914229e+02]
 [ 5.97044357e+01 -2.35360015e+02  8.73823994e+02]
 [ 2.06863432e-01  1.27837850e-01  1.00000000e+00]]",4,"[[ 1.46489778e-03 -1.41619684e-04 -3.54125151e-01]
 [-5.36523050e-04 -3.25120151e-03  2.93628056e+00]
 [-2.65037049e-04  2.58090218e-04  8.66545083e-01]]","[[ 7.38869419e+02 -6.47361118e+00  3.23884572e+02]
 [ 6.47496863e+01 -2.42948184e+02  8.49688649e+02]
 [ 2.06701894e-01  7.03792613e-02  1.00000000e+00]]",6
377,17.291242741,"[[ 1.33504562e-03 -5.30199825e-05 -3.58085077e-01]
 [-4.49460352e-04 -2.82146925e-03  2.59867350e+00]
 [-2.08469054e-04  4.18483667e-04  6.97894439e-01]]","[[ 8.06356128e+02  2.97709580e+01  3.02881188e+02]
 [ 6.01661710e+01 -2.26103153e+02  8.72786550e+02]
 [ 2.04789910e-01  1.44472852e-01  1.00000000e+00]]",5,"[[ 1.44166403e-03 -1.09707412e-04 -3.69203910e-01]
 [-5.20214245e-04 -3.19376642e-03  2.88137260e+00]
 [-2.59801405e-04  3.07487545e-04  8.21992384e-01]]","[[ 7.53256679e+02  5.00855934e+00  3.20774001e+02]
 [ 6.88573916e+01 -2.33645457e+02  8.49937359e+02]
 [ 2.12318698e-01  8.89841560e-02  1.00000000e+00]]",6
378,17.330108741,"[[ 1.45748777e-03  7.66495784e-04 -1.07118827e+00]
 [-5.82403570e-05 -1.38408843e-03  1.34168960e+00]
 [ 1.42999851e-04  1.20339038e-03 -1.87794254e-01]]","[[ 6.86716769e+02  5.80495062e+02  2.30258606e+02]
 [-9.17162796e+01  6.10995401e+01  9.59678030e+02]
 [-6.48054599e-02  8.33557483e-01  1.00000000e+00]]",1,"[[ 1.71587402e-03  8.42109109e-04 -1.24769809e+00]
 [-8.05844440e-05 -1.73113118e-03  1.60363320e+00]
 [ 1.84614255e-04  1.23987489e-03 -1.83948746e-01]]","[[ 5.75311247e+02  4.79608754e+02  2.78891711e+02]
 [-9.68909765e+01  2.93845941e+01  9.13367445e+02]
 [-7.56842986e-02  6.79405734e-01  1.00000000e+00]]",6
379,17.373891741,"[[ 1.51922028e-03 -4.85134222e-05 -4.33563658e-01]
 [-4.07594638e-04 -2.92713181e-03  2.67254202e+00]
 [ 1.47818803e-05 -9.22010217e-05  1.07553240e+00]]","[[ 6.49650372e+02 -2.06309161e+01  3.13148895e+02]
 [-1.06987940e+02 -3.67243788e+02  8.69419067e+02]
 [-1.81002929e-02 -3.11987708e-02  1.00000000e+00]]",1,"[[ 1.61871386e-03 -1.05318345e-04 -4.44121123e-01]
 [-4.94626435e-04 -3.27518399e-03  2.94040329e+00]
 [-3.71470877e-05 -2.67860216e-04  1.23939084e+00]]","[[ 6.11096783e+02 -4.66021543e+01  3.29541016e+02]
 [-9.41050184e+01 -3.71654959e+02  8.48014526e+02]
 [-2.02238445e-03 -8.17197516e-02  1.00000000e+00]]",6
380,17.404997741000003,"[[ 1.36126556e-03 -3.33556247e-05 -4.00210481e-01]
 [-4.02632423e-04 -2.88725401e-03  2.62725551e+00]
 [-1.77518608e-04  4.29673960e-04  6.83863036e-01]]","[[ 7.86903317e+02  3.78191727e+01  3.15218566e+02]
 [ 4.84415425e+01 -2.18034739e+02  8.65991799e+02]
 [ 1.73830001e-01  1.46809304e-01  1.00000000e+00]]",2,"[[ 1.43857466e-03 -6.84834993e-05 -4.18234962e-01]
 [-4.80063583e-04 -3.21609062e-03  2.87756163e+00]
 [-2.63962625e-04  3.86241501e-04  7.60860446e-01]]","[[ 7.63699578e+02  2.34862505e+01  3.30970984e+02]
 [ 8.46250596e+01 -2.11216653e+02  8.45335169e+02]
 [ 2.21988718e-01  1.15369553e-01  1.00000000e+00]]",6
381,17.447179741,"[[ 1.35160235e-03 -3.14726868e-05 -4.01596343e-01]
 [-3.80514680e-04 -2.85437849e-03  2.58074276e+00]
 [-2.03983735e-04  4.14702366e-04  7.07291404e-01]]","[[ 7.98229723e+02  3.72827043e+01  3.17194677e+02]
 [ 6.64851196e+01 -2.25856983e+02  8.61849801e+02]
 [ 1.91228599e-01  1.43177890e-01  1.00000000e+00]]",4,"[[ 1.43002517e-03 -7.92726838e-05 -4.09036079e-01]
 [-4.60367621e-04 -3.18870567e-03  2.83754412e+00]
 [-2.90302167e-04  3.10613285e-04  8.35097235e-01]]","[[ 7.71090359e+02  1.32389097e+01  3.32701122e+02]
 [ 9.55728815e+01 -2.33978854e+02  8.41839787e+02]
 [ 2.32503459e-01  9.16303173e-02  1.00000000e+00]]",6
382,17.488787741,"[[ 1.35118850e-03 -2.59094837e-05 -4.06785721e-01]
 [-3.70428153e-04 -2.85322653e-03  2.56968211e+00]
 [-2.06496419e-04  4.14023814e-04  7.09758961e-01]]","[[ 7.99259245e+02  3.88190232e+01  3.17536955e+02]
 [ 6.92693989e+01 -2.26404544e+02  8.59398110e+02]
 [ 1.92128594e-01  1.43362561e-01  1.00000000e+00]]",4,"[[ 1.42793571e-03 -7.24119991e-05 -4.14496074e-01]
 [-4.50198412e-04 -3.18286826e-03  2.82270551e+00]
 [-2.93511613e-04  3.10865198e-04  8.36645960e-01]]","[[ 7.73433269e+02  1.49139782e+01  3.32861567e+02]
 [ 9.87082696e+01 -2.34409604e+02  8.39761985e+02]
 [ 2.34659210e-01  9.23296322e-02  1.00000000e+00]]",6
383,17.528601741000003,"[[ 1.35121146e-03 -2.52635168e-05 -4.07716772e-01]
 [-3.66376515e-04 -2.85421551e-03  2.56820947e+00]
 [-2.08081032e-04  4.10591386e-04  7.13430201e-01]]","[[ 7.99494166e+02  3.86406938e+01  3.17802337e+02]
 [ 7.06203673e+01 -2.27412989e+02  8.59001064e+02]
 [ 1.92539448e-01  1.42150150e-01  1.00000000e+00]]",4,"[[ 1.42763171e-03 -7.15346141e-05 -4.15467110e-01]
 [-4.46046710e-04 -3.18333565e-03  2.82076585e+00]
 [-2.95340664e-04  3.07192315e-04  8.40504750e-01]]","[[ 7.73974953e+02  1.47498197e+01  3.33080032e+02]
 [ 1.00115505e+02 -2.35380267e+02  8.39432875e+02]
 [ 2.35372332e-01  9.12109431e-02  1.00000000e+00]]",6
384,17.569115741,"[[ 1.35181572e-03 -2.30183624e-05 -4.10618610e-01]
 [-3.65289675e-04 -2.85024576e-03  2.56512161e+00]
 [-2.08635275e-04  4.14175013e-04  7.10582956e-01]]","[[ 7.99640806e+02  3.98070385e+01  3.18382956e+02]
 [ 7.13744071e+01 -2.26576940e+02  8.59160860e+02]
 [ 1.93181926e-01  1.43751913e-01  1.00000000e+00]]",4,"[[ 1.42786253e-03 -6.91255829e-05 -4.18306455e-01]
 [-4.45339240e-04 -3.17920277e-03  2.81784201e+00]
 [-2.96524998e-04  3.10685201e-04  8.38069973e-01]]","[[ 7.74543424e+02  1.57605312e+01  3.33606782e+02]
 [ 1.01161921e+02 -2.34694089e+02  8.39604773e+02]
 [ 2.36545852e-01  9.25810185e-02  1.00000000e+00]]",6
385,17.608320741,"[[ 1.34988331e-03 -2.11613472e-05 -4.11364902e-01]
 [-3.68003230e-04 -2.84752369e-03  2.56576372e+00]
 [-2.13315935e-04  4.16033471e-04  7.10124117e-01]]","[[ 8.02141729e+02  4.05322184e+01  3.18221636e+02]
 [ 7.42521069e+01 -2.26095975e+02  8.59925112e+02]
 [ 1.97455976e-01  1.44636211e-01  1.00000000e+00]]",5,"[[ 1.43532573e-03 -6.82070258e-05 -4.21511412e-01]
 [-4.46815086e-04 -3.18894211e-03  2.82804960e+00]
 [-2.84832276e-04  3.08182836e-04  8.36116306e-01]]","[[ 7.67828601e+02  1.58157910e+01  3.33590763e+02]
 [ 9.37420907e+01 -2.34401483e+02  8.40089322e+02]
 [ 2.27017059e-01  9.17855099e-02  1.00000000e+00]]",6
386,17.645254741000002,"[[ 1.35366248e-03 -2.04400613e-05 -4.11710442e-01]
 [-3.63699085e-04 -2.85332740e-03  2.57028539e+00]
 [-2.06257816e-04  4.16011413e-04  7.07484540e-01]]","[[ 7.97946202e+02  4.05220229e+01  3.17137135e+02]
 [ 7.05009546e+01 -2.25530926e+02  8.60378974e+02]
 [ 1.91175117e-01  1.44429196e-01  1.00000000e+00]]",4,"[[ 1.43114121e-03 -6.73268554e-05 -4.19369761e-01]
 [-4.42837829e-04 -3.18684149e-03  2.82606476e+00]
 [-2.93450042e-04  3.11071320e-04  8.36114858e-01]]","[[ 7.71935289e+02  1.61548282e+01  3.32575990e+02]
 [ 9.99960848e+01 -2.33853125e+02  8.40577587e+02]
 [ 2.33722110e-01  9.26734344e-02  1.00000000e+00]]",6
387,17.685463741,"[[ 1.36047326e-03 -4.59914935e-05 -3.97652996e-01]
 [-3.86663144e-04 -2.87109932e-03  2.60110557e+00]
 [-2.33788659e-04  3.77272590e-04  7.49690340e-01]]","[[ 7.98647144e+02  2.94467368e+01  3.21453200e+02]
 [ 8.11020827e+01 -2.36239906e+02  8.62670074e+02]
 [ 2.08242048e-01  1.28067749e-01  1.00000000e+00]]",3,"[[ 1.43868178e-03 -9.58619708e-05 -4.03859012e-01]
 [-4.70404454e-04 -3.20492305e-03  2.86021380e+00]
 [-3.25697006e-04  2.67987076e-04  8.83810065e-01]]","[[ 7.72997384e+02  5.04841747e+00  3.36885060e+02]
 [ 1.10785975e+02 -2.44844497e+02  8.42997329e+02]
 [ 2.51268607e-01  7.61016626e-02  1.00000000e+00]]",6
388,17.723580741000003,"[[ 1.34987729e-03 -2.12658628e-05 -4.06291787e-01]
 [-3.71860028e-04 -2.84247190e-03  2.57336220e+00]
 [-2.08649747e-04  4.18656746e-04  7.03850735e-01]]","[[ 8.00549932e+02  4.03466822e+01  3.14598287e+02]
 [ 7.15747332e+01 -2.25061848e+02  8.64168848e+02]
 [ 1.94741995e-01  1.45829195e-01  1.00000000e+00]]",4,"[[ 1.43062631e-03 -6.97417525e-05 -4.14032902e-01]
 [-4.49450534e-04 -3.18322902e-03  2.83418870e+00]
 [-2.93933067e-04  3.12533094e-04  8.33477106e-01]]","[[ 7.71788664e+02  1.55431377e+01  3.30535431e+02]
 [ 9.99824186e+01 -2.33503388e+02  8.43680852e+02]
 [ 2.34687184e-01  9.30393623e-02  1.00000000e+00]]",6
389,17.768607741,"[[ 1.34849872e-03 -2.04524390e-05 -4.03800058e-01]
 [-3.72677083e-04 -2.84399040e-03  2.57677722e+00]
 [-2.09643232e-04  4.18390287e-04  7.03584204e-01]]","[[ 8.01273473e+02  4.02202663e+01  3.12564733e+02]
 [ 7.23427104e+01 -2.24873019e+02  8.65084321e+02]
 [ 1.95732185e-01  1.45706218e-01  1.00000000e+00]]",4,"[[ 1.43095037e-03 -6.96253058e-05 -4.11688133e-01]
 [-4.48863118e-04 -3.18825669e-03  2.83956974e+00]
 [-2.93566680e-04  3.11670670e-04  8.33362802e-01]]","[[ 7.71088139e+02  1.53016523e+01  3.28785646e+02]
 [ 1.00040994e+02 -2.33296045e+02  8.44345440e+02]
 [ 2.34214848e-01  9.26410319e-02  1.00000000e+00]]",6
390,17.809788741000002,"[[ 1.34677521e-03 -1.81394720e-05 -4.02135793e-01]
 [-3.70218680e-04 -2.84192058e-03  2.57454092e+00]
 [-2.11803682e-04  4.16805563e-04  7.04966826e-01]]","[[ 8.02406719e+02  4.03805176e+01  3.10248878e+02]
 [ 7.41509386e+01 -2.25410954e+02  8.65499553e+02]
 [ 1.97237896e-01  1.45404405e-01  1.00000000e+00]]",4,"[[ 1.43089979e-03 -6.77535918e-05 -4.10341515e-01]
 [-4.44630843e-04 -3.18859791e-03  2.83824798e+00]
 [-2.94135503e-04  3.09691064e-04  8.34559828e-01]]","[[ 7.70802343e+02  1.53580328e+01  3.26761829e+02]
 [ 1.00977535e+02 -2.33735700e+02  8.44559168e+02]
 [ 2.34193509e-01  9.21482171e-02  1.00000000e+00]]",6
391,17.857817741,"[[ 1.34706578e-03 -2.09492442e-05 -3.97379546e-01]
 [-3.73339059e-04 -2.84444612e-03  2.58033217e+00]
 [-2.16633037e-04  4.08655784e-04  7.12660295e-01]]","[[ 8.02607051e+02  3.84067276e+01  3.08474475e+02]
 [ 7.62919680e+01 -2.27612957e+02  8.66659623e+02]
 [ 2.00227304e-01  1.42193297e-01  1.00000000e+00]]",4,"[[ 1.43334067e-03 -7.15616526e-05 -4.05722859e-01]
 [-4.46275455e-04 -3.19486886e-03  2.84618816e+00]
 [-2.97663135e-04  3.00432184e-04  8.42827499e-01]]","[[ 7.69377754e+02  1.33538165e+01  3.25270198e+02]
 [ 1.02156649e+02 -2.35789663e+02  8.45426893e+02]
 [ 2.35308232e-01  8.87651890e-02  1.00000000e+00]]",6
392,17.887761741000002,"[[ 1.33903833e-03 -1.62697738e-05 -3.93739359e-01]
 [-3.74228696e-04 -2.83009718e-03  2.56913294e+00]
 [-2.18319319e-04  4.19375010e-04  7.02683697e-01]]","[[ 8.07781318e+02  4.04910966e+01  3.04586956e+02]
 [ 7.84907046e+01 -2.25244387e+02  8.67513588e+02]
 [ 2.04127729e-01  1.47010463e-01  1.00000000e+00]]",4,"[[ 1.42786828e-03 -6.72934656e-05 -4.02686734e-01]
 [-4.44796490e-04 -3.18301527e-03  2.83576038e+00]
 [-2.96408210e-04  3.12248794e-04  8.31271384e-01]]","[[ 7.71917278e+02  1.52571530e+01  3.21886718e+02]
 [ 1.02909428e+02 -2.33359436e+02  8.45923146e+02]
 [ 2.36588529e-01  9.30966102e-02  1.00000000e+00]]",6
393,17.929601741000003,"[[ 1.33616774e-03 -1.72321224e-05 -3.88918489e-01]
 [-3.76785592e-04 -2.82888887e-03  2.56764497e+00]
 [-2.20844044e-04  4.18170643e-04  7.04033187e-01]]","[[ 8.09575177e+02  3.97485168e+01  3.02256597e+02]
 [ 7.97016943e+01 -2.25761801e+02  8.67393222e+02]
 [ 2.06610924e-01  1.46562950e-01  1.00000000e+00]]",4,"[[ 1.42674537e-03 -6.86188285e-05 -3.98283993e-01]
 [-4.45819403e-04 -3.18261673e-03  2.83402561e+00]
 [-2.96838128e-04  3.11701448e-04  8.31340840e-01]]","[[ 7.72023501e+02  1.46783099e+01  3.19827782e+02]
 [ 1.02949102e+02 -2.33602746e+02  8.45668962e+02]
 [ 2.37058757e-01  9.28276256e-02  1.00000000e+00]]",6
394,17.978323741,"[[ 1.33717314e-03 -2.01554094e-05 -3.85580851e-01]
 [-3.77876584e-04 -2.83174411e-03  2.56766807e+00]
 [-2.18727940e-04  4.14727923e-04  7.06557139e-01]]","[[ 8.08000192e+02  3.83933837e+01  3.01416438e+02]
 [ 7.76536168e+01 -2.26783939e+02  8.66522454e+02]
 [ 2.04551176e-01  1.45000782e-01  1.00000000e+00]]",4,"[[ 1.42820757e-03 -7.15663996e-05 -3.95172916e-01]
 [-4.46488026e-04 -3.18393772e-03  2.83246062e+00]
 [-2.93715218e-04  3.09056864e-04  8.32589818e-01]]","[[ 7.70057180e+02  1.36583656e+01  3.19027392e+02]
 [ 1.00495199e+02 -2.34325782e+02  8.44871650e+02]
 [ 2.34351631e-01  9.17998991e-02  1.00000000e+00]]",6
395,18.016260741,"[[ 1.33667161e-03 -2.13785569e-05 -3.84287233e-01]
 [-3.80970326e-04 -2.82937521e-03  2.56689239e+00]
 [-2.17253236e-04  4.15473601e-04  7.05399594e-01]]","[[ 8.07979772e+02  3.81470548e+01  3.01356746e+02]
 [ 7.62328483e+01 -2.26749217e+02  8.66652258e+02]
 [ 2.03946083e-01  1.45301877e-01  1.00000000e+00]]",4,"[[ 1.42786214e-03 -7.28518893e-05 -3.93901102e-01]
 [-4.49761664e-04 -3.18120393e-03  2.83149647e+00]
 [-2.91904506e-04  3.10119803e-04  8.31068720e-01]]","[[ 7.69800112e+02  1.34667626e+01  3.18979665e+02]
 [ 9.89585039e+01 -2.34240385e+02  8.44973068e+02]
 [ 2.33457385e-01  9.21386990e-02  1.00000000e+00]]",6
396,18.060154741,"[[ 1.33685445e-03 -2.21340132e-05 -3.83804792e-01]
 [-3.82066826e-04 -2.83053611e-03  2.56797106e+00]
 [-2.16602301e-04  4.15237478e-04  7.05469330e-01]]","[[ 8.07698693e+02  3.79054313e+01  3.01442698e+02]
 [ 7.55950351e+01 -2.26758941e+02  8.66549556e+02]
 [ 2.03495032e-01  1.45107959e-01  1.00000000e+00]]",4,"[[ 1.42791512e-03 -7.35818417e-05 -3.93401518e-01]
 [-4.51039637e-04 -3.18191357e-03  2.83228990e+00]
 [-2.91298470e-04  3.10101091e-04  8.30934286e-01]]","[[ 7.69607869e+02  1.32961931e+01  3.19045964e+02]
 [ 9.83805620e+01 -2.34209915e+02  8.44896463e+02]
 [ 2.33084226e-01  9.20673418e-02  1.00000000e+00]]",6
397,18.096827741000002,"[[ 1.33902328e-03 -2.27421783e-05 -3.85359361e-01]
 [-3.76953635e-04 -2.83383958e-03  2.56756293e+00]
 [-2.14825974e-04  4.15374585e-04  7.05353093e-01]]","[[ 8.06005014e+02  3.78705079e+01  3.02496249e+02]
 [ 7.51203087e+01 -2.26575084e+02  8.65799139e+02]
 [ 2.01243529e-01  1.44961582e-01  1.00000000e+00]]",4,"[[ 1.42897301e-03 -7.37957030e-05 -3.94849623e-01]
 [-4.46417328e-04 -3.18340108e-03  2.83066052e+00]
 [-2.90449730e-04  3.10650159e-04  8.30629393e-01]]","[[ 7.69013398e+02  1.33924159e+01  3.19920375e+02]
 [ 9.85079324e+01 -2.34019543e+02  8.44330467e+02]
 [ 2.32062856e-01  9.22048181e-02  1.00000000e+00]]",6
398,18.137719741,"[[ 1.34009691e-03 -2.25384590e-05 -3.89390538e-01]
 [-3.72703904e-04 -2.83511430e-03  2.56604452e+00]
 [-2.15814490e-04  4.15446459e-04  7.06494378e-01]]","[[ 8.06004617e+02  3.83030569e+01  3.05116685e+02]
 [ 7.62860082e+01 -2.26574691e+02  8.64983238e+02]
 [ 2.01352944e-01  1.44935347e-01  1.00000000e+00]]",4,"[[ 1.42771485e-03 -7.28210351e-05 -3.98538816e-01]
 [-4.43662391e-04 -3.18189402e-03  2.82781105e+00]
 [-2.93648859e-04  3.10682098e-04  8.32456128e-01]]","[[ 7.70978236e+02  1.38134540e+01  3.22182643e+02]
 [ 1.00773633e+02 -2.34195733e+02  8.43796405e+02]
 [ 2.34352669e-01  9.22772076e-02  1.00000000e+00]]",6
399,18.173576741,"[[ 1.34273667e-03 -1.93701935e-05 -3.96315445e-01]
 [-3.66623112e-04 -2.83765264e-03  2.56398284e+00]
 [-2.14217707e-04  4.18010585e-04  7.04813535e-01]]","[[ 8.04697141e+02  3.98215512e+01  3.07616300e+02]
 [ 7.61920544e+01 -2.25676858e+02  8.63813829e+02]
 [ 1.99387900e-01  1.45947533e-01  1.00000000e+00]]",4,"[[ 1.42799697e-03 -6.87670910e-05 -4.05168970e-01]
 [-4.39094762e-04 -3.18187695e-03  2.82457208e+00]
 [-2.94221238e-04  3.12949067e-04  8.31623187e-01]]","[[ 7.71784536e+02  1.52187092e+01  3.24325739e+02]
 [ 1.01857738e+02 -2.33574125e+02  8.42949739e+02]
 [ 2.34720630e-01  9.32807950e-02  1.00000000e+00]]",6
400,18.221306741,"[[ 1.33933987e-03 -1.66466350e-05 -3.98304128e-01]
 [-3.67928985e-04 -2.83262640e-03  2.55974563e+00]
 [-2.22096346e-04  4.16362145e-04  7.08844587e-01]]","[[ 8.08866814e+02  4.05368230e+01  3.08122598e+02]
 [ 8.09757282e+01 -2.26559937e+02  8.63643154e+02]
 [ 2.05871835e-01  1.45778162e-01  1.00000000e+00]]",5,"[[ 1.43428216e-03 -6.64636434e-05 -4.09929663e-01]
 [-4.38847468e-04 -3.18902191e-03  2.82968027e+00]
 [-2.83969259e-04  3.06205884e-04  8.34234909e-01]]","[[ 7.66187847e+02  1.52236989e+01  3.24854453e+02]
 [ 9.50311729e+01 -2.34649485e+02  8.42615322e+02]
 [ 2.25925203e-01  9.13101510e-02  1.00000000e+00]]",6
401,18.254137741,"[[ 1.33873115e-03 -1.66235423e-05 -3.97776362e-01]
 [-3.66972509e-04 -2.83318990e-03  2.55958855e+00]
 [-2.23284630e-04  4.14506048e-04  7.10789979e-01]]","[[ 8.09366714e+02  4.02910419e+01  3.07852480e+02]
 [ 8.17788997e+01 -2.27097628e+02  8.63554947e+02]
 [ 2.06560733e-01  1.45091678e-01  1.00000000e+00]]",5,"[[ 1.43374636e-03 -6.64657441e-05 -4.09416131e-01]
 [-4.37686727e-04 -3.18974436e-03  2.82952194e+00]
 [-2.85152745e-04  3.04111521e-04  8.36342948e-01]]","[[ 7.66606371e+02  1.49748766e+01  3.24614769e+02]
 [ 9.57743962e+01 -2.35173665e+02  8.42525939e+02]
 [ 2.26550381e-01  9.06197012e-02  1.00000000e+00]]",6
402,18.287395741,"[[ 1.33856443e-03 -1.52269455e-05 -3.99162277e-01]
 [-3.63162471e-04 -2.83003048e-03  2.55412373e+00]
 [-2.22501201e-04  4.18693151e-04  7.07210236e-01]]","[[ 8.09450975e+02  4.12150488e+01  3.08018676e+02]
 [ 8.20999881e+01 -2.26119770e+02  8.62981131e+02]
 [ 2.06061938e-01  1.46837803e-01  1.00000000e+00]]",5,"[[ 1.43315273e-03 -6.47657291e-05 -4.10850143e-01]
 [-4.33757618e-04 -3.18549078e-03  2.82314997e+00]
 [-2.84541284e-04  3.08787766e-04  8.32388306e-01]]","[[ 7.67041644e+02  1.58826712e+01  3.24728260e+02]
 [ 9.62792616e+01 -2.34257563e+02  8.42035592e+02]
 [ 2.26487031e-01  9.23308805e-02  1.00000000e+00]]",6
403,18.324338741000002,"[[ 1.33942967e-03 -1.32630971e-05 -4.01299476e-01]
 [-3.59580042e-04 -2.83110358e-03  2.55288166e+00]
 [-2.21453294e-04  4.19475472e-04  7.06405101e-01]]","[[ 8.08773266e+02  4.18680928e+01  3.08146136e+02]
 [ 8.19985640e+01 -2.25796288e+02  8.62588875e+02]
 [ 2.04852878e-01  1.47207079e-01  1.00000000e+00]]",5,"[[ 1.43359039e-03 -6.25838064e-05 -4.12981303e-01]
 [-4.30247954e-04 -3.18610710e-03  2.82154748e+00]
 [-2.83927544e-04  3.09500747e-04  8.31713951e-01]]","[[ 7.66830229e+02  1.64906328e+01  3.24820143e+02]
 [ 9.64788141e+01 -2.33992943e+02  8.41715044e+02]
 [ 2.25875686e-01  9.27039103e-02  1.00000000e+00]]",6
404,18.362960741000002,"[[ 1.33914602e-03 -1.19565622e-05 -4.01792405e-01]
 [-3.57194086e-04 -2.83277110e-03  2.55240034e+00]
 [-2.23407880e-04  4.17017058e-04  7.09188801e-01]]","[[ 8.09255985e+02  4.18864328e+01  3.07734645e+02]
 [ 8.34460023e+01 -2.26434174e+02  8.62222629e+02]
 [ 2.05863033e-01  1.46342796e-01  1.00000000e+00]]",5,"[[ 1.43338738e-03 -6.11535883e-05 -4.13592712e-01]
 [-4.27373573e-04 -3.18776867e-03  2.82076559e+00]
 [-2.85741657e-04  3.06905182e-04  8.34483167e-01]]","[[ 7.67248558e+02  1.65168210e+01  3.24438338e+02]
 [ 9.77869157e+01 -2.34570860e+02  8.41375109e+02]
 [ 2.26755398e-01  9.19258283e-02  1.00000000e+00]]",6
405,18.406528741000002,"[[ 1.34623555e-03 -1.81400542e-05 -3.99168318e-01]
 [-3.57230048e-04 -2.84737727e-03  2.56384266e+00]
 [-2.20049196e-04  4.04994105e-04  7.18791145e-01]]","[[ 8.03446657e+02  3.87064368e+01  3.08119038e+02]
 [ 8.00573135e+01 -2.29137898e+02  8.61766128e+02]
 [ 2.00858138e-01  1.40954461e-01  1.00000000e+00]]",4,"[[ 1.43035072e-03 -6.67280518e-05 -4.08224139e-01]
 [-4.29290146e-04 -3.18859081e-03  2.82169389e+00]
 [-3.00901210e-04  2.99771186e-04  8.45510933e-01]]","[[ 7.71737747e+02  1.43709058e+01  3.24645927e+02]
 [ 1.05912847e+02 -2.36747825e+02  8.41226347e+02]
 [ 2.37095931e-01  8.90519522e-02  1.00000000e+00]]",6
406,18.448071741,"[[ 1.33563804e-03 -1.21150965e-05 -3.97919460e-01]
 [-3.59058377e-04 -2.83164583e-03  2.55023242e+00]
 [-2.26836710e-04  4.15128022e-04  7.11575578e-01]]","[[ 8.11747247e+02  4.13497119e+01  3.05742154e+02]
 [ 8.53023519e+01 -2.27166644e+02  8.61849712e+02]
 [ 2.09004753e-01  1.45708868e-01  1.00000000e+00]]",5,"[[ 1.43108145e-03 -6.14117132e-05 -4.10090459e-01]
 [-4.27620181e-04 -3.18706935e-03  2.81802324e+00]
 [-2.87359692e-04  3.05569310e-04  8.35757692e-01]]","[[ 7.68378600e+02  1.61286793e+01  3.22645836e+02]
 [ 9.86217710e+01 -2.35043149e+02  8.40914670e+02]
 [ 2.28134605e-01  9.14819043e-02  1.00000000e+00]]",6
407,18.495162741,"[[ 1.33660206e-03 -1.25922395e-05 -3.96949223e-01]
 [-3.59113453e-04 -2.83299175e-03  2.54950372e+00]
 [-2.23190536e-04  4.15915849e-04  7.09883778e-01]]","[[ 8.10179136e+02  4.11907507e+01  3.05097839e+02]
 [ 8.28508615e+01 -2.26909275e+02  8.61258767e+02]
 [ 2.06182101e-01  1.45895079e-01  1.00000000e+00]]",4,"[[ 1.42207801e-03 -6.08935466e-05 -4.06648792e-01]
 [-4.29545441e-04 -3.17379922e-03  2.80621062e+00]
 [-3.01485577e-04  3.12271570e-04  8.34565152e-01]]","[[ 7.76518521e+02  1.67781567e+01  3.21948833e+02]
 [ 1.07400235e+02 -2.34432663e+02  8.40607355e+02]
 [ 2.40330062e-01  9.37794104e-02  1.00000000e+00]]",6
408,18.529407741,"[[ 1.33470281e-03 -1.53228195e-05 -3.93457459e-01]
 [-3.65105333e-04 -2.82994902e-03  2.54910833e+00]
 [-2.25600396e-04  4.13776103e-04  7.12287288e-01]]","[[ 8.11713360e+02  4.01532305e+01  3.04680071e+02]
 [ 8.32783511e+01 -2.27858310e+02  8.61452980e+02]
 [ 2.08713909e-01  1.45083185e-01  1.00000000e+00]]",5,"[[ 1.43082830e-03 -6.48219979e-05 -4.05782194e-01]
 [-4.33171560e-04 -3.18448895e-03  2.81586906e+00]
 [-2.85025447e-04  3.04889561e-04  8.35429784e-01]]","[[ 7.67568632e+02  1.51737335e+01  3.21676868e+02]
 [ 9.61296668e+01 -2.35508749e+02  8.40488957e+02]
 [ 2.26790646e-01  9.11256225e-02  1.00000000e+00]]",6
409,18.576001741000002,"[[ 1.33758098e-03 -1.82113838e-05 -3.92352647e-01]
 [-3.65408842e-04 -2.83242217e-03  2.55201481e+00]
 [-2.20899838e-04  4.12571529e-04  7.11897794e-01]]","[[ 8.08717435e+02  3.92356078e+01  3.05061451e+02]
 [ 7.99963159e+01 -2.28061557e+02  8.61645088e+02]
 [ 2.04581823e-01  1.44344941e-01  1.00000000e+00]]",4,"[[ 1.42358235e-03 -6.68989060e-05 -4.02040940e-01]
 [-4.36123903e-04 -3.17268014e-03  2.80841135e+00]
 [-2.98631279e-04  3.09427273e-04  8.35931986e-01]]","[[ 7.74601703e+02  1.50645178e+01  3.21933170e+02]
 [ 1.04297376e+02 -2.35375146e+02  8.40932107e+02]
 [ 2.38114880e-01  9.25077961e-02  1.00000000e+00]]",6
410,18.615574741,"[[ 1.33663052e-03 -1.65337841e-05 -3.94592667e-01]
 [-3.65524774e-04 -2.82927937e-03  2.55067759e+00]
 [-2.22298592e-04  4.15949855e-04  7.09442470e-01]]","[[ 8.10024222e+02  4.02352873e+01  3.05877336e+02]
 [ 8.12338913e+01 -2.27191942e+02  8.62011673e+02]
 [ 2.06187288e-01  1.45811263e-01  1.00000000e+00]]",5,"[[ 1.43236676e-03 -6.61687250e-05 -4.06682602e-01]
 [-4.34548699e-04 -3.18401509e-03  2.81815628e+00]
 [-2.82485911e-04  3.06777020e-04  8.33166876e-01]]","[[ 7.66404717e+02  1.51720961e+01  3.22775826e+02]
 [ 9.45733513e+01 -2.35000472e+02  8.41043269e+02]
 [ 2.25027673e-01  9.16726891e-02  1.00000000e+00]]",6
411,18.655363741000002,"[[ 1.33788026e-03 -1.44218111e-05 -3.96506147e-01]
 [-3.63374367e-04 -2.83128683e-03  2.55135353e+00]
 [-2.20867718e-04  4.14790706e-04  7.10002515e-01]]","[[ 8.08955029e+02  4.06593472e+01  3.05659864e+02]
 [ 8.05435717e+01 -2.27336099e+02  8.61899451e+02]
 [ 2.04595510e-01  1.45460383e-01  1.00000000e+00]]",4,"[[ 1.42331631e-03 -6.29054507e-05 -4.06073644e-01]
 [-4.34471947e-04 -3.17215128e-03  2.80849329e+00]
 [-2.99402519e-04  3.10988374e-04  8.34950280e-01]]","[[ 7.75376627e+02  1.62387277e+01  3.22478669e+02]
 [ 1.05256573e+02 -2.34862874e+02  8.41191078e+02]
 [ 2.38835951e-01  9.33008124e-02  1.00000000e+00]]",6
412,18.694631741000002,"[[ 1.33627553e-03 -1.45329778e-05 -3.93314248e-01]
 [-3.66374160e-04 -2.82827219e-03  2.55108310e+00]
 [-2.21382124e-04  4.14600533e-04  7.09582673e-01]]","[[ 8.09732143e+02  4.03617034e+01  3.03718139e+02]
 [ 8.05330455e+01 -2.27529476e+02  8.62649863e+02]
 [ 2.05573196e-01  1.45535123e-01  1.00000000e+00]]",4,"[[ 1.42348234e-03 -6.36041694e-05 -4.03135028e-01]
 [-4.36291781e-04 -3.17133122e-03  2.80931151e+00]
 [-2.98289932e-04  3.10707212e-04  8.34169630e-01]]","[[ 7.74600725e+02  1.58958519e+01  3.20812789e+02]
 [ 1.04367948e+02 -2.34952640e+02  8.41710732e+02]
 [ 2.38114307e-01  9.31981331e-02  1.00000000e+00]]",6
413,18.738642741,"[[ 1.33631258e-03 -1.76869528e-05 -3.89230971e-01]
 [-3.69970605e-04 -2.82849719e-03  2.55371286e+00]
 [-2.19236049e-04  4.13503032e-04  7.09402463e-01]]","[[ 8.08839991e+02  3.91942048e+01  3.02698174e+02]
 [ 7.85484128e+01 -2.27834553e+02  8.63258213e+02]
 [ 2.04181525e-01  1.44915004e-01  1.00000000e+00]]",4,"[[ 1.42466998e-03 -6.73201474e-05 -3.99122285e-01]
 [-4.39460372e-04 -3.17289216e-03  2.81271173e+00]
 [-2.95154051e-04  3.09673981e-04  8.33635779e-01]]","[[ 7.72775951e+02  1.48304739e+01  3.19945787e+02]
 [ 1.01943444e+02 -2.35137311e+02  8.42167996e+02]
 [ 2.35736907e-01  9.25982109e-02  1.00000000e+00]]",6
414,18.772796741,"[[ 1.33676657e-03 -2.05404192e-05 -3.88107508e-01]
 [-3.72349031e-04 -2.82908402e-03  2.55609964e+00]
 [-2.16770699e-04  4.13860722e-04  7.08422887e-01]]","[[ 8.08042961e+02  3.85465590e+01  3.03602127e+02]
 [ 7.66087838e+01 -2.27700702e+02  8.63549353e+02]
 [ 2.02498640e-01  1.44817655e-01  1.00000000e+00]]",4,"[[ 1.42465725e-03 -7.02796474e-05 -3.97764489e-01]
 [-4.42600225e-04 -3.17310597e-03  2.81522609e+00]
 [-2.93213862e-04  3.10087084e-04  8.32811173e-01]]","[[ 7.72363694e+02  1.42390837e+01  3.20760118e+02]
 [ 1.00371616e+02 -2.35042242e+02  8.42473466e+02]
 [ 2.34559534e-01  9.25283696e-02  1.00000000e+00]]",6
415,18.816497741000003,"[[ 1.33693318e-03 -2.08660822e-05 -3.88206177e-01]
 [-3.75453634e-04 -2.83270950e-03  2.55925073e+00]
 [-2.17010465e-04  4.11090587e-04  7.11087027e-01]]","[[ 8.08011858e+02  3.81425984e+01  3.03842867e+02]
 [ 7.59962294e+01 -2.28309924e+02  8.63191877e+02]
 [ 2.02655497e-01  1.43629963e-01  1.00000000e+00]]",4,"[[ 1.42456676e-03 -7.04472547e-05 -3.97885222e-01]
 [-4.45962192e-04 -3.17597176e-03  2.81787292e+00]
 [-2.93355060e-04  3.07440232e-04  8.35232109e-01]]","[[ 7.72422101e+02  1.39352270e+01  3.20949875e+02]
 [ 9.96872724e+01 -2.35550751e+02  8.42180477e+02]
 [ 2.34600720e-01  9.15981870e-02  1.00000000e+00]]",6
416,18.847078741,"[[ 1.33536316e-03 -1.98836716e-05 -3.86645091e-01]
 [-3.78950447e-04 -2.82799665e-03  2.55622803e+00]
 [-2.16940961e-04  4.13362701e-04  7.08713877e-01]]","[[ 8.08916592e+02  3.85135396e+01  3.02398819e+02]
 [ 7.55781853e+01 -2.27940142e+02  8.63379335e+02]
 [ 2.03531982e-01  1.44736995e-01  1.00000000e+00]]",4,"[[ 1.42409471e-03 -6.96635664e-05 -3.96590799e-01]
 [-4.48855755e-04 -3.17182055e-03  2.81496094e+00]
 [-2.92064207e-04  3.10076253e-04  8.32207332e-01]]","[[ 7.72268722e+02  1.42909857e+01  3.19687285e+02]
 [ 9.86333420e+01 -2.35104495e+02  8.42250507e+02]
 [ 2.34278391e-01  9.26141880e-02  1.00000000e+00]]",6
417,18.886057741000002,"[[ 1.33417162e-03 -2.21741794e-05 -3.83114343e-01]
 [-3.81290357e-04 -2.82714424e-03  2.55608726e+00]
 [-2.17301726e-04  4.12296174e-04  7.09516548e-01]]","[[ 8.09388095e+02  3.76218115e+01  3.01506083e+02]
 [ 7.53661230e+01 -2.28382383e+02  8.63459976e+02]
 [ 2.04094275e-01  1.44234081e-01  1.00000000e+00]]",4,"[[ 1.42363611e-03 -7.22006411e-05 -3.93189218e-01]
 [-4.50701946e-04 -3.17101475e-03  2.81455969e+00]
 [-2.91568689e-04  3.09501177e-04  8.32300480e-01]]","[[ 7.72028703e+02  1.35476333e+01  3.18902543e+02]
 [ 9.79825484e+01 -2.35379822e+02  8.42263410e+02]
 [ 2.34018467e-01  9.22748447e-02  1.00000000e+00]]",6
418,18.926307741000002,"[[ 1.33229394e-03 -2.47201232e-05 -3.81314493e-01]
 [-3.83479592e-04 -2.82628503e-03  2.55495165e+00]
 [-2.20047697e-04  4.12638821e-04  7.10399912e-01]]","[[ 8.11159758e+02  3.70296358e+01  3.02221381e+02]
 [ 7.67664483e+01 -2.28495875e+02  8.62990073e+02]
 [ 2.06668128e-01  1.44192803e-01  1.00000000e+00]]",5,"[[ 1.43154153e-03 -7.57080918e-05 -3.93792415e-01]
 [-4.50732526e-04 -3.18362377e-03  2.82343881e+00]
 [-2.76121662e-04  3.04147354e-04  8.32271105e-01]]","[[ 7.64084202e+02  1.23619423e+01  3.19592227e+02]
 [ 8.80912430e+01 -2.35798588e+02  8.41615844e+02]
 [ 2.21307072e-01  9.02721676e-02  1.00000000e+00]]",6
419,18.965007741,"[[ 1.33490866e-03 -2.39644593e-05 -3.84574639e-01]
 [-3.82280377e-04 -2.82927733e-03  2.55644270e+00]
 [-2.19815641e-04  4.11365606e-04  7.11907365e-01]]","[[ 8.09779644e+02  3.72796497e+01  3.03575207e+02]
 [ 7.65448485e+01 -2.28684243e+02  8.62549539e+02]
 [ 2.05805306e-01  1.43652794e-01  1.00000000e+00]]",5,"[[ 1.43291543e-03 -7.45445674e-05 -3.96902976e-01]
 [-4.50422953e-04 -3.18487869e-03  2.82401659e+00]
 [-2.77190194e-04  3.03017234e-04  8.33973062e-01]]","[[ 7.63899633e+02  1.26380830e+01  3.20758420e+02]
 [ 8.85638426e+01 -2.36010222e+02  8.41331773e+02]
 [ 2.21720731e-01  8.99529261e-02  1.00000000e+00]]",6
420,19.008629741,"[[ 1.33807862e-03 -2.38410024e-05 -3.87022404e-01]
 [-3.76236989e-04 -2.83596258e-03  2.55721350e+00]
 [-2.15396129e-04  4.10608022e-04  7.11948935e-01]]","[[ 8.06862852e+02  3.73164356e+01  3.04583513e+02]
 [ 7.43885071e+01 -2.28534864e+02  8.61301182e+02]
 [ 2.01209118e-01  1.43094623e-01  1.00000000e+00]]",4,"[[ 1.42463033e-03 -7.27922215e-05 -3.96808960e-01]
 [-4.47470024e-04 -3.17480643e-03  2.81262341e+00]
 [-2.91877837e-04  3.08483732e-04  8.34520705e-01]]","[[ 7.72053982e+02  1.35358406e+01  3.21485990e+02]
 [ 9.82372180e+01 -2.35553566e+02  8.40608120e+02]
 [ 2.33716026e-01  9.18074944e-02  1.00000000e+00]]",6
421,19.049133741000002,"[[ 1.33556522e-03 -2.29212894e-05 -3.88817086e-01]
 [-3.76169433e-04 -2.83330268e-03  2.55297628e+00]
 [-2.23278243e-04  4.10345877e-04  7.15218015e-01]]","[[ 8.10516613e+02  3.77452524e+01  3.05892705e+02]
 [ 7.93583119e+01 -2.28968768e+02  8.60447710e+02]
 [ 2.07498086e-01  1.43150874e-01  1.00000000e+00]]",5,"[[ 1.43057520e-03 -7.21781109e-05 -4.00990542e-01]
 [-4.45410542e-04 -3.18362308e-03  2.81694796e+00]
 [-2.83100511e-04  3.03068255e-04  8.36865946e-01]]","[[ 7.67021994e+02  1.33267821e+01  3.22665433e+02]
 [ 9.26032561e+01 -2.36272670e+02  8.39681490e+02]
 [ 2.25937275e-01  9.00736430e-02  1.00000000e+00]]",6
422,19.096051741,"[[ 1.35562408e-03 -4.40566887e-05 -3.85435895e-01]
 [-3.73878579e-04 -2.87799775e-03  2.58533159e+00]
 [-2.28082335e-04  3.72415568e-04  7.51767265e-01]]","[[ 7.97967896e+02  2.81835687e+01  3.12199813e+02]
 [ 7.87652731e+01 -2.37675704e+02  8.57751459e+02]
 [ 2.03080094e-01  1.26292153e-01  1.00000000e+00]]",4,"[[ 1.45680625e-03 -1.00562908e-04 -3.95763608e-01]
 [-4.41389011e-04 -3.24338652e-03  2.85904935e+00]
 [-2.88069569e-04  2.54250694e-04  8.82171851e-01]]","[[ 7.52329390e+02  2.49705873e+00  3.29420372e+02]
 [ 9.10442823e+01 -2.45555545e+02  8.36670807e+02]
 [ 2.19430183e-01  7.15869523e-02  1.00000000e+00]]",6
423,19.136479741000002,"[[ 1.34031475e-03 -1.81813485e-05 -3.98484907e-01]
 [-3.56832884e-04 -2.84222482e-03  2.54264467e+00]
 [-2.21583707e-04  4.11015497e-04  7.16698314e-01]]","[[ 8.07681744e+02  3.95058621e+01  3.08916053e+02]
 [ 8.06263218e+01 -2.28593263e+02  8.55813109e+02]
 [ 2.03475360e-01  1.43308875e-01  1.00000000e+00]]",5,"[[ 1.43055122e-03 -6.52199294e-05 -4.10510112e-01]
 [-4.27343865e-04 -3.18362295e-03  2.80007669e+00]
 [-2.85227022e-04  3.05247680e-04  8.37564571e-01]]","[[ 7.68452121e+02  1.54251776e+01  3.25068294e+02]
 [ 9.61827897e+01 -2.35932256e+02  8.35890677e+02]
 [ 2.26637734e-01  9.12376834e-02  1.00000000e+00]]",6
424,19.177574741,"[[ 1.33991534e-03 -1.44855389e-05 -4.02902281e-01]
 [-3.50623676e-04 -2.84419664e-03  2.53751255e+00]
 [-2.26469840e-04  4.08091106e-04  7.21692810e-01]]","[[ 8.09256464e+02  4.03470232e+01  3.09924381e+02]
 [ 8.42825678e+01 -2.29493684e+02  8.53965474e+02]
 [ 2.06288899e-01  1.42431397e-01  1.00000000e+00]]",5,"[[ 1.42812789e-03 -6.03342566e-05 -4.15006312e-01]
 [-4.21365658e-04 -3.18142102e-03  2.79176444e+00]
 [-2.91586840e-04  3.03306202e-04  8.41943915e-01]]","[[ 7.71594562e+02  1.64319522e+01  3.25844120e+02]
 [ 1.00522145e+02 -2.36685739e+02  8.34364548e+02]
 [ 2.31010435e-01  9.09556948e-02  1.00000000e+00]]",6
425,19.217280741,"[[ 1.34055993e-03 -1.19292660e-05 -4.05611369e-01]
 [-3.44895133e-04 -2.84554060e-03  2.53422369e+00]
 [-2.25146445e-04  4.07847660e-04  7.21936461e-01]]","[[ 8.08613088e+02  4.10648020e+01  3.10159245e+02]
 [ 8.42109574e+01 -2.29520459e+02  8.53001805e+02]
 [ 2.04604045e-01  1.42470954e-01  1.00000000e+00]]",5,"[[ 1.42777980e-03 -5.73219942e-05 -4.17674396e-01]
 [-4.15893175e-04 -3.18113323e-03  2.78726242e+00]
 [-2.91214877e-04  3.03046664e-04  8.42326916e-01]]","[[ 7.71874937e+02  1.71472722e+01  3.25999853e+02]
 [ 1.01050092e+02 -2.36765721e+02  8.33564995e+02]
 [ 2.30502632e-01  9.11102342e-02  1.00000000e+00]]",6
426,19.256737741000002,"[[ 1.34060992e-03 -9.44608765e-06 -4.07096088e-01]
 [-3.40800780e-04 -2.84571998e-03  2.53148017e+00]
 [-2.25637775e-04  4.07936271e-04  7.22112578e-01]]","[[ 8.08652470e+02  4.17074278e+01  3.09671563e+02]
 [ 8.51446618e+01 -2.29482614e+02  8.52488608e+02]
 [ 2.04578832e-01  1.42671733e-01  1.00000000e+00]]",5,"[[ 1.42791804e-03 -5.47423184e-05 -4.19257378e-01]
 [-4.11297514e-04 -3.18139937e-03  2.78427834e+00]
 [-2.91608820e-04  3.02908120e-04  8.42585489e-01]]","[[ 7.71906976e+02  1.77143903e+01  3.25552606e+02]
 [ 1.01935804e+02 -2.36761121e+02  8.33086028e+02]
 [ 2.30502071e-01  9.12459796e-02  1.00000000e+00]]",6
427,19.297685741000002,"[[ 1.34016451e-03 -9.22038383e-06 -4.06890339e-01]
 [-3.38934624e-04 -2.84319319e-03  2.52881238e+00]
 [-2.25858991e-04  4.07973777e-04  7.22086689e-01]]","[[ 8.08901002e+02  4.17841495e+01  3.09477701e+02]
 [ 8.55951892e+01 -2.29663461e+02  8.52534286e+02]
 [ 2.04652674e-01  1.42827720e-01  1.00000000e+00]]",5,"[[ 1.42758901e-03 -5.44633475e-05 -4.19132446e-01]
 [-4.09138880e-04 -3.17878549e-03  2.78141036e+00]
 [-2.91646947e-04  3.03067035e-04  8.42406709e-01]]","[[ 7.72053962e+02  1.77938411e+01  3.25378334e+02]
 [ 1.02302549e+02 -2.36908987e+02  8.33112345e+02]
 [ 2.30485641e-01  9.13915130e-02  1.00000000e+00]]",6
428,19.336732741000002,"[[ 1.34344755e-03 -1.06799961e-05 -4.07721387e-01]
 [-3.35354585e-04 -2.85035418e-03  2.53384152e+00]
 [-2.20873674e-04  4.06000278e-04  7.22433415e-01]]","[[ 8.05642001e+02  4.11751190e+01  3.10265615e+02]
 [ 8.28064764e+01 -2.29721725e+02  8.52452843e+02]
 [ 1.99777105e-01  1.41689991e-01  1.00000000e+00]]",4,"[[ 1.42156320e-03 -5.50696504e-05 -4.17529784e-01]
 [-4.08631476e-04 -3.17319274e-03  2.77757989e+00]
 [-3.03018855e-04  3.05873806e-04  8.43883711e-01]]","[[ 7.78090782e+02  1.79201246e+01  3.25994559e+02]
 [ 1.09591462e+02 -2.36713127e+02  8.33346243e+02]
 [ 2.39671672e-01  9.22336572e-02  1.00000000e+00]]",6
429,19.376000741000002,"[[ 1.34311806e-03 -8.21575440e-06 -4.10913136e-01]
 [-3.36959718e-04 -2.84651969e-03  2.53258630e+00]
 [-2.24094081e-04  4.07706497e-04  7.22003756e-01]]","[[ 8.07047997e+02  4.22375794e+01  3.11156703e+02]
 [ 8.47498904e+01 -2.29392991e+02  8.52879761e+02]
 [ 2.02632738e-01  1.42644970e-01  1.00000000e+00]]",5,"[[ 1.42945948e-03 -5.33156083e-05 -4.22842504e-01]
 [-4.08426347e-04 -3.18180056e-03  2.78563873e+00]
 [-2.91449509e-04  3.02379703e-04  8.43230722e-01]]","[[ 7.71398050e+02  1.81402799e+01  3.26894656e+02]
 [ 1.02291527e+02 -2.36787679e+02  8.33530036e+02]
 [ 2.29940272e-01  9.11811700e-02  1.00000000e+00]]",6
430,19.416278741000003,"[[ 1.34150437e-03 -8.24026647e-06 -4.09364762e-01]
 [-3.40135016e-04 -2.84419836e-03  2.53420959e+00]
 [-2.25205397e-04  4.06680068e-04  7.22643444e-01]]","[[ 8.08199432e+02  4.20410670e+01  3.10398572e+02]
 [ 8.50956480e+01 -2.29745306e+02  8.53889869e+02]
 [ 2.03979115e-01  1.42394860e-01  1.00000000e+00]]",5,"[[ 1.42877865e-03 -5.37180416e-05 -4.21367509e-01]
 [-4.11222417e-04 -3.18126442e-03  2.78849328e+00]
 [-2.91843439e-04  3.01049086e-04  8.44040711e-01]]","[[ 7.71681963e+02  1.78464469e+01  3.26284035e+02]
 [ 1.02183672e+02 -2.37108855e+02  8.34359430e+02]
 [ 2.30377533e-01  9.07417987e-02  1.00000000e+00]]",6
431,19.452607741,"[[ 1.33943466e-03 -7.40277356e-06 -4.06612941e-01]
 [-3.42876246e-04 -2.83717776e-03  2.53172660e+00]
 [-2.23059239e-04  4.11109480e-04  7.17236131e-01]]","[[ 8.08820254e+02  4.25620389e+01  3.08296426e+02]
 [ 8.38344804e+01 -2.28779592e+02  8.55081803e+02]
 [ 2.03489024e-01  1.44369909e-01  1.00000000e+00]]",5,"[[ 1.42877393e-03 -5.35681889e-05 -4.18875996e-01]
 [-4.12889960e-04 -3.17756104e-03  2.78807169e+00]
 [-2.87756580e-04  3.04984499e-04  8.38631671e-01]]","[[ 7.70499476e+02  1.81552544e+01  3.24487608e+02]
 [ 9.99583450e+01 -2.36222941e+02  8.35261379e+02]
 [ 2.28026863e-01  9.21365505e-02  1.00000000e+00]]",6
432,19.486503741,"[[ 1.34846168e-03 -1.67536560e-05 -4.02132362e-01]
 [-3.45972892e-04 -2.85332729e-03  2.54890076e+00]
 [-2.21085616e-04  3.95576163e-04  7.29724458e-01]]","[[ 8.02000320e+02  3.81088050e+01  3.08849071e+02]
 [ 8.07236484e+01 -2.32288385e+02  8.55859530e+02]
 [ 1.99223668e-01  1.37467034e-01  1.00000000e+00]]",4,"[[ 1.42946713e-03 -6.29399449e-05 -4.11839824e-01]
 [-4.18445037e-04 -3.18252859e-03  2.79720237e+00]
 [-3.02311308e-04  2.93533610e-04  8.52775076e-01]]","[[ 7.72578459e+02  1.46897408e+01  3.24925536e+02]
 [ 1.06823221e+02 -2.39202835e+02  8.36202668e+02]
 [ 2.37111760e-01  8.75435370e-02  1.00000000e+00]]",6
433,19.529924741000002,"[[ 1.33922376e-03 -1.17843352e-05 -4.00023978e-01]
 [-3.50205296e-04 -2.83937888e-03  2.54205416e+00]
 [-2.21414629e-04  4.08076768e-04  7.17875533e-01]]","[[ 8.07965292e+02  4.06602015e+01  3.06243974e+02]
 [ 8.18149408e+01 -2.29287038e+02  8.57513563e+02]
 [ 2.02693297e-01  1.42879193e-01  1.00000000e+00]]",4,"[[ 1.42228076e-03 -5.85156810e-05 -4.10007803e-01]
 [-4.21267515e-04 -3.17264300e-03  2.79293340e+00]
 [-3.00355348e-04  3.05943128e-04  8.40716989e-01]]","[[ 7.76227181e+02  1.68047769e+01  3.22729981e+02]
 [ 1.06833032e+02 -2.36406908e+02  8.37465084e+02]
 [ 2.38438328e-01  9.20339119e-02  1.00000000e+00]]",6
434,19.567283741,"[[ 1.33914328e-03 -1.22252603e-05 -3.98159452e-01]
 [-3.54358359e-04 -2.83719454e-03  2.54359973e+00]
 [-2.20661702e-04  4.10341748e-04  7.15097609e-01]]","[[ 8.07787722e+02  4.06544886e+01  3.05160537e+02]
 [ 8.09398269e+01 -2.28658933e+02  8.58405550e+02]
 [ 2.02818219e-01  1.43755473e-01  1.00000000e+00]]",4,"[[ 1.42344266e-03 -5.94712841e-05 -4.08248564e-01]
 [-4.24924514e-04 -3.17235534e-03  2.79571553e+00]
 [-2.98697282e-04  3.08175804e-04  8.37824454e-01]]","[[ 7.75049064e+02  1.67335151e+01  3.21822213e+02]
 [ 1.05498163e+02 -2.35777857e+02  8.38167575e+02]
 [ 2.37511649e-01  9.26915963e-02  1.00000000e+00]]",6
435,19.610283741,"[[ 1.33808521e-03 -1.52147801e-05 -3.94473952e-01]
 [-3.59060054e-04 -2.83535084e-03  2.54577919e+00]
 [-2.20354832e-04  4.10011653e-04  7.14791489e-01]]","[[ 8.08148793e+02  3.97071543e+01  3.04575537e+02]
 [ 8.00972137e+01 -2.28858965e+02  8.59300461e+02]
 [ 2.03190305e-01  1.43516687e-01  1.00000000e+00]]",4,"[[ 1.42328555e-03 -6.29843923e-05 -4.04547013e-01]
 [-4.29421933e-04 -3.17188153e-03  2.79888148e+00]
 [-2.97732284e-04  3.07833410e-04  8.37438052e-01]]","[[ 7.74592649e+02  1.58068759e+01  3.21358182e+02]
 [ 1.04304510e+02 -2.35925868e+02  8.38897420e+02]
 [ 2.37047773e-01  9.23436445e-02  1.00000000e+00]]",6
436,19.655731741,"[[ 1.33767581e-03 -1.43070404e-05 -3.94472983e-01]
 [-3.61003662e-04 -2.83147717e-03  2.54541594e+00]
 [-2.20094733e-04  4.12875380e-04  7.11774198e-01]]","[[ 8.08463813e+02  4.02568745e+01  3.04094532e+02]
 [ 7.99626861e+01 -2.28145446e+02  8.60200013e+02]
 [ 2.03609520e-01  1.44787440e-01  1.00000000e+00]]",4,"[[ 1.42360117e-03 -6.24542754e-05 -4.04525715e-01]
 [-4.31128980e-04 -3.16977478e-03  2.79984815e+00]
 [-2.97148470e-04  3.10338943e-04  8.34810326e-01]]","[[ 7.74341634e+02  1.61700379e+01  3.20992019e+02]
 [ 1.03991164e+02 -2.35323575e+02  8.39636685e+02]
 [ 2.36966311e-01  9.32367136e-02  1.00000000e+00]]",6
437,19.691608741,"[[ 1.33680357e-03 -1.46942316e-05 -3.92953104e-01]
 [-3.64536607e-04 -2.83158999e-03  2.54775841e+00]
 [-2.21753634e-04  4.12702035e-04  7.12069103e-01]]","[[ 8.09297614e+02  4.00221044e+01  3.03410660e+02]
 [ 8.05668009e+01 -2.28129975e+02  8.60701628e+02]
 [ 2.05337661e-01  1.44683643e-01  1.00000000e+00]]",4,"[[ 1.42345826e-03 -6.31368866e-05 -4.03064868e-01]
 [-4.34307913e-04 -3.17115280e-03  2.80300493e+00]
 [-2.98305799e-04  3.10055997e-04  8.35127964e-01]]","[[ 7.74516206e+02  1.59080702e+01  3.20417809e+02]
 [ 1.04251418e+02 -2.35285914e+02  8.40024152e+02]
 [ 2.37950239e-01  9.30363747e-02  1.00000000e+00]]",6
438,19.731044741,"[[ 1.33615359e-03 -1.58496525e-05 -3.89870489e-01]
 [-3.69326818e-04 -2.83075614e-03  2.55067545e+00]
 [-2.20849340e-04  4.12126079e-04  7.11587343e-01]]","[[ 8.09235880e+02  3.94377869e+01  3.02006767e+02]
 [ 7.93274882e+01 -2.28259387e+02  8.61655378e+02]
 [ 2.05212030e-01  1.44439690e-01  1.00000000e+00]]",4,"[[ 1.42438981e-03 -6.49371718e-05 -4.00123726e-01]
 [-4.38355214e-04 -3.17266429e-03  2.80736056e+00]
 [-2.96011803e-04  3.09262569e-04  8.34485466e-01]]","[[ 7.73104969e+02  1.52947772e+01  3.19238258e+02]
 [ 1.02298627e+02 -2.35332228e+02  8.40751039e+02]
 [ 2.36326536e-01  9.26401803e-02  1.00000000e+00]]",6
439,19.777508741000002,"[[ 1.33399247e-03 -1.73761222e-05 -3.86078930e-01]
 [-3.72567179e-04 -2.83063072e-03  2.55064376e+00]
 [-2.22379670e-04  4.13860426e-04  7.10308055e-01]]","[[ 8.10632942e+02  3.89794718e+01  3.00637943e+02]
 [ 7.99927937e+01 -2.27808682e+02  8.61516803e+02]
 [ 2.07181142e-01  1.44936045e-01  1.00000000e+00]]",4,"[[ 1.42317984e-03 -6.67101073e-05 -3.96528721e-01]
 [-4.40855322e-04 -3.17290029e-03  2.80716439e+00]
 [-2.96439640e-04  3.11709959e-04  8.32268118e-01]]","[[ 7.73533888e+02  1.49793174e+01  3.18021309e+02]
 [ 1.02363743e+02 -2.34745067e+02  8.40544221e+02]
 [ 2.37181150e-01  9.32546099e-02  1.00000000e+00]]",6
440,19.819426741,"[[ 1.33291861e-03 -1.98754880e-05 -3.81543897e-01]
 [-3.79807154e-04 -2.82901385e-03  2.55259721e+00]
 [-2.22722846e-04  4.09996877e-04  7.13143708e-01]]","[[ 8.10939852e+02  3.76503151e+01  2.99102494e+02]
 [ 7.87807279e+01 -2.29087798e+02  8.62136445e+02]
 [ 2.07973481e-01  1.43464587e-01  1.00000000e+00]]",4,"[[ 1.42375541e-03 -6.97454642e-05 -3.92259827e-01]
 [-4.47397055e-04 -3.17243627e-03  2.80962295e+00]
 [-2.95092683e-04  3.07987811e-04  8.34448995e-01]]","[[ 7.72335854e+02  1.37670462e+01  3.16707337e+02]
 [ 1.00213596e+02 -2.35774767e+02  8.40971669e+02]
 [ 2.36139171e-01  9.18909475e-02  1.00000000e+00]]",6
441,19.852408741,"[[ 1.33004742e-03 -2.10897819e-05 -3.76487981e-01]
 [-3.86581864e-04 -2.82496999e-03  2.55296352e+00]
 [-2.23468864e-04  4.11232069e-04  7.11377797e-01]]","[[ 8.12504011e+02  3.71321846e+01  2.96749326e+02]
 [ 7.84762558e+01 -2.28929373e+02  8.63104960e+02]
 [ 2.09870756e-01  1.44003633e-01  1.00000000e+00]]",4,"[[ 1.42297400e-03 -7.16755868e-05 -3.87476468e-01]
 [-4.53056805e-04 -3.17064292e-03  2.81115572e+00]
 [-2.93947438e-04  3.09567146e-04  8.31955597e-01]]","[[ 7.71987057e+02  1.32738156e+01  3.14694747e+02]
 [ 9.88969107e+01 -2.35453943e+02  8.41653001e+02]
 [ 2.35960169e-01  9.23013313e-02  1.00000000e+00]]",6
442,19.899846741,"[[ 1.32560129e-03 -2.12640161e-05 -3.71276811e-01]
 [-3.90385926e-04 -2.82133497e-03  2.54807085e+00]
 [-2.26786417e-04  4.11799068e-04  7.11490083e-01]]","[[ 8.15482326e+02  3.67536058e+01  2.93916796e+02]
 [ 8.00669183e+01 -2.29159705e+02  8.62474644e+02]
 [ 2.13592341e-01  1.44349126e-01  1.00000000e+00]]",4,"[[ 1.42030972e-03 -7.18958319e-05 -3.82910914e-01]
 [-4.55301016e-04 -3.16649900e-03  2.80494232e+00]
 [-2.94799124e-04  3.11673740e-04  8.29929140e-01]]","[[ 7.73087346e+02  1.31728343e+01  3.12164653e+02]
 [ 9.91198076e+01 -2.35284955e+02  8.40932977e+02]
 [ 2.37384642e-01  9.30386441e-02  1.00000000e+00]]",6
443,19.932946741000002,"[[ 1.32222804e-03 -2.26024929e-05 -3.65363333e-01]
 [-3.93696736e-04 -2.82059387e-03  2.54214447e+00]
 [-2.30052956e-04  4.07704818e-04  7.16059668e-01]]","[[ 8.17511546e+02  3.55170220e+01  2.91036280e+02]
 [ 8.10293662e+01 -2.30780256e+02  8.60657203e+02]
 [ 2.16511126e-01  1.42810750e-01  1.00000000e+00]]",4,"[[ 1.41849721e-03 -7.29782789e-05 -3.77817577e-01]
 [-4.57116020e-04 -3.16329575e-03  2.79608529e+00]
 [-2.95314740e-04  3.09435871e-04  8.31732671e-01]]","[[ 7.73418104e+02  1.24349229e+01  3.09524752e+02]
 [ 9.85573010e+01 -2.36309865e+02  8.39186968e+02]
 [ 2.37942562e-01  9.23313073e-02  1.00000000e+00]]",6
444,19.979384741,"[[ 1.31629856e-03 -2.46751546e-05 -3.56823763e-01]
 [-4.00595419e-04 -2.81192387e-03  2.53263864e+00]
 [-2.32896896e-04  4.05547976e-04  7.18212382e-01]]","[[ 8.20934414e+02  3.42171272e+01  2.87198179e+02]
 [ 8.14102652e+01 -2.32343996e+02  8.59763093e+02]
 [ 2.20237512e-01  1.42291755e-01  1.00000000e+00]]",4,"[[ 1.41498691e-03 -7.50633847e-05 -3.70211195e-01]
 [-4.62325548e-04 -3.15286771e-03  2.78416362e+00]
 [-2.94772677e-04  3.09506156e-04  8.30810427e-01]]","[[ 7.74282514e+02  1.16146678e+01  3.06099816e+02]
 [ 9.71070654e+01 -2.37203022e+02  8.38172134e+02]
 [ 2.38540692e-01  9.24873831e-02  1.00000000e+00]]",6
445,20.019288741,"[[ 1.31095756e-03 -2.53729481e-05 -3.48773783e-01]
 [-4.04576793e-04 -2.80667491e-03  2.52402067e+00]
 [-2.34547424e-04  4.03041027e-04  7.20267947e-01]]","[[ 8.23602011e+02  3.31449501e+01  2.82661822e+02]
 [ 8.14697928e+01 -2.33741882e+02  8.58546976e+02]
 [ 2.22608908e-01  1.41588462e-01  1.00000000e+00]]",4,"[[ 1.41263200e-03 -7.58420154e-05 -3.63237579e-01]
 [-4.64115192e-04 -3.14692215e-03  2.77362875e+00]
 [-2.92421943e-04  3.08913166e-04  8.29822383e-01]]","[[ 7.74040103e+02  1.09969653e+01  3.02063380e+02]
 [ 9.50615335e+01 -2.37915667e+02  8.36829264e+02]
 [ 2.37376764e-01  9.24427169e-02  1.00000000e+00]]",6
446,20.053557741000002,"[[ 1.39350517e-03  3.59775876e-05 -4.19318684e-01]
 [-4.18328628e-04 -2.85652862e-03  2.56201981e+00]
 [-2.05065319e-04  3.87279901e-04  7.25635227e-01]]","[[ 7.72913382e+02  4.75346230e+01  2.78807270e+02]
 [ 5.59388109e+01 -2.33307301e+02  8.56069405e+02]
 [ 1.88570988e-01  1.37952138e-01  1.00000000e+00]]",2,"[[ 1.50137596e-03 -6.00693419e-06 -4.43129653e-01]
 [-4.80471266e-04 -3.19070736e-03  2.80611731e+00]
 [-2.62458912e-04  2.99868211e-04  8.28095413e-01]]","[[ 7.26774509e+02  2.66841593e+01  2.98487892e+02]
 [ 7.06427294e+01 -2.35113681e+02  8.34517915e+02]
 [ 2.04764977e-01  9.35962366e-02  1.00000000e+00]]",6
447,20.088540741000003,"[[ 1.30128371e-03 -2.92572110e-05 -3.32936168e-01]
 [-4.14272952e-04 -2.79552124e-03  2.50474104e+00]
 [-2.39524702e-04  3.96692163e-04  7.26629870e-01]]","[[ 8.28771030e+02  3.03609437e+01  2.75080282e+02]
 [ 8.18995965e+01 -2.37214259e+02  8.55218943e+02]
 [ 2.28482495e-01  1.39511514e-01  1.00000000e+00]]",4,"[[ 1.40772776e-03 -7.92274621e-05 -3.49594505e-01]
 [-4.70741409e-04 -3.13097047e-03  2.74854837e+00]
 [-2.90378003e-04  3.07448544e-04  8.29484897e-01]]","[[ 7.74408619e+02  9.39611943e+00  2.95247460e+02]
 [ 9.17117842e+01 -2.39867360e+02  8.33467830e+02]
 [ 2.37104466e-01  9.21961297e-02  1.00000000e+00]]",6
448,20.131288741000002,"[[ 1.31195789e-03 -1.45325959e-05 -3.38525406e-01]
 [-3.68630168e-04 -2.82227326e-03  2.49288279e+00]
 [-1.81842941e-04  4.32352018e-04  6.81840190e-01]]","[[ 8.09625941e+02  3.67990820e+01  2.67427991e+02]
 [ 5.44668184e+01 -2.24642259e+02  8.48358946e+02]
 [ 1.81385500e-01  1.52258827e-01  1.00000000e+00]]",2,"[[ 1.43484301e-03 -6.58618184e-05 -3.59347307e-01]
 [-4.28861800e-04 -3.21705035e-03  2.77789681e+00]
 [-2.32350137e-04  3.12972390e-04  8.08770062e-01]]","[[ 7.47438348e+02  1.27467851e+01  2.88315203e+02]
 [ 6.42938752e+01 -2.31893945e+02  8.25056851e+02]
 [ 1.89850245e-01  9.33987583e-02  1.00000000e+00]]",6
449,20.169297741,"[[ 1.29359281e-03 -3.77130987e-05 -3.13990692e-01]
 [-4.36027484e-04 -2.78801068e-03  2.49794798e+00]
 [-2.42829653e-04  3.90893313e-04  7.31123947e-01]]","[[ 8.32132789e+02  2.62666453e+01  2.67627995e+02]
 [ 7.94331052e+01 -2.40003242e+02  8.54105341e+02]
 [ 2.33909239e-01  1.37041035e-01  1.00000000e+00]]",4,"[[ 1.40636690e-03 -8.83259519e-05 -3.32554371e-01]
 [-4.90269656e-04 -3.12261958e-03  2.73956254e+00]
 [-2.86469076e-04  3.05666031e-04  8.28394805e-01]]","[[ 7.72100797e+02  6.42226902e+00  2.88716547e+02]
 [ 8.53834765e+01 -2.41216709e+02  8.31998104e+02]
 [ 2.35496617e-01  9.12264719e-02  1.00000000e+00]]",6
450,20.209793741000002,"[[ 1.43900518e-03 -6.39569210e-05 -3.76052382e-01]
 [-4.56019405e-04 -2.79387139e-03  2.51033562e+00]
 [-2.57251979e-04  4.01926775e-04  7.35426395e-01]]","[[ 7.56540735e+02  2.57089381e+01  2.99092995e+02]
 [ 7.66552467e+01 -2.37443558e+02  8.49696739e+02]
 [ 2.22743984e-01  1.38761131e-01  1.00000000e+00]]",2,"[[ 1.55797066e-03 -1.09675778e-04 -4.00394038e-01]
 [-5.06127418e-04 -3.12752416e-03  2.74843324e+00]
 [-2.89465007e-04  3.27585889e-04  8.20094042e-01]]","[[ 7.03153611e+02  8.36407097e+00  3.15269237e+02]
 [ 7.72109139e+01 -2.35746475e+02  8.27768773e+02]
 [ 2.17347218e-01  9.71209648e-02  1.00000000e+00]]",6
451,20.256080741,"[[ 1.29450944e-03 -7.28840544e-05 -2.85207695e-01]
 [-4.74944618e-04 -2.80411133e-03  2.52654530e+00]
 [-2.65558873e-04  3.52116027e-04  7.70050812e-01]]","[[ 8.32007545e+02  1.20892333e+01  2.68490020e+02]
 [ 8.32882148e+01 -2.51352819e+02  8.55539287e+02]
 [ 2.48840554e-01  1.19103516e-01  1.00000000e+00]]",3,"[[ 1.40932785e-03 -1.21475292e-04 -3.05841481e-01]
 [-5.27446228e-04 -3.13231577e-03  2.76204670e+00]
 [-3.03372680e-04  2.74954125e-04  8.58542041e-01]]","[[ 7.70042787e+02 -4.51024372e+00  2.88825146e+02]
 [ 8.59868340e+01 -2.49453030e+02  8.33155774e+02]
 [ 2.44562874e-01  7.82953562e-02  1.00000000e+00]]",6
452,20.292651741,"[[ 1.28973943e-03 -5.31947777e-05 -2.96273995e-01]
 [-4.55420163e-04 -2.78930661e-03  2.49973446e+00]
 [-2.41341196e-04  3.84929924e-04  7.35610081e-01]]","[[ 8.32222642e+02  2.06847652e+01  2.64895100e+02]
 [ 7.40748523e+01 -2.42218038e+02  8.52934517e+02]
 [ 2.34276263e-01  1.33534137e-01  1.00000000e+00]]",4,"[[ 1.40553789e-03 -1.04210238e-04 -3.15789217e-01]
 [-5.09773424e-04 -3.12056115e-03  2.73847329e+00]
 [-2.80660792e-04  3.03526413e-04  8.28177839e-01]]","[[ 7.69414723e+02  2.15033770e+00  2.86272126e+02]
 [ 7.80320260e+01 -2.42252652e+02  8.30792684e+02]
 [ 2.32147923e-01  8.95140999e-02  1.00000000e+00]]",6
453,20.333022741,"[[ 1.29247710e-03 -5.07764983e-05 -3.01643718e-01]
 [-4.45684036e-04 -2.79220010e-03  2.49324923e+00]
 [-2.40433141e-04  3.83707919e-04  7.37859777e-01]]","[[ 8.30770789e+02  2.15551348e+01  2.66791161e+02]
 [ 7.45170153e+01 -2.42639506e+02  8.50349037e+02]
 [ 2.31957435e-01  1.33203180e-01  1.00000000e+00]]",4,"[[ 1.40549114e-03 -1.00336519e-04 -3.21247744e-01]
 [-5.00744545e-04 -3.11819849e-03  2.72816219e+00]
 [-2.81258735e-04  3.03236832e-04  8.29630110e-01]]","[[ 7.70212340e+02  3.19703389e+00  2.87726960e+02]
 [ 7.93817133e+01 -2.42662318e+02  8.28710711e+02]
 [ 2.32100411e-01  8.97789814e-02  1.00000000e+00]]",6
454,20.378967741,"[[ 1.29427050e-03 -4.52164109e-05 -3.08866336e-01]
 [-4.32920232e-04 -2.79186355e-03  2.48672224e+00]
 [-2.40207497e-04  3.84727361e-04  7.37777454e-01]]","[[ 8.30300754e+02  2.35259129e+01  2.68305218e+02]
 [ 7.65016259e+01 -2.42414304e+02  8.49098618e+02]
 [ 2.30438321e-01  1.34070939e-01  1.00000000e+00]]",4,"[[ 1.40508551e-03 -9.38393252e-05 -3.28328860e-01]
 [-4.88089985e-04 -3.11577581e-03  2.72009601e+00]
 [-2.82762686e-04  3.03870684e-04  8.30178363e-01]]","[[ 7.71567072e+02  4.94291481e+00  2.88953007e+02]
 [ 8.22698541e+01 -2.42698265e+02  8.27742783e+02]
 [ 2.32686118e-01  9.05185714e-02  1.00000000e+00]]",6
455,20.421469741000003,"[[ 1.34981528e-03 -4.37227868e-05 -3.28715669e-01]
 [-3.68469836e-04 -2.84677753e-03  2.51070868e+00]
 [-1.83272759e-04  3.39332149e-04  7.62286853e-01]]","[[ 7.83164893e+02  2.02694672e+01  2.70958162e+02]
 [ 4.64568898e+01 -2.51041334e+02  8.46876424e+02]
 [ 1.67612066e-01  1.16624386e-01  1.00000000e+00]]",3,"[[ 1.46145008e-03 -9.32945152e-05 -3.48388141e-01]
 [-4.25280580e-04 -3.17883120e-03  2.74953184e+00]
 [-2.29761956e-04  2.46817556e-04  8.63014891e-01]]","[[ 7.30359501e+02  1.16826256e+00  2.91114807e+02]
 [ 5.64979517e+01 -2.52104840e+02  8.26003710e+02]
 [ 1.78286775e-01  7.24116390e-02  1.00000000e+00]]",6
456,20.461519741,"[[ 1.31471330e-03 -6.60881122e-05 -3.11584322e-01]
 [-4.24233603e-04 -2.83883943e-03  2.52044124e+00]
 [-2.59274727e-04  3.39120455e-04  7.85555068e-01]]","[[ 8.20360226e+02  1.42937564e+01  2.79528222e+02]
 [ 8.51602628e+01 -2.53169848e+02  8.46069684e+02]
 [ 2.33998983e-01  1.14009937e-01  1.00000000e+00]]",3,"[[ 1.41707667e-03 -1.10247150e-04 -3.31138726e-01]
 [-4.80492614e-04 -3.15029538e-03  2.74456783e+00]
 [-3.06593786e-04  2.61709383e-04  8.75229151e-01]]","[[ 7.69397537e+02 -2.17600382e+00  2.97921419e+02]
 [ 9.31833613e+01 -2.52091121e+02  8.25769801e+02]
 [ 2.41657335e-01  7.46175587e-02  1.00000000e+00]]",6
457,20.499383741000003,"[[ 1.30315394e-03 -3.43954956e-05 -3.30798970e-01]
 [-3.97156670e-04 -2.80752233e-03  2.48024414e+00]
 [-2.38032244e-04  3.84448110e-04  7.41113140e-01]]","[[ 8.26245586e+02  2.76895259e+01  2.76131124e+02]
 [ 8.06144707e+01 -2.41550279e+02  8.44366151e+02]
 [ 2.23556973e-01  1.34196175e-01  1.00000000e+00]]",4,"[[ 1.40479946e-03 -7.99746630e-05 -3.49111922e-01]
 [-4.54616704e-04 -3.12259605e-03  2.70794672e+00]
 [-2.88016910e-04  3.02551729e-04  8.35727770e-01]]","[[ 7.75254449e+02  8.76951224e+00  2.95434959e+02]
 [ 9.04364766e+01 -2.42705147e+02  8.24197882e+02]
 [ 2.34436004e-01  9.08868084e-02  1.00000000e+00]]",6
458,20.537507741000002,"[[ 1.30522688e-03 -3.08382592e-05 -3.38139300e-01]
 [-3.87420395e-04 -2.81084376e-03  2.47618412e+00]
 [-2.38858357e-04  3.84263640e-04  7.42896593e-01]]","[[ 8.25833096e+02  2.90770635e+01  2.78970807e+02]
 [ 8.24954468e+01 -2.41495493e+02  8.42489066e+02]
 [ 2.22853540e-01  1.34262612e-01  1.00000000e+00]]",4,"[[ 1.40353622e-03 -7.51639146e-05 -3.56112558e-01]
 [-4.46046292e-04 -3.12169253e-03  2.70124212e+00]
 [-2.91425530e-04  3.02527196e-04  8.37874302e-01]]","[[ 7.77539209e+02  1.01373678e+01  2.97786901e+02]
 [ 9.36548743e+01 -2.42858980e+02  8.22763727e+02]
 [ 2.36624550e-01  9.12138417e-02  1.00000000e+00]]",6
459,20.582347741,"[[ 1.31291582e-03 -5.01701255e-05 -3.32485927e-01]
 [-4.01206773e-04 -2.83292776e-03  2.49906374e+00]
 [-2.60474644e-04  3.49918490e-04  7.79804906e-01]]","[[ 8.24596756e+02  2.06497025e+01  2.85407148e+02]
 [ 9.04071497e+01 -2.50623870e+02  8.41728652e+02]
 [ 2.34868250e-01  1.19358893e-01  1.00000000e+00]]",3,"[[ 1.40745909e-03 -9.18979925e-05 -3.50826028e-01]
 [-4.60973942e-04 -3.13577399e-03  2.71856940e+00]
 [-3.14491511e-04  2.71444510e-04  8.72038029e-01]]","[[ 7.79304887e+02  3.38685143e+00  3.02960466e+02]
 [ 1.01659974e+02 -2.50688310e+02  8.22416580e+02]
 [ 2.49403951e-01  7.92546876e-02  1.00000000e+00]]",6
460,20.616745741000003,"[[ 1.32487340e-03 -5.60256239e-05 -3.34364986e-01]
 [-3.93257461e-04 -2.86188290e-03  2.51404081e+00]
 [-2.51998253e-04  3.36803179e-04  7.89992610e-01]]","[[ 8.14860051e+02  1.79237980e+01  2.87850174e+02]
 [ 8.46596124e+01 -2.52350639e+02  8.38902802e+02]
 [ 2.23837135e-01  1.13303925e-01  1.00000000e+00]]",4,"[[ 1.43703099e-03 -1.04996338e-04 -3.54087434e-01]
 [-4.34573761e-04 -3.20771713e-03  2.75500484e+00]
 [-2.84119522e-04  2.44618233e-04  8.87026395e-01]]","[[ 7.55980601e+02 -1.40020974e+00  3.06124843e+02]
 [ 8.53391393e+01 -2.52207603e+02  8.17394710e+02]
 [ 2.18610561e-01  6.91036384e-02  1.00000000e+00]]",6
461,20.653626741,"[[ 1.30559528e-03 -2.87422967e-05 -3.45705568e-01]
 [-3.82674965e-04 -2.81359683e-03  2.46864324e+00]
 [-2.43817778e-04  3.82441424e-04  7.48243127e-01]]","[[ 8.27638497e+02  3.00470557e+01  2.83255226e+02]
 [ 8.56485943e+01 -2.42267193e+02  8.38872340e+02]
 [ 2.25912411e-01  1.33618356e-01  1.00000000e+00]]",5,"[[ 1.40699517e-03 -7.26332021e-05 -3.64466993e-01]
 [-4.35601687e-04 -3.13699706e-03  2.70127893e+00]
 [-2.85953034e-04  2.91757474e-04  8.47141351e-01]]","[[ 7.75096644e+02  1.00790915e+01  3.01331891e+02]
 [ 9.07510282e+01 -2.44681811e+02  8.19260650e+02]
 [ 2.30379435e-01  8.76711941e-02  1.00000000e+00]]",6
462,20.690388741,"[[ 1.31031187e-03 -2.85596707e-05 -3.49623506e-01]
 [-3.77206665e-04 -2.81842034e-03  2.46955623e+00]
 [-2.38592615e-04  3.82279973e-04  7.47645387e-01]]","[[ 8.23817501e+02  3.03207756e+01  2.85091176e+02]
 [ 8.29425203e+01 -2.41977231e+02  8.38064469e+02]
 [ 2.20491573e-01  1.33401963e-01  1.00000000e+00]]",4,"[[ 1.40190598e-03 -7.02835975e-05 -3.66987954e-01]
 [-4.39207349e-04 -3.11841490e-03  2.68797331e+00]
 [-2.95900650e-04  3.02085255e-04  8.42112195e-01]]","[[ 7.80915219e+02  1.17373939e+01  3.02853561e+02]
 [ 9.66501172e+01 -2.43486057e+02  8.19312979e+02]
 [ 2.39726662e-01  9.14683941e-02  1.00000000e+00]]",6
463,20.735402741,"[[ 1.30954996e-03 -2.65392517e-05 -3.53842744e-01]
 [-3.73087168e-04 -2.81464664e-03  2.46595691e+00]
 [-2.42867578e-04  3.83949086e-04  7.47979955e-01]]","[[ 8.25824756e+02  3.13886260e+01  2.87185635e+02]
 [ 8.65407677e+01 -2.41781186e+02  8.38048941e+02]
 [ 2.23720981e-01  1.34301654e-01  1.00000000e+00]]",5,"[[ 1.40715006e-03 -6.94530713e-05 -3.71918716e-01]
 [-4.28084366e-04 -3.13373604e-03  2.69642108e+00]
 [-2.88843455e-04  2.93376469e-04  8.47793371e-01]]","[[ 7.76648083e+02  1.13147500e+01  3.04721216e+02]
 [ 9.36882088e+01 -2.44527161e+02  8.18822857e+02]
 [ 2.32183698e-01  8.84728626e-02  1.00000000e+00]]",6
464,20.768432741,"[[ 1.31262277e-03 -2.23104058e-05 -3.61489031e-01]
 [-3.61537134e-04 -2.81938952e-03  2.46502659e+00]
 [-2.41724006e-04  3.86632375e-04  7.46330812e-01]]","[[ 8.24311404e+02  3.31941321e+01  2.89623729e+02]
 [ 8.79056417e+01 -2.40577973e+02  8.37173027e+02]
 [ 2.21441598e-01  1.35381054e-01  1.00000000e+00]]",5,"[[ 1.40766768e-03 -6.45508519e-05 -3.79084188e-01]
 [-4.17604604e-04 -3.13639286e-03  2.69445422e+00]
 [-2.90344315e-04  2.95721118e-04  8.47112746e-01]]","[[ 7.77514611e+02  1.29270429e+01  3.06821224e+02]
 [ 9.64803165e+01 -2.43673822e+02  8.18240693e+02]
 [ 2.32809246e-01  8.94955113e-02  1.00000000e+00]]",6
465,20.808106741,"[[ 1.31299918e-03 -1.65135482e-05 -3.68231263e-01]
 [-3.49532146e-04 -2.82361902e-03  2.45930572e+00]
 [-2.43689102e-04  3.86291172e-04  7.48364123e-01]]","[[ 8.24926894e+02  3.49797983e+01  2.90951753e+02]
 [ 9.09539935e+01 -2.40458901e+02  8.34959926e+02]
 [ 2.21671462e-01  1.35510700e-01  1.00000000e+00]]",5,"[[ 1.40532765e-03 -5.75013798e-05 -3.85698863e-01]
 [-4.06096522e-04 -3.13664162e-03  2.68583535e+00]
 [-2.94588232e-04  2.95967832e-04  8.49058092e-01]]","[[ 7.80372521e+02  1.47432030e+01  3.07859947e+02]
 [ 1.00740161e+02 -2.43623265e+02  8.16419218e+02]
 [ 2.35640784e-01  9.00383901e-02  1.00000000e+00]]",6
466,20.851716741,"[[ 1.31414012e-03 -1.24312864e-05 -3.72721117e-01]
 [-3.40432538e-04 -2.82347868e-03  2.45172945e+00]
 [-2.43860941e-04  3.85392582e-04  7.49981853e-01]]","[[ 8.24414824e+02  3.61594443e+01  2.91505239e+02]
 [ 9.22186983e+01 -2.40852362e+02  8.33189075e+02]
 [ 2.20674903e-01  1.35524066e-01  1.00000000e+00]]",5,"[[ 1.40486360e-03 -5.25242491e-05 -3.90238447e-01]
 [-3.97058140e-04 -3.13324288e-03  2.67570683e+00]
 [-2.95981467e-04  2.95724389e-04  8.50245339e-01]]","[[ 7.81275794e+02  1.59960168e+01  3.08244208e+02]
 [ 1.02735789e+02 -2.43966687e+02  8.14911595e+02]
 [ 2.36239669e-01  9.04226352e-02  1.00000000e+00]]",6
467,20.890572741,"[[ 1.31686093e-03 -1.12632783e-05 -3.74662464e-01]
 [-3.33404205e-04 -2.82912581e-03  2.45221644e+00]
 [-2.38602188e-04  3.81644687e-04  7.51900044e-01]]","[[ 8.21354780e+02  3.60706677e+01  2.91631479e+02]
 [ 8.96725218e+01 -2.41532611e+02  8.32407408e+02]
 [ 2.15127007e-01  1.34041990e-01  1.00000000e+00]]",4,"[[ 1.40010386e-03 -4.97206653e-05 -3.91107319e-01]
 [-3.97274443e-04 -3.11993395e-03  2.66457248e+00]
 [-3.02775411e-04  3.00583866e-04  8.48424812e-01]]","[[ 7.85772379e+02  1.71778882e+01  3.08276699e+02]
 [ 1.07044488e+02 -2.43725843e+02  8.14793539e+02]
 [ 2.42492565e-01  9.24785520e-02  1.00000000e+00]]",6
468,20.932043741,"[[ 1.31487596e-03 -9.61505552e-06 -3.74961167e-01]
 [-3.32407607e-04 -2.82877793e-03  2.44981532e+00]
 [-2.41902963e-04  3.80340399e-04  7.54084160e-01]]","[[ 8.23302998e+02  3.63614440e+01  2.91251085e+02]
 [ 9.18568127e+01 -2.41981833e+02  8.31808403e+02]
 [ 2.17777519e-01  1.33713733e-01  1.00000000e+00]]",4,"[[ 1.39792721e-03 -4.77607597e-05 -3.91539151e-01]
 [-3.96017926e-04 -3.11883156e-03  2.66143926e+00]
 [-3.05995920e-04  2.99583379e-04  8.50282286e-01]]","[[ 7.87704275e+02  1.75135324e+01  3.07904639e+02]
 [ 1.09084919e+02 -2.44089713e+02  8.14248367e+02]
 [ 2.45041287e-01  9.23038053e-02  1.00000000e+00]]",6
469,20.976906741,"[[ 1.31369123e-03 -9.87671275e-06 -3.73885270e-01]
 [-3.33546987e-04 -2.82512675e-03  2.44705397e+00]
 [-2.43702428e-04  3.80655495e-04  7.54241017e-01]]","[[ 8.24390028e+02  3.63082591e+01  2.90860631e+02]
 [ 9.28160751e+01 -2.42210121e+02  8.31834636e+02]
 [ 2.19525189e-01  1.33971797e-01  1.00000000e+00]]",4,"[[ 1.39705486e-03 -4.79725879e-05 -3.90616468e-01]
 [-3.96972178e-04 -3.11480179e-03  2.65831343e+00]
 [-3.07397612e-04  3.00366739e-04  8.49970201e-01]]","[[ 7.88441710e+02  1.75154558e+01  3.07559894e+02]
 [ 1.09766502e+02 -2.44218688e+02  8.14247866e+02]
 [ 2.46355569e-01  9.26378127e-02  1.00000000e+00]]",6
470,21.013021741000003,"[[ 1.31431114e-03 -1.10899163e-05 -3.73024808e-01]
 [-3.33901582e-04 -2.82646282e-03  2.44849914e+00]
 [-2.41702095e-04  3.80141298e-04  7.54049223e-01]]","[[ 8.23456461e+02  3.58848557e+01  2.90837313e+02]
 [ 9.14412152e+01 -2.42270058e+02  8.31918992e+02]
 [ 2.17851255e-01  1.33638887e-01  1.00000000e+00]]",4,"[[ 1.39780856e-03 -4.93005816e-05 -3.89741031e-01]
 [-3.97359502e-04 -3.11637008e-03  2.65992446e+00]
 [-3.05238691e-04  2.99804411e-04  8.49737891e-01]]","[[ 7.87433210e+02  1.71295726e+01  3.07543850e+02]
 [ 1.08385568e+02 -2.44260810e+02  8.14318879e+02]
 [ 2.44617326e-01  9.23332681e-02  1.00000000e+00]]",6
471,21.056704741,"[[ 1.33115395e-03 -4.17382807e-05 -3.61133780e-01]
 [-3.51874363e-04 -2.86895708e-03  2.49013077e+00]
 [-2.60539549e-04  3.30760148e-04  8.02453130e-01]]","[[ 8.15356264e+02  2.24210085e+01  2.97364964e+02]
 [ 9.55770908e+01 -2.54087809e+02  8.31485309e+02]
 [ 2.25333361e-01  1.12011129e-01  1.00000000e+00]]",3,"[[ 1.41297316e-03 -7.88160417e-05 -3.78102668e-01]
 [-4.16561811e-04 -3.15353352e-03  2.69801005e+00]
 [-3.24870259e-04  2.52532276e-04  8.96074741e-01]]","[[ 7.81327376e+02  5.53793271e+00  3.13010237e+02]
 [ 1.12111264e+02 -2.54705773e+02  8.14204739e+02]
 [ 2.51673554e-01  7.37890881e-02  1.00000000e+00]]",6
472,21.101148741000003,"[[ 1.31299859e-03 -1.31778368e-05 -3.70150706e-01]
 [-3.37784563e-04 -2.82727639e-03  2.44647352e+00]
 [-2.40696947e-04  3.78030469e-04  7.55857119e-01]]","[[ 8.23819651e+02  3.49689350e+01  2.90249104e+02]
 [ 8.97423314e+01 -2.43052875e+02  8.30633984e+02]
 [ 2.17455833e-01  1.32694799e-01  1.00000000e+00]]",4,"[[ 1.39646001e-03 -5.09537861e-05 -3.87199586e-01]
 [-4.01382935e-04 -3.11467535e-03  2.65592930e+00]
 [-3.03355979e-04  2.99105262e-04  8.49892612e-01]]","[[ 7.87543344e+02  1.65923706e+01  3.06942654e+02]
 [ 1.06307247e+02 -2.44711372e+02  8.13159471e+02]
 [ 2.43688346e-01  9.20443983e-02  1.00000000e+00]]",6
473,21.137244741,"[[ 1.31198531e-03 -1.40204957e-05 -3.69025828e-01]
 [-3.39527385e-04 -2.82648260e-03  2.44481539e+00]
 [-2.41306145e-04  3.76642269e-04  7.57357357e-01]]","[[ 8.24515339e+02  3.45731182e+01  2.90143831e+02]
 [ 8.96309402e+01 -2.43624545e+02  8.30114297e+02]
 [ 2.18129283e-01  1.32172754e-01  1.00000000e+00]]",4,"[[ 1.39538938e-03 -5.16017133e-05 -3.86199976e-01]
 [-4.03216793e-04 -3.11279075e-03  2.65346001e+00]
 [-3.03636600e-04  2.98213575e-04  8.50806255e-01]]","[[ 7.88128889e+02  1.63293095e+01  3.06822131e+02]
 [ 1.06001341e+02 -2.45154185e+02  8.12693297e+02]
 [ 2.44114023e-01  9.17558862e-02  1.00000000e+00]]",6
474,21.179540741,"[[ 1.31135785e-03 -1.48510737e-05 -3.68073457e-01]
 [-3.39205515e-04 -2.82543321e-03  2.44147828e+00]
 [-2.41023060e-04  3.75784672e-04  7.58282351e-01]]","[[ 8.24740767e+02  3.42448775e+01  2.90072768e+02]
 [ 8.92781416e+01 -2.44102036e+02  8.29283093e+02]
 [ 2.17903246e-01  1.31855382e-01  1.00000000e+00]]",4,"[[ 1.39445590e-03 -5.20627838e-05 -3.85413657e-01]
 [-4.03001413e-04 -3.10984547e-03  2.64868066e+00]
 [-3.03125972e-04  2.98282981e-04  8.50775659e-01]]","[[ 7.88483872e+02  1.62176019e+01  3.06705066e+02]
 [ 1.05569157e+02 -2.45446798e+02  8.11962557e+02]
 [ 2.43919129e-01  9.18321745e-02  1.00000000e+00]]",6
475,21.221755741000003,"[[ 1.31017806e-03 -1.44250455e-05 -3.67842206e-01]
 [-3.38857358e-04 -2.82342631e-03  2.43732391e+00]
 [-2.41850852e-04  3.75032130e-04  7.59408225e-01]]","[[ 8.25632429e+02  3.42860235e+01  2.89878753e+02]
 [ 8.96681139e+01 -2.44594401e+02  8.28460213e+02]
 [ 2.18659052e-01  1.31711588e-01  1.00000000e+00]]",4,"[[ 1.39296213e-03 -5.12209911e-05 -3.85364004e-01]
 [-4.02701640e-04 -3.10604328e-03  2.64314598e+00]
 [-3.03766927e-04  2.98356653e-04  8.51061894e-01]]","[[ 7.89476815e+02  1.64205075e+01  3.06480821e+02]
 [ 1.05855126e+02 -2.45774154e+02  8.11233270e+02]
 [ 2.44675935e-01  9.20219337e-02  1.00000000e+00]]",6
476,21.256299741000003,"[[ 1.30902231e-03 -1.40531288e-05 -3.68448554e-01]
 [-3.36993184e-04 -2.82159684e-03  2.43231112e+00]
 [-2.44627939e-04  3.75361545e-04  7.60470277e-01]]","[[ 8.27072493e+02  3.45065300e+01  2.90350660e+02]
 [ 9.15936493e+01 -2.44800944e+02  8.27355948e+02]
 [ 2.20842696e-01  1.31931681e-01  1.00000000e+00]]",5,"[[ 1.39681955e-03 -5.17684595e-05 -3.86704100e-01]
 [-3.93195695e-04 -3.12014627e-03  2.64705709e+00]
 [-2.97375267e-04  2.90230179e-04  8.56249868e-01]]","[[ 7.85605459e+02  1.55085868e+01  3.06855215e+02]
 [ 1.02884895e+02 -2.46887435e+02  8.09706572e+02]
 [ 2.37967140e-01  8.90698583e-02  1.00000000e+00]]",6
477,21.290133741000002,"[[ 1.31119903e-03 -1.30700734e-05 -3.71180444e-01]
 [-3.31969757e-04 -2.82383012e-03  2.43096992e+00]
 [-2.41115517e-04  3.75786400e-04  7.59607068e-01]]","[[ 8.25080779e+02  3.49496798e+01  2.91324606e+02]
 [ 9.00952794e+01 -2.44540821e+02  8.26628676e+02]
 [ 2.17327095e-01  1.32070947e-01  1.00000000e+00]]",4,"[[ 1.39210492e-03 -4.90092491e-05 -3.88597067e-01]
 [-3.96529730e-04 -3.10282676e-03  2.63438251e+00]
 [-3.04244445e-04  2.99905503e-04  8.50764114e-01]]","[[ 7.90487037e+02  1.72502689e+01  3.07649480e+02]
 [ 1.06972647e+02 -2.45713401e+02  8.09710155e+02]
 [ 2.44979308e-01  9.27861184e-02  1.00000000e+00]]",6
478,21.335113741,"[[ 1.33268713e-03 -4.20179683e-05 -3.62680836e-01]
 [-3.40488988e-04 -2.87416324e-03  2.47616555e+00]
 [-2.54047278e-04  3.25181472e-04  8.07089725e-01]]","[[ 8.12791010e+02  2.18549012e+01  2.98191591e+02]
 [ 9.21426881e+01 -2.55798488e+02  8.26200321e+02]
 [ 2.18717006e-01  1.09942060e-01  1.00000000e+00]]",3,"[[ 1.41130070e-03 -7.64544555e-05 -3.80315407e-01]
 [-4.05947145e-04 -3.14828221e-03  2.67615775e+00]
 [-3.18371320e-04  2.51254479e-04  8.96333804e-01]]","[[ 7.80989022e+02  6.04067312e+00  3.13339028e+02]
 [ 1.09102567e+02 -2.55668637e+02  8.09634744e+02]
 [ 2.46818759e-01  7.38129777e-02  1.00000000e+00]]",6
479,21.369851741,"[[ 1.33199076e-03 -4.11420234e-05 -3.62490585e-01]
 [-3.42936740e-04 -2.87660985e-03  2.47921336e+00]
 [-2.56011254e-04  3.22194403e-04  8.09955456e-01]]","[[ 8.13556091e+02  2.17044096e+01  2.97666444e+02]
 [ 9.28154941e+01 -2.56401860e+02  8.26366011e+02]
 [ 2.20228015e-01  1.08855143e-01  1.00000000e+00]]",4,"[[ 1.42712858e-03 -8.26498222e-05 -3.81448272e-01]
 [-3.89999417e-04 -3.19195189e-03  2.69932619e+00]
 [-3.02573745e-04  2.35722327e-04  9.04721519e-01]]","[[ 7.68190423e+02  3.30040469e+00  3.14037010e+02]
 [ 1.01122264e+02 -2.56288293e+02  8.07296610e+02]
 [ 2.30565399e-01  6.78788859e-02  1.00000000e+00]]",6
480,21.410275741000003,"[[ 1.30760664e-03 -1.07134266e-05 -3.70851909e-01]
 [-3.36068405e-04 -2.82052870e-03  2.43000112e+00]
 [-2.49230907e-04  3.74232296e-04  7.62905178e-01]]","[[ 8.29196740e+02  3.53793453e+01  2.90386475e+02]
 [ 9.46011420e+01 -2.45182896e+02  8.26941205e+02]
 [ 2.24482226e-01  1.31828945e-01  1.00000000e+00]]",5,"[[ 1.39495080e-03 -4.79888725e-05 -3.89213947e-01]
 [-3.92085874e-04 -3.11805591e-03  2.64389701e+00]
 [-3.02192085e-04  2.89570422e-04  8.58368150e-01]]","[[ 7.87948306e+02  1.63706483e+01  3.06859198e+02]
 [ 1.05854771e+02 -2.47178884e+02  8.09344646e+02]
 [ 2.41690388e-01  8.91491303e-02  1.00000000e+00]]",6
481,21.459283741,"[[ 1.30860210e-03 -1.20700826e-05 -3.70057136e-01]
 [-3.36905878e-04 -2.82180336e-03  2.43125585e+00]
 [-2.47692161e-04  3.74625251e-04  7.62147493e-01]]","[[ 8.28158410e+02  3.50134211e+01  2.90415367e+02]
 [ 9.34434801e+01 -2.44999975e+02  8.26922683e+02]
 [ 2.23214090e-01  1.31806150e-01  1.00000000e+00]]",5,"[[ 1.39611172e-03 -4.94981980e-05 -3.88388649e-01]
 [-3.93024176e-04 -3.11963926e-03  2.64541966e+00]
 [-3.00582745e-04  2.89760558e-04  8.57734211e-01]]","[[ 7.86857620e+02  1.60197291e+01  3.06887214e+02]
 [ 1.04703127e+02 -2.47038764e+02  8.09326127e+02]
 [ 2.40373981e-01  8.90687850e-02  1.00000000e+00]]",6
482,21.497631741000003,"[[ 1.32991670e-03 -4.41021651e-05 -3.58559919e-01]
 [-3.50615820e-04 -2.87691093e-03  2.48127920e+00]
 [-2.58585243e-04  3.20847763e-04  8.11691826e-01]]","[[ 8.15115422e+02  2.06287845e+01  2.97011672e+02]
 [ 9.29399482e+01 -2.56868517e+02  8.26282865e+02]
 [ 2.22938360e-01  1.08107518e-01  1.00000000e+00]]",4,"[[ 1.42512197e-03 -8.46885833e-05 -3.78079334e-01]
 [-3.96727356e-04 -3.19078384e-03  2.69962632e+00]
 [-3.03535636e-04  2.37058276e-04  9.03750836e-01]]","[[ 7.69210716e+02  2.85742704e+00  3.13259672e+02]
 [ 1.00612259e+02 -2.56108252e+02  8.07120685e+02]
 [ 2.31957623e-01  6.81381519e-02  1.00000000e+00]]",6
483,21.541996741000002,"[[ 1.30964412e-03 -1.55373063e-05 -3.67623642e-01]
 [-3.40116586e-04 -2.82610311e-03  2.43438052e+00]
 [-2.47230918e-04  3.71728167e-04  7.64616027e-01]]","[[ 8.27150466e+02  3.36643385e+01  2.90509549e+02]
 [ 9.22158243e+01 -2.45647750e+02  8.26428942e+02]
 [ 2.22618862e-01  1.30309920e-01  1.00000000e+00]]",5,"[[ 1.39715699e-03 -5.29074493e-05 -3.86031865e-01]
 [-3.96225936e-04 -3.12307724e-03  2.64781891e+00]
 [-2.99763537e-04  2.87480111e-04  8.59468161e-01]]","[[ 7.85828535e+02  1.49403174e+01  3.06928880e+02]
 [ 1.03361181e+02 -2.47490085e+02  8.08883525e+02]
 [ 2.39506787e-01  8.79928343e-02  1.00000000e+00]]",6
484,21.580863741,"[[ 1.30962425e-03 -1.58871484e-05 -3.67395942e-01]
 [-3.40809856e-04 -2.82594324e-03  2.43445819e+00]
 [-2.47856444e-04  3.70543413e-04  7.65790760e-01]]","[[ 8.27273017e+02  3.34480840e+01  2.90560815e+02]
 [ 9.23842031e+01 -2.46020905e+02  8.26425729e+02]
 [ 2.23053867e-01  1.29868045e-01  1.00000000e+00]]",5,"[[ 1.39711404e-03 -5.32423332e-05 -3.85812665e-01]
 [-3.96915547e-04 -3.12269047e-03  2.64772708e+00]
 [-3.00391183e-04  2.86397278e-04  8.60551429e-01]]","[[ 7.85954849e+02  1.47535566e+01  3.06975196e+02]
 [ 1.03512610e+02 -2.47815161e+02  8.08880637e+02]
 [ 2.39902196e-01  8.76245433e-02  1.00000000e+00]]",6
485,21.616873741000003,"[[ 1.33017440e-03 -4.40591009e-05 -3.58984359e-01]
 [-3.48832088e-04 -2.87368057e-03  2.47715862e+00]
 [-2.56992396e-04  3.23283650e-04  8.09375821e-01]]","[[ 8.14700882e+02  2.09474255e+01  2.97234946e+02]
 [ 9.23103390e+01 -2.56484947e+02  8.25935057e+02]
 [ 2.21812295e-01  1.09097303e-01  1.00000000e+00]]",4,"[[ 1.42511540e-03 -8.44971285e-05 -3.78519256e-01]
 [-3.94959129e-04 -3.18675766e-03  2.69488525e+00]
 [-3.02089021e-04  2.39884257e-04  9.01148031e-01]]","[[ 7.69027466e+02  3.20367320e+00  3.13442589e+02]
 [ 1.00151167e+02 -2.55721658e+02  8.06803813e+02]
 [ 2.31138568e-01  6.91466798e-02  1.00000000e+00]]",6
486,21.655153741000003,"[[ 1.31578768e-03 -1.88434044e-05 -3.70096397e-01]
 [-3.38689718e-04 -2.83320645e-03  2.43994524e+00]
 [-2.46407114e-04  3.68189278e-04  7.68040989e-01]]","[[ 8.23285933e+02  3.26148580e+01  2.93105047e+02]
 [ 9.13408371e+01 -2.46201258e+02  8.26157083e+02]
 [ 2.20343441e-01  1.28489492e-01  1.00000000e+00]]",5,"[[ 1.40190711e-03 -5.61406454e-05 -3.88066736e-01]
 [-3.96091200e-04 -3.12891478e-03  2.65311885e+00]
 [-3.00649342e-04  2.83399413e-04  8.63749818e-01]]","[[ 7.83565198e+02  1.39466569e+01  3.09202323e+02]
 [ 1.03326676e+02 -2.48197610e+02  8.08793691e+02]
 [ 2.38837263e-01  8.62890023e-02  1.00000000e+00]]",6
487,21.700759741000002,"[[ 1.33520819e-03 -4.23171290e-05 -3.63950346e-01]
 [-3.37095235e-04 -2.88516700e-03  2.47806452e+00]
 [-2.50558858e-04  3.27562408e-04  8.04929371e-01]]","[[ 8.10558635e+02  2.20232129e+01  2.98694719e+02]
 [ 9.04066779e+01 -2.54375055e+02  8.23999428e+02]
 [ 2.15520545e-01  1.10372189e-01  1.00000000e+00]]",3,"[[ 1.41282028e-03 -7.61731566e-05 -3.81631855e-01]
 [-4.02947869e-04 -3.15675950e-03  2.67618650e+00]
 [-3.15093850e-04  2.54796401e-04  8.93029917e-01]]","[[ 7.79615596e+02  6.50544145e+00  3.13669639e+02]
 [ 1.07647626e+02 -2.54182937e+02  8.07725134e+02]
 [ 2.44363429e-01  7.48180110e-02  1.00000000e+00]]",6
488,21.737009741,"[[ 1.31146153e-03 -1.32276655e-05 -3.72713603e-01]
 [-3.32505711e-04 -2.82900273e-03  2.43095667e+00]
 [-2.46637030e-04  3.72668071e-04  7.64725332e-01]]","[[ 8.26309886e+02  3.46700791e+01  2.92517412e+02]
 [ 9.29562329e+01 -2.45248720e+02  8.24917180e+02]
 [ 2.21199415e-01  1.30696982e-01  1.00000000e+00]]",5,"[[ 1.39651061e-03 -4.98062588e-05 -3.90762879e-01]
 [-3.89680634e-04 -3.12251386e-03  2.64228327e+00]
 [-3.01476965e-04  2.88824774e-04  8.59761172e-01]]","[[ 7.87156994e+02  1.59908668e+01  3.08619815e+02]
 [ 1.05377137e+02 -2.47226396e+02  8.07689002e+02]
 [ 2.40618186e-01  8.86594887e-02  1.00000000e+00]]",6
489,21.777652741,"[[ 1.31132926e-03 -1.19245243e-05 -3.73645955e-01]
 [-3.29661998e-04 -2.82903023e-03  2.42908914e+00]
 [-2.47148721e-04  3.73290808e-04  7.64476955e-01]]","[[ 8.26525446e+02  3.51029519e+01  2.92434833e+02]
 [ 9.37946751e+01 -2.45073563e+02  8.24552690e+02]
 [ 2.21408920e-01  1.31016844e-01  1.00000000e+00]]",5,"[[ 1.39623987e-03 -4.83476303e-05 -3.91742873e-01]
 [-3.86657284e-04 -3.12230980e-03  2.64013813e+00]
 [-3.02047941e-04  2.89470409e-04  8.59481491e-01]]","[[ 7.87496981e+02  1.64095480e+01  3.08526547e+02]
 [ 1.06236546e+02 -2.47069643e+02  8.07365140e+02]
 [ 2.40970291e-01  8.89790200e-02  1.00000000e+00]]",6
490,21.817349741,"[[ 1.31102863e-03 -1.03983208e-05 -3.74890166e-01]
 [-3.28007413e-04 -2.82717869e-03  2.42543644e+00]
 [-2.46775630e-04  3.74946205e-04  7.63235638e-01]]","[[ 8.26758875e+02  3.57493344e+01  2.92486386e+02]
 [ 9.38541485e+01 -2.44778674e+02  8.23965866e+02]
 [ 2.21207812e-01  1.31808441e-01  1.00000000e+00]]",5,"[[ 1.39548252e-03 -4.65271680e-05 -3.93020187e-01]
 [-3.85056665e-04 -3.11934986e-03  2.63565191e+00]
 [-3.01967247e-04  2.91517684e-04  8.57957641e-01]]","[[ 7.88075298e+02  1.70797227e+01  3.08538889e+02]
 [ 1.06503643e+02 -2.46764342e+02  8.06849845e+02]
 [ 2.41183507e-01  8.98572173e-02  1.00000000e+00]]",6
491,21.857312741,"[[ 1.31147911e-03 -1.01201937e-05 -3.75625368e-01]
 [-3.27755593e-04 -2.82747808e-03  2.42532701e+00]
 [-2.46877077e-04  3.73833388e-04  7.64302104e-01]]","[[ 8.26544380e+02  3.57501235e+01  2.92770746e+02]
 [ 9.38310080e+01 -2.45085297e+02  8.23833002e+02]
 [ 2.21087573e-01  1.31423101e-01  1.00000000e+00]]",5,"[[ 1.39556132e-03 -4.61512254e-05 -3.93692536e-01]
 [-3.85085973e-04 -3.11913747e-03  2.63529153e+00]
 [-3.02538243e-04  2.90324497e-04  8.59197506e-01]]","[[ 7.88209949e+02  1.70785530e+01  3.08782795e+02]
 [ 1.06712757e+02 -2.47088765e+02  8.06756235e+02]
 [ 2.41483854e-01  8.95054238e-02  1.00000000e+00]]",6
492,21.892535741,"[[ 1.31085458e-03 -1.06641624e-05 -3.75073705e-01]
 [-3.28600761e-04 -2.82758413e-03  2.42523919e+00]
 [-2.48851853e-04  3.71791174e-04  7.66635574e-01]]","[[ 8.27321538e+02  3.53831781e+01  2.92829985e+02]
 [ 9.47716825e+01 -2.45713273e+02  8.23676655e+02]
 [ 2.22589753e-01  1.30647728e-01  1.00000000e+00]]",5,"[[ 1.39482957e-03 -4.65316396e-05 -3.93215597e-01]
 [-3.85768615e-04 -3.11856205e-03  2.63460871e+00]
 [-3.04366568e-04  2.88789548e-04  8.61052175e-01]]","[[ 7.88974275e+02  1.68254422e+01  3.08818144e+02]
 [ 1.07541212e+02 -2.47569974e+02  8.06614177e+02]
 [ 2.42819913e-01  8.89803488e-02  1.00000000e+00]]",6
493,21.933811741000003,"[[ 1.31212306e-03 -1.07961928e-05 -3.75395868e-01]
 [-3.28003430e-04 -2.83113514e-03  2.42562607e+00]
 [-2.47125434e-04  3.71934374e-04  7.66333672e-01]]","[[ 8.26112950e+02  3.53246827e+01  2.92868400e+02]
 [ 9.36100323e+01 -2.45473649e+02  8.22837523e+02]
 [ 2.20969976e-01  1.30530237e-01  1.00000000e+00]]",5,"[[ 1.39581354e-03 -4.64885870e-05 -3.93571714e-01]
 [-3.85219190e-04 -3.12124551e-03  2.63428028e+00]
 [-3.02699143e-04  2.89254830e-04  8.60373121e-01]]","[[ 7.88055096e+02  1.68804556e+01  3.08805955e+02]
 [ 1.06515736e+02 -2.47288970e+02  8.05871338e+02]
 [ 2.41445724e-01  8.90767350e-02  1.00000000e+00]]",6
494,21.967104741,"[[ 1.30930895e-03 -1.08202548e-05 -3.73005699e-01]
 [-3.30901148e-04 -2.83076214e-03  2.42381052e+00]
 [-2.50226891e-04  3.70251807e-04  7.68586495e-01]]","[[ 8.28347672e+02  3.49844849e+01  2.91681731e+02]
 [ 9.49282377e+01 -2.46091687e+02  8.22143503e+02]
 [ 2.23953338e-01  1.29939768e-01  1.00000000e+00]]",5,"[[ 1.39344114e-03 -4.63171434e-05 -3.91484822e-01]
 [-3.87413661e-04 -3.12032594e-03  2.63162487e+00]
 [-3.04865388e-04  2.88354623e-04  8.61634315e-01]]","[[ 7.89618161e+02  1.67153263e+01  3.07711813e+02]
 [ 1.07304047e+02 -2.47664400e+02  8.05176497e+02]
 [ 2.43474088e-01  8.87976462e-02  1.00000000e+00]]",6
495,22.007807741,"[[ 1.31120547e-03 -1.07854125e-05 -3.71324451e-01]
 [-3.28180715e-04 -2.83136421e-03  2.42192486e+00]
 [-2.44916470e-04  3.70209102e-04  7.66782550e-01]]","[[ 8.25518417e+02  3.47675570e+01  2.89952820e+02]
 [ 9.19059157e+01 -2.46086169e+02  8.21783337e+02]
 [ 2.19304222e-01  1.29917520e-01  1.00000000e+00]]",4,"[[ 1.39148377e-03 -4.50779444e-05 -3.89707554e-01]
 [-3.92298614e-04 -3.10394941e-03  2.61991359e+00]
 [-3.06606431e-04  2.97477164e-04  8.54292157e-01]]","[[ 7.91150275e+02  1.78518109e+01  3.06156429e+02]
 [ 1.07947557e+02 -2.46553207e+02  8.05363916e+02]
 [ 2.46355801e-01  9.22605083e-02  1.00000000e+00]]",6
496,22.052849741000003,"[[ 1.30980504e-03 -1.25965913e-05 -3.68701293e-01]
 [-3.30887269e-04 -2.82390695e-03  2.41964147e+00]
 [-2.44891975e-04  3.73188501e-04  7.63765238e-01]]","[[ 8.26313136e+02  3.45602133e+01  2.89407511e+02]
 [ 9.17732900e+01 -2.45775695e+02  8.22930872e+02]
 [ 2.20105224e-01  1.31171435e-01  1.00000000e+00]]",4,"[[ 1.39096651e-03 -4.73292592e-05 -3.87112071e-01]
 [-3.94777028e-04 -3.09771111e-03  2.61850938e+00]
 [-3.06065363e-04  3.00432786e-04  8.51325633e-01]]","[[ 7.91184143e+02  1.75640902e+01  3.05741055e+02]
 [ 1.07533577e+02 -2.46258719e+02  8.06340471e+02]
 [ 2.46494927e-01  9.32192682e-02  1.00000000e+00]]",6
497,22.094288741,"[[ 1.31113892e-03 -1.33326701e-05 -3.69102461e-01]
 [-3.29443566e-04 -2.82477227e-03  2.42332755e+00]
 [-2.43446251e-04  3.73468239e-04  7.62807439e-01]]","[[ 8.25173314e+02  3.44324913e+01  2.89892684e+02]
 [ 9.13275117e+01 -2.45489450e+02  8.24075024e+02]
 [ 2.18636338e-01  1.31179861e-01  1.00000000e+00]]",4,"[[ 1.39237124e-03 -4.85142918e-05 -3.87224134e-01]
 [-3.93367673e-04 -3.10038628e-03  2.62364731e+00]
 [-3.05205034e-04  2.99696711e-04  8.51496041e-01]]","[[ 7.90195279e+02  1.72372102e+01  3.06235508e+02]
 [ 1.07426727e+02 -2.46176794e+02  8.07378156e+02]
 [ 2.45422327e-01  9.28239885e-02  1.00000000e+00]]",6
498,22.130443741,"[[ 1.30893895e-03 -9.82011026e-06 -3.72872300e-01]
 [-3.25269645e-04 -2.81993211e-03  2.42000610e+00]
 [-2.49435245e-04  3.76289279e-04  7.62308022e-01]]","[[ 8.28375692e+02  3.59530702e+01  2.91052559e+02]
 [ 9.62774783e+01 -2.44918915e+02  8.24606923e+02]
 [ 2.23528949e-01  1.32660712e-01  1.00000000e+00]]",5,"[[ 1.39491080e-03 -4.62411107e-05 -3.91328398e-01]
 [-3.81020498e-04 -3.11418247e-03  2.63120877e+00]
 [-3.03056058e-04  2.92594242e-04  8.56914698e-01]]","[[ 7.88344899e+02  1.71669363e+01  3.07302412e+02]
 [ 1.07964722e+02 -2.46863264e+02  8.07313083e+02]
 [ 2.41941050e-01  9.03629190e-02  1.00000000e+00]]",6
499,22.179272741000002,"[[ 1.31157537e-03 -4.93153136e-06 -3.78499238e-01]
 [-3.13618024e-04 -2.82571883e-03  2.41949412e+00]
 [-2.44728412e-04  3.75146242e-04  7.62311979e-01]]","[[ 8.25781973e+02  3.72828383e+01  2.91681418e+02]
 [ 9.52194468e+01 -2.44680687e+02  8.23867378e+02]
 [ 2.18245414e-01  1.32380460e-01  1.00000000e+00]]",4,"[[ 1.39078051e-03 -3.96975494e-05 -3.96055054e-01]
 [-3.77654731e-04 -3.10175259e-03  2.62031616e+00]
 [-3.08853740e-04  2.99576236e-04  8.53219670e-01]]","[[ 7.92695879e+02  1.95844096e+01  3.07815060e+02]
 [ 1.12517669e+02 -2.45866326e+02  8.07307569e+02]
 [ 2.47438584e-01  9.34160678e-02  1.00000000e+00]]",6
500,22.215809741,"[[ 1.30889182e-03 -1.49676005e-07 -3.78168632e-01]
 [-3.13997996e-04 -2.81737520e-03  2.41635054e+00]
 [-2.47514895e-04  3.73945947e-04  7.62862716e-01]]","[[ 8.27851044e+02  3.83168284e+01  2.89017149e+02]
 [ 9.72277338e+01 -2.45384860e+02  8.25449067e+02]
 [ 2.20940864e-01  1.32716749e-01  1.00000000e+00]]",4,"[[ 1.39029739e-03 -3.54553427e-05 -3.96142353e-01]
 [-3.76430569e-04 -3.09714971e-03  2.61921712e+00]
 [-3.10035553e-04  2.97319145e-04  8.54335214e-01]]","[[ 7.92893057e+02  2.02555608e+01  3.05553143e+02]
 [ 1.13548931e+02 -2.46558566e+02  8.08549087e+02]
 [ 2.48221966e-01  9.31560876e-02  1.00000000e+00]]",6
501,22.259449741,"[[ 1.36722299e-03 -4.73548117e-06 -3.87589646e-01]
 [-3.08641033e-04 -2.80607275e-03  2.41032463e+00]
 [-1.38557276e-04  3.83692489e-04  7.22181775e-01]]","[[ 7.68975173e+02  3.78571610e+01  2.86352792e+02]
 [ 2.89404409e+01 -2.43273293e+02  8.27471210e+02]
 [ 1.32159075e-01  1.36513443e-01  1.00000000e+00]]",3,"[[ 1.45246065e-03 -4.24187632e-05 -4.06150447e-01]
 [-3.71379579e-04 -3.07031556e-03  2.60022085e+00]
 [-1.97823311e-04  3.24392146e-04  7.97173933e-01]]","[[ 7.35390202e+02  2.18840362e+01  3.03291066e+02]
 [ 4.87859669e+01 -2.40771776e+02  8.10204910e+02]
 [ 1.62638961e-01  1.03407352e-01  1.00000000e+00]]",6
502,22.297249741,"[[ 1.29882545e-03  2.08778985e-06 -3.66874433e-01]
 [-3.10306865e-04 -2.80648481e-03  2.40917804e+00]
 [-2.55401640e-04  3.75520564e-04  7.61116523e-01]]","[[ 8.34344766e+02  3.82380240e+01  2.81136394e+02]
 [ 1.04027930e+02 -2.45537277e+02  8.27347961e+02]
 [ 2.28648819e-01  1.33974691e-01  1.00000000e+00]]",4,"[[ 1.38659173e-03 -3.45670485e-05 -3.86255168e-01]
 [-3.67645026e-04 -3.09450960e-03  2.61558855e+00]
 [-3.12322206e-04  2.98676208e-04  8.51455889e-01]]","[[ 7.93779205e+02  1.99680065e+01  2.98750921e+02]
 [ 1.17083623e+02 -2.46306096e+02  8.09741957e+02]
 [ 2.50094905e-01  9.37244355e-02  1.00000000e+00]]",6
503,22.338298741000003,"[[ 1.29988607e-03  8.79602149e-07 -3.66718158e-01]
 [-3.05981822e-04 -2.81119013e-03  2.40704139e+00]
 [-2.54164118e-04  3.75368098e-04  7.61661578e-01]]","[[ 8.33261427e+02  3.78560086e+01  2.81556957e+02]
 [ 1.03648969e+02 -2.45450752e+02  8.25589865e+02]
 [ 2.26975660e-01  1.33597419e-01  1.00000000e+00]]",4,"[[ 1.38684136e-03 -3.52392076e-05 -3.86206947e-01]
 [-3.63493208e-04 -3.09664322e-03  2.61146461e+00]
 [-3.11179792e-04  2.99598090e-04  8.50906122e-01]]","[[ 7.93372464e+02  1.99011841e+01  2.99016204e+02]
 [ 1.16854912e+02 -2.46065220e+02  8.08221703e+02]
 [ 2.48995705e-01  9.39157851e-02  1.00000000e+00]]",6
504,22.381076741,"[[ 1.30073866e-03  8.24369882e-07 -3.69203240e-01]
 [-3.03841470e-04 -2.81317967e-03  2.40437875e+00]
 [-2.55462927e-04  3.73810406e-04  7.64326529e-01]]","[[ 8.33288353e+02  3.78911111e+01  2.83318934e+02]
 [ 1.04400000e+02 -2.45936293e+02  8.24083413e+02]
 [ 2.27453148e-01  1.32944908e-01  1.00000000e+00]]",4,"[[ 1.38569747e-03 -3.44799490e-05 -3.88528278e-01]
 [-3.62426544e-04 -3.09479828e-03  2.60643019e+00]
 [-3.13830155e-04  2.98946309e-04  8.53042354e-01]]","[[ 7.94981625e+02  2.01667598e+01  3.00465257e+02]
 [ 1.18302033e+02 -2.46486612e+02  8.07010145e+02]
 [ 2.51011277e-01  9.37997978e-02  1.00000000e+00]]",6
505,22.417523741,"[[ 1.30141609e-03  1.50430922e-06 -3.70316115e-01]
 [-3.03660658e-04 -2.81336965e-03  2.40177540e+00]
 [-2.55089447e-04  3.73324876e-04  7.65062454e-01]]","[[ 8.32866116e+02  3.80777444e+01  2.83597181e+02]
 [ 1.03894504e+02 -2.46168689e+02  8.23090596e+02]
 [ 2.26999709e-01  1.32818080e-01  1.00000000e+00]]",4,"[[ 1.38593308e-03 -3.34165905e-05 -3.89747520e-01]
 [-3.62549216e-04 -3.09335738e-03  2.60270047e+00]
 [-3.13426765e-04  2.98956132e-04  8.53230596e-01]]","[[ 7.94882714e+02  2.04696866e+01  3.00653897e+02]
 [ 1.17790741e+02 -2.46636159e+02  8.06146308e+02]
 [ 2.50721499e-01  9.39360826e-02  1.00000000e+00]]",6
506,22.460248741,"[[ 1.30274893e-03  1.10844549e-06 -3.70411514e-01]
 [-3.04092689e-04 -2.81329900e-03  2.40027507e+00]
 [-2.53479936e-04  3.74082817e-04  7.64200101e-01]]","[[ 8.31674447e+02  3.80419188e+01  2.83630847e+02]
 [ 1.02610153e+02 -2.46042683e+02  8.22530772e+02]
 [ 2.25632123e-01  1.33058348e-01  1.00000000e+00]]",4,"[[ 1.38720400e-03 -3.36437870e-05 -3.89956544e-01]
 [-3.63173893e-04 -3.09216414e-03  2.60040527e+00]
 [-3.11631965e-04  3.00297702e-04  8.51755586e-01]]","[[ 7.93797540e+02  2.05609785e+01  3.00649239e+02]
 [ 1.16474004e+02 -2.46423626e+02  8.05654939e+02]
 [ 2.49362394e-01  9.44025588e-02  1.00000000e+00]]",6
507,22.499448741000002,"[[ 1.30529997e-03 -1.76371957e-06 -3.70728030e-01]
 [-3.03530761e-04 -2.82187868e-03  2.40499199e+00]
 [-2.52154715e-04  3.69944814e-04  7.67950738e-01]]","[[ 8.29759311e+02  3.68612686e+01  2.85127637e+02]
 [ 1.01340971e+02 -2.46726836e+02  8.21596973e+02]
 [ 2.23630433e-01  1.30958994e-01  1.00000000e+00]]",4,"[[ 1.38841687e-03 -3.61993191e-05 -3.90034535e-01]
 [-3.63476735e-04 -3.09867371e-03  2.60393541e+00]
 [-3.11336533e-04  2.96480281e-04  8.55350230e-01]]","[[ 7.93080607e+02  1.96214224e+01  3.01906635e+02]
 [ 1.15817614e+02 -2.47056726e+02  8.04924816e+02]
 [ 2.48526651e-01  9.27763978e-02  1.00000000e+00]]",6
508,22.533993741,"[[ 1.30793873e-03 -1.93963490e-06 -3.74134302e-01]
 [-3.02227580e-04 -2.82413346e-03  2.40517503e+00]
 [-2.49864182e-04  3.71428966e-04  7.66868319e-01]]","[[ 8.28038908e+02  3.72124368e+01  2.87266182e+02]
 [ 9.99351345e+01 -2.46193970e+02  8.20908539e+02]
 [ 2.21391934e-01  1.31367569e-01  1.00000000e+00]]",4,"[[ 1.38922695e-03 -3.59903749e-05 -3.93024600e-01]
 [-3.63482901e-04 -3.09864947e-03  2.60309863e+00]
 [-3.10716381e-04  2.98062874e-04  8.54604933e-01]]","[[ 7.92996632e+02  2.00074818e+01  3.03749400e+02]
 [ 1.15380527e+02 -2.46680890e+02  8.04444306e+02]
 [ 2.48075320e-01  9.33098607e-02  1.00000000e+00]]",6
509,22.569321741000003,"[[ 1.30910016e-03 -8.60882551e-07 -3.77076165e-01]
 [-3.03398159e-04 -2.82560814e-03  2.40689045e+00]
 [-2.49660717e-04  3.71618167e-04  7.67013410e-01]]","[[ 8.27657207e+02  3.77015529e+01  2.88582045e+02]
 [ 9.95320730e+01 -2.45982975e+02  8.20826906e+02]
 [ 2.21176792e-01  1.31450556e-01  1.00000000e+00]]",4,"[[ 1.38934090e-03 -3.47184434e-05 -3.95684927e-01]
 [-3.65447572e-04 -3.09931398e-03  2.60466277e+00]
 [-3.11556788e-04  2.97953716e-04  8.55306325e-01]]","[[ 7.93511612e+02  2.04230590e+01  3.04902928e+02]
 [ 1.15528223e+02 -2.46610286e+02  8.04447937e+02]
 [ 2.48801932e-01  9.33483030e-02  1.00000000e+00]]",6
510,22.610647741,"[[ 1.30873282e-03 -1.03576893e-06 -3.77328215e-01]
 [-3.03137280e-04 -2.82550274e-03  2.40778571e+00]
 [-2.50586680e-04  3.71028417e-04  7.67737280e-01]]","[[ 8.28145752e+02  3.76416823e+01  2.88965587e+02]
 [ 1.00220387e+02 -2.46126167e+02  8.21159870e+02]
 [ 2.21869756e-01  1.31232791e-01  1.00000000e+00]]",4,"[[ 1.38877024e-03 -3.49480346e-05 -3.95813039e-01]
 [-3.65256374e-04 -3.09940541e-03  2.60579223e+00]
 [-3.12797685e-04  2.97130865e-04  8.56364498e-01]]","[[ 7.94158260e+02  2.03098067e+01  3.05261438e+02]
 [ 1.16348949e+02 -2.46803981e+02  8.04765178e+02]
 [ 2.49706757e-01  9.30514297e-02  1.00000000e+00]]",6
511,22.648357741,"[[ 1.30937354e-03  8.93711109e-07 -3.79054555e-01]
 [-3.00476451e-04 -2.82267637e-03  2.40599013e+00]
 [-2.49206841e-04  3.73894957e-04  7.64803604e-01]]","[[ 8.27558003e+02  3.85343199e+01  2.88932265e+02]
 [ 1.00058665e+02 -2.45409034e+02  8.21621923e+02]
 [ 2.20738612e-01  1.32531039e-01  1.00000000e+00]]",4,"[[ 1.38954458e-03 -3.31836055e-05 -3.97455975e-01]
 [-3.62466825e-04 -3.09759271e-03  2.60473577e+00]
 [-3.11584401e-04  2.99435899e-04  8.54017919e-01]]","[[ 7.93590341e+02  2.10072979e+01  3.05261467e+02]
 [ 1.16313794e+02 -2.46243774e+02  8.05169966e+02]
 [ 2.48755724e-01  9.40024447e-02  1.00000000e+00]]",6
512,22.698006741,"[[ 1.30884277e-03  1.47846506e-06 -3.79333455e-01]
 [-2.98583660e-04 -2.82352381e-03  2.40689385e+00]
 [-2.49877665e-04  3.74791288e-04  7.64150103e-01]]","[[ 8.28035193e+02  3.87811864e+01  2.88895141e+02]
 [ 1.01016359e+02 -2.45017347e+02  8.21893010e+02]
 [ 2.21222832e-01  1.32854682e-01  1.00000000e+00]]",4,"[[ 1.38904051e-03 -3.27288664e-05 -3.97640707e-01]
 [-3.60390438e-04 -3.09936204e-03  2.60625800e+00]
 [-3.12451378e-04  2.99907711e-04  8.53826965e-01]]","[[ 7.94071739e+02  2.11517510e+01  3.05247243e+02]
 [ 1.17355920e+02 -2.45951574e+02  8.05407624e+02]
 [ 2.49363012e-01  9.41310950e-02  1.00000000e+00]]",6
513,22.733228741,"[[ 1.30924174e-03  3.08256698e-06 -3.81272014e-01]
 [-2.96533724e-04 -2.82489957e-03  2.40677256e+00]
 [-2.50063309e-04  3.75113378e-04  7.64138431e-01]]","[[ 8.27958158e+02  3.93166437e+01  2.89281426e+02]
 [ 1.01486510e+02 -2.44782834e+02  8.21618896e+02]
 [ 2.21128793e-01  1.33029516e-01  1.00000000e+00]]",4,"[[ 1.38898723e-03 -3.09431641e-05 -3.99521550e-01]
 [-3.58465089e-04 -3.10033024e-03  2.60589908e+00]
 [-3.13017881e-04  3.00169593e-04  8.53955526e-01]]","[[ 7.94401015e+02  2.16565278e+01  3.05572820e+02]
 [ 1.18029010e+02 -2.45766709e+02  8.05192254e+02]
 [ 2.49700360e-01  9.43264267e-02  1.00000000e+00]]",6
514,22.781487741000003,"[[ 1.30936901e-03  4.40363863e-06 -3.81997652e-01]
 [-2.96032240e-04 -2.82429913e-03  2.40565696e+00]
 [-2.50073866e-04  3.74144548e-04  7.64913221e-01]]","[[ 8.27865121e+02  3.95728392e+01  2.88978998e+02]
 [ 1.01481938e+02 -2.45087437e+02  8.21481632e+02]
 [ 2.21016597e-01  1.32818022e-01  1.00000000e+00]]",4,"[[ 1.38925986e-03 -2.95501711e-05 -4.00347545e-01]
 [-3.57791179e-04 -3.09977046e-03  2.60470794e+00]
 [-3.12799013e-04  2.99133961e-04  8.54678330e-01]]","[[ 7.94184718e+02  2.18907907e+01  3.05297066e+02]
 [ 1.17896336e+02 -2.46039368e+02  8.05051657e+02]
 [ 2.49396048e-01  9.41244744e-02  1.00000000e+00]]",6
515,22.819059741,"[[ 1.30745231e-03  3.80918754e-06 -3.79689376e-01]
 [-2.97844130e-04 -2.82205885e-03  2.40529075e+00]
 [-2.53345944e-04  3.73095496e-04  7.66311062e-01]]","[[ 8.29583206e+02  3.91965744e+01  2.88009377e+02]
 [ 1.03327065e+02 -2.45548197e+02  8.21920791e+02]
 [ 2.23956936e-01  1.32509140e-01  1.00000000e+00]]",4,"[[ 1.38818668e-03 -3.03730733e-05 -3.98198677e-01]
 [-3.59039937e-04 -3.09857855e-03  2.60485740e+00]
 [-3.15477239e-04  2.98013023e-04  8.56038776e-01]]","[[ 7.95115454e+02  2.14891437e+01  3.04469580e+02]
 [ 1.19291294e+02 -2.46438418e+02  8.05382411e+02]
 [ 2.51496165e-01  9.37121028e-02  1.00000000e+00]]",6
516,22.861529741000002,"[[ 1.30422183e-03  3.33437130e-06 -3.76970820e-01]
 [-3.02213558e-04 -2.81713800e-03  2.40429362e+00]
 [-2.57332933e-04  3.72545106e-04  7.67355930e-01]]","[[ 8.32376225e+02  3.89302622e+01  2.86935643e+02]
 [ 1.05303884e+02 -2.46053554e+02  8.22671015e+02]
 [ 2.28013314e-01  1.32512283e-01  1.00000000e+00]]",5,"[[ 1.39173891e-03 -3.24539612e-05 -3.96383828e-01]
 [-3.54338522e-04 -3.11320738e-03  2.61485340e+00]
 [-3.09068854e-04  2.88271805e-04  8.61665913e-01]]","[[ 7.91003317e+02  1.98656573e+01  3.03592306e+02]
 [ 1.15749745e+02 -2.47844564e+02  8.05368436e+02]
 [ 2.44998784e-01  9.00423872e-02  1.00000000e+00]]",6
517,22.898382741000002,"[[ 1.30522261e-03  1.99576461e-06 -3.75375925e-01]
 [-3.00324847e-04 -2.82127934e-03  2.40572200e+00]
 [-2.54057040e-04  3.72598354e-04  7.66386376e-01]]","[[ 8.30723994e+02  3.84035112e+01  2.86338096e+02]
 [ 1.03489034e+02 -2.45786944e+02  8.22225407e+02]
 [ 2.25071114e-01  1.32226376e-01  1.00000000e+00]]",4,"[[ 1.38736912e-03 -3.24642708e-05 -3.94238083e-01]
 [-3.60609807e-04 -3.09901411e-03  2.60568527e+00]
 [-3.14685161e-04  2.97935269e-04  8.55351170e-01]]","[[ 7.94925791e+02  2.08038185e+01  3.03012173e+02]
 [ 1.18650129e+02 -2.46481494e+02  8.05551708e+02]
 [ 2.51126438e-01  9.35080067e-02  1.00000000e+00]]",6
518,22.937368741,"[[ 1.30506000e-03  1.85010252e-06 -3.74717347e-01]
 [-3.01192441e-04 -2.81999527e-03  2.40319614e+00]
 [-2.53415259e-04  3.72524017e-04  7.66380390e-01]]","[[ 8.30620038e+02  3.83207522e+01  2.85961718e+02]
 [ 1.02774139e+02 -2.46001541e+02  8.21656212e+02]
 [ 2.24700370e-01  1.32248355e-01  1.00000000e+00]]",4,"[[ 1.38727947e-03 -3.24192173e-05 -3.93755503e-01]
 [-3.61465996e-04 -3.09667461e-03  2.60230385e+00]
 [-3.13643882e-04  2.98493036e-04  8.54627842e-01]]","[[ 7.94692418e+02  2.08527760e+01  3.02645480e+02]
 [ 1.17761480e+02 -2.46562125e+02  8.05027363e+02]
 [ 2.50517738e-01  9.37687951e-02  1.00000000e+00]]",6
519,22.976935741000002,"[[ 1.30448384e-03 -1.37906924e-08 -3.72826402e-01]
 [-3.04027787e-04 -2.82047948e-03  2.40412259e+00]
 [-2.54388193e-04  3.69799812e-04  7.68890053e-01]]","[[ 8.31055971e+02  3.74694918e+01  2.85812458e+02]
 [ 1.02687772e+02 -2.46831845e+02  8.21572246e+02]
 [ 2.25567891e-01  1.31111290e-01  1.00000000e+00]]",4,"[[ 1.38699328e-03 -3.42547229e-05 -3.92006531e-01]
 [-3.64307826e-04 -3.09686223e-03  2.60299384e+00]
 [-3.14130938e-04  2.96066162e-04  8.56712413e-01]]","[[ 7.94784731e+02  2.01293688e+01  3.02510128e+02]
 [ 1.17362253e+02 -2.47251824e+02  8.04939597e+02]
 [ 2.50865375e-01  9.28271319e-02  1.00000000e+00]]",6
520,23.018563741,"[[ 1.30362316e-03 -1.00911606e-06 -3.71299183e-01]
 [-3.07502291e-04 -2.81881065e-03  2.40355974e+00]
 [-2.53295404e-04  3.70781285e-04  7.67691238e-01]]","[[ 8.31344271e+02  3.72508706e+01  2.85456893e+02]
 [ 1.01427521e+02 -2.46731248e+02  8.21545459e+02]
 [ 2.25309666e-01  1.31457542e-01  1.00000000e+00]]",4,"[[ 1.38638078e-03 -3.52815197e-05 -3.90560538e-01]
 [-3.67897538e-04 -3.09489526e-03  2.60224122e+00]
 [-3.12603216e-04  2.97465292e-04  8.55039203e-01]]","[[ 7.94745567e+02  1.99854674e+01  3.02195792e+02]
 [ 1.15924459e+02 -2.47071954e+02  8.04894487e+02]
 [ 2.50230067e-01  9.32622177e-02  1.00000000e+00]]",6
521,23.061720741000002,"[[ 1.30321899e-03 -4.40396631e-07 -3.70306715e-01]
 [-3.08956992e-04 -2.81716711e-03  2.40173586e+00]
 [-2.52922950e-04  3.71294110e-04  7.66977838e-01]]","[[ 8.31386914e+02  3.73564255e+01  2.84425285e+02]
 [ 1.00909373e+02 -2.46731759e+02  8.21343070e+02]
 [ 2.25312606e-01  1.31761755e-01  1.00000000e+00]]",4,"[[ 1.38662662e-03 -3.46864329e-05 -3.89838801e-01]
 [-3.68979867e-04 -3.09320832e-03  2.60013657e+00]
 [-3.11427595e-04  2.98458495e-04  8.53666981e-01]]","[[ 7.94203471e+02  2.01630823e+01  3.01270363e+02]
 [ 1.15010957e+02 -2.46938556e+02  8.04657693e+02]
 [ 2.49524563e-01  9.36902234e-02  1.00000000e+00]]",6
522,23.101228741,"[[ 1.30237682e-03 -1.07888324e-06 -3.68259776e-01]
 [-3.09463496e-04 -2.81516083e-03  2.39959184e+00]
 [-2.52962765e-04  3.70059913e-04  7.67797722e-01]]","[[ 8.31657476e+02  3.69401798e+01  2.83440073e+02]
 [ 1.00744153e+02 -2.47306165e+02  8.21223946e+02]
 [ 2.25446100e-01  1.31366094e-01  1.00000000e+00]]",4,"[[ 1.38655301e-03 -3.53033924e-05 -3.88112219e-01]
 [-3.69029635e-04 -3.09118355e-03  2.59769503e+00]
 [-3.10525216e-04  2.97716062e-04  8.53769272e-01]]","[[ 7.93775186e+02  1.98660035e+01  3.00395012e+02]
 [ 1.14345237e+02 -2.47324628e+02  8.04494567e+02]
 [ 2.48831627e-01  9.34695261e-02  1.00000000e+00]]",6
523,23.139525741,"[[ 1.30214819e-03 -2.22802665e-06 -3.66810915e-01]
 [-3.10471519e-04 -2.81771579e-03  2.40132104e+00]
 [-2.53878842e-04  3.68474755e-04  7.69345078e-01]]","[[ 8.31828042e+02  3.63636550e+01  2.83101565e+02]
 [ 1.01037487e+02 -2.47610741e+02  8.21028891e+02]
 [ 2.26106310e-01  1.30591945e-01  1.00000000e+00]]",4,"[[ 1.38666048e-03 -3.65582343e-05 -3.86724559e-01]
 [-3.69855080e-04 -3.09412498e-03  2.59958474e+00]
 [-3.11097129e-04  2.96063436e-04  8.55235570e-01]]","[[ 7.93640849e+02  1.93375169e+01  3.00093802e+02]
 [ 1.14406971e+02 -2.47585270e+02  8.04296380e+02]
 [ 2.49086540e-01  9.27426249e-02  1.00000000e+00]]",6
524,23.174152741,"[[ 1.30296810e-03 -7.79209184e-06 -3.62701749e-01]
 [-3.21736765e-04 -2.82265927e-03  2.41131066e+00]
 [-2.61452559e-04  3.56881690e-04  7.80715157e-01]]","[[ 8.32598031e+02  3.35181375e+01  2.83281448e+02]
 [ 1.03049818e+02 -2.50633677e+02  8.21979694e+02]
 [ 2.31721251e-01  1.25794885e-01  1.00000000e+00]]",5,"[[ 1.39415146e-03 -4.39429788e-05 -3.83328569e-01]
 [-3.71711282e-04 -3.11946682e-03  2.62109882e+00]
 [-3.08622392e-04  2.74327255e-04  8.71998766e-01]]","[[ 7.87844121e+02  1.53113389e+01  3.00310778e+02]
 [ 1.11056102e+02 -2.51387919e+02  8.04454756e+02]
 [ 2.43900141e-01  8.45046835e-02  1.00000000e+00]]",6
525,23.207929741,"[[ 1.30012900e-03 -2.83212806e-06 -3.62138137e-01]
 [-3.18534408e-04 -2.81471883e-03  2.40244702e+00]
 [-2.55054853e-04  3.69821229e-04  7.67578394e-01]]","[[ 8.32967299e+02  3.59940172e+01  2.80330332e+02]
 [ 1.00605308e+02 -2.47400807e+02  8.21805765e+02]
 [ 2.28310717e-01  1.31158615e-01  1.00000000e+00]]",4,"[[ 1.38713194e-03 -3.76598757e-05 -3.82639499e-01]
 [-3.76812459e-04 -3.09333603e-03  2.60174655e+00]
 [-3.09998755e-04  2.97945762e-04  8.52494718e-01]]","[[ 7.92610375e+02  1.90243689e+01  2.97699734e+02]
 [ 1.12729676e+02 -2.47129167e+02  8.04817050e+02]
 [ 2.48823712e-01  9.32892802e-02  1.00000000e+00]]",6
526,23.252547741,"[[ 1.29922110e-03 -4.35648923e-06 -3.58427169e-01]
 [-3.22606306e-04 -2.81245554e-03  2.40360826e+00]
 [-2.55542042e-04  3.68614728e-04  7.67955801e-01]]","[[ 8.33244270e+02  3.52288928e+01  2.78637034e+02]
 [ 1.00255752e+02 -2.47893372e+02  8.22668364e+02]
 [ 2.29144952e-01  1.30710141e-01  1.00000000e+00]]",4,"[[ 1.38804003e-03 -3.97192137e-05 -3.79242817e-01]
 [-3.80091294e-04 -3.09322134e-03  2.60410503e+00]
 [-3.09060147e-04  2.96559230e-04  8.52696043e-01]]","[[ 7.91403125e+02  1.82424275e+01  2.96270583e+02]
 [ 1.11572531e+02 -2.47496736e+02  8.05469408e+02]
 [ 2.48040676e-01  9.26888889e-02  1.00000000e+00]]",6
527,23.288531741,"[[ 1.29783037e-03 -6.50323005e-06 -3.54921525e-01]
 [-3.28563032e-04 -2.80904849e-03  2.40644866e+00]
 [-2.55925592e-04  3.70574573e-04  7.65615387e-01]]","[[ 8.34041099e+02  3.46909754e+01  2.77602946e+02]
 [ 9.98734495e+01 -2.47492769e+02  8.24207416e+02]
 [ 2.30457621e-01  1.31388210e-01  1.00000000e+00]]",4,"[[ 1.38812644e-03 -4.25368274e-05 -3.75810318e-01]
 [-3.85608038e-04 -3.09223045e-03  2.60861053e+00]
 [-3.08538114e-04  2.98278477e-04  8.50520259e-01]]","[[ 7.90960265e+02  1.76191818e+01  2.95453804e+02]
 [ 1.10677517e+02 -2.47093282e+02  8.06757842e+02]
 [ 2.48117155e-01  9.30475153e-02  1.00000000e+00]]",6
528,23.328126741000002,"[[ 1.29833717e-03 -8.22089796e-06 -3.53220651e-01]
 [-3.29535858e-04 -2.81342290e-03  2.41261018e+00]
 [-2.55678545e-04  3.68956824e-04  7.66483947e-01]]","[[ 8.33431444e+02  3.39276819e+01  2.77280337e+02]
 [ 9.96500195e+01 -2.47530695e+02  8.25057747e+02]
 [ 2.30042631e-01  1.30469424e-01  1.00000000e+00]]",4,"[[ 1.38943748e-03 -4.47438996e-05 -3.74069252e-01]
 [-3.86159603e-04 -3.09875444e-03  2.61619267e+00]
 [-3.07893383e-04  2.95998651e-04  8.51884826e-01]]","[[ 7.89804836e+02  1.67963543e+01  2.95226770e+02]
 [ 1.10239771e+02 -2.47169961e+02  8.07481865e+02]
 [ 2.47151790e-01  9.19531128e-02  1.00000000e+00]]",6
529,23.375840741,"[[ 1.30146112e-03 -9.44687140e-06 -3.54490924e-01]
 [-3.26888080e-04 -2.81709556e-03  2.41522879e+00]
 [-2.51644304e-04  3.69751080e-04  7.64988025e-01]]","[[ 8.30668292e+02  3.37509403e+01  2.78367923e+02]
 [ 9.74846930e+01 -2.47013008e+02  8.25046074e+02]
 [ 2.26131479e-01  1.30494276e-01  1.00000000e+00]]",4,"[[ 1.39182967e-03 -4.60440410e-05 -3.75046849e-01]
 [-3.84023238e-04 -3.10205041e-03  2.61877785e+00]
 [-3.04704908e-04  2.96548987e-04  8.50770892e-01]]","[[ 7.87904589e+02  1.66190034e+01  2.96178040e+02]
 [ 1.08700366e+02 -2.46781609e+02  8.07542840e+02]
 [ 2.44300098e-01  9.19715624e-02  1.00000000e+00]]",6
530,23.415334741000002,"[[ 1.30320892e-03 -7.71662347e-06 -3.58897358e-01]
 [-3.20514675e-04 -2.82095607e-03  2.41574593e+00]
 [-2.51713479e-04  3.70525352e-04  7.65046853e-01]]","[[ 8.29967626e+02  3.45433519e+01  2.80277248e+02]
 [ 9.86381935e+01 -2.46461990e+02  8.24512295e+02]
 [ 2.25301348e-01  1.30731134e-01  1.00000000e+00]]",4,"[[ 1.39187050e-03 -4.39552119e-05 -3.79047769e-01]
 [-3.78230914e-04 -3.10488368e-03  2.61886604e+00]
 [-3.06381671e-04  2.96832661e-04  8.51647401e-01]]","[[ 7.88717522e+02  1.73064978e+01  2.97820691e+02]
 [ 1.10702787e+02 -2.46471895e+02  8.07186778e+02]
 [ 2.45158253e-01  9.21312061e-02  1.00000000e+00]]",6
531,23.459886741000002,"[[ 1.31284125e-03 -1.05083281e-05 -3.63703994e-01]
 [-3.14426979e-04 -2.83798389e-03  2.42569405e+00]
 [-2.50377043e-04  3.58338899e-04  7.75992650e-01]]","[[ 8.23644690e+02  3.27623389e+01  2.83625692e+02]
 [ 9.74343693e+01 -2.48769263e+02  8.23300829e+02]
 [ 2.20758789e-01  1.25447891e-01  1.00000000e+00]]",4,"[[ 1.39882232e-03 -4.61737687e-05 -3.83350356e-01]
 [-3.73569415e-04 -3.11870647e-03  2.62702865e+00]
 [-3.07888582e-04  2.84318444e-04  8.63317737e-01]]","[[ 7.85281187e+02  1.57841661e+01  3.00668404e+02]
 [ 1.11038604e+02 -2.48780206e+02  8.06330495e+02]
 [ 2.43489482e-01  8.75605380e-02  1.00000000e+00]]",6
532,23.498291741000003,"[[ 1.31242550e-03 -5.54030648e-06 -3.67528136e-01]
 [-3.08689078e-04 -2.83467899e-03  2.41889826e+00]
 [-2.47160312e-04  3.63264145e-04  7.71305596e-01]]","[[ 8.23506242e+02  3.47221912e+01  2.83509243e+02]
 [ 9.66578620e+01 -2.47565555e+02  8.22450111e+02]
 [ 2.18364452e-01  1.27723224e-01  1.00000000e+00]]",4,"[[ 1.39778971e-03 -4.08342620e-05 -3.87168795e-01]
 [-3.67843835e-04 -3.11464268e-03  2.61963325e+00]
 [-3.04864648e-04  2.89223846e-04  8.58625501e-01]]","[[ 7.85593476e+02  1.76066641e+01  3.00520164e+02]
 [ 1.10513546e+02 -2.47707472e+02  8.05578365e+02]
 [ 2.41707852e-01  8.96905078e-02  1.00000000e+00]]",6
533,23.539682741,"[[ 1.30462785e-03  4.95819171e-07 -3.68342408e-01]
 [-3.05829074e-04 -2.81992136e-03  2.40475152e+00]
 [-2.50960749e-04  3.73434656e-04  7.63743780e-01]]","[[ 8.29541701e+02  3.74933776e+01  2.82022764e+02]
 [ 1.00555496e+02 -2.45722199e+02  8.22186316e+02]
 [ 2.23414585e-01  1.32466612e-01  1.00000000e+00]]",4,"[[ 1.39042592e-03 -3.44978007e-05 -3.88255434e-01]
 [-3.64195067e-04 -3.09995583e-03  2.60523417e+00]
 [-3.07741383e-04  2.99946204e-04  8.50546708e-01]]","[[ 7.90707239e+02  2.01520525e+01  2.99214099e+02]
 [ 1.13808376e+02 -2.45936500e+02  8.05257239e+02]
 [ 2.45955862e-01  9.40211037e-02  1.00000000e+00]]",6
534,23.579267741000002,"[[ 1.30120341e-03 -5.03959609e-07 -3.67547299e-01]
 [-3.07733011e-04 -2.81690143e-03  2.40196982e+00]
 [-2.58890607e-04  3.70453065e-04  7.68769841e-01]]","[[ 8.33543014e+02  3.70402322e+01  2.82785500e+02]
 [ 1.05107025e+02 -2.46942365e+02  8.21806316e+02]
 [ 2.30054859e-01  1.31469679e-01  1.00000000e+00]]",5,"[[ 1.39229088e-03 -3.66260531e-05 -3.88064276e-01]
 [-3.57106813e-04 -3.11537342e-03  2.61277877e+00]
 [-3.06187559e-04  2.87194645e-04  8.60829930e-01]]","[[ 7.88901358e+02  1.83702126e+01  2.99881689e+02]
 [ 1.13224330e+02 -2.48174695e+02  8.04298117e+02]
 [ 2.42828871e-01  8.93314363e-02  1.00000000e+00]]",6
535,23.612094741,"[[ 1.30261808e-03  5.80634185e-07 -3.71043344e-01]
 [-3.02481288e-04 -2.82031813e-03  2.39920772e+00]
 [-2.58220475e-04  3.70552672e-04  7.69539692e-01]]","[[ 8.32796565e+02  3.75482107e+01  2.84478719e+02]
 [ 1.05278449e+02 -2.46787881e+02  8.20176349e+02]
 [ 2.28752222e-01  1.31433929e-01  1.00000000e+00]]",5,"[[ 1.39144191e-03 -3.47255722e-05 -3.91312625e-01]
 [-3.52718472e-04 -3.11503206e-03  2.60753875e+00]
 [-3.07283948e-04  2.88249060e-04  8.61119421e-01]]","[[ 7.90044615e+02  1.90705317e+01  3.01267484e+02]
 [ 1.14461446e+02 -2.47997286e+02  8.02969629e+02]
 [ 2.43606890e-01  8.98191947e-02  1.00000000e+00]]",6
536,23.652358741,"[[ 1.30660977e-03  2.51202617e-06 -3.74691873e-01]
 [-2.96090685e-04 -2.82877702e-03  2.39836122e+00]
 [-2.51890891e-04  3.67718969e-04  7.71046424e-01]]","[[ 8.28887602e+02  3.78090498e+01  2.85193838e+02]
 [ 1.01701941e+02 -2.47086713e+02  8.17992355e+02]
 [ 2.22284286e-01  1.30189601e-01  1.00000000e+00]]",4,"[[ 1.38835817e-03 -3.05738151e-05 -3.94433672e-01]
 [-3.56152154e-04 -3.10095770e-03  2.59365407e+00]
 [-3.10915248e-04  2.95946619e-04  8.56546456e-01]]","[[ 7.93233373e+02  2.09779228e+01  3.01756519e+02]
 [ 1.16156340e+02 -2.47109819e+02  8.01746776e+02]
 [ 2.47800074e-01  9.29939886e-02  1.00000000e+00]]",6
537,23.700313741000002,"[[ 1.30092118e-03  3.22672800e-06 -3.72636949e-01]
 [-2.99940653e-04 -2.82013852e-03  2.39154259e+00]
 [-2.61224493e-04  3.64990123e-04  7.75816102e-01]]","[[ 8.34502937e+02  3.77642653e+01  2.84412477e+02]
 [ 1.06884136e+02 -2.48631656e+02  8.17773917e+02]
 [ 2.30700230e-01  1.29686726e-01  1.00000000e+00]]",5,"[[ 1.38813210e-03 -3.09407003e-05 -3.93139011e-01]
 [-3.50199682e-04 -3.11010723e-03  2.59614161e+00]
 [-3.11085638e-04  2.84431831e-04  8.65871572e-01]]","[[ 7.92818673e+02  1.96462803e+01  3.01064767e+02]
 [ 1.16540127e+02 -2.49451361e+02  8.00843395e+02]
 [ 2.46557096e-01  8.90011701e-02  1.00000000e+00]]",6
538,23.741368741000002,"[[ 1.30034859e-03  2.59856935e-06 -3.71388777e-01]
 [-2.98460489e-04 -2.81603284e-03  2.38751675e+00]
 [-2.60227487e-04  3.66645086e-04  7.74079907e-01]]","[[ 8.34516532e+02  3.77431112e+01  2.83972963e+02]
 [ 1.06599295e+02 -2.48543029e+02  8.17732665e+02]
 [ 2.30053811e-01  1.30411440e-01  1.00000000e+00]]",5,"[[ 1.38787185e-03 -3.16163794e-05 -3.91981468e-01]
 [-3.48503407e-04 -3.10620008e-03  2.59215643e+00]
 [-3.09814252e-04  2.86050206e-04  8.64091469e-01]]","[[ 7.92574549e+02  1.96220324e+01  3.00675527e+02]
 [ 1.16137241e+02 -2.49375354e+02  8.00775842e+02]
 [ 2.45726080e-01  8.95889607e-02  1.00000000e+00]]",6
539,23.779910741000002,"[[ 1.30378866e-03  3.16008172e-06 -3.73370982e-01]
 [-2.93030319e-04 -2.82216912e-03  2.38950910e+00]
 [-2.54157502e-04  3.66280075e-04  7.72970010e-01]]","[[ 8.30939276e+02  3.78408976e+01  2.84393238e+02]
 [ 1.03520213e+02 -2.48164505e+02  8.17163381e+02]
 [ 2.24164013e-01  1.30037725e-01  1.00000000e+00]]",4,"[[ 1.38558569e-03 -2.95017401e-05 -3.93432258e-01]
 [-3.52680359e-04 -3.09271918e-03  2.58333390e+00]
 [-3.12616530e-04  2.95424411e-04  8.57471558e-01]]","[[ 7.95016551e+02  2.11686168e+01  3.01000715e+02]
 [ 1.17603065e+02 -2.47951142e+02  8.00970509e+02]
 [ 2.49328969e-01  9.31441737e-02  1.00000000e+00]]",6
540,23.808332741,"[[ 1.32151811e-03 -2.38977846e-05 -3.65065078e-01]
 [-3.03313318e-04 -2.86749977e-03  2.42917959e+00]
 [-2.73538023e-04  3.17051348e-04  8.20774067e-01]]","[[ 8.22752118e+02  2.53192661e+01  2.91009464e+02]
 [ 1.09442707e+02 -2.59385322e+02  8.16360152e+02]
 [ 2.31921351e-01  1.08634339e-01  1.00000000e+00]]",3,"[[ 1.40132952e-03 -5.42865418e-05 -3.85850697e-01]
 [-3.62238233e-04 -3.13321514e-03  2.61872195e+00]
 [-3.31510836e-04  2.49627500e-04  9.01763260e-01]]","[[ 7.88857548e+02  1.07396316e+01  3.06352164e+02]
 [ 1.22775707e+02 -2.57521182e+02  8.00375769e+02]
 [ 2.56016898e-01  7.52355701e-02  1.00000000e+00]]",6
541,23.856069741000002,"[[ 1.30294835e-03  5.82200348e-06 -3.74597789e-01]
 [-2.88591181e-04 -2.82264783e-03  2.38407486e+00]
 [-2.56556200e-04  3.66492022e-04  7.73913401e-01]]","[[ 8.31925841e+02  3.85717035e+01  2.83855729e+02]
 [ 1.05629956e+02 -2.48161839e+02  8.15601783e+02]
 [ 2.25765824e-01  1.30305463e-01  1.00000000e+00]]",4,"[[ 1.38444063e-03 -2.62536937e-05 -3.94946693e-01]
 [-3.47883118e-04 -3.09140543e-03  2.57628238e+00]
 [-3.14780652e-04  2.96560474e-04  8.57453968e-01]]","[[ 7.96167165e+02  2.20597420e+01  3.00437661e+02]
 [ 1.19531366e+02 -2.47790257e+02  7.99560346e+02]
 [ 2.50940282e-01  9.37995263e-02  1.00000000e+00]]",6
542,23.889347741,"[[ 1.30307827e-03  5.11339466e-06 -3.73550677e-01]
 [-2.88362567e-04 -2.82339926e-03  2.38352562e+00]
 [-2.56462131e-04  3.64864497e-04  7.75242237e-01]]","[[ 8.31643610e+02  3.81384972e+01  2.83468750e+02]
 [ 1.05430024e+02 -2.48637924e+02  8.15252691e+02]
 [ 2.25500381e-01  1.29637198e-01  1.00000000e+00]]",4,"[[ 1.38483361e-03 -2.69039100e-05 -3.94054939e-01]
 [-3.47505500e-04 -3.09193709e-03  2.57544024e+00]
 [-3.14280106e-04  2.95170403e-04  8.58400007e-01]]","[[ 7.95660490e+02  2.17234670e+01  3.00077415e+02]
 [ 1.19107653e+02 -2.48160323e+02  7.99227674e+02]
 [ 2.50353224e-01  9.32861548e-02  1.00000000e+00]]",6
543,23.926623741,"[[ 1.30360687e-03  4.46725162e-06 -3.73487711e-01]
 [-2.89036960e-04 -2.82357416e-03  2.38369454e+00]
 [-2.55855431e-04  3.65232187e-04  7.74862526e-01]]","[[ 8.31213745e+02  3.80132461e+01  2.83709877e+02]
 [ 1.04881953e+02 -2.48552097e+02  8.15169629e+02]
 [ 2.25026091e-01  1.29707036e-01  1.00000000e+00]]",4,"[[ 1.38517553e-03 -2.75175695e-05 -3.93952966e-01]
 [-3.48381046e-04 -3.09163151e-03  2.57535016e+00]
 [-3.13827988e-04  2.95730037e-04  8.57898693e-01]]","[[ 7.95406353e+02  2.16438946e+01  3.00282640e+02]
 [ 1.18671178e+02 -2.48065507e+02  7.99169425e+02]
 [ 2.50059996e-01  9.34293083e-02  1.00000000e+00]]",6
544,23.971491741,"[[ 1.30306406e-03  5.02203216e-06 -3.73756755e-01]
 [-2.89331201e-04 -2.82328929e-03  2.38355547e+00]
 [-2.57029994e-04  3.66008248e-04  7.74555280e-01]]","[[ 8.31873940e+02  3.82566691e+01  2.83687449e+02]
 [ 1.05654660e+02 -2.48330378e+02  8.15175353e+02]
 [ 2.26124696e-01  1.30041174e-01  1.00000000e+00]]",4,"[[ 1.38459345e-03 -2.69264225e-05 -3.94221207e-01]
 [-3.48644265e-04 -3.09135764e-03  2.57521649e+00]
 [-3.15051598e-04  2.96562786e-04  8.57592654e-01]]","[[ 7.96062613e+02  2.18710595e+01  3.00261494e+02]
 [ 1.19433977e+02 -2.47855735e+02  7.99173803e+02]
 [ 2.51146187e-01  9.37453221e-02  1.00000000e+00]]",6
545,24.009529741,"[[ 1.30030870e-03  6.00937250e-06 -3.72961992e-01]
 [-2.91627960e-04 -2.81733917e-03  2.38144161e+00]
 [-2.61904409e-04  3.65967067e-04  7.75511132e-01]]","[[ 8.34705745e+02  3.85486947e+01  2.83054676e+02]
 [ 1.08570847e+02 -2.48718872e+02  8.15980899e+02]
 [ 2.30660468e-01  1.30390120e-01  1.00000000e+00]]",5,"[[ 1.38786068e-03 -2.76752617e-05 -3.93930631e-01]
 [-3.40705220e-04 -3.10650820e-03  2.58472144e+00]
 [-3.11019928e-04  2.85833518e-04  8.64810641e-01]]","[[ 7.92750844e+02  2.05202991e+01  2.99776125e+02]
 [ 1.17860322e+02 -2.49423487e+02  7.99156478e+02]
 [ 2.46149700e-01  8.98182921e-02  1.00000000e+00]]",6
546,24.052485741,"[[ 1.32078389e-03 -2.09827573e-05 -3.63296409e-01]
 [-3.01302753e-04 -2.86641237e-03  2.42700134e+00]
 [-2.70859287e-04  3.18052505e-04  8.18349317e-01]]","[[ 8.22111957e+02  2.59414694e+01  2.88031451e+02]
 [ 1.08327970e+02 -2.59071706e+02  8.16427075e+02]
 [ 2.30002852e-01  1.09274721e-01  1.00000000e+00]]",4,"[[ 1.41865211e-03 -5.79528534e-05 -3.86240538e-01]
 [-3.36948517e-04 -3.17647582e-03  2.63594901e+00]
 [-3.09211820e-04  2.39684762e-04  9.03111017e-01]]","[[ 7.73448940e+02  8.89074729e+00  3.04837138e+02]
 [ 1.12855190e+02 -2.56697075e+02  7.97498463e+02]
 [ 2.34865793e-01  7.11712072e-02  1.00000000e+00]]",6
547,24.095629741,"[[ 1.29929305e-03  8.64122819e-06 -3.70151105e-01]
 [-2.92940201e-04 -2.81413176e-03  2.38450361e+00]
 [-2.59984261e-04  3.68215429e-04  7.71361587e-01]]","[[ 8.34386675e+02  3.91260836e+01  2.79444642e+02]
 [ 1.07823402e+02 -2.47955217e+02  8.18242795e+02]
 [ 2.29756273e-01  1.31550630e-01  1.00000000e+00]]",4,"[[ 1.38501978e-03 -2.47030046e-05 -3.91164232e-01]
 [-3.49706887e-04 -3.08974851e-03  2.58061562e+00]
 [-3.15229788e-04  2.96888262e-04  8.55539951e-01]]","[[ 7.95139107e+02  2.21542971e+01  2.96722851e+02]
 [ 1.19939018e+02 -2.47582261e+02  8.01634691e+02]
 [ 2.51353599e-01  9.40785543e-02  1.00000000e+00]]",6
548,24.129830741000003,"[[ 1.29643943e-03  8.61398745e-06 -3.66326100e-01]
 [-2.95789988e-04 -2.80896071e-03  2.38405625e+00]
 [-2.61849821e-04  3.71200427e-04  7.68345442e-01]]","[[ 8.36254920e+02  3.91852223e+01  2.77117840e+02]
 [ 1.09091772e+02 -2.47366390e+02  8.19551360e+02]
 [ 2.32289123e-01  1.32861012e-01  1.00000000e+00]]",4,"[[ 1.38448374e-03 -2.53988701e-05 -3.87712937e-01]
 [-3.51196212e-04 -3.08791540e-03  2.58201852e+00]
 [-3.15339249e-04  2.99637728e-04  8.52448879e-01]]","[[ 7.95025608e+02  2.20635456e+01  2.94766333e+02]
 [ 1.20173742e+02 -2.46946456e+02  8.02644302e+02]
 [ 2.51855796e-01  9.49640251e-02  1.00000000e+00]]",6
549,24.171391741,"[[ 1.29884360e-03  6.51298541e-06 -3.63954982e-01]
 [-2.97190757e-04 -2.81345173e-03  2.39055605e+00]
 [-2.60478572e-04  3.68114926e-04  7.69871442e-01]]","[[ 8.33994205e+02  3.80558805e+01  2.76100163e+02]
 [ 1.07847150e+02 -2.47827554e+02  8.20522921e+02]
 [ 2.30606649e-01  1.31374873e-01  1.00000000e+00]]",4,"[[ 1.38842835e-03 -2.81567933e-05 -3.85485923e-01]
 [-3.51882458e-04 -3.09510508e-03  2.59015127e+00]
 [-3.13077298e-04  2.95835539e-04  8.54339385e-01]]","[[ 7.91813167e+02  2.08915659e+01  2.93935312e+02]
 [ 1.18472751e+02 -2.47374711e+02  8.03436562e+02]
 [ 2.49140190e-01  9.33152646e-02  1.00000000e+00]]",6
550,24.215987741000003,"[[ 1.29739541e-03  6.16072739e-06 -3.62104367e-01]
 [-3.01073241e-04 -2.80737087e-03  2.39229759e+00]
 [-2.60900615e-04  3.70029392e-04  7.67399034e-01]]","[[ 8.34958077e+02  3.81047176e+01  2.75194693e+02]
 [ 1.07984549e+02 -2.47539544e+02  8.22635817e+02]
 [ 2.31800682e-01  1.32315063e-01  1.00000000e+00]]",4,"[[ 1.38847441e-03 -2.93195484e-05 -3.83594147e-01]
 [-3.55141024e-04 -3.09239975e-03  2.59426475e+00]
 [-3.12854524e-04  2.96745148e-04  8.52802232e-01]]","[[ 7.91574722e+02  2.06373683e+01  2.93273896e+02]
 [ 1.18203295e+02 -2.47224129e+02  8.05235856e+02]
 [ 2.49262338e-01  9.35962075e-02  1.00000000e+00]]",6
551,24.261345741000003,"[[ 1.29819650e-03  5.73807196e-06 -3.60989247e-01]
 [-3.02226083e-04 -2.80755053e-03  2.39798167e+00]
 [-2.58739177e-04  3.72533890e-04  7.63821441e-01]]","[[ 8.33868147e+02  3.81177330e+01  2.74425144e+02]
 [ 1.06945679e+02 -2.46550591e+02  8.24577584e+02]
 [ 2.30307057e-01  1.33160705e-01  1.00000000e+00]]",4,"[[ 1.39061791e-03 -3.06999968e-05 -3.82293577e-01]
 [-3.55649448e-04 -3.09663400e-03  2.60276380e+00]
 [-3.10417987e-04  2.97848822e-04  8.50533749e-01]]","[[ 7.89645802e+02  2.03268926e+01  2.92722562e+02]
 [ 1.17080128e+02 -2.46481102e+02  8.06894578e+02]
 [ 2.47195461e-01  9.37340101e-02  1.00000000e+00]]",6
552,24.301323741,"[[ 1.29721861e-03  7.11938104e-06 -3.61065335e-01]
 [-3.01073918e-04 -2.80781730e-03  2.40207675e+00]
 [-2.60496514e-04  3.73199472e-04  7.63011155e-01]]","[[ 8.34800794e+02  3.85092021e+01  2.73804083e+02]
 [ 1.08787660e+02 -2.46067165e+02  8.26136899e+02]
 [ 2.31796349e-01  1.33502175e-01  1.00000000e+00]]",4,"[[ 1.39059256e-03 -2.99713180e-05 -3.82222569e-01]
 [-3.53668293e-04 -3.10049414e-03  2.60926500e+00]
 [-3.12069632e-04  2.97154075e-04  8.51045479e-01]]","[[ 7.89892944e+02  2.03770274e+01  2.92282671e+02]
 [ 1.18757483e+02 -2.46216318e+02  8.08224037e+02]
 [ 2.48179839e-01  9.34418145e-02  1.00000000e+00]]",6
553,24.336763741000002,"[[ 1.29767332e-03  8.61659557e-06 -3.63473225e-01]
 [-2.94486945e-04 -2.81051385e-03  2.40259658e+00]
 [-2.61048693e-04  3.74142328e-04  7.62612914e-01]]","[[ 8.34729313e+02  3.91160028e+01  2.74610850e+02]
 [ 1.10469216e+02 -2.45497542e+02  8.26086401e+02]
 [ 2.31537892e-01  1.33832252e-01  1.00000000e+00]]",4,"[[ 1.39026192e-03 -2.83729834e-05 -3.84392906e-01]
 [-3.46971486e-04 -3.10340705e-03  2.60993391e+00]
 [-3.13496418e-04  2.97631023e-04  8.51294239e-01]]","[[ 7.90564047e+02  2.08707883e+01  2.92984284e+02]
 [ 1.20902534e+02 -2.45818569e+02  8.08233234e+02]
 [ 2.48861842e-01  9.36293775e-02  1.00000000e+00]]",6
554,24.373842741,"[[ 1.30176261e-03  1.01254701e-05 -3.69582593e-01]
 [-2.84803821e-04 -2.81753183e-03  2.40396979e+00]
 [-2.59304958e-04  3.74329897e-04  7.63069441e-01]]","[[ 8.32184231e+02  3.98573751e+01  2.77490971e+02]
 [ 1.10791315e+02 -2.44892652e+02  8.25168777e+02]
 [ 2.28441850e-01  1.33678340e-01  1.00000000e+00]]",4,"[[ 1.39171941e-03 -2.63863137e-05 -3.89868459e-01]
 [-3.38363065e-04 -3.10845185e-03  2.61038075e+00]
 [-3.14286860e-04  2.97169764e-04  8.52857996e-01]]","[[ 7.90490818e+02  2.15346916e+01  2.95446245e+02]
 [ 1.22682850e+02 -2.45537106e+02  8.07608666e+02]
 [ 2.48556318e-01  9.34906804e-02  1.00000000e+00]]",6
555,24.427511741,"[[ 1.30535193e-03  1.41539734e-05 -3.76425234e-01]
 [-2.79005545e-04 -2.82192749e-03  2.40487236e+00]
 [-2.56934818e-04  3.76622780e-04  7.61238951e-01]]","[[ 8.29938440e+02  4.14562476e+01  2.79429720e+02]
 [ 1.10201925e+02 -2.43763858e+02  8.24581756e+02]
 [ 2.25600026e-01  1.34594499e-01  1.00000000e+00]]",4,"[[ 1.39350354e-03 -2.19981448e-05 -3.96265918e-01]
 [-3.33439477e-04 -3.11190191e-03  2.61103526e+00]
 [-3.13691255e-04  2.98696195e-04  8.52089234e-01]]","[[ 7.89985524e+02  2.29336448e+01  2.97109473e+02]
 [ 1.23150474e+02 -2.44737043e+02  8.07212858e+02]
 [ 2.47658301e-01  9.42343878e-02  1.00000000e+00]]",6
556,24.459187741,"[[ 1.30757436e-03  1.51029601e-05 -3.79661303e-01]
 [-2.71813699e-04 -2.82671193e-03  2.40508849e+00]
 [-2.58281970e-04  3.73819285e-04  7.64569365e-01]]","[[ 8.28889554e+02  4.15684440e+01  2.80839793e+02]
 [ 1.11962923e+02 -2.44221044e+02  8.23837887e+02]
 [ 2.25268413e-01  1.33448867e-01  1.00000000e+00]]",4,"[[ 1.39439837e-03 -2.06914145e-05 -3.99264109e-01]
 [-3.26576612e-04 -3.11537626e-03  2.61043244e+00]
 [-3.16336246e-04  2.95599303e-04  8.55919706e-01]]","[[ 7.90228910e+02  2.30558161e+01  2.98304140e+02]
 [ 1.25550912e+02 -2.45284375e+02  8.06648402e+02]
 [ 2.48697726e-01  9.32322042e-02  1.00000000e+00]]",6
557,24.491831741000002,"[[ 1.31780049e-03  4.48826028e-05 -4.11358185e-01]
 [-2.60077323e-04 -2.79066960e-03  2.37112286e+00]
 [-2.42947441e-04  4.32921518e-04  7.12652517e-01]]","[[ 8.22529304e+02  5.73046365e+01  2.84118589e+02]
 [ 1.06581295e+02 -2.28921040e+02  8.23182385e+02]
 [ 2.15659175e-01  1.58600238e-01  1.00000000e+00]]",3,"[[ 1.39718187e-03  1.80008137e-05 -4.35092480e-01]
 [-3.16019222e-04 -3.05232886e-03  2.55648032e+00]
 [-3.11854515e-04  3.69930993e-04  7.95566941e-01]]","[[ 7.92222831e+02  4.11543277e+01  3.01017997e+02]
 [ 1.28161384e+02 -2.29131965e+02  8.06385209e+02]
 [ 2.50949843e-01  1.22676262e-01  1.00000000e+00]]",6
558,24.529971741,"[[ 1.34219424e-03  4.79715198e-05 -4.27762871e-01]
 [-2.48339938e-04 -2.88937190e-03  2.44381431e+00]
 [-2.13717579e-04  3.95676943e-04  7.37021476e-01]]","[[ 8.00916164e+02  5.29234740e+01  2.89363419e+02]
 [ 8.77490870e+01 -2.32220009e+02  8.20923682e+02]
 [ 1.85136495e-01  1.40015974e-01  1.00000000e+00]]",2,"[[ 1.41574474e-03  2.49926835e-05 -4.52587551e-01]
 [-3.06083053e-04 -3.14930883e-03  2.62782310e+00]
 [-2.85873570e-04  3.65488598e-04  7.93210183e-01]]","[[ 7.77022786e+02  4.16179265e+01  3.05475518e+02]
 [ 1.14230663e+02 -2.23232434e+02  8.04723309e+02]
 [ 2.27405392e-01  1.17858263e-01  1.00000000e+00]]",6
559,24.569822741000003,"[[ 1.34842371e-03  2.97645747e-05 -4.20166165e-01]
 [-2.32793469e-04 -2.90316366e-03  2.44593324e+00]
 [-2.16123528e-04  3.12891932e-04  8.07187596e-01]]","[[ 7.95521200e+02  3.97905632e+01  2.93520405e+02]
 [ 8.71893926e+01 -2.55292455e+02  8.18969884e+02]
 [ 1.79202445e-01  1.09613461e-01  1.00000000e+00]]",2,"[[ 1.41973581e-03  6.72130021e-06 -4.44165480e-01]
 [-2.92360769e-04 -3.15755945e-03  2.62659400e+00]
 [-2.88920387e-04  2.73037914e-04  8.69978593e-01]]","[[ 7.73090604e+02  2.83693914e+01  3.09048163e+02]
 [ 1.12594565e+02 -2.47004533e+02  8.03228088e+02]
 [ 2.21406656e-01  8.69424819e-02  1.00000000e+00]]",6
560,24.611088741000003,"[[ 1.32630745e-03  3.62247028e-05 -4.21212984e-01]
 [-2.14594675e-04 -2.85479141e-03  2.39663096e+00]
 [-2.55760866e-04  3.80896002e-04  7.64203233e-01]]","[[ 8.18965433e+02  4.97865592e+01  2.95260286e+02]
 [ 1.18820599e+02 -2.39731338e+02  8.17317042e+02]
 [ 2.14865641e-01  1.36149858e-01  1.00000000e+00]]",4,"[[ 1.39910804e-03  3.92267709e-06 -4.37787957e-01]
 [-2.75494375e-04 -3.13098147e-03  2.59588778e+00]
 [-3.27461442e-04  2.99935558e-04  8.61251157e-01]]","[[ 7.93506094e+02  3.07538681e+01  3.10657141e+02]
 [ 1.39920816e+02 -2.42407713e+02  8.01762487e+02]
 [ 2.52975476e-01  9.61129608e-02  1.00000000e+00]]",6
561,24.655035741000003,"[[ 1.36628628e-03  4.19574862e-05 -4.40704442e-01]
 [-1.97881930e-04 -2.83944659e-03  2.37567632e+00]
 [-1.83355423e-04  4.06460683e-04  7.22902317e-01]]","[[ 7.79671934e+02  5.41073831e+01  2.97499746e+02]
 [ 7.55694000e+01 -2.34265165e+02  8.15935929e+02]
 [ 1.55264528e-01  1.45442141e-01  1.00000000e+00]]",3,"[[ 1.43589211e-03  9.73441344e-06 -4.56576482e-01]
 [-2.61381149e-04 -3.09276310e-03  2.55811278e+00]
 [-2.59055972e-04  3.44552807e-04  8.05078536e-01]]","[[ 7.59592534e+02  3.72103214e+01  3.12545766e+02]
 [ 1.01899153e+02 -2.33810265e+02  8.00714159e+02]
 [ 2.00809407e-01  1.12038186e-01  1.00000000e+00]]",6
562,24.694616741,"[[ 1.32971079e-03  4.66423467e-05 -4.35140042e-01]
 [-1.87898598e-04 -2.86189293e-03  2.38610182e+00]
 [-2.59592212e-04  3.82079292e-04  7.66470987e-01]]","[[ 8.17872579e+02  5.32058439e+01  2.98686514e+02]
 [ 1.25211732e+02 -2.38686122e+02  8.14139137e+02]
 [ 2.14584172e-01  1.37003030e-01  1.00000000e+00]]",4,"[[ 1.39850878e-03  1.57102860e-05 -4.51044749e-01]
 [-2.49792033e-04 -3.13391959e-03  2.58276051e+00]
 [-3.34998346e-04  3.00408384e-04  8.64967413e-01]]","[[ 7.96234074e+02  3.40466460e+01  3.13541136e+02]
 [ 1.48247288e+02 -2.41742847e+02  7.99139976e+02]
 [ 2.56891030e-01  9.71448712e-02  1.00000000e+00]]",6
563,24.731405741000003,"[[ 1.37304770e-03  5.15036163e-05 -4.55326391e-01]
 [-1.70060150e-04 -2.85146198e-03  2.36590535e+00]
 [-1.81871447e-04  4.01924035e-04  7.28510000e-01]]","[[ 7.75190963e+02  5.64523774e+01  3.01168031e+02]
 [ 7.84347214e+01 -2.34860737e+02  8.11755052e+02]
 [ 1.50252299e-01  1.43667555e-01  1.00000000e+00]]",3,"[[ 1.43753008e-03  2.10032559e-05 -4.70403144e-01]
 [-2.35128343e-04 -3.09775057e-03  2.54377653e+00]
 [-2.62617763e-04  3.40728627e-04  8.11243435e-01]]","[[ 7.59810534e+02  3.98632528e+01  3.15582285e+02]
 [ 1.07301306e+02 -2.34399842e+02  7.97215312e+02]
 [ 2.00900381e-01  1.11354411e-01  1.00000000e+00]]",6
564,24.776458741000003,"[[ 1.33228901e-03  5.59705614e-05 -4.48619638e-01]
 [-1.58260850e-04 -2.86763896e-03  2.36966578e+00]
 [-2.64456806e-04  3.80372868e-04  7.72089542e-01]]","[[ 8.17340941e+02  5.61059198e+01  3.02714784e+02]
 [ 1.32352285e+02 -2.38742302e+02  8.09640931e+02]
 [ 2.14752496e-01  1.36834759e-01  1.00000000e+00]]",4,"[[ 1.39620860e-03  2.69399887e-05 -4.63882857e-01]
 [-2.21622565e-04 -3.13234120e-03  2.56157815e+00]
 [-3.43850308e-04  2.99155281e-04  8.71028638e-01]]","[[ 8.00165672e+02  3.71473529e+01  3.16898066e+02]
 [ 1.57474681e+02 -2.41934300e+02  7.95362391e+02]
 [ 2.61791427e-01  9.77568916e-02  1.00000000e+00]]",6
565,24.819250741,"[[ 1.33344001e-03  6.25212875e-05 -4.56142555e-01]
 [-1.43484021e-04 -2.87253352e-03  2.36213953e+00]
 [-2.66242238e-04  3.79554708e-04  7.74653265e-01]]","[[ 8.16924356e+02  5.79799329e+01  3.04235820e+02]
 [ 1.35487941e+02 -2.38528795e+02  8.07122541e+02]
 [ 2.14385829e-01  1.36798538e-01  1.00000000e+00]]",4,"[[ 1.39508651e-03  3.44777019e-05 -4.71161568e-01]
 [-2.07407100e-04 -3.13373936e-03  2.55167489e+00]
 [-3.47330594e-04  2.98589379e-04  8.73652843e-01]]","[[ 8.01822366e+02  3.91334816e+01  3.18126316e+02]
 [ 1.61540339e+02 -2.41752173e+02  7.93203564e+02]
 [ 2.63563738e-01  9.81818892e-02  1.00000000e+00]]",6
566,24.855051741,"[[ 1.33305622e-03  6.64252728e-05 -4.60145126e-01]
 [-1.32587713e-04 -2.86906218e-03  2.34922161e+00]
 [-2.70726386e-04  3.81011666e-04  7.75988812e-01]]","[[ 8.18027553e+02  5.94541372e+01  3.05082295e+02]
 [ 1.39710608e+02 -2.38445396e+02  8.04712933e+02]
 [ 2.16794713e-01  1.37819360e-01  1.00000000e+00]]",4,"[[ 1.39365310e-03  3.88319359e-05 -4.74952316e-01]
 [-1.95109128e-04 -3.14516040e-03  2.54970483e+00]
 [-3.52832217e-04  2.84246847e-04  8.87657354e-01]]","[[ 8.03661470e+02  3.87306466e+01  3.18759439e+02]
 [ 1.66014640e+02 -2.44420629e+02  7.90901458e+02]
 [ 2.66283514e-01  9.36636334e-02  1.00000000e+00]]",6
567,24.896978741,"[[ 1.33220185e-03  7.05414924e-05 -4.63382270e-01]
 [-1.25745465e-04 -2.87293836e-03  2.34623506e+00]
 [-2.72849608e-04  3.75858103e-04  7.81371247e-01]]","[[ 8.18832722e+02  6.00464226e+01  3.05296035e+02]
 [ 1.41919759e+02 -2.39496998e+02  8.03304902e+02]
 [ 2.17664134e-01  1.36171545e-01  1.00000000e+00]]",4,"[[ 1.39138676e-03  4.39404567e-05 -4.78394417e-01]
 [-1.89915329e-04 -3.12857568e-03  2.53167023e+00]
 [-3.55286697e-04  2.95985437e-04  8.79509988e-01]]","[[ 8.05795554e+02  4.14857823e+01  3.18881853e+02]
 [ 1.68581029e+02 -2.42541034e+02  7.89851335e+02]
 [ 2.68775698e-01  9.83820101e-02  1.00000000e+00]]",6
568,24.939238741,"[[ 1.33367903e-03  7.22111261e-05 -4.65663161e-01]
 [-1.21271319e-04 -2.87428441e-03  2.34441817e+00]
 [-2.72443967e-04  3.75807033e-04  7.81602989e-01]]","[[ 8.17754869e+02  6.05132490e+01  3.05692225e+02]
 [ 1.42219926e+02 -2.39381018e+02  8.02755102e+02]
 [ 2.16663875e-01  1.36191316e-01  1.00000000e+00]]",4,"[[ 1.39240404e-03  4.57844937e-05 -4.80611245e-01]
 [-1.85584020e-04 -3.12928188e-03  2.52943527e+00]
 [-3.55350420e-04  2.95846730e-04  8.79895831e-01]]","[[ 8.05239452e+02  4.19600527e+01  3.19210397e+02]
 [ 1.69139413e+02 -2.42458285e+02  7.89380763e+02]
 [ 2.68330439e-01  9.84673529e-02  1.00000000e+00]]",6
569,24.979022741,"[[ 1.33249851e-03  7.35639800e-05 -4.66324851e-01]
 [-1.20132219e-04 -2.87207241e-03  2.34187698e+00]
 [-2.74887794e-04  3.76207035e-04  7.82072072e-01]]","[[ 8.19025320e+02  6.10149656e+01  3.05652543e+02]
 [ 1.43995101e+02 -2.39359935e+02  8.02611470e+02]
 [ 2.18609128e-01  1.36587361e-01  1.00000000e+00]]",4,"[[ 1.39117981e-03  4.72127514e-05 -4.81288848e-01]
 [-1.84289969e-04 -3.12701964e-03  2.52680809e+00]
 [-3.57803491e-04  2.96165755e-04  8.80453402e-01]]","[[ 8.06521298e+02  4.24065331e+01  3.19172526e+02]
 [ 1.70870485e+02 -2.42462530e+02  7.89246016e+02]
 [ 2.70281368e-01  9.87926262e-02  1.00000000e+00]]",6
570,25.014242741,"[[ 1.33252147e-03  7.39899266e-05 -4.66048689e-01]
 [-1.18165035e-04 -2.87511228e-03  2.34131089e+00]
 [-2.75699104e-04  3.73840193e-04  7.84409077e-01]]","[[ 8.18997363e+02  6.07643754e+01  3.05228943e+02]
 [ 1.44622946e+02 -2.39836578e+02  8.01792515e+02]
 [ 2.18930369e-01  1.35660384e-01  1.00000000e+00]]",4,"[[ 1.39126789e-03  4.78300128e-05 -4.81183994e-01]
 [-1.81994596e-04 -3.12934763e-03  2.52547057e+00]
 [-3.58166224e-04  2.94255047e-04  8.82149320e-01]]","[[ 8.06361133e+02  4.22972751e+01  3.18752779e+02]
 [ 1.71227214e+02 -2.42795985e+02  7.88489990e+02]
 [ 2.70279470e-01  9.81618389e-02  1.00000000e+00]]",6
571,25.062331741,"[[ 1.33141327e-03  7.53309759e-05 -4.66071147e-01]
 [-1.15731726e-04 -2.87165183e-03  2.33510736e+00]
 [-2.76798836e-04  3.75206837e-04  7.83858428e-01]]","[[ 8.19767806e+02  6.13221891e+01  3.04744094e+02]
 [ 1.45659387e+02 -2.39768954e+02  8.00876617e+02]
 [ 2.19757000e-01  1.36423693e-01  1.00000000e+00]]",4,"[[ 1.39000258e-03  4.95116441e-05 -4.81386144e-01]
 [-1.79333612e-04 -3.12432431e-03  2.51793997e+00]
 [-3.58984021e-04  2.96566832e-04  8.80661909e-01]]","[[ 8.07166481e+02  4.30015630e+01  3.18264481e+02]
 [ 1.72122359e+02 -2.42576605e+02  7.87646929e+02]
 [ 2.71062122e-01  9.92174732e-02  1.00000000e+00]]",6
572,25.088332741000002,"[[ 1.32835175e-03  7.58891256e-05 -4.65121085e-01]
 [-1.16452567e-04 -2.86886159e-03  2.33086918e+00]
 [-2.81920651e-04  3.74767018e-04  7.85971071e-01]]","[[ 8.22819253e+02  6.15353706e+01  3.04438285e+02]
 [ 1.48760878e+02 -2.40114163e+02  8.00114081e+02]
 [ 2.24205540e-01  1.36563500e-01  1.00000000e+00]]",5,"[[ 1.39142689e-03  4.94792636e-05 -4.81389939e-01]
 [-1.71814200e-04 -3.13514836e-03  2.52026163e+00]
 [-3.56055087e-04  2.89455360e-04  8.85585440e-01]]","[[ 8.05255650e+02  4.20684955e+01  3.18002465e+02]
 [ 1.71158746e+02 -2.43653617e+02  7.86445811e+02]
 [ 2.67814424e-01  9.65525666e-02  1.00000000e+00]]",6
573,25.129301741000003,"[[ 1.32635796e-03  7.80490760e-05 -4.65349491e-01]
 [-1.15501910e-04 -2.86489958e-03  2.32556093e+00]
 [-2.82361443e-04  3.76518383e-04  7.84757513e-01]]","[[ 8.24050927e+02  6.23768133e+01  3.03801616e+02]
 [ 1.49308236e+02 -2.39911473e+02  7.99494430e+02]
 [ 2.24862980e-01  1.37550626e-01  1.00000000e+00]]",5,"[[ 1.38933339e-03  5.18674932e-05 -4.81735902e-01]
 [-1.70545115e-04 -3.13036122e-03  2.51413652e+00]
 [-3.56335112e-04  2.91686741e-04  8.83878032e-01]]","[[ 8.06447090e+02  4.29375429e+01  3.17400887e+02]
 [ 1.71679206e+02 -2.43381619e+02  7.85853510e+02]
 [ 2.68463360e-01  9.76281140e-02  1.00000000e+00]]",6
574,25.178283741,"[[ 1.32878865e-03  7.68411349e-05 -4.64882023e-01]
 [-1.11367119e-04 -2.86822273e-03  2.32399853e+00]
 [-2.77820685e-04  3.74605485e-04  7.85258910e-01]]","[[ 8.21226124e+02  6.16633657e+01  3.03680337e+02]
 [ 1.46791023e+02 -2.40431342e+02  7.98466069e+02]
 [ 2.20519474e-01  1.36513266e-01  1.00000000e+00]]",4,"[[ 1.38715368e-03  5.17696502e-05 -4.80648466e-01]
 [-1.74490690e-04 -3.11758979e-03  2.50398184e+00]
 [-3.59014261e-04  2.97820175e-04  8.79959023e-01]]","[[ 8.08493325e+02  4.37261286e+01  3.17187093e+02]
 [ 1.72729262e+02 -2.42861393e+02  7.85425859e+02]
 [ 2.71397154e-01  1.00035711e-01  1.00000000e+00]]",6
575,25.212710741000002,"[[ 1.32998150e-03  7.59289373e-05 -4.64958640e-01]
 [-1.11490921e-04 -2.86830591e-03  2.32413993e+00]
 [-2.75407804e-04  3.73609124e-04  7.85413367e-01]]","[[ 8.19983287e+02  6.13053754e+01  3.04013215e+02]
 [ 1.45158209e+02 -2.40791627e+02  7.98466166e+02]
 [ 2.18480322e-01  1.36037827e-01  1.00000000e+00]]",4,"[[ 1.38814240e-03  5.08770308e-05 -4.80672430e-01]
 [-1.74919067e-04 -3.11719730e-03  2.50391470e+00]
 [-3.56788211e-04  2.96919868e-04  8.80060502e-01]]","[[ 8.07459739e+02  4.34198129e+01  3.17482862e+02]
 [ 1.71234640e+02 -2.43191039e+02  7.85443029e+02]
 [ 2.69582771e-01  9.96521583e-02  1.00000000e+00]]",6
576,25.255679741,"[[ 1.32721359e-03  7.54709572e-05 -4.64553319e-01]
 [-1.14772242e-04 -2.86533141e-03  2.32340407e+00]
 [-2.79715336e-04  3.73120053e-04  7.87204539e-01]]","[[ 8.22959692e+02  6.13416505e+01  3.04605988e+02]
 [ 1.47471381e+02 -2.41114087e+02  7.98666342e+02]
 [ 2.22521478e-01  1.36079882e-01  1.00000000e+00]]",5,"[[ 1.38909673e-03  4.96092683e-05 -4.80784297e-01]
 [-1.70528758e-04 -3.12814778e-03  2.51031290e+00]
 [-3.54679242e-04  2.89098810e-04  8.85827119e-01]]","[[ 8.06284428e+02  4.21826493e+01  3.18072496e+02]
 [ 1.70469021e+02 -2.44411907e+02  7.85152291e+02]
 [ 2.67196560e-01  9.66559949e-02  1.00000000e+00]]",6
577,25.298057741,"[[ 1.32726933e-03  7.45224322e-05 -4.63933566e-01]
 [-1.13370409e-04 -2.86752159e-03  2.32338566e+00]
 [-2.76661516e-04  3.70346988e-04  7.88696465e-01]]","[[ 8.22131038e+02  6.07216512e+01  3.04723529e+02]
 [ 1.45720327e+02 -2.41857554e+02  7.98194175e+02]
 [ 2.19964134e-01  1.34868819e-01  1.00000000e+00]]",4,"[[ 1.38466124e-03  4.97100034e-05 -4.79504141e-01]
 [-1.77414415e-04 -3.11506242e-03  2.50250718e+00]
 [-3.58579937e-04  2.93852275e-04  8.83322189e-01]]","[[ 8.10078240e+02  4.29350433e+01  3.18106598e+02]
 [ 1.72061106e+02 -2.44201331e+02  7.85239638e+02]
 [ 2.71607868e-01  9.86670128e-02  1.00000000e+00]]",6
578,25.333580741000002,"[[ 1.32571320e-03  7.58675655e-05 -4.64154580e-01]
 [-1.12834623e-04 -2.86337922e-03  2.31865681e+00]
 [-2.77063199e-04  3.72287429e-04  7.87357615e-01]]","[[ 8.23166694e+02  6.13957306e+01  3.04462620e+02]
 [ 1.46159537e+02 -2.41642272e+02  7.97764708e+02]
 [ 2.20555229e-01  1.35860600e-01  1.00000000e+00]]",4,"[[ 1.38306616e-03  5.12254719e-05 -4.79816505e-01]
 [-1.76777555e-04 -3.11027076e-03  2.49724454e+00]
 [-3.58734961e-04  2.96146082e-04  8.81598920e-01]]","[[ 8.11050680e+02  4.36224460e+01  3.17853823e+02]
 [ 1.72387967e+02 -2.43947568e+02  7.84836854e+02]
 [ 2.72119450e-01  9.96972783e-02  1.00000000e+00]]",6
579,25.369480741,"[[ 1.32276537e-03  7.62407921e-05 -4.62916661e-01]
 [-1.14465623e-04 -2.85853358e-03  2.31285228e+00]
 [-2.79720615e-04  3.71867057e-04  7.88690920e-01]]","[[ 8.25611852e+02  6.15712210e+01  3.04028278e+02]
 [ 1.47563415e+02 -2.42221256e+02  7.96930115e+02]
 [ 2.23239139e-01  1.36044225e-01  1.00000000e+00]]",5,"[[ 1.38351460e-03  5.10787575e-05 -4.79227371e-01]
 [-1.70264131e-04 -3.11746498e-03  2.49677850e+00]
 [-3.55158552e-04  2.89622554e-04  8.85809710e-01]]","[[ 8.09551933e+02  4.27568914e+01  3.17455266e+02]
 [ 1.70973239e+02 -2.45176662e+02  7.83562051e+02]
 [ 2.68682521e-01  9.73055111e-02  1.00000000e+00]]",6
580,25.415773741000002,"[[ 1.32361003e-03  7.55199187e-05 -4.62365302e-01]
 [-1.11148920e-04 -2.85915175e-03  2.31074538e+00]
 [-2.77415437e-04  3.69212339e-04  7.90268840e-01]]","[[ 8.24324066e+02  6.10147052e+01  3.03883166e+02]
 [ 1.46503639e+02 -2.43045167e+02  7.96379237e+02]
 [ 2.20923894e-01  1.34968874e-01  1.00000000e+00]]",4,"[[ 1.38065807e-03  5.14245211e-05 -4.78314114e-01]
 [-1.74988813e-04 -3.10337153e-03  2.48720697e+00]
 [-3.58599629e-04  2.94502988e-04  8.83005254e-01]]","[[ 8.12214681e+02  4.35655501e+01  3.17254291e+02]
 [ 1.72462078e+02 -2.45013914e+02  7.83564263e+02]
 [ 2.72330526e-01  9.94104162e-02  1.00000000e+00]]",6
581,25.454261741,"[[ 1.32278445e-03  7.47851968e-05 -4.61682468e-01]
 [-1.12713546e-04 -2.85505354e-03  2.30916991e+00]
 [-2.77326198e-04  3.69039655e-04  7.90249327e-01]]","[[ 8.24899618e+02  6.08987399e+01  3.03975145e+02]
 [ 1.46309328e+02 -2.43430561e+02  7.96800399e+02]
 [ 2.21160999e-01  1.35051486e-01  1.00000000e+00]]",4,"[[ 1.37993175e-03  5.06445640e-05 -4.77635639e-01]
 [-1.76624298e-04 -3.09931365e-03  2.48574338e+00]
 [-3.58423900e-04  2.94318696e-04  8.83019332e-01]]","[[ 8.12661419e+02  4.34165258e+01  3.17358526e+02]
 [ 1.72212988e+02 -2.45392653e+02  7.83944586e+02]
 [ 2.72464898e-01  9.94147728e-02  1.00000000e+00]]",6
582,25.497978741,"[[ 1.32446137e-03  7.26660897e-05 -4.61365409e-01]
 [-1.15889189e-04 -2.85638507e-03  2.31512805e+00]
 [-2.74346685e-04  3.66747999e-04  7.90831487e-01]]","[[ 8.23362459e+02  6.00493924e+01  3.04551511e+02]
 [ 1.43982733e+02 -2.43950347e+02  7.98153531e+02]
 [ 2.18860004e-01  1.33963626e-01  1.00000000e+00]]",4,"[[ 1.38173310e-03  4.81496312e-05 -4.77117596e-01]
 [-1.80186044e-04 -3.10196244e-03  2.49292832e+00]
 [-3.55819719e-04  2.91220369e-04  8.84465759e-01]]","[[ 8.11138620e+02  4.24399659e+01  3.17941891e+02]
 [ 1.70118122e+02 -2.46019949e+02  7.85193140e+02]
 [ 2.70306964e-01  9.80784118e-02  1.00000000e+00]]",6
583,25.537784741000003,"[[ 1.32400597e-03  7.31123162e-05 -4.61720877e-01]
 [-1.14373281e-04 -2.85675911e-03  2.31784650e+00]
 [-2.74655269e-04  3.65583594e-04  7.91500153e-01]]","[[ 8.23658880e+02  6.00598159e+01  3.04600152e+02]
 [ 1.44695735e+02 -2.44074158e+02  7.99160269e+02]
 [ 2.18981467e-01  1.33575783e-01  1.00000000e+00]]",4,"[[ 1.38152061e-03  4.82964401e-05 -4.77344079e-01]
 [-1.78424162e-04 -3.10422421e-03  2.49697464e+00]
 [-3.56301498e-04  2.88975890e-04  8.86154225e-01]]","[[ 8.11318144e+02  4.22294104e+01  3.18039612e+02]
 [ 1.70928977e+02 -2.46303399e+02  7.86099367e+02]
 [ 2.70471561e-01  9.72992554e-02  1.00000000e+00]]",6
584,25.574575741,"[[ 1.32393098e-03  7.42666192e-05 -4.63704160e-01]
 [-1.08401394e-04 -2.85796379e-03  2.31467435e+00]
 [-2.75464597e-04  3.66916576e-04  7.91229274e-01]]","[[ 8.23847269e+02  6.06252871e+01  3.05465959e+02]
 [ 1.46155954e+02 -2.43610402e+02  7.98317118e+02]
 [ 2.19043606e-01  1.34075948e-01  1.00000000e+00]]",4,"[[ 1.38045110e-03  4.97511884e-05 -4.79125788e-01]
 [-1.72837979e-04 -3.10407700e-03  2.49301038e+00]
 [-3.58026032e-04  2.90431413e-04  8.86027101e-01]]","[[ 8.12440937e+02  4.28474644e+01  3.18773805e+02]
 [ 1.72906815e+02 -2.45900943e+02  7.85391007e+02]
 [ 2.71614078e-01  9.79178468e-02  1.00000000e+00]]",6
585,25.619507741000003,"[[ 1.32563914e-03  7.53227575e-05 -4.67744071e-01]
 [-1.05096553e-04 -2.85586150e-03  2.31329631e+00]
 [-2.74034762e-04  3.67300116e-04  7.90891823e-01]]","[[ 8.22766729e+02  6.12438220e+01  3.07461963e+02]
 [ 1.45795247e+02 -2.43588443e+02  7.98702289e+02]
 [ 2.17369896e-01  1.34345806e-01  1.00000000e+00]]",4,"[[ 1.38090541e-03  5.08730605e-05 -4.82678477e-01]
 [-1.70630479e-04 -3.10133779e-03  2.49184996e+00]
 [-3.58263065e-04  2.90065318e-04  8.86910280e-01]]","[[ 8.12688121e+02  4.33152241e+01  3.20587135e+02]
 [ 1.73469455e+02 -2.46097291e+02  7.85837658e+02]
 [ 2.71547946e-01  9.79834554e-02  1.00000000e+00]]",6
586,25.657644741000002,"[[ 1.32595441e-03  7.73391761e-05 -4.69963411e-01]
 [-1.09400348e-04 -2.85423710e-03  2.31994141e+00]
 [-2.73491013e-04  3.69833922e-04  7.87915508e-01]]","[[ 8.22771701e+02  6.21655805e+01  3.07713312e+02]
 [ 1.45197671e+02 -2.42631985e+02  8.01011752e+02]
 [ 2.17436565e-01  1.35465370e-01  1.00000000e+00]]",4,"[[ 1.38165703e-03  5.22223964e-05 -4.84566615e-01]
 [-1.75091059e-04 -3.10328981e-03  2.50137044e+00]
 [-3.58372089e-04  2.90555660e-04  8.86075548e-01]]","[[ 8.12552356e+02  4.37220700e+01  3.20932737e+02]
 [ 1.73254825e+02 -2.45550521e+02  7.87930918e+02]
 [ 2.71823228e-01  9.82025330e-02  1.00000000e+00]]",6
587,25.701758741000003,"[[ 1.32455792e-03  7.68029198e-05 -4.65942172e-01]
 [-1.19843959e-04 -2.85110175e-03  2.32649797e+00]
 [-2.73107740e-04  3.72286171e-04  7.84343381e-01]]","[[ 8.23510492e+02  6.20357017e+01  3.05200935e+02]
 [ 1.43708673e+02 -2.41995361e+02  8.03170731e+02]
 [ 2.18534817e-01  1.36463135e-01  1.00000000e+00]]",4,"[[ 1.38275068e-03  5.08286371e-05 -4.80948028e-01]
 [-1.84139946e-04 -3.10463298e-03  2.51053515e+00]
 [-3.55942635e-04  2.92226030e-04  8.82690180e-01]]","[[ 8.11022046e+02  4.32842953e+01  3.18789894e+02]
 [ 1.70667768e+02 -2.44970810e+02  7.89733670e+02]
 [ 2.70540859e-01  9.85550485e-02  1.00000000e+00]]",6
588,25.730902741,"[[ 1.52779279e-03  5.55236526e-05 -5.07883886e-01]
 [-1.39603433e-04 -3.05547168e-03  2.50373344e+00]
 [ 8.56347641e-05 -8.44755958e-04  1.65455399e+00]]","[[ 6.30935985e+02 -7.23484622e+01  3.03153290e+02]
 [-9.55691151e+01 -5.51738314e+02  8.05575195e+02]
 [-8.14495234e-02 -2.77953266e-01  1.00000000e+00]]",1,"[[ 1.60061841e-03  2.76072357e-05 -5.29302724e-01]
 [-2.30428162e-04 -3.30206280e-03  2.68798695e+00]
 [ 8.66074674e-05 -1.06128450e-03  1.81298430e+00]]","[[ 5.93650386e+02 -9.69295563e+01  3.17027649e+02]
 [-1.23236355e+02 -5.58391401e+02  7.91909485e+02]
 [-1.00499155e-01 -3.22240691e-01  1.00000000e+00]]",6
593,25.933841741000002,"[[ 1.28889350e-03  2.12638280e-04 -4.77816864e-01]
 [ 1.34210600e-04 -2.82434377e-03  2.19414375e+00]
 [-3.25538178e-04  3.73999422e-04  7.83520501e-01]]","[[ 8.26844195e+02  9.41201801e+01  2.40666193e+02]
 [ 2.23351122e+02 -2.32861692e+02  7.88304782e+02]
 [ 2.36925724e-01  1.50257523e-01  1.00000000e+00]]",4,"[[ 1.38715233e-03  1.87588917e-04 -5.07916879e-01]
 [ 1.28378707e-04 -3.13293488e-03  2.38791769e+00]
 [-3.69346381e-04  2.86677554e-04  8.75054837e-01]]","[[ 7.84004348e+02  7.08840245e+01  2.61633689e+02]
 [ 2.27533350e+02 -2.34840070e+02  7.72919315e+02]
 [ 2.56373035e-01  1.06855172e-01  1.00000000e+00]]",6
596,26.060053741,"[[ 1.11422433e-04  4.59248963e-05  2.17972803e-02]
 [-2.86851099e-06 -8.01687765e-04  6.60493357e-01]
 [-6.79826950e-04  3.48642308e-05  6.06825234e-01]]","[[ 5.71238471e+03  3.03925823e+02 -5.35995241e+02]
 [ 5.01467776e+03 -9.24188593e+02  8.25796393e+02]
 [ 6.11147986e+00  3.93586286e-01  1.00000000e+00]]",1,"[[ 1.47146574e-04  3.87797333e-05  2.29841917e-02]
 [ 2.41461232e-05 -9.93261171e-04  7.83040115e-01]
 [-7.79833359e-04  6.08259559e-06  7.13232559e-01]]","[[ 4.84861335e+03  1.87088931e+02 -3.61648656e+02]
 [ 4.26852136e+03 -8.35355443e+02  7.79561030e+02]
 [ 5.26496820e+00  2.11683155e-01  1.00000000e+00]]",6
597,26.101097741,"[[ 1.31886545e-03  2.44434622e-04 -4.99687833e-01]
 [ 1.58860121e-04 -2.92275883e-03  2.32527443e+00]
 [-2.95287746e-04  3.11030649e-04  8.16334537e-01]]","[[ 7.98545120e+02  9.11656603e+01  2.29119427e+02]
 [ 2.09656142e+02 -2.38620837e+02  8.08028479e+02]
 [ 2.08972051e-01  1.23893442e-01  1.00000000e+00]]",2,"[[ 1.43199903e-03  2.19396228e-04 -5.35611497e-01]
 [ 1.73945287e-04 -3.27649192e-03  2.54346729e+00]
 [-3.38336703e-04  2.52141137e-04  8.86493767e-01]]","[[ 7.49646995e+02  6.96694247e+01  2.53039170e+02]
 [ 2.14530468e+02 -2.30067454e+02  7.89711166e+02]
 [ 2.25090287e-01  9.20268092e-02  1.00000000e+00]]",6
598,26.139125741,"[[ 1.49014663e-03  2.36118776e-04 -5.88582677e-01]
 [ 1.04774782e-04 -2.90403134e-03  2.35207412e+00]
 [-3.18867305e-04  4.01509197e-04  7.55504753e-01]]","[[ 7.21108679e+02  9.52881074e+01  2.65130543e+02]
 [ 1.90515773e+02 -2.15555160e+02  8.19499803e+02]
 [ 2.03101496e-01  1.54772873e-01  1.00000000e+00]]",2,"[[ 1.63005877e-03  2.03311675e-04 -6.28682252e-01]
 [ 1.16521650e-04 -3.30629524e-03  2.61180624e+00]
 [-3.39970293e-04  2.95158612e-04  8.61061942e-01]]","[[ 6.68340050e+02  6.66202137e+01  2.85896318e+02]
 [ 1.82568313e+02 -2.19807175e+02  8.00025150e+02]
 [ 2.01296962e-01  1.01649916e-01  1.00000000e+00]]",6
599,26.182978741000003,"[[ 1.31475808e-03  2.57294510e-04 -5.08303537e-01]
 [ 1.25705848e-04 -2.83751611e-03  2.29383684e+00]
 [-3.11049440e-04  4.60128139e-04  6.93855239e-01]]","[[ 8.03691685e+02  1.09596314e+02  2.26449633e+02]
 [ 2.12787753e+02 -2.00410875e+02  8.18428087e+02]
 [ 2.19178594e-01  1.82033006e-01  1.00000000e+00]]",3,"[[ 1.43662987e-03  2.29180774e-04 -5.44365914e-01]
 [ 1.42461486e-04 -3.21004433e-03  2.52773731e+00]
 [-3.51556785e-04  3.66357470e-04  7.95847084e-01]]","[[ 7.49470018e+02  8.22138491e+01  2.51519320e+02]
 [ 2.15753039e+02 -2.04974525e+02  7.98608637e+02]
 [ 2.31751220e-01  1.30674331e-01  1.00000000e+00]]",6
600,26.221533741000002,"[[ 1.30793175e-03  2.30767560e-04 -4.84167447e-01]
 [ 1.10442967e-04 -2.85929334e-03  2.32437042e+00]
 [-3.28830468e-04  4.17969751e-04  7.30646306e-01]]","[[ 8.12867913e+02  9.85265486e+01  2.25214288e+02]
 [ 2.24425784e+02 -2.11520374e+02  8.21616906e+02]
 [ 2.37450796e-01  1.65343543e-01  1.00000000e+00]]",5,"[[ 1.45315375e-03  1.93441961e-04 -5.19707629e-01]
 [ 1.43943703e-04 -3.28423359e-03  2.59324220e+00]
 [-3.31434704e-04  2.98386027e-04  8.44321735e-01]]","[[ 7.38851046e+02  6.63287756e+01  2.51065366e+02]
 [ 2.04365740e+02 -2.19709418e+02  8.00607330e+02]
 [ 2.17809147e-01  1.03683081e-01  1.00000000e+00]]",6
601,26.264230741000002,"[[ 1.31025523e-03  2.27011517e-04 -4.81202249e-01]
 [ 1.04338518e-04 -2.85817973e-03  2.33150249e+00]
 [-3.20466595e-04  4.26275177e-04  7.20728043e-01]]","[[ 8.10329247e+02  9.78440553e+01  2.24507148e+02]
 [ 2.18214083e+02 -2.09659276e+02  8.23925523e+02]
 [ 2.31244238e-01  1.67508809e-01  1.00000000e+00]]",4,"[[ 1.43768933e-03  1.87529249e-04 -5.10566765e-01]
 [ 1.25534077e-04 -3.25666659e-03  2.58424876e+00]
 [-3.58668718e-04  3.14235502e-04  8.37411661e-01]]","[[ 7.52129625e+02  6.74677611e+01  2.50365407e+02]
 [ 2.19315147e+02 -2.16935138e+02  8.03176525e+02]
 [ 2.39844717e-01  1.10300945e-01  1.00000000e+00]]",6
602,26.300927741000002,"[[ 1.30980845e-03  2.22852928e-04 -4.77591059e-01]
 [ 9.25294859e-05 -2.85993417e-03  2.34022799e+00]
 [-3.22297716e-04  4.27563065e-04  7.19281742e-01]]","[[ 8.11794329e+02  9.67704705e+01  2.24169112e+02]
 [ 2.17917450e+02 -2.09259714e+02  8.25533073e+02]
 [ 2.34214210e-01  1.67751549e-01  1.00000000e+00]]",4,"[[ 1.43841273e-03  1.82673587e-04 -5.06847465e-01]
 [ 1.13619446e-04 -3.26087804e-03  2.59508913e+00]
 [-3.60366754e-04  3.15592982e-04  8.36252685e-01]]","[[ 7.52648371e+02  6.63771176e+01  2.50191582e+02]
 [ 2.18668035e+02 -2.16551209e+02  8.04542742e+02]
 [ 2.41816088e-01  1.10328074e-01  1.00000000e+00]]",6
603,26.332685741000002,"[[ 1.31091268e-03  2.20392385e-04 -4.74813498e-01]
 [ 8.69027565e-05 -2.86728074e-03  2.34885374e+00]
 [-3.20315685e-04  4.20528348e-04  7.24198908e-01]]","[[ 8.11094836e+02  9.51003888e+01  2.23339016e+02]
 [ 2.15809837e+02 -2.11035169e+02  8.25961158e+02]
 [ 2.33433441e-01  1.64607286e-01  1.00000000e+00]]",4,"[[ 1.44088081e-03  1.79805575e-04 -5.04263424e-01]
 [ 1.08553870e-04 -3.27024130e-03  2.60496768e+00]
 [-3.57184504e-04  3.07851313e-04  8.41354907e-01]]","[[ 7.50996795e+02  6.47818758e+01  2.49532653e+02]
 [ 2.15951891e+02 -2.18147926e+02  8.04850523e+02]
 [ 2.39807652e-01  1.07322376e-01  1.00000000e+00]]",6
604,26.372891741,"[[ 1.31325681e-03  2.40841601e-04 -4.90907375e-01]
 [ 7.99324822e-05 -2.83742785e-03  2.32459798e+00]
 [-3.13293135e-04  4.66117841e-04  6.84887277e-01]]","[[ 8.08126189e+02  1.05130869e+02  2.22413391e+02]
 [ 2.09056367e+02 -1.99073685e+02  8.25527962e+02]
 [ 2.27388491e-01  1.83575575e-01  1.00000000e+00]]",3,"[[ 1.44290848e-03  2.08270964e-04 -5.26321518e-01]
 [ 9.89772612e-05 -3.22524456e-03  2.56997449e+00]
 [-3.50778335e-04  3.70132302e-04  7.89462978e-01]]","[[ 7.48220425e+02  7.68515530e+01  2.48647479e+02]
 [ 2.09575861e+02 -2.04199790e+02  8.04461456e+02]
 [ 2.34195553e-01  1.29884239e-01  1.00000000e+00]]",6
605,26.411944741000003,"[[ 1.31059353e-03  2.41488806e-04 -4.90847586e-01]
 [ 8.22700669e-05 -2.83093705e-03  2.31279267e+00]
 [-3.16980991e-04  4.70488134e-04  6.83200744e-01]]","[[ 8.10235650e+02  1.06143519e+02  2.22795804e+02]
 [ 2.11609222e+02 -1.98336254e+02  8.23445402e+02]
 [ 2.30195404e-01  1.85831665e-01  1.00000000e+00]]",3,"[[ 1.43905240e-03  2.08465017e-04 -5.25419676e-01]
 [ 1.00375487e-04 -3.21619653e-03  2.55657791e+00]
 [-3.54698339e-04  3.73948501e-04  7.88103809e-01]]","[[ 7.50822748e+02  7.75987190e+01  2.48837617e+02]
 [ 2.12062336e+02 -2.03853818e+02  8.02673307e+02]
 [ 2.37297659e-01  1.31651396e-01  1.00000000e+00]]",6
606,26.458429741000003,"[[ 1.31084181e-03  2.17358388e-04 -4.73110878e-01]
 [ 9.23778765e-05 -2.86870028e-03  2.33278114e+00]
 [-3.20364139e-04  4.25535362e-04  7.22923950e-01]]","[[ 8.11146674e+02  9.48180959e+01  2.24881815e+02]
 [ 2.15348092e+02 -2.10573469e+02  8.20425634e+02]
 [ 2.32699550e-01  1.65968737e-01  1.00000000e+00]]",4,"[[ 1.43755077e-03  1.78539397e-04 -5.02859731e-01]
 [ 1.10791469e-04 -3.25899011e-03  2.57996569e+00]
 [-3.57740684e-04  3.17646004e-04  8.35420142e-01]]","[[ 7.52887186e+02  6.56543197e+01  2.50425798e+02]
 [ 2.15849370e+02 -2.17028897e+02  8.00159143e+02]
 [ 2.40327802e-01  1.10633654e-01  1.00000000e+00]]",6
607,26.498138741,"[[ 1.30943064e-03  2.18571925e-04 -4.75648616e-01]
 [ 9.80120334e-05 -2.86744740e-03  2.32522156e+00]
 [-3.24503698e-04  4.23170863e-04  7.27103959e-01]]","[[ 8.12706458e+02  9.53896199e+01  2.26598548e+02]
 [ 2.18690669e+02 -2.11258366e+02  8.18648301e+02]
 [ 2.35430889e-01  1.65523331e-01  1.00000000e+00]]",4,"[[ 1.43350171e-03  1.80668213e-04 -5.05171405e-01]
 [ 1.14824425e-04 -3.25269960e-03  2.56914284e+00]
 [-3.63324056e-04  3.15993337e-04  8.39066786e-01]]","[[ 7.56072933e+02  6.64511135e+01  2.51736843e+02]
 [ 2.19873542e+02 -2.17628635e+02  7.98736033e+02]
 [ 2.44582331e-01  1.10733124e-01  1.00000000e+00]]",6
608,26.538890741000003,"[[ 1.31529268e-03  2.41909930e-04 -4.98685342e-01]
 [ 1.03699094e-04 -2.84371029e-03  2.30103845e+00]
 [-3.14877923e-04  4.65062444e-04  6.91846368e-01]]","[[ 8.06697689e+02  1.06040429e+02  2.28786645e+02]
 [ 2.11475712e+02 -1.99967075e+02  8.17510639e+02]
 [ 2.24994866e-01  1.82680682e-01  1.00000000e+00]]",3,"[[ 1.43543700e-03  2.12376080e-04 -5.33228261e-01]
 [ 1.16464633e-04 -3.21078048e-03  2.53252953e+00]
 [-3.57188342e-04  3.72749665e-04  7.93081497e-01]]","[[ 7.53281367e+02  7.92454265e+01  2.53415987e+02]
 [ 2.15157626e+02 -2.04582634e+02  7.97950388e+02]
 [ 2.38138691e-01  1.31844774e-01  1.00000000e+00]]",6
609,26.582374741000002,"[[ 1.34049996e-03  1.91092661e-04 -4.76631121e-01]
 [ 1.07905182e-04 -2.92579512e-03  2.36552827e+00]
 [-3.33604749e-04  3.63599748e-04  7.82569351e-01]]","[[ 7.98890231e+02  8.18856273e+01  2.39049970e+02]
 [ 2.21575633e+02 -2.25743650e+02  8.17324147e+02]
 [ 2.37613101e-01  1.39793065e-01  1.00000000e+00]]",3,"[[ 1.46011815e-03  1.52490798e-04 -5.04688318e-01]
 [ 1.20883553e-04 -3.30557689e-03  2.60658751e+00]
 [-3.75999115e-04  2.52382949e-04  8.97186791e-01]]","[[ 7.47905730e+02  5.45282324e+01  2.62293960e+02]
 [ 2.24672294e+02 -2.31216535e+02  7.98134370e+02]
 [ 2.50236004e-01  8.78943816e-02  1.00000000e+00]]",6
610,26.619652741000003,"[[ 1.32196756e-03  2.44639861e-04 -5.07264950e-01]
 [ 1.18700390e-04 -2.86165445e-03  2.30691089e+00]
 [-3.10785731e-04  4.56370020e-04  7.00028548e-01]]","[[ 8.01679466e+02  1.05653143e+02  2.32749806e+02]
 [ 2.09873421e+02 -2.01404409e+02  8.15800238e+02]
 [ 2.19091924e-01  1.78207623e-01  1.00000000e+00]]",3,"[[ 1.43829297e-03  2.15547927e-04 -5.40863853e-01]
 [ 1.29448740e-04 -3.22603910e-03  2.53705246e+00]
 [-3.55252605e-04  3.61851513e-04  8.02876701e-01]]","[[ 7.51548683e+02  7.90015775e+01  2.56645098e+02]
 [ 2.15349011e+02 -2.06223424e+02  7.96727740e+02]
 [ 2.35484803e-01  1.27899806e-01  1.00000000e+00]]",6
611,26.664390741000002,"[[ 1.31607872e-03  2.28272549e-04 -4.92203920e-01]
 [ 1.26185164e-04 -2.88041679e-03  2.31403521e+00]
 [-3.24785206e-04  4.17723624e-04  7.35788440e-01]]","[[ 8.07926535e+02  9.78007264e+01  2.32879825e+02]
 [ 2.21069420e+02 -2.11666742e+02  8.13570176e+02]
 [ 2.31121689e-01  1.63338293e-01  1.00000000e+00]]",4,"[[ 1.43254628e-03  1.92573976e-04 -5.20759298e-01]
 [ 1.38867274e-04 -3.25479278e-03  2.55106581e+00]
 [-3.67806935e-04  3.09930219e-04  8.48096895e-01]]","[[ 7.57249226e+02  6.92458685e+01  2.56685066e+02]
 [ 2.25204997e+02 -2.18237465e+02  7.94739064e+02]
 [ 2.46108297e-01  1.09784031e-01  1.00000000e+00]]",6
612,26.703038741,"[[ 1.31652110e-03  2.28568399e-04 -4.92579897e-01]
 [ 1.30511998e-04 -2.88578145e-03  2.31188159e+00]
 [-3.25604559e-04  4.12706791e-04  7.40957306e-01]]","[[ 8.07613328e+02  9.73226029e+01  2.33233082e+02]
 [ 2.21848493e+02 -2.12874054e+02  8.11676610e+02]
 [ 2.31328040e-01  1.61336220e-01  1.00000000e+00]]",4,"[[ 1.43213051e-03  1.93451733e-04 -5.21285089e-01]
 [ 1.42767433e-04 -3.25713772e-03  2.54657784e+00]
 [-3.68511455e-04  3.05539968e-04  8.52331041e-01]]","[[ 7.57468082e+02  6.90835563e+01  2.56860483e+02]
 [ 2.25931025e+02 -2.19201128e+02  7.93104060e+02]
 [ 2.46505990e-01  1.08447050e-01  1.00000000e+00]]",6
613,26.742939741,"[[ 1.31958773e-03  2.30804048e-04 -4.97079020e-01]
 [ 1.42180653e-04 -2.89206760e-03  2.30306694e+00]
 [-3.23709240e-04  4.17544807e-04  7.38856822e-01]]","[[ 8.04971298e+02  9.82252276e+01  2.35383994e+02]
 [ 2.20977249e+02 -2.11495196e+02  8.07911263e+02]
 [ 2.27796157e-01  1.62555357e-01  1.00000000e+00]]",4,"[[ 1.43221193e-03  1.96864192e-04 -5.25643326e-01]
 [ 1.52386528e-04 -3.25627687e-03  2.53287616e+00]
 [-3.67751657e-04  3.12326215e-04  8.48321194e-01]]","[[ 7.57072019e+02  7.05579408e+01  2.58434341e+02]
 [ 2.25993798e+02 -2.17669282e+02  7.89938376e+02]
 [ 2.44990581e-01  1.10726484e-01  1.00000000e+00]]",6
614,26.783500741,"[[ 1.32711430e-03  2.54694031e-04 -5.22456056e-01]
 [ 1.59084547e-04 -2.88162128e-03  2.27367219e+00]
 [-3.17379678e-04  4.52201510e-04  7.13297031e-01]]","[[ 7.97879027e+02  1.08138165e+02  2.39712186e+02]
 [ 2.16078662e+02 -2.02033249e+02  8.02259032e+02]
 [ 2.18029075e-01  1.76196719e-01  1.00000000e+00]]",3,"[[ 1.43054390e-03  2.32644936e-04 -5.56949286e-01]
 [ 1.62236518e-04 -3.21102250e-03  2.47926861e+00]
 [-3.69670613e-04  3.68036850e-04  8.07679683e-01]]","[[ 7.57017700e+02  8.48324462e+01  2.61611194e+02]
 [ 2.26191071e+02 -2.05027372e+02  7.85329750e+02]
 [ 2.43414006e-01  1.32252541e-01  1.00000000e+00]]",6
615,26.825089741000003,"[[ 1.56565780e-03  2.33567258e-04 -5.75424234e-01]
 [ 2.00382985e-04 -3.21389584e-03  2.51611971e+00]
 [ 1.26792020e-04 -1.79136989e-03  2.39868983e+00]]","[[ 6.30448911e+02 -9.26507920e+01  2.48425644e+02]
 [ 3.18258359e+01 -7.53837355e+02  7.98376831e+02]
 [-9.55690339e-03 -5.58077224e-01  1.00000000e+00]]",1,"[[ 1.68954753e-03  1.99084229e-04 -6.10197550e-01]
 [ 1.83947668e-04 -3.55851993e-03  2.73475923e+00]
 [ 2.52402914e-04 -2.17005711e-03  2.62999466e+00]]","[[ 5.66102806e+02 -1.32349980e+02  2.68966278e+02]
 [-3.41350471e+01 -7.60057085e+02  7.82413757e+02]
 [-8.24948440e-02 -6.14435376e-01  1.00000000e+00]]",6
616,26.864956741,"[[ 1.91463505e-03  2.95320751e-04 -7.32043741e-01]
 [ 8.49061181e-04 -4.65829398e-03  3.20004513e+00]
 [ 2.67910895e-04 -4.08265338e-04  1.22844378e+00]]","[[ 4.81585570e+02  6.97045758e+00  2.68824612e+02]
 [ 2.02511981e+01 -2.77888048e+02  7.35954769e+02]
 [-9.82984819e-02 -9.38744787e-02  1.00000000e+00]]",1,"[[ 2.04984743e-03  2.50172922e-04 -7.66782342e-01]
 [ 8.87904593e-04 -5.16186882e-03  3.49193710e+00]
 [ 2.27725370e-04 -6.55238853e-04  1.41042197e+00]]","[[ 4.62119806e+02 -1.38455798e+01  2.85512570e+02]
 [ 4.23132599e+01 -2.83783808e+02  7.25598644e+02]
 [-5.49559732e-02 -1.29601773e-01  1.00000000e+00]]",6
617,26.904366741,"[[ 1.40209067e-03  2.40869337e-04 -5.50811573e-01]
 [ 2.38868920e-04 -2.98187720e-03  2.30734083e+00]
 [-2.44734668e-04  3.73199190e-04  7.66305565e-01]]","[[ 7.42291431e+02  9.20493801e+01  2.56390436e+02]
 [ 1.76418733e+02 -2.21693929e+02  7.94326654e+02]
 [ 1.51147433e-01  1.37365138e-01  1.00000000e+00]]",3,"[[ 1.49532727e-03  2.09772340e-04 -5.75486423e-01]
 [ 2.27798860e-04 -3.32108414e-03  2.52506916e+00]
 [-3.04994830e-04  2.60115407e-04  8.81353782e-01]]","[[ 7.14785703e+02  6.67298824e+01  2.75544174e+02]
 [ 1.93642806e+02 -2.27845275e+02  7.79214767e+02]
 [ 1.90203378e-01  9.03364088e-02  1.00000000e+00]]",6
618,26.937650741000002,"[[ 1.84008479e-03  2.89934968e-04 -7.16516255e-01]
 [ 1.30299240e-03 -4.13688417e-03  2.70387630e+00]
 [ 8.31002385e-04 -1.12738769e-05  7.81585579e-01]]","[[ 4.00856765e+02  2.73505700e+01  2.72865615e+02]
 [-1.53758133e+02 -2.54519433e+02  7.39546480e+02]
 [-4.28419340e-01 -3.27511284e-02  1.00000000e+00]]",1,"[[ 1.95315529e-03  2.46279157e-04 -7.44471132e-01]
 [ 1.38330613e-03 -4.56773366e-03  2.93307760e+00]
 [ 8.53709925e-04 -2.12015317e-04  9.07853879e-01]]","[[ 3.80577806e+02  7.09835659e+00  2.89153536e+02]
 [-1.34758623e+02 -2.60062309e+02  7.29697856e+02]
 [-3.89351140e-01 -6.74085686e-02  1.00000000e+00]]",6
619,26.975338741,"[[ 1.20592357e-03  2.07149350e-04 -4.83616716e-01]
 [-1.48803173e-03 -2.51986702e-03  2.46341779e+00]
 [-2.08430432e-03  4.27922284e-04  1.18793069e+00]]","[[ 1.48234602e+03  1.65913113e+02  2.59420860e+02]
 [ 1.23303658e+03 -1.55482786e+02  8.24405136e+02]
 [ 2.15670527e+00  3.47114499e-01  1.00000000e+00]]",1,"[[ 1.34534264e-03  1.84276637e-04 -5.25984623e-01]
 [-1.79838139e-03 -2.95980345e-03  2.86475628e+00]
 [-2.48947932e-03  3.02840761e-04  1.46040325e+00]]","[[ 1.42172314e+03  1.17354309e+02  2.81848878e+02]
 [ 1.23416728e+03 -1.79511279e+02  7.96635502e+02]
 [ 2.16761651e+00  2.37273135e-01  1.00000000e+00]]",6
621,27.059769741,"[[ 1.55724734e-03  2.10222401e-04 -5.94918198e-01]
 [ 1.79518528e-04 -3.14065713e-03  2.37933017e+00]
 [ 2.98764173e-04 -2.82717270e-04  1.13572774e+00]]","[[ 5.87246155e+02  1.43170324e+01  2.77618011e+02]
 [-1.02865478e+02 -3.94915660e+02  7.73458435e+02]
 [-1.80087138e-01 -1.02072785e-01  1.00000000e+00]]",1,"[[ 1.63680861e-03  1.89847877e-04 -6.23910380e-01]
 [ 1.09223892e-04 -3.39045990e-03  2.55076509e+00]
 [ 2.96949150e-04 -4.30997820e-04  1.24136826e+00]]","[[ 5.58219831e+02 -5.96611750e+00  2.92819885e+02]
 [-1.11639196e+02 -3.98033122e+02  7.61769226e+02]
 [-1.72293075e-01 -1.36768258e-01  1.00000000e+00]]",6
622,27.094597741,"[[ 1.36552489e-03  2.00608521e-04 -5.31452940e-01]
 [ 1.30918624e-04 -2.99025371e-03  2.26920797e+00]
 [-3.03111117e-04  3.97753157e-04  7.76991144e-01]]","[[ 7.85001175e+02  8.93674450e+01  2.75933471e+02]
 [ 1.92125357e+02 -2.18981639e+02  7.70948899e+02]
 [ 2.07884114e-01  1.46962942e-01  1.00000000e+00]]",4,"[[ 1.43651979e-03  1.78894606e-04 -5.54252134e-01]
 [ 9.68332291e-05 -3.25810775e-03  2.44531904e+00]
 [-3.69098401e-04  3.17011570e-04  8.66840677e-01]]","[[ 7.66223046e+02  7.04132517e+01  2.91285239e+02]
 [ 2.09998700e+02 -2.21527397e+02  7.59190708e+02]
 [ 2.49457241e-01  1.10996368e-01  1.00000000e+00]]",6
623,27.138911741,"[[ 1.36478334e-03  1.93360816e-04 -5.24610069e-01]
 [ 1.16992663e-04 -2.99363187e-03  2.27237803e+00]
 [-3.03712805e-04  3.93559125e-04  7.80645089e-01]]","[[ 7.86528321e+02  8.69977680e+01  2.75322119e+02]
 [ 1.90220705e+02 -2.20549832e+02  7.69830361e+02]
 [ 2.10102683e-01  1.45036120e-01  1.00000000e+00]]",4,"[[ 1.43632056e-03  1.71985605e-04 -5.47904810e-01]
 [ 8.21973494e-05 -3.25888135e-03  2.44678296e+00]
 [-3.68505310e-04  3.15157647e-04  8.68186346e-01]]","[[ 7.66877201e+02  6.85828325e+01  2.90684601e+02]
 [ 2.07247836e+02 -2.22599047e+02  7.58136365e+02]
 [ 2.50271824e-01  1.09915262e-01  1.00000000e+00]]",6
624,27.180800741000002,"[[ 1.36356642e-03  1.84699791e-04 -5.17198493e-01]
 [ 1.00107890e-04 -2.99033120e-03  2.27594209e+00]
 [-3.03883287e-04  3.92173977e-04  7.81461459e-01]]","[[ 7.88425248e+02  8.47575988e+01  2.74957851e+02]
 [ 1.87951724e+02 -2.21778684e+02  7.70305156e+02]
 [ 2.12268281e-01  1.44258229e-01  1.00000000e+00]]",4,"[[ 1.43583205e-03  1.63269629e-04 -5.40781935e-01]
 [ 6.45208002e-05 -3.25429581e-03  2.44979286e+00]
 [-3.67867962e-04  3.15443964e-04  8.67542624e-01]]","[[ 7.67860884e+02  6.66707933e+01  2.90378426e+02]
 [ 2.04386688e+02 -2.23505055e+02  7.58544536e+02]
 [ 2.51283182e-01  1.09538560e-01  1.00000000e+00]]",6
625,27.215272741000003,"[[ 1.36558097e-03  1.76184768e-04 -5.11817819e-01]
 [ 8.15640221e-05 -2.98651516e-03  2.28629101e+00]
 [-2.98134388e-04  3.93895772e-04  7.77503962e-01]]","[[ 7.87399228e+02  8.27295781e+01  2.75061061e+02]
 [ 1.82040847e+02 -2.22140502e+02  7.73050184e+02]
 [ 2.09703969e-01  1.44262592e-01  1.00000000e+00]]",4,"[[ 1.43898693e-03  1.53969481e-04 -5.35342513e-01]
 [ 4.52084534e-05 -3.25227665e-03  2.46196740e+00]
 [-3.61739618e-04  3.17095410e-04  8.63799081e-01]]","[[ 7.65955791e+02  6.45950386e+01  2.90597460e+02]
 [ 1.98347175e+02 -2.23885952e+02  7.61037612e+02]
 [ 2.47953003e-01  1.09238125e-01  1.00000000e+00]]",6
626,27.255255741000003,"[[ 1.36490521e-03  1.70537301e-04 -5.07563703e-01]
 [ 6.42660557e-05 -2.98749367e-03  2.29800578e+00]
 [-2.95904836e-04  3.94173659e-04  7.75845953e-01]]","[[ 7.88446885e+02  8.12939575e+01  2.75019848e+02]
 [ 1.78508685e+02 -2.22267872e+02  7.75124728e+02]
 [ 2.10018269e-01  1.43929881e-01  1.00000000e+00]]",4,"[[ 1.43921396e-03  1.47671971e-04 -5.30990669e-01]
 [ 2.74444341e-05 -3.25546093e-03  2.47563843e+00]
 [-3.59073168e-04  3.16831848e-04  8.62656977e-01]]","[[ 7.66140588e+02  6.30416865e+01  2.90666034e+02]
 [ 1.94613110e+02 -2.24099664e+02  7.62907511e+02]
 [ 2.47422675e-01  1.08546608e-01  1.00000000e+00]]",6
627,27.303033741,"[[ 1.36461366e-03  1.63406519e-04 -5.02081112e-01]
 [ 4.64420755e-05 -2.98804995e-03  2.30680000e+00]
 [-2.94478404e-04  3.89392264e-04  7.78695202e-01]]","[[ 7.89457368e+02  7.90062857e+01  2.74972714e+02]
 [ 1.75139659e+02 -2.23926214e+02  7.76282305e+02]
 [ 2.10968447e-01  1.41853681e-01  1.00000000e+00]]",5,"[[ 1.45045278e-03  1.39206451e-04 -5.28091340e-01]
 [ 2.52049944e-05 -3.28499304e-03  2.49941155e+00]
 [-3.37854809e-04  2.99686396e-04  8.69577696e-01]]","[[ 7.56169859e+02  5.85777670e+01  2.90850154e+02]
 [ 1.81693171e+02 -2.27099328e+02  7.63089115e+02]
 [ 2.31175032e-01  1.01025314e-01  1.00000000e+00]]",6
628,27.341710741,"[[ 1.36325091e-03  1.56109753e-04 -4.95583606e-01]
 [ 2.90808694e-05 -2.98419412e-03  2.31289687e+00]
 [-2.92771579e-04  3.86580065e-04  7.79704905e-01]]","[[ 7.90845116e+02  7.69265621e+01  2.74471365e+02]
 [ 1.71831268e+02 -2.25361664e+02  7.77723782e+02]
 [ 2.11760154e-01  1.40620172e-01  1.00000000e+00]]",5,"[[ 1.45000599e-03  1.31530388e-04 -5.21712715e-01]
 [ 7.27119872e-06 -3.28134113e-03  2.50599669e+00]
 [-3.35419089e-04  2.97660345e-04  8.69909599e-01]]","[[ 7.56559363e+02  5.66751902e+01  2.90465585e+02]
 [ 1.77957246e+02 -2.28283218e+02  7.64354765e+02]
 [ 2.30821269e-01  9.99653321e-02  1.00000000e+00]]",6
629,27.385170741000003,"[[ 1.36039053e-03  1.49028697e-04 -4.88427841e-01]
 [ 1.26210842e-05 -2.97986473e-03  2.31778350e+00]
 [-2.90718378e-04  3.85834057e-04  7.79014706e-01]]","[[ 7.92876557e+02  7.50919930e+01  2.73699586e+02]
 [ 1.68567917e+02 -2.26293409e+02  7.78974247e+02]
 [ 2.12402336e-01  1.40103038e-01  1.00000000e+00]]",5,"[[ 1.44805571e-03  1.24096044e-04 -5.14686187e-01]
 [-9.67391351e-06 -3.27731404e-03  2.51137804e+00]
 [-3.32598094e-04  2.97712410e-04  8.68519086e-01]]","[[ 7.57519939e+02  5.50124234e+01  2.89835953e+02]
 [ 1.74280082e+02 -2.28996282e+02  7.65436011e+02]
 [ 2.30351120e-01  9.95626505e-02  1.00000000e+00]]",6
630,27.422330741000003,"[[ 1.38147463e-03  1.11480414e-04 -4.73323459e-01]
 [-1.23388047e-05 -3.02360046e-03  2.36544511e+00]
 [-2.99883201e-04  3.30343743e-04  8.25782149e-01]]","[[ 7.85085882e+02  5.94920245e+01  2.79582753e+02]
 [ 1.67439269e+02 -2.39209442e+02  7.81186347e+02]
 [ 2.18122361e-01  1.17297282e-01  1.00000000e+00]]",3,"[[ 1.45798757e-03  8.91011957e-05 -4.97941256e-01]
 [-5.12851228e-05 -3.28907717e-03  2.54221614e+00]
 [-3.59096352e-04  2.58856938e-04  9.06891081e-01]]","[[ 7.59968343e+02  4.37709410e+01  2.94571646e+02]
 [ 1.80842226e+02 -2.38668228e+02  7.68333752e+02]
 [ 2.49301818e-01  8.54555895e-02  1.00000000e+00]]",6
631,27.463011741000003,"[[ 1.35714844e-03  1.35360316e-04 -4.74781024e-01]
 [-1.92699781e-05 -2.96701426e-03  2.32660764e+00]
 [-2.81965969e-04  3.90079907e-04  7.71443373e-01]]","[[ 7.94331630e+02  7.19732335e+01  2.71802334e+02]
 [ 1.59330832e+02 -2.26907333e+02  7.82392607e+02]
 [ 2.09766183e-01  1.41042101e-01  1.00000000e+00]]",4,"[[ 1.43716413e-03  1.10499971e-04 -4.99165035e-01]
 [-5.83530788e-05 -3.23831921e-03  2.50800296e+00]
 [-3.40089387e-04  3.15797265e-04  8.55068546e-01]]","[[ 7.66211608e+02  5.42479587e+01  2.88178069e+02]
 [ 1.72789883e+02 -2.27886418e+02  7.69283917e+02]
 [ 2.40932571e-01  1.05740134e-01  1.00000000e+00]]",6
632,27.504971741000002,"[[ 1.35418589e-03  1.54476818e-04 -4.86233411e-01]
 [-4.06894018e-05 -2.91665327e-03  2.30005945e+00]
 [-2.78846229e-04  4.36361061e-04  7.32686036e-01]]","[[ 7.96430345e+02  8.25064442e+01  2.69530613e+02]
 [ 1.55081796e+02 -2.17225649e+02  7.84835288e+02]
 [ 2.10745031e-01  1.60772036e-01  1.00000000e+00]]",3,"[[ 1.43215380e-03  1.39835236e-04 -5.17709653e-01]
 [-8.04927026e-05 -3.16128666e-03  2.46185187e+00]
 [-3.42713452e-04  3.82905343e-04  8.02674942e-01]]","[[ 7.70591918e+02  6.87472905e+01  2.86164693e+02]
 [ 1.72512618e+02 -2.15253845e+02  7.71463636e+02]
 [ 2.46720313e-01  1.32036598e-01  1.00000000e+00]]",6
633,27.541003741,"[[ 1.35212649e-03  1.19602314e-04 -4.57579333e-01]
 [-5.52559050e-05 -2.95658823e-03  2.33927629e+00]
 [-2.78852237e-04  3.86629684e-04  7.71014085e-01]]","[[ 7.97781746e+02  6.74327060e+01  2.68872791e+02]
 [ 1.52768294e+02 -2.29239519e+02  7.86183024e+02]
 [ 2.11926695e-01  1.39341895e-01  1.00000000e+00]]",5,"[[ 1.44673477e-03  9.20968333e-05 -4.84741219e-01]
 [-7.81040716e-05 -3.26098653e-03  2.53858111e+00]
 [-3.15232477e-04  2.99882707e-04  8.58741110e-01]]","[[ 7.56087917e+02  4.76485688e+01  2.85938589e+02]
 [ 1.55643374e+02 -2.31301084e+02  7.71621754e+02]
 [ 2.23197316e-01  9.82642737e-02  1.00000000e+00]]",6
634,27.573052741,"[[ 1.35155900e-03  1.12777609e-04 -4.54078895e-01]
 [-6.67981807e-05 -2.94881036e-03  2.34508074e+00]
 [-2.75182217e-04  3.87771367e-04  7.68324184e-01]]","[[ 7.98147593e+02  6.60460891e+01  2.70118486e+02]
 [ 1.49323317e+02 -2.29635673e+02  7.89144446e+02]
 [ 2.10500621e-01  1.39551573e-01  1.00000000e+00]]",5,"[[ 1.44607296e-03  8.44045736e-05 -4.80643548e-01]
 [-9.12412824e-05 -3.25424683e-03  2.54618693e+00]
 [-3.12444732e-04  3.00357217e-04  8.57140921e-01]]","[[ 7.56487807e+02  4.61266922e+01  2.87180085e+02]
 [ 1.52683909e+02 -2.31858810e+02  7.74367889e+02]
 [ 2.22251571e-01  9.80614816e-02  1.00000000e+00]]",6
635,27.616584741,"[[ 6.60369549e-04  2.65210945e-04 -3.12369844e-01]
 [-3.03078957e-04 -1.16163915e-03  1.20189975e+00]
 [-4.29794470e-04  6.76657610e-04  3.38831494e-01]]","[[ 1.75741896e+03  4.38642112e+02  6.42231867e+01]
 [ 6.02677049e+02 -1.30326336e+02  1.01790221e+03]
 [ 1.02565123e+00  8.16666296e-01  1.00000000e+00]]",1,"[[ 7.53698883e-04  2.69391394e-04 -3.48242579e-01]
 [-3.45170380e-04 -1.41094411e-03  1.39678005e+00]
 [-4.89531899e-04  6.67217399e-04  4.16881611e-01]]","[[ 1.56645535e+03  3.55155851e+02  1.18575249e+02]
 [ 5.56317352e+02 -1.48105184e+02  9.60953291e+02]
 [ 9.49058999e-01  6.54090914e-01  1.00000000e+00]]",6
636,27.652454741000003,"[[ 1.35394924e-03  1.05927080e-04 -4.60881581e-01]
 [-8.76977925e-05 -2.68516258e-03  2.21803363e+00]
 [-2.62433751e-04  3.76978925e-04  7.64564401e-01]]","[[ 7.96719575e+02  7.02456563e+01  2.76479194e+02]
 [ 1.42028655e+02 -2.52112201e+02  8.17003420e+02]
 [ 2.03441721e-01  1.48418913e-01  1.00000000e+00]]",4,"[[ 1.44225509e-03  7.50657101e-05 -4.84320685e-01]
 [-1.32127442e-04 -2.96699398e-03  2.41348574e+00]
 [-3.23023729e-04  2.92903759e-04  8.60593871e-01]]","[[ 7.63670554e+02  4.83599538e+01  2.94151975e+02]
 [ 1.55977289e+02 -2.54084526e+02  8.00345470e+02]
 [ 2.33556596e-01  1.04629754e-01  1.00000000e+00]]",6
637,27.694240741,"[[ 1.35343538e-03  1.06016120e-04 -4.61458876e-01]
 [-8.70345198e-05 -2.68242900e-03  2.21433308e+00]
 [-2.58945120e-04  3.75918792e-04  7.64785979e-01]]","[[ 7.96376880e+02  7.02932671e+01  2.76995760e+02]
 [ 1.39958730e+02 -2.52838527e+02  8.16508056e+02]
 [ 2.00846765e-01  1.48079142e-01  1.00000000e+00]]",5,"[[ 1.45053153e-03  7.63806972e-05 -4.88353388e-01]
 [-1.18198844e-04 -2.97044129e-03  2.40904311e+00]
 [-2.98863207e-04  2.95619640e-04  8.51756571e-01]]","[[ 7.54066658e+02  4.87069027e+01  2.94584142e+02]
 [ 1.44033086e+02 -2.53401696e+02  7.99283128e+02]
 [ 2.14596256e-01  1.05038484e-01  1.00000000e+00]]",6
638,27.736392741000003,"[[ 1.35320597e-03  1.04013729e-04 -4.61343694e-01]
 [-8.78065975e-05 -2.68368938e-03  2.21265554e+00]
 [-2.56491642e-04  3.73393712e-04  7.66912197e-01]]","[[ 7.96241407e+02  6.95750490e+01  2.78252627e+02]
 [ 1.38079894e+02 -2.53822415e+02  8.15378690e+02]
 [ 1.99072465e-01  1.46850073e-01  1.00000000e+00]]",5,"[[ 1.44856160e-03  7.48261630e-05 -4.87962613e-01]
 [-1.20155234e-04 -2.96841024e-03  2.40540845e+00]
 [-2.97926507e-04  2.93509886e-04  8.53743677e-01]]","[[ 7.55143843e+02  4.82655289e+01  2.95619936e+02]
 [ 1.43104769e+02 -2.54332326e+02  7.98369490e+02]
 [ 2.14320419e-01  1.04280283e-01  1.00000000e+00]]",6
639,27.776347741000002,"[[ 1.35190758e-03  1.03357425e-04 -4.61469204e-01]
 [-8.89531902e-05 -2.67941765e-03  2.20794940e+00]
 [-2.54190497e-04  3.73638922e-04  7.66500799e-01]]","[[ 7.96747077e+02  6.96477380e+01  2.79054579e+02]
 [ 1.36462546e+02 -2.54332638e+02  8.14776525e+02]
 [ 1.97700794e-01  1.47074036e-01  1.00000000e+00]]",4,"[[ 1.43687498e-03  7.36863636e-05 -4.84540248e-01]
 [-1.36093593e-04 -2.95413720e-03  2.39928602e+00]
 [-3.16033305e-04  2.91418857e-04  8.60923856e-01]]","[[ 7.65694434e+02  4.83251777e+01  2.96267603e+02]
 [ 1.51389340e+02 -2.55959032e+02  7.98529569e+02]
 [ 2.29831283e-01  1.04380490e-01  1.00000000e+00]]",6
640,27.815088741,"[[ 1.35338321e-03  1.02069326e-04 -4.62893608e-01]
 [-8.72756737e-05 -2.68317752e-03  2.20797281e+00]
 [-2.52114778e-04  3.71123108e-04  7.68749795e-01]]","[[ 7.95625766e+02  6.90846390e+01  2.80654485e+02]
 [ 1.35148358e+02 -2.54995483e+02  8.13765948e+02]
 [ 1.95684390e-01  1.45758705e-01  1.00000000e+00]]",4,"[[ 1.43676278e-03  7.28394451e-05 -4.85698549e-01]
 [-1.35530742e-04 -2.95527852e-03  2.39784957e+00]
 [-3.14957637e-04  2.89427207e-04  8.62849181e-01]]","[[ 7.65778649e+02  4.80207842e+01  2.97608165e+02]
 [ 1.50673751e+02 -2.56537656e+02  7.97730061e+02]
 [ 2.28984109e-01  1.03579504e-01  1.00000000e+00]]",6
641,27.859475741,"[[ 1.35449574e-03  1.00861146e-04 -4.63605061e-01]
 [-8.98684607e-05 -2.68847289e-03  2.20768547e+00]
 [-2.49221256e-04  3.68851950e-04  7.70822644e-01]]","[[ 7.94680245e+02  6.84791101e+01  2.81825461e+02]
 [ 1.32397711e+02 -2.55621683e+02  8.11746423e+02]
 [ 1.93580269e-01  1.44459957e-01  1.00000000e+00]]",5,"[[ 1.44234535e-03  7.10349654e-05 -4.87169648e-01]
 [-1.28380620e-04 -2.97635187e-03  2.40540181e+00]
 [-3.02112720e-04  2.78235780e-04  8.68930522e-01]]","[[ 7.59957496e+02  4.60507303e+01  2.98594318e+02]
 [ 1.43598564e+02 -2.58209007e+02  7.95291748e+02]
 [ 2.18243649e-01  9.86908547e-02  1.00000000e+00]]",6
642,27.895836741,"[[ 1.36011748e-03  9.48641428e-05 -4.62969974e-01]
 [-9.95471570e-05 -2.69477369e-03  2.21338724e+00]
 [-2.40584485e-04  3.70039792e-04  7.68228816e-01]]","[[ 7.90325385e+02  6.67971432e+01  2.83833377e+02]
 [ 1.24743136e+02 -2.55349554e+02  8.10877903e+02]
 [ 1.87418251e-01  1.43915263e-01  1.00000000e+00]]",5,"[[ 1.44962754e-03  6.70019054e-05 -4.88553027e-01]
 [-1.36943429e-04 -2.96726624e-03  2.39924018e+00]
 [-2.86896386e-04  2.92286748e-04  8.53868219e-01]]","[[ 7.53664486e+02  4.65975006e+01  3.00288106e+02]
 [ 1.33123881e+02 -2.55722618e+02  7.94710519e+02]
 [ 2.07658825e-01  1.03192724e-01  1.00000000e+00]]",6
643,27.938852741,"[[ 1.36628940e-03  8.53968416e-05 -4.58516808e-01]
 [-1.21981465e-04 -2.70880586e-03  2.22672716e+00]
 [-2.33691528e-04  3.67132057e-04  7.69523180e-01]]","[[ 7.86320664e+02  6.34182323e+01  2.85015639e+02]
 [ 1.15563914e+02 -2.55850247e+02  8.09198092e+02]
 [ 1.83658223e-01  1.41322749e-01  1.00000000e+00]]",5,"[[ 1.45572808e-03  5.77630700e-05 -4.84320174e-01]
 [-1.60618937e-04 -2.97728233e-03  2.41006708e+00]
 [-2.78874770e-04  2.91799648e-04  8.52538106e-01]]","[[ 7.49509030e+02  4.40640271e+01  3.01224170e+02]
 [ 1.23744157e+02 -2.55732026e+02  7.93235074e+02]
 [ 2.02818685e-01  1.01943667e-01  1.00000000e+00]]",6
644,27.981487741000002,"[[ 1.37725184e-03  7.79037000e-05 -4.55177543e-01]
 [-1.59430923e-04 -2.73105526e-03  2.25883067e+00]
 [-2.13435466e-04  3.66316562e-04  7.63865107e-01]]","[[ 7.77182936e+02  6.03497407e+01  2.84652843e+02]
 [ 9.61156377e+01 -2.54708259e+02  8.10473606e+02]
 [ 1.71063779e-01  1.39009660e-01  1.00000000e+00]]",2,"[[ 1.46302277e-03  4.73536976e-05 -4.77979898e-01]
 [-2.15546700e-04 -2.98046978e-03  2.43460397e+00]
 [-2.67071323e-04  3.01319599e-04  8.40806076e-01]]","[[ 7.44684221e+02  4.22592661e+01  3.00972505e+02]
 [ 1.07804335e+02 -2.53423142e+02  7.95086183e+02]
 [ 1.97905612e-01  1.04242346e-01  1.00000000e+00]]",6
645,28.018060741000003,"[[ 1.37282056e-03  5.00796624e-05 -4.30284907e-01]
 [-2.00278041e-04 -2.70170647e-03  2.25686678e+00]
 [-2.18428507e-04  3.66759538e-04  7.63315586e-01]]","[[ 7.81302534e+02  5.29985074e+01  2.83725527e+02]
 [ 9.19424930e+01 -2.57887895e+02  8.14315994e+02]
 [ 1.79398878e-01  1.39076460e-01  1.00000000e+00]]",4,"[[ 1.47025506e-03  1.95459909e-05 -4.57196144e-01]
 [-2.42428543e-04 -2.98199712e-03  2.45128644e+00]
 [-2.55772492e-04  2.82925582e-04  8.51159613e-01]]","[[ 7.37902607e+02  3.33342424e+01  3.00360175e+02]
 [ 9.60430875e+01 -2.59040654e+02  7.97609945e+02]
 [ 1.89814155e-01  9.61220537e-02  1.00000000e+00]]",6
646,28.058950741,"[[ 1.36552372e-03  3.16932536e-05 -4.11479343e-01]
 [-2.35296282e-04 -2.71171232e-03  2.28093179e+00]
 [-2.19606983e-04  3.64374107e-04  7.64450826e-01]]","[[ 7.85853701e+02  4.71283182e+01  2.82380603e+02]
 [ 8.68733429e+01 -2.58023232e+02  8.16638504e+02]
 [ 1.84347454e-01  1.36525057e-01  1.00000000e+00]]",5,"[[ 1.45903908e-03 -8.14861483e-06 -4.29897547e-01]
 [-2.76776106e-04 -3.00032117e-03  2.48108092e+00]
 [-2.60166158e-04  2.81945831e-04  8.52445650e-01]]","[[ 7.43666496e+02  2.60880623e+01  2.99108581e+02]
 [ 9.35094872e+01 -2.58435563e+02  7.99346029e+02]
 [ 1.96038592e-01  9.34394594e-02  1.00000000e+00]]",6
647,28.104004741,"[[ 1.36395154e-03  1.84997215e-05 -3.99447874e-01]
 [-2.61280295e-04 -2.70273806e-03  2.28251157e+00]
 [-2.16934304e-04  3.65393668e-04  7.62498514e-01]]","[[ 7.86308267e+02  4.34764866e+01  2.81775739e+02]
 [ 8.03812540e+01 -2.58953936e+02  8.17278284e+02]
 [ 1.85189129e-01  1.36461472e-01  1.00000000e+00]]",4,"[[ 1.45382005e-03 -1.34165347e-05 -4.23495678e-01]
 [-3.20809305e-04 -2.96305896e-03  2.46870037e+00]
 [-2.70389157e-04  2.97468032e-04  8.42543759e-01]]","[[ 7.49263061e+02  2.65934250e+01  2.98688902e+02]
 [ 9.21170058e+01 -2.57510033e+02  8.00820444e+02]
 [ 2.07930735e-01  9.94507118e-02  1.00000000e+00]]",6
648,28.140141741,"[[ 1.36568586e-03  7.19418892e-06 -3.90392999e-01]
 [-2.80211279e-04 -2.71444249e-03  2.29144856e+00]
 [-2.12303186e-04  3.56276554e-04  7.69374909e-01]]","[[ 7.84012529e+02  3.90338906e+01  2.81564745e+02]
 [ 7.31146900e+01 -2.61221896e+02  8.15103267e+02]
 [ 1.82484906e-01  1.31735848e-01  1.00000000e+00]]",3,"[[ 1.46050274e-03 -2.40968078e-05 -4.16614461e-01]
 [-3.40535889e-04 -2.95739322e-03  2.46446510e+00]
 [-2.53799977e-04  3.04342953e-04  8.32585453e-01]]","[[ 7.42307338e+02  2.46635125e+01  2.98436160e+02]
 [ 7.90195280e+01 -2.56559214e+02  7.98959319e+02]
 [ 1.97395413e-01  1.01300818e-01  1.00000000e+00]]",6
649,28.172808741,"[[ 1.36669952e-03 -8.62026437e-07 -3.83962865e-01]
 [-2.89923585e-04 -2.71840191e-03  2.28555845e+00]
 [-2.08611873e-04  3.54429464e-04  7.71358908e-01]]","[[ 7.82382390e+02  3.64481871e+01  2.81453056e+02]
 [ 6.81362595e+01 -2.62177271e+02  8.10755231e+02]
 [ 1.80285412e-01  1.30324383e-01  1.00000000e+00]]",5,"[[ 1.46789781e-03 -3.09764760e-05 -4.12915032e-01]
 [-3.32622350e-04 -2.97755666e-03  2.46376122e+00]
 [-2.36079554e-04  2.93981285e-04  8.36900085e-01]]","[[ 7.34119758e+02  2.17904440e+01  2.98055452e+02]
 [ 6.92235451e+01 -2.58157837e+02  7.94148216e+02]
 [ 1.82770012e-01  9.68309748e-02  1.00000000e+00]]",6
650,28.212513741000002,"[[ 1.36881174e-03 -1.08288103e-05 -3.77217692e-01]
 [-2.99920078e-04 -2.73356504e-03  2.28718737e+00]
 [-2.06930625e-04  3.41622299e-04  7.83076269e-01]]","[[ 7.80228798e+02  3.21459853e+01  2.81954930e+02]
 [ 6.36661831e+01 -2.65375280e+02  8.05769534e+02]
 [ 1.78403370e-01  1.24266442e-01  1.00000000e+00]]",4,"[[ 1.46845815e-03 -4.80634835e-05 -4.00100568e-01]
 [-3.44663823e-04 -3.00156413e-03  2.47298599e+00]
 [-2.35171066e-04  2.68341077e-04  8.58259380e-01]]","[[ 7.32267338e+02  1.49432504e+01  2.98308571e+02]
 [ 6.45905246e+01 -2.63599326e+02  7.89644904e+02]
 [ 1.80453373e-01  8.65108486e-02  1.00000000e+00]]",6
651,28.251737741000003,"[[ 1.36706504e-03 -1.42465123e-05 -3.74632126e-01]
 [-3.02763024e-04 -2.72656024e-03  2.27067397e+00]
 [-2.07106257e-04  3.41168947e-04  7.85058790e-01]]","[[ 7.81197500e+02  3.12534624e+01  2.82393191e+02]
 [ 6.23265827e+01 -2.66805523e+02  8.01440484e+02]
 [ 1.79001875e-01  1.24192670e-01  1.00000000e+00]]",5,"[[ 1.46609179e-03 -4.10124434e-05 -4.05235932e-01]
 [-3.45416377e-04 -2.97066654e-03  2.43740777e+00]
 [-2.32923140e-04  2.88156487e-04  8.43068932e-01]]","[[ 7.33923413e+02  1.88113619e+01  2.98387438e+02]
 [ 6.32847907e+01 -2.61275726e+02  7.85796665e+02]
 [ 1.81138003e-01  9.44998609e-02  1.00000000e+00]]",6
652,28.299197741,"[[ 1.36653094e-03 -1.78883154e-05 -3.72514070e-01]
 [-3.07371006e-04 -2.72481811e-03  2.26546380e+00]
 [-2.06788605e-04  3.39411992e-04  7.87178722e-01]]","[[ 7.81391256e+02  3.01295352e+01  2.83063883e+02]
 [ 6.07437250e+01 -2.67809046e+02  7.99487554e+02]
 [ 1.79077070e-01  1.23387541e-01  1.00000000e+00]]",6,"[[ 1.45751470e-03 -4.33854742e-05 -4.01157724e-01]
 [-3.46337341e-04 -2.96914637e-03  2.43012041e+00]
 [-2.40230083e-04  2.88751318e-04  8.45448409e-01]]","[[ 7.39639888e+02  1.82274748e+01  2.98560258e+02]
 [ 6.70053978e+01 -2.61567540e+02  7.83631911e+02]
 [ 1.87280327e-01  9.45140577e-02  1.00000000e+00]]",6
653,28.338382741,"[[ 1.36629926e-03 -2.00492372e-05 -3.70899638e-01]
 [-3.12242736e-04 -2.72505515e-03  2.26276559e+00]
 [-2.05052227e-04  3.39057856e-04  7.87527486e-01]]","[[ 7.81140486e+02  2.94857431e+01  2.83171575e+02]
 [ 5.84757534e+01 -2.68117479e+02  7.97909474e+02]
 [ 1.78213376e-01  1.23111201e-01  1.00000000e+00]]",6,"[[ 1.45665072e-03 -4.48817666e-05 -3.99792550e-01]
 [-3.51271621e-04 -2.96643002e-03  2.42520607e+00]
 [-2.38379261e-04  2.90310206e-04  8.44091195e-01]]","[[ 7.39712722e+02  1.80269385e+01  2.98560862e+02]
 [ 6.49355221e+01 -2.61538244e+02  7.82196141e+02]
 [ 1.86568381e-01  9.50424198e-02  1.00000000e+00]]",6
654,28.379094741000003,"[[ 1.36551322e-03 -2.24263202e-05 -3.68282558e-01]
 [-3.16019031e-04 -2.72537042e-03  2.25883622e+00]
 [-2.05442738e-04  3.35760657e-04  7.90819123e-01]]","[[ 7.81443573e+02  2.84072206e+01  2.82776140e+02]
 [ 5.74335297e+01 -2.69325900e+02  7.96028886e+02]
 [ 1.78622372e-01  1.21728339e-01  1.00000000e+00]]",6,"[[ 1.45556005e-03 -4.64817379e-05 -3.97629629e-01]
 [-3.54653160e-04 -2.96382139e-03  2.41884300e+00]
 [-2.38205241e-04  2.89110282e-04  8.45372968e-01]]","[[ 7.40063094e+02  1.74724220e+01  2.98102704e+02]
 [ 6.38186283e+01 -2.62272802e+02  7.80451863e+02]
 [ 1.86706095e-01  9.46183393e-02  1.00000000e+00]]",6
655,28.417867741000002,"[[ 1.36494811e-03 -2.52541490e-05 -3.65142120e-01]
 [-3.17954649e-04 -2.72692510e-03  2.25595601e+00]
 [-2.05933242e-04  3.31827653e-04  7.94518087e-01]]","[[ 7.81520045e+02  2.71033659e+01  2.82211177e+02]
 [ 5.68224152e+01 -2.70574511e+02  7.94383994e+02]
 [ 1.78832566e-01  1.20029475e-01  1.00000000e+00]]",6,"[[ 1.45499707e-03 -4.87102133e-05 -3.94933068e-01]
 [-3.56085093e-04 -2.96336428e-03  2.41414606e+00]
 [-2.37956577e-04  2.86807593e-04  8.47395513e-01]]","[[ 7.40012436e+02  1.66302762e+01  2.97508616e+02]
 [ 6.29972396e+01 -2.63102985e+02  7.78914590e+02]
 [ 1.86480501e-01  9.37191858e-02  1.00000000e+00]]",6
656,28.463639741,"[[ 1.36612918e-03 -2.63288982e-05 -3.64329944e-01]
 [-3.18404301e-04 -2.72589697e-03  2.25333223e+00]
 [-2.05074300e-04  3.30067109e-04  7.95853172e-01]]","[[ 7.80525765e+02  2.66053403e+01  2.81984473e+02]
 [ 5.59164225e+01 -2.71285977e+02  7.93701007e+02]
 [ 1.77934332e-01  1.19367055e-01  1.00000000e+00]]",6,"[[ 1.45638592e-03 -4.95329768e-05 -3.94390092e-01]
 [-3.56202221e-04 -2.96139435e-03  2.41063236e+00]
 [-2.36557222e-04  2.85856789e-04  8.47849547e-01]]","[[ 7.38911383e+02  1.63356007e+01  2.97269959e+02]
 [ 6.19424651e+01 -2.63590827e+02  7.78263163e+02]
 [ 1.85278332e-01  9.34287598e-02  1.00000000e+00]]",6
657,28.502732741000003,"[[ 1.36633267e-03 -2.52068187e-05 -3.65033913e-01]
 [-3.18567209e-04 -2.72551195e-03  2.25173316e+00]
 [-2.05011662e-04  3.32132253e-04  7.94313968e-01]]","[[ 7.80492037e+02  2.71215931e+01  2.81797225e+02]
 [ 5.58922698e+01 -2.70756882e+02  7.93231454e+02]
 [ 1.78073595e-01  1.20213593e-01  1.00000000e+00]]",6,"[[ 1.45662050e-03 -4.82417982e-05 -3.95204489e-01]
 [-3.56186295e-04 -2.96064892e-03  2.40867289e+00]
 [-2.36240717e-04  2.88314358e-04  8.45924328e-01]]","[[ 7.38832128e+02  1.68911924e+01  2.97076710e+02]
 [ 6.18330168e+01 -2.63025327e+02  7.77822127e+02]
 [ 1.85258752e-01  9.43634825e-02  1.00000000e+00]]",6
658,28.541858741000002,"[[ 1.36724850e-03 -2.56470467e-05 -3.64977119e-01]
 [-3.20214169e-04 -2.72501604e-03  2.25257131e+00]
 [-2.04628428e-04  3.31846922e-04  7.94346241e-01]]","[[ 7.79894356e+02  2.69802514e+01  2.81827550e+02]
 [ 5.53240343e+01 -2.70859033e+02  7.93509507e+02]
 [ 1.77793307e-01  1.20104632e-01  1.00000000e+00]]",6,"[[ 1.45779142e-03 -4.88064896e-05 -3.95163323e-01]
 [-3.57844908e-04 -2.96042848e-03  2.40972772e+00]
 [-2.35640892e-04  2.87981491e-04  8.45945200e-01]]","[[ 7.38104030e+02  1.67342620e+01  2.97119277e+02]
 [ 6.11825258e+01 -2.63109836e+02  7.78064769e+02]
 [ 1.84773266e-01  9.42307366e-02  1.00000000e+00]]",6
659,28.584356741,"[[ 1.36709775e-03 -2.75665260e-05 -3.62966715e-01]
 [-3.23367356e-04 -2.72407070e-03  2.25693747e+00]
 [-2.05654330e-04  3.30962758e-04  7.94751465e-01]]","[[ 7.80051728e+02  2.63113641e+01  2.81534190e+02]
 [ 5.54923961e+01 -2.71058483e+02  7.95096289e+02]
 [ 1.78741538e-01  1.19686862e-01  1.00000000e+00]]",6,"[[ 1.45867555e-03 -5.12977658e-05 -3.93140077e-01]
 [-3.61009883e-04 -2.96164092e-03  2.41574148e+00]
 [-2.35974970e-04  2.86190666e-04  8.46987707e-01]]","[[ 7.37528667e+02  1.59186299e+01  2.96930853e+02]
 [ 6.09145958e+01 -2.63382450e+02  7.79482243e+02]
 [ 1.84896563e-01  9.34299237e-02  1.00000000e+00]]",6
660,28.622434741000003,"[[ 1.36604159e-03 -2.84939117e-05 -3.61593761e-01]
 [-3.26305850e-04 -2.72307987e-03  2.26324167e+00]
 [-2.06960231e-04  3.30979565e-04  7.94295197e-01]]","[[ 7.80881786e+02  2.60241285e+01  2.81335064e+02]
 [ 5.61035402e+01 -2.70894969e+02  7.97420750e+02]
 [ 1.80087139e-01  1.19661631e-01  1.00000000e+00]]",5,"[[ 1.45537633e-03 -5.53311602e-05 -3.89030685e-01]
 [-3.76697307e-04 -2.97448715e-03  2.43764387e+00]
 [-2.49233376e-04  2.70204227e-04  8.62757649e-01]]","[[ 7.41388706e+02  1.31913672e+01  2.97032546e+02]
 [ 6.49549510e+01 -2.66372392e+02  7.81900337e+02]
 [ 1.93829297e-01  8.72350134e-02  1.00000000e+00]]",6
661,28.659071741,"[[ 1.36760679e-03 -2.78496416e-05 -3.63201870e-01]
 [-3.24414375e-04 -2.72635783e-03  2.26649717e+00]
 [-2.06231190e-04  3.33345977e-04  7.92179014e-01]]","[[ 7.79985909e+02  2.64901120e+01  2.81820867e+02]
 [ 5.63000340e+01 -2.69820303e+02  7.97793455e+02]
 [ 1.79366065e-01  1.20435657e-01  1.00000000e+00]]",6,"[[ 1.46015901e-03 -5.27594753e-05 -3.92900986e-01]
 [-3.62545878e-04 -2.96814511e-03  2.42874965e+00]
 [-2.36552820e-04  2.86119168e-04  8.46603502e-01]]","[[ 7.36890972e+02  1.55636852e+01  2.97335050e+02]
 [ 6.14723961e+01 -2.62625741e+02  7.81953702e+02]
 [ 1.85122322e-01  9.31060314e-02  1.00000000e+00]]",6
662,28.711529741000003,"[[ 1.36832201e-03 -2.66634311e-05 -3.65333509e-01]
 [-3.20881221e-04 -2.72712943e-03  2.26557610e+00]
 [-2.06309483e-04  3.33949671e-04  7.91960915e-01]]","[[ 7.79746970e+02  2.69739691e+01  2.82534293e+02]
 [ 5.70256858e+01 -2.69584532e+02  7.97511159e+02]
 [ 1.79081420e-01  1.20703749e-01  1.00000000e+00]]",6,"[[ 1.46012152e-03 -5.15024004e-05 -3.94798318e-01]
 [-3.59242495e-04 -2.96838133e-03  2.42756562e+00]
 [-2.37520565e-04  2.86432323e-04  8.46854220e-01]]","[[ 7.37271123e+02  1.59597457e+01  2.97961637e+02]
 [ 6.25751318e+01 -2.62535330e+02  7.81747652e+02]
 [ 1.85620511e-01  9.32738722e-02  1.00000000e+00]]",6
663,28.741832741000003,"[[ 1.36945253e-03 -2.64421978e-05 -3.67454988e-01]
 [-3.19365278e-04 -2.72886497e-03  2.26658397e+00]
 [-2.06176252e-04  3.33161616e-04  7.92835862e-01]]","[[ 7.79250860e+02  2.70878894e+01  2.83719052e+02]
 [ 5.71650746e+01 -2.69654714e+02  7.97391584e+02]
 [ 1.78621856e-01  1.20357169e-01  1.00000000e+00]]",6,"[[ 1.46015749e-03 -5.11455724e-05 -3.96614916e-01]
 [-3.58271353e-04 -2.96900671e-03  2.42806000e+00]
 [-2.38630698e-04  2.85515528e-04  8.48158662e-01]]","[[ 7.37660978e+02  1.60467424e+01  2.99006430e+02]
 [ 6.32907045e+01 -2.62728806e+02  7.81720886e+02]
 [ 1.86236470e-01  9.29571348e-02  1.00000000e+00]]",6
664,28.778560741000003,"[[ 1.37010393e-03 -2.54695531e-05 -3.69346107e-01]
 [-3.19920817e-04 -2.72887218e-03  2.26724931e+00]
 [-2.05282290e-04  3.34118815e-04  7.91924038e-01]]","[[ 7.78916590e+02  2.75516140e+01  2.84400298e+02]
 [ 5.65983179e+01 -2.69335894e+02  7.97495666e+02]
 [ 1.78031240e-01  1.20776796e-01  1.00000000e+00]]",6,"[[ 1.46014392e-03 -5.01806766e-05 -3.98254505e-01]
 [-3.59284473e-04 -2.96845951e-03  2.42856765e+00]
 [-2.38553405e-04  2.86325160e-04  8.47609350e-01]]","[[ 7.37856977e+02  1.64269266e+01  2.99620294e+02]
 [ 6.31398184e+01 -2.62527518e+02  7.81859656e+02]
 [ 1.86335575e-01  9.33058760e-02  1.00000000e+00]]",6
665,28.813138741000003,"[[ 1.36941027e-03 -2.55657962e-05 -3.68808247e-01]
 [-3.23240338e-04 -2.72626774e-03  2.26862977e+00]
 [-2.06190578e-04  3.33565271e-04  7.92273262e-01]]","[[ 7.79519904e+02  2.74656154e+01  2.84225237e+02]
 [ 5.65728505e+01 -2.69641538e+02  7.98438348e+02]
 [ 1.79053021e-01  1.20673268e-01  1.00000000e+00]]",6,"[[ 1.45986191e-03 -5.05046028e-05 -3.97709783e-01]
 [-3.62668676e-04 -2.96655912e-03  2.43055026e+00]
 [-2.39221116e-04  2.85505585e-04  8.48183095e-01]]","[[ 7.38114423e+02  1.62588785e+01  2.99507626e+02]
 [ 6.29625830e+01 -2.62834623e+02  7.82700811e+02]
 [ 1.86983669e-01  9.30579970e-02  1.00000000e+00]]",6
666,28.853660741000002,"[[ 1.36876019e-03 -2.70369765e-05 -3.66291853e-01]
 [-3.26576526e-04 -2.72428784e-03  2.27145126e+00]
 [-2.06669641e-04  3.33144925e-04  7.92120859e-01]]","[[ 7.79802313e+02  2.69178930e+01  2.83406945e+02]
 [ 5.63850634e+01 -2.69822343e+02  7.99804328e+02]
 [ 1.79741595e-01  1.20503146e-01  1.00000000e+00]]",6,"[[ 1.46045967e-03 -5.25360303e-05 -3.95268222e-01]
 [-3.65881685e-04 -2.96687198e-03  2.43503000e+00]
 [-2.38706142e-04  2.84330795e-04  8.48453220e-01]]","[[ 7.37464317e+02  1.55811475e+01  2.98844582e+02]
 [ 6.22264490e+01 -2.63033363e+02  7.83885607e+02]
 [ 1.86627103e-01  9.25305001e-02  1.00000000e+00]]",6
667,28.891502741,"[[ 1.36932893e-03 -2.90888584e-05 -3.64184107e-01]
 [-3.30587347e-04 -2.72438095e-03  2.27666128e+00]
 [-2.06255889e-04  3.32273972e-04  7.92107384e-01]]","[[ 7.79232477e+02  2.61931610e+01  2.82980733e+02]
 [ 5.55357121e+01 -2.69916882e+02  8.01323850e+02]
 [ 1.79607233e-01  1.20045401e-01  1.00000000e+00]]",6,"[[ 1.46227331e-03 -5.52578182e-05 -3.93168733e-01]
 [-3.69836548e-04 -2.96930897e-03  2.44196370e+00]
 [-2.37375472e-04  2.82690887e-04  8.48894356e-01]]","[[ 7.36055148e+02  1.47252653e+01  2.98547522e+02]
 [ 6.09094744e+01 -2.63156253e+02  7.85216339e+02]
 [ 1.85538853e-01  9.17514538e-02  1.00000000e+00]]",6
668,28.934463741000002,"[[ 1.37063676e-03 -2.92830265e-05 -3.64004594e-01]
 [-3.34093750e-04 -2.72269194e-03  2.28036118e+00]
 [-2.04880961e-04  3.33232336e-04  7.90390650e-01]]","[[ 7.78243664e+02  2.62328793e+01  2.82725800e+02]
 [ 5.42916787e+01 -2.69606462e+02  8.02846707e+02]
 [ 1.78842661e-01  1.20467276e-01  1.00000000e+00]]",5,"[[ 1.47211467e-03 -5.67445745e-05 -3.95122370e-01]
 [-3.77628128e-04 -2.96622487e-03  2.44721806e+00]
 [-2.27605591e-04  2.81542321e-04  8.46422472e-01]]","[[ 7.29178964e+02  1.44058898e+01  2.98740375e+02]
 [ 5.40940733e+01 -2.63465203e+02  7.86995387e+02]
 [ 1.78085345e-01  9.15092266e-02  1.00000000e+00]]",6
669,28.983027741,"[[ 1.36964266e-03 -3.26241204e-05 -3.59940924e-01]
 [-3.40774850e-04 -2.72793028e-03  2.28966426e+00]
 [-2.05820010e-04  3.29879882e-04  7.92768699e-01]]","[[ 7.78653555e+02  2.47835060e+01  2.81952823e+02]
 [ 5.36645946e+01 -2.69980480e+02  8.04119463e+02]
 [ 1.79824976e-01  1.18776221e-01  1.00000000e+00]]",5,"[[ 1.46221107e-03 -6.24185321e-05 -3.86514468e-01]
 [-3.91746917e-04 -2.98828468e-03  2.47137840e+00]
 [-2.47213436e-04  2.64073665e-04  8.65583163e-01]]","[[ 7.37202523e+02  1.09331706e+01  2.97971877e+02]
 [ 6.18732773e+01 -2.66300783e+02  7.87960011e+02]
 [ 1.91671087e-01  8.43660708e-02  1.00000000e+00]]",6
670,29.023345741000004,"[[ 1.37038320e-03 -3.53249260e-05 -3.56237209e-01]
 [-3.47387449e-04 -2.72924290e-03  2.29310677e+00]
 [-2.03801525e-04  3.28911428e-04  7.92605527e-01]]","[[ 7.77491083e+02  2.37640529e+01  2.80691638e+02]
 [ 5.11668440e+01 -2.70114327e+02  8.04471460e+02]
 [ 1.78682212e-01  1.18201092e-01  1.00000000e+00]]",5,"[[ 1.47478773e-03 -6.37671599e-05 -3.87770679e-01]
 [-3.90538875e-04 -2.97617898e-03  2.46219627e+00]
 [-2.23450153e-04  2.77160848e-04  8.47875882e-01]]","[[ 7.26270087e+02  1.20993589e+01  2.97019002e+02]
 [ 4.96245812e+01 -2.63650595e+02  7.88325843e+02]
 [ 1.75180323e-01  8.93730177e-02  1.00000000e+00]]",6
671,29.063021741000004,"[[ 1.36990463e-03 -3.87917459e-05 -3.51746163e-01]
 [-3.53297441e-04 -2.72954366e-03  2.29471300e+00]
 [-2.03869994e-04  3.26045655e-04  7.94684038e-01]]","[[ 7.77343069e+02  2.23447708e+01  2.79548342e+02]
 [ 4.98447377e+01 -2.70970600e+02  8.04511506e+02]
 [ 1.78970836e-01  1.16907111e-01  1.00000000e+00]]",5,"[[ 1.47582199e-03 -6.73497541e-05 -3.83762004e-01]
 [-3.96013507e-04 -2.97696211e-03  2.46389917e+00]
 [-2.21635345e-04  2.74933133e-04  8.48881411e-01]]","[[ 7.24976379e+02  1.09356180e+01  2.96006162e+02]
 [ 4.74914267e+01 -2.64186943e+02  7.88279005e+02]
 [ 1.73903470e-01  8.84192566e-02  1.00000000e+00]]",6
672,29.100411741000002,"[[ 1.36947253e-03 -4.00160058e-05 -3.48883889e-01]
 [-3.57254825e-04 -2.72837928e-03  2.29552537e+00]
 [-2.02897259e-04  3.27425299e-04  7.92912676e-01]]","[[ 7.77175279e+02  2.19968040e+01  2.78277443e+02]
 [ 4.86528267e+01 -2.70636066e+02  8.04913535e+02]
 [ 1.78779545e-01  1.17385166e-01  1.00000000e+00]]",6,"[[ 1.46896045e-03 -6.81277758e-05 -3.78985087e-01]
 [-3.95130875e-04 -2.98111158e-03  2.46578200e+00]
 [-2.27225394e-04  2.77796868e-04  8.47998096e-01]]","[[ 7.29215568e+02  1.07825828e+01  2.94545859e+02]
 [ 5.11155871e+01 -2.63174379e+02  7.88094569e+02]
 [ 1.78651987e-01  8.91029064e-02  1.00000000e+00]]",6
673,29.150616741,"[[ 1.37017349e-03 -4.32172754e-05 -3.45692923e-01]
 [-3.60186694e-04 -2.73367278e-03  2.29864544e+00]
 [-2.02558881e-04  3.24484411e-04  7.95268114e-01]]","[[ 7.76321102e+02  2.06857430e+01  2.77666762e+02]
 [ 4.76356947e+01 -2.71094235e+02  8.04278251e+02]
 [ 1.78296716e-01  1.15880333e-01  1.00000000e+00]]",5,"[[ 1.48414670e-03 -7.40263261e-05 -3.79229361e-01]
 [-3.81100264e-04 -3.02376039e-03  2.48170987e+00]
 [-2.14774501e-04  2.74030204e-04  8.48541979e-01]]","[[ 7.18758159e+02  9.10244093e+00  2.94604847e+02]
 [ 4.64199179e+01 -2.60835702e+02  7.83605702e+02]
 [ 1.66933951e-01  8.65388334e-02  1.00000000e+00]]",6
674,29.175890741000003,"[[ 1.37361617e-03 -4.43418567e-05 -3.45230231e-01]
 [-3.62206305e-04 -2.74115235e-03  2.30082030e+00]
 [-2.00950548e-04  3.20856159e-04  7.98151612e-01]]","[[ 7.73820435e+02  1.99340657e+01  2.77242445e+02]
 [ 4.58184135e+01 -2.71590619e+02  8.02728582e+02]
 [ 1.76405733e-01  1.14197958e-01  1.00000000e+00]]",5,"[[ 1.48806593e-03 -7.46105189e-05 -3.79324658e-01]
 [-3.82215604e-04 -3.03040401e-03  2.48252476e+00]
 [-2.11941856e-04  2.71815357e-04  8.49748353e-01]]","[[ 7.16152283e+02  8.74977234e+00  2.94125540e+02]
 [ 4.43732209e+01 -2.60929416e+02  7.82108716e+02]
 [ 1.64426704e-01  8.56477863e-02  1.00000000e+00]]",6
675,29.224820741000002,"[[ 1.37271040e-03 -4.23673903e-05 -3.42999906e-01]
 [-3.65453821e-04 -2.73829533e-03  2.29862576e+00]
 [-2.01994773e-04  3.20020803e-04  7.98570389e-01]]","[[ 7.74256308e+02  2.01182624e+01  2.74647655e+02]
 [ 4.56949891e+01 -2.72077656e+02  8.02782190e+02]
 [ 1.77532728e-01  1.14121805e-01  1.00000000e+00]]",6,"[[ 1.47549669e-03 -7.00048168e-05 -3.74657867e-01]
 [-4.00994675e-04 -2.99140124e-03  2.46771354e+00]
 [-2.21517988e-04  2.73054687e-04  8.49913956e-01]]","[[ 7.24075981e+02  9.63647644e+00  2.91206771e+02]
 [ 4.63389906e+01 -2.63639113e+02  7.85899646e+02]
 [ 1.73832627e-01  8.72118266e-02  1.00000000e+00]]",6
676,29.257869741,"[[ 1.37062859e-03 -4.48603671e-05 -3.35877445e-01]
 [-3.77349185e-04 -2.73372791e-03  2.30253159e+00]
 [-2.07338086e-04  3.19694540e-04  7.98978329e-01]]","[[ 7.75879301e+02  1.90059793e+01  2.71394707e+02]
 [ 4.67363208e+01 -2.72450113e+02  8.04806144e+02]
 [ 1.82643230e-01  1.13947367e-01  1.00000000e+00]]",4,"[[ 1.47142534e-03 -7.33324784e-05 -3.67050729e-01]
 [-4.41676551e-04 -2.97209267e-03  2.47279196e+00]
 [-2.41848669e-04  2.73437970e-04  8.54073943e-01]]","[[ 7.29648827e+02  8.56506093e+00  2.88778883e+02]
 [ 5.01218733e+01 -2.65102338e+02  7.89088821e+02]
 [ 1.90568247e-01  8.72998110e-02  1.00000000e+00]]",6
677,29.298504741000002,"[[ 1.36520379e-03 -2.53550840e-05 -3.37955994e-01]
 [ 7.73828045e-05 -2.57730824e-03  2.08139905e+00]
 [ 3.01315560e-04  4.12491477e-04  5.84469909e-01]]","[[ 6.72503531e+02  3.54277072e+01  2.62695137e+02]
 [-1.65481382e+02 -2.55859287e+02  8.15473719e+02]
 [-2.29911097e-01  1.62309221e-01  1.00000000e+00]]",1,"[[ 1.48324435e-03 -4.47878256e-05 -3.78574980e-01]
 [ 4.57839275e-05 -2.84343346e-03  2.25247109e+00]
 [ 3.30374987e-04  3.62668797e-04  6.18804671e-01]]","[[ 6.11186749e+02  2.59953883e+01  2.79290314e+02]
 [-1.69810523e+02 -2.47401521e+02  7.96662954e+02]
 [-2.26785354e-01  1.31118250e-01  1.00000000e+00]]",6
678,29.339482741,"[[ 1.36391479e-03 -5.32117971e-05 -3.16611303e-01]
 [-4.16981675e-04 -2.75120830e-03  2.33614702e+00]
 [-2.50768428e-04  2.69055243e-04  8.48417718e-01]]","[[ 7.84910948e+02  1.06077671e+01  2.63703091e+02]
 [ 6.14786064e+01 -2.85532977e+02  8.09167251e+02]
 [ 2.12501153e-01  9.36852635e-02  1.00000000e+00]]",2,"[[ 1.47361127e-03 -8.50570179e-05 -3.48687962e-01]
 [-4.51611557e-04 -3.01474695e-03  2.51605901e+00]
 [-2.63819214e-04  2.19838124e-04  9.00315032e-01]]","[[ 7.29159532e+02  1.71381204e-02  2.82352311e+02]
 [ 5.73964092e+01 -2.75547848e+02  7.92287206e+02]
 [ 1.99650533e-01  6.72880504e-02  1.00000000e+00]]",6
680,29.414673741,"[[ 1.38213251e-03 -8.70223065e-05 -2.82198582e-01]
 [-4.51217011e-04 -2.77871299e-03  2.36830095e+00]
 [-5.56108259e-04 -2.22095749e-04  1.32202305e+00]]","[[ 8.11258430e+02 -4.58064563e+01  2.55229630e+02]
 [ 1.85707910e+02 -4.30504509e+02  8.10856323e+02]
 [ 3.72453757e-01 -9.15918751e-02  1.00000000e+00]]",1,"[[ 1.52068175e-03 -1.37510216e-04 -3.09851459e-01]
 [-5.47360383e-04 -2.99691298e-03  2.52981936e+00]
 [-6.04264850e-04 -3.00709826e-04  1.40520788e+00]]","[[ 7.44836683e+02 -6.18237433e+01  2.75540466e+02]
 [ 1.63951723e+02 -4.20850893e+02  7.93816650e+02]
 [ 3.55378393e-01 -1.16646025e-01  1.00000000e+00]]",6
681,29.454386741,"[[ 1.38348563e-03 -8.07759682e-05 -2.83474361e-01]
 [-4.39450260e-04 -2.77195837e-03  2.35921996e+00]
 [-2.12661297e-04  3.05090750e-04  8.06182633e-01]]","[[ 7.63340708e+02  5.52007096e+00  2.52256064e+02]
 [ 3.80930303e+01 -2.72592309e+02  8.11111017e+02]
 [ 1.86944233e-01  1.04615622e-01  1.00000000e+00]]",2,"[[ 1.51940215e-03 -1.09814587e-04 -3.25333526e-01]
 [-4.84219956e-04 -3.02763016e-03  2.53030562e+00]
 [-2.00494255e-04  2.80307886e-04  8.32313619e-01]]","[[ 6.93950373e+02 -4.44029640e-02  2.71385292e+02]
 [ 2.24115109e+01 -2.57747312e+02  7.92334373e+02]
 [ 1.59616444e-01  8.67938481e-02  1.00000000e+00]]",6
682,29.495149741000002,"[[ 1.36453146e-03 -7.43104676e-05 -2.76574626e-01]
 [-4.55584973e-04 -2.74843817e-03  2.35464760e+00]
 [-2.23568476e-04  3.18085394e-04  7.95765392e-01]]","[[ 7.75884618e+02  7.62136364e+00  2.47113502e+02]
 [ 4.33081940e+01 -2.70603451e+02  8.15760175e+02]
 [ 2.00671755e-01  1.10307514e-01  1.00000000e+00]]",3,"[[ 1.50143905e-03 -1.00795438e-04 -3.19734878e-01]
 [-4.90504412e-04 -3.02772741e-03  2.53811464e+00]
 [-2.10251923e-04  2.88089181e-04  8.26924665e-01]]","[[ 7.03946063e+02  1.90667758e+00  2.66332293e+02]
 [ 2.78612522e+01 -2.55550111e+02  7.95143402e+02]
 [ 1.69277195e-01  8.95149316e-02  1.00000000e+00]]",6
683,29.533176741000002,"[[ 1.37237863e-03 -7.49002086e-05 -2.75445348e-01]
 [-4.59635660e-04 -2.83773780e-03  2.39597250e+00]
 [-2.24097700e-04  3.13975397e-04  8.02163097e-01]]","[[ 7.70857562e+02  6.71970016e+00  2.44624707e+02]
 [ 4.28186322e+01 -2.64488983e+02  8.04702343e+02]
 [ 1.98592294e-01  1.05401138e-01  1.00000000e+00]]",2,"[[ 1.53003506e-03 -9.90745534e-05 -3.25350704e-01]
 [-4.67680912e-04 -3.18825203e-03  2.61654514e+00]
 [-1.97881008e-04  2.54359449e-04  8.53173841e-01]]","[[ 6.87520563e+02 -3.59793087e-01  2.63283640e+02]
 [ 2.41145556e+01 -2.52007727e+02  7.82062517e+02]
 [ 1.52270839e-01  7.50484220e-02  1.00000000e+00]]",6
684,29.577379741,"[[ 1.35730934e-03 -8.41047693e-05 -2.70035208e-01]
 [-4.58964658e-04 -2.76800774e-03  2.33395978e+00]
 [-2.18877779e-04  3.45756597e-04  7.77137964e-01]]","[[ 7.79342319e+02  7.37831220e+00  2.48642056e+02]
 [ 4.06184239e+01 -2.62330172e+02  8.01963747e+02]
 [ 2.01427076e-01  1.18791438e-01  1.00000000e+00]]",2,"[[ 1.50614730e-03 -1.03958066e-04 -3.19819649e-01]
 [-5.04849028e-04 -3.09087758e-03  2.54742684e+00]
 [-2.08533647e-04  2.94133237e-04  8.25890215e-01]]","[[ 7.01390973e+02  1.74426247e+00  2.66228162e+02]
 [ 2.42734053e+01 -2.50057170e+02  7.80691486e+02]
 [ 1.68453385e-01  8.94959901e-02  1.00000000e+00]]",6
685,29.619219741000002,"[[ 1.38880611e-03 -7.68964561e-05 -2.95349120e-01]
 [-4.47902084e-04 -2.74752326e-03  2.31515548e+00]
 [-2.09391022e-04  3.48219557e-04  7.74981034e-01]]","[[ 7.62413955e+02  1.12339175e+01  2.56999870e+02]
 [ 3.57530687e+01 -2.63479790e+02  8.00737424e+02]
 [ 1.89930738e-01  1.21423742e-01  1.00000000e+00]]",2,"[[ 1.50750322e-03 -1.07362769e-04 -3.31919579e-01]
 [-5.15833247e-04 -2.98890686e-03  2.48750622e+00]
 [-2.31446769e-04  3.12152255e-04  8.18976737e-01]]","[[ 7.06907940e+02  3.43811815e+00  2.76056981e+02]
 [ 3.36032020e+01 -2.53835937e+02  7.84603524e+02]
 [ 1.86967757e-01  9.77209704e-02  1.00000000e+00]]",6
688,29.744149741,"[[ 7.74096058e-05  6.40326347e-05  1.80507180e-03]
 [-1.12929245e-04 -5.93378489e-04  5.23661691e-01]
 [-4.95346598e-04  2.34951769e-04  3.09797374e-01]]","[[ 7.92884189e+03  5.01602457e+02 -8.94075106e+02]
 [ 5.79837307e+03 -6.42742092e+02  1.05266525e+03]
 [ 8.28020849e+00  1.28948951e+00  1.00000000e+00]]",1,"[[ 1.06929897e-04  6.88226793e-05  2.55426515e-04]
 [-1.20103392e-04 -7.69267728e-04  6.50338842e-01]
 [-6.00159143e-04  2.72852236e-04  3.78815871e-01]]","[[ 6.33660372e+03  3.51409222e+02 -6.07560614e+02]
 [ 4.66010222e+03 -5.49520267e+02  9.40256436e+02]
 [ 6.68253773e+00  9.52545337e-01  1.00000000e+00]]",6
689,29.782248741,"[[ 1.42212630e-03 -8.55075752e-05 -3.26644661e-01]
 [-4.72901967e-04 -2.80892298e-03  2.45609425e+00]
 [-1.96529334e-04  3.53748410e-04  7.62244612e-01]]","[[ 7.45939583e+02  1.24836043e+01  2.79432967e+02]
 [ 3.02912436e+01 -2.52736715e+02  8.27345521e+02]
 [ 1.78267616e-01  1.20510666e-01  1.00000000e+00]]",5,"[[ 1.55246119e-03 -1.28495288e-04 -3.57260173e-01]
 [-5.15765080e-04 -3.10022854e-03  2.65893495e+00]
 [-1.93771706e-04  2.93479967e-04  8.20351106e-01]]","[[ 6.81173274e+02 -1.15293808e-01  2.97022383e+02]
 [ 1.88794917e+01 -2.46827770e+02  8.08244019e+02]
 [ 1.54142969e-01  8.82752086e-02  1.00000000e+00]]",6
690,29.821776741,"[[ 1.42163427e-03 -9.02609785e-05 -3.25048305e-01]
 [-4.81060181e-04 -2.81632719e-03  2.47282233e+00]
 [-1.96317878e-04  3.49623871e-04  7.65053048e-01]]","[[ 7.45995082e+02  1.10175231e+01  2.81340046e+02]
 [ 2.90132527e+01 -2.52967672e+02  8.29974886e+02]
 [ 1.78168620e-01  1.18431622e-01  1.00000000e+00]]",5,"[[ 1.54493321e-03 -1.44782944e-04 -3.44188373e-01]
 [-5.29325689e-04 -3.14099139e-03  2.70385304e+00]
 [-2.03256622e-04  2.70843975e-04  8.41206139e-01]]","[[ 6.84594456e+02 -5.79619629e+00  2.98739516e+02]
 [ 2.11601806e+01 -2.49459132e+02  8.10483768e+02]
 [ 1.58602325e-01  7.89180971e-02  1.00000000e+00]]",6
691,29.857909741,"[[ 1.41987589e-03 -8.93988539e-05 -3.25116775e-01]
 [-4.84035651e-04 -2.80397207e-03  2.47132179e+00]
 [-1.93377008e-04  3.50735344e-04  7.62330596e-01]]","[[ 7.46499043e+02  1.13996090e+01  2.81409746e+02]
 [ 2.70592319e+01 -2.53330443e+02  8.32786268e+02]
 [ 1.76911596e-01  1.19444717e-01  1.00000000e+00]]",6,"[[ 1.54350226e-03 -1.34334587e-04 -3.52013088e-01]
 [-5.26137284e-04 -3.11040803e-03  2.68517566e+00]
 [-2.00457089e-04  2.83350728e-04  8.29604030e-01]]","[[ 6.85863646e+02 -2.40195211e+00  2.98796335e+02]
 [ 2.08918796e+01 -2.48364421e+02  8.12744740e+02]
 [ 1.58589515e-01  8.42483263e-02  1.00000000e+00]]",6
692,29.904209741000003,"[[ 1.40976665e-03 -8.33910575e-05 -3.25027261e-01]
 [-4.73792221e-04 -2.79195649e-03  2.45734538e+00]
 [-1.93427840e-04  3.56746548e-04  7.57071074e-01]]","[[ 7.52193701e+02  1.32861697e+01  2.79808274e+02]
 [ 2.93357111e+01 -2.52652469e+02  8.32668565e+02]
 [ 1.78358140e-01  1.22449284e-01  1.00000000e+00]]",4,"[[ 1.52146507e-03 -1.27511438e-04 -3.49340166e-01]
 [-5.41550448e-04 -3.07205109e-03  2.66221934e+00]
 [-2.33061336e-04  2.90856442e-04  8.32630525e-01]]","[[ 7.02541929e+02 -9.61840141e-01  2.97835278e+02]
 [ 3.57466540e+01 -2.49922518e+02  8.14090144e+02]
 [ 1.84161175e-01  8.70342902e-02  1.00000000e+00]]",6
693,29.943856741,"[[ 3.02345645e-04  1.00945087e-04 -5.73172289e-02]
 [-2.51453782e-04 -1.24501681e-03  1.11490726e+00]
 [-7.37640425e-04  4.19009682e-04  5.28312107e-01]]","[[ 3.20449732e+03  2.20335174e+02 -1.17317732e+02]
 [ 1.96430577e+03 -3.34584552e+02  9.19190194e+02]
 [ 2.91627546e+00  5.72998980e-01  1.00000000e+00]]",1,"[[ 3.58957522e-04  9.39342813e-05 -6.77592270e-02]
 [-2.60563110e-04 -1.46356749e-03  1.26444089e+00]
 [-8.11350703e-04  4.36005218e-04  5.88522027e-01]]","[[ 2.82030980e+03  1.69352548e+02 -3.91391893e+01]
 [ 1.74204018e+03 -3.12004979e+02  8.70912433e+02]
 [ 2.59756077e+00  4.64621706e-01  1.00000000e+00]]",6
694,29.982422741,"[[ 6.06808235e-04  1.58547173e-04 -1.95786763e-01]
 [-3.13231537e-04 -1.78274949e-03  1.55939782e+00]
 [-7.04742123e-04  6.10609664e-04  5.45982443e-01]]","[[ 1.86560070e+03  1.99697947e+02  9.86320693e+01]
 [ 8.99071649e+02 -1.87310109e+02  8.57385268e+02]
 [ 1.40258276e+00  4.67247475e-01  1.00000000e+00]]",1,"[[ 6.83670448e-04  1.49709627e-04 -2.18680744e-01]
 [-3.26008588e-04 -2.02453406e-03  1.71869158e+00]
 [-7.55720569e-04  6.22064096e-04  5.90759678e-01]]","[[ 1.69635042e+03  1.68107985e+02  1.38860855e+02]
 [ 8.28466746e+02 -1.78702958e+02  8.26571296e+02]
 [ 1.29766386e+00  4.03222097e-01  1.00000000e+00]]",6
695,30.028426741,"[[ 1.39797928e-03 -4.97246964e-05 -3.50681859e-01]
 [-4.03128927e-04 -2.75454613e-03  2.35418420e+00]
 [-1.85614403e-04  3.62104546e-04  7.57286577e-01]]","[[ 7.59121705e+02  2.30770480e+01  2.79791819e+02]
 [ 3.40200676e+01 -2.56682876e+02  8.13706477e+02]
 [ 1.69797148e-01  1.28391909e-01  1.00000000e+00]]",3,"[[ 1.50299689e-03 -7.92658630e-05 -3.82717527e-01]
 [-4.71675220e-04 -3.00567390e-03  2.53682424e+00]
 [-2.16402800e-04  3.15876602e-04  8.12308612e-01]]","[[ 7.11948395e+02  1.24049026e+01  2.96692745e+02]
 [ 3.64069017e+01 -2.49857210e+02  7.97452319e+02]
 [ 1.75509081e-01  1.00464898e-01  1.00000000e+00]]",6
696,30.059511741,"[[ 1.38713167e-03 -5.50088424e-05 -3.42795597e-01]
 [-3.89448295e-04 -2.75941044e-03  2.34721410e+00]
 [-1.96359643e-04  3.37051659e-04  7.81424818e-01]]","[[ 7.65740785e+02  1.88497994e+01  2.79295013e+02]
 [ 4.06780855e+01 -2.64121709e+02  8.11203400e+02]
 [ 1.74872832e-01  1.18660168e-01  1.00000000e+00]]",4,"[[ 1.48526234e-03 -8.69135195e-05 -3.70645460e-01]
 [-4.56312234e-04 -3.00460285e-03  2.52442300e+00]
 [-2.36994976e-04  2.84925875e-04  8.43591729e-01]]","[[ 7.22729211e+02  7.17124066e+00  2.96082865e+02]
 [ 4.73835909e+01 -2.58782905e+02  7.95218833e+02]
 [ 1.87036425e-01  8.94194325e-02  1.00000000e+00]]",6
697,30.093100741,"[[ 1.38119431e-03 -4.74359588e-05 -3.46365548e-01]
 [-3.77394254e-04 -2.74435706e-03  2.32706401e+00]
 [-1.97531762e-04  3.39222521e-04  7.80381425e-01]]","[[ 7.69625990e+02  2.11314498e+01  2.78578763e+02]
 [ 4.33667461e+01 -2.65056769e+02  8.09635894e+02]
 [ 1.75958315e-01  1.20565860e-01  1.00000000e+00]]",5,"[[ 1.49297023e-03 -7.90756171e-05 -3.78331874e-01]
 [-4.19967510e-04 -3.00177869e-03  2.50368073e+00]
 [-2.10108192e-04  2.86331958e-04  8.35079012e-01]]","[[ 7.14012522e+02  9.36793396e+00  2.95396455e+02]
 [ 3.88364342e+01 -2.58541649e+02  7.92737926e+02]
 [ 1.66331289e-01  9.10057792e-02  1.00000000e+00]]",6
698,30.131198741000002,"[[ 1.37768355e-03 -4.41126843e-05 -3.48597009e-01]
 [-3.66726914e-04 -2.73736429e-03  2.31813478e+00]
 [-1.96992039e-04  3.40330976e-04  7.79460550e-01]]","[[ 7.71664273e+02  2.22459428e+01  2.78950312e+02]
 [ 4.50982141e+01 -2.65400907e+02  8.09478008e+02]
 [ 1.75330745e-01  1.21502523e-01  1.00000000e+00]]",6,"[[ 1.48046020e-03 -7.49397155e-05 -3.77957252e-01]
 [-4.05467252e-04 -2.99956071e-03  2.49600812e+00]
 [-2.19502505e-04  2.86651939e-04  8.37756501e-01]]","[[ 7.22053993e+02  1.01900615e+01  2.95397370e+02]
 [ 4.65649326e+01 -2.58839769e+02  7.92194056e+02]
 [ 1.73254080e-01  9.12361355e-02  1.00000000e+00]]",6
699,30.179704741000002,"[[ 1.37500692e-03 -3.95396687e-05 -3.52612243e-01]
 [-3.58713358e-04 -2.73207705e-03  2.30960356e+00]
 [-1.97102629e-04  3.45481646e-04  7.75758077e-01]]","[[ 7.73668742e+02  2.41719639e+01  2.79697271e+02]
 [ 4.69273790e+01 -2.64445142e+02  8.08642060e+02]
 [ 1.75672801e-01  1.23911440e-01  1.00000000e+00]]",6,"[[ 1.47593933e-03 -6.97905424e-05 -3.81666888e-01]
 [-3.97986856e-04 -2.99249308e-03  2.48644762e+00]
 [-2.21612285e-04  2.91673756e-04  8.34734420e-01]]","[[ 7.25201571e+02  1.19395838e+01  2.96020232e+02]
 [ 4.92323829e+01 -2.58168903e+02  7.91525793e+02]
 [ 1.75329758e-01  9.33794631e-02  1.00000000e+00]]",6
700,30.217394741000003,"[[ 1.37644579e-03 -3.54633089e-05 -3.57964598e-01]
 [-3.48908200e-04 -2.73292328e-03  2.30647976e+00]
 [-1.96900512e-04  3.44967501e-04  7.76537908e-01]]","[[ 7.73133617e+02  2.54226696e+01  2.80884667e+02]
 [ 4.85431980e+01 -2.64534714e+02  8.08100547e+02]
 [ 1.74472589e-01  1.23962545e-01  1.00000000e+00]]",6,"[[ 1.47582069e-03 -6.53583422e-05 -3.86697828e-01]
 [-3.88424391e-04 -2.99202903e-03  2.48248681e+00]
 [-2.23285751e-04  2.90640376e-04  8.36392867e-01]]","[[ 7.25953804e+02  1.29978933e+01  2.97058560e+02]
 [ 5.16604694e+01 -2.58500287e+02  7.91136045e+02]
 [ 1.75851000e-01  9.32969040e-02  1.00000000e+00]]",6
701,30.264477741,"[[ 1.37989623e-03 -3.12948937e-05 -3.64458331e-01]
 [-3.40986975e-04 -2.73667032e-03  2.30839494e+00]
 [-1.96131762e-04  3.45550200e-04  7.76085542e-01]]","[[ 7.71471511e+02  2.68421821e+01  2.82451934e+02]
 [ 4.96738563e+01 -2.63912784e+02  8.08311653e+02]
 [ 1.72848544e-01  1.24290061e-01  1.00000000e+00]]",5,"[[ 1.48472228e-03 -6.16354186e-05 -3.94785933e-01]
 [-3.84972762e-04 -2.99052661e-03  2.48315170e+00]
 [-2.17174233e-04  2.90195904e-04  8.35085829e-01]]","[[ 7.20893771e+02  1.41345893e+01  2.98772152e+02]
 [ 4.87902307e+01 -2.58552263e+02  7.91878110e+02]
 [ 1.70522384e-01  9.35238911e-02  1.00000000e+00]]",6
702,30.299062741,"[[ 1.38188428e-03 -2.64938412e-05 -3.70610003e-01]
 [-3.32899887e-04 -2.73653709e-03  2.30879720e+00]
 [-1.96330173e-04  3.49538699e-04  7.72860173e-01]]","[[ 7.70888697e+02  2.87744246e+01  2.83705590e+02]
 [ 5.17100107e+01 -2.62569144e+02  8.09180203e+02]
 [ 1.72442657e-01  1.26060791e-01  1.00000000e+00]]",6,"[[ 1.47906774e-03 -5.66775765e-05 -3.98278191e-01]
 [-3.73487377e-04 -2.99687150e-03  2.48641128e+00]
 [-2.26249121e-04  2.92268261e-04  8.36221064e-01]]","[[ 7.25849070e+02  1.54946234e+01  2.99638288e+02]
 [ 5.61842658e+01 -2.57472685e+02  7.92326319e+02]
 [ 1.76749717e-01  9.41817210e-02  1.00000000e+00]]",6
703,30.338331741,"[[ 1.38217240e-03 -2.23693889e-05 -3.74911238e-01]
 [-3.27759385e-04 -2.73670622e-03  2.31221490e+00]
 [-1.97128526e-04  3.52495057e-04  7.70243160e-01]]","[[ 7.71247057e+02  3.03236318e+01  2.84370504e+02]
 [ 5.36550824e+01 -2.61403964e+02  8.10832301e+02]
 [ 1.72830673e-01  1.27389976e-01  1.00000000e+00]]",6,"[[ 1.47916565e-03 -5.31331522e-05 -4.02061488e-01]
 [-3.68870020e-04 -2.99972173e-03  2.49218694e+00]
 [-2.28203718e-04  2.93147724e-04  8.35814607e-01]]","[[ 7.26501981e+02  1.64817465e+01  3.00333198e+02]
 [ 5.84334324e+01 -2.56817891e+02  7.93874647e+02]
 [ 1.77863398e-01  9.45745326e-02  1.00000000e+00]]",6
704,30.382907741,"[[ 1.38327157e-03 -2.06054571e-05 -3.77384808e-01]
 [-3.24357473e-04 -2.73916151e-03  2.31551119e+00]
 [-1.95743907e-04  3.52987327e-04  7.69285567e-01]]","[[ 7.70491069e+02  3.09194489e+01  2.84910186e+02]
 [ 5.36724033e+01 -2.60890815e+02  8.11598162e+02]
 [ 1.71423018e-01  1.27577390e-01  1.00000000e+00]]",5,"[[ 1.48577842e-03 -5.19122415e-05 -4.06130421e-01]
 [-3.69445000e-04 -2.99790649e-03  2.49462216e+00]
 [-2.21355039e-04  2.93363565e-04  8.33427201e-01]]","[[ 7.22127586e+02  1.69622065e+01  3.01122502e+02]
 [ 5.46098002e+01 -2.56714857e+02  7.95012773e+02]
 [ 1.72571826e-01  9.48678605e-02  1.00000000e+00]]",6
705,30.422285741000003,"[[ 1.38240526e-03 -1.79043245e-05 -3.79854497e-01]
 [-3.21066883e-04 -2.73853211e-03  2.31125969e+00]
 [-1.95664906e-04  3.56282237e-04  7.67040374e-01]]","[[ 7.71203480e+02  3.20722034e+01  2.85275621e+02]
 [ 5.43216724e+01 -2.60064338e+02  8.10531719e+02]
 [ 1.71495026e-01  1.28978489e-01  1.00000000e+00]]",6,"[[ 1.47799358e-03 -4.85403691e-05 -4.06553701e-01]
 [-3.62776666e-04 -3.00111273e-03  2.49120084e+00]
 [-2.28475929e-04  2.96295374e-04  8.33635874e-01]]","[[ 7.27553511e+02  1.79633443e+01  3.01137801e+02]
 [ 5.99015783e+01 -2.55818708e+02  7.93690639e+02]
 [ 1.78111222e-01  9.58477124e-02  1.00000000e+00]]",6
706,30.456131741000004,"[[ 1.38175709e-03 -1.85458761e-05 -3.79980234e-01]
 [-3.17793108e-04 -2.73846767e-03  2.30621714e+00]
 [-1.95704305e-04  3.52140152e-04  7.71067813e-01]]","[[ 7.71455743e+02  3.15337108e+01  2.85855985e+02]
 [ 5.44348204e+01 -2.61509061e+02  8.08983106e+02]
 [ 1.70942843e-01  1.27432532e-01  1.00000000e+00]]",6,"[[ 1.47594746e-03 -4.84225777e-05 -4.06728489e-01]
 [-3.59592278e-04 -2.99772866e-03  2.48367402e+00]
 [-2.29550068e-04  2.93203077e-04  8.36906757e-01]]","[[ 7.28750874e+02  1.77241315e+01  3.01566183e+02]
 [ 6.06006866e+01 -2.57066849e+02  7.92344279e+02]
 [ 1.78653719e-01  9.49226016e-02  1.00000000e+00]]",6
707,30.501591741000002,"[[ 1.38091613e-03 -2.05603352e-05 -3.79105224e-01]
 [-3.18620082e-04 -2.73465184e-03  2.30448165e+00]
 [-1.94583778e-04  3.48175068e-04  7.73983796e-01]]","[[ 7.71619120e+02  3.06860781e+01  2.86581369e+02]
 [ 5.33477647e+01 -2.63037711e+02  8.09306339e+02]
 [ 1.69990900e-01  1.26041639e-01  1.00000000e+00]]",4,"[[ 1.50565427e-03 -6.79938441e-05 -4.06570556e-01]
 [-3.50581889e-04 -3.05685446e-03  2.51932339e+00]
 [-2.10862256e-04  2.60082221e-04  8.59222210e-01]]","[[ 7.09351992e+02  1.02282374e+01  3.05664115e+02]
 [ 4.97151781e+01 -2.61101574e+02  7.89099747e+02]
 [ 1.59033980e-01  8.15442450e-02  1.00000000e+00]]",6
708,30.545432741000003,"[[ 1.38135907e-03 -2.19814933e-05 -3.78453022e-01]
 [-3.18587371e-04 -2.73533557e-03  2.30695830e+00]
 [-1.92600313e-04  3.43826859e-04  7.76756450e-01]]","[[ 7.70808715e+02  2.98635679e+01  2.86860678e+02]
 [ 5.20028921e+01 -2.64190655e+02  8.09980370e+02]
 [ 1.68106758e-01  1.24347311e-01  1.00000000e+00]]",4,"[[ 1.50561421e-03 -6.96139766e-05 -4.05642276e-01]
 [-3.51362742e-04 -3.05718187e-03  2.52205988e+00]
 [-2.09677276e-04  2.55021789e-04  8.62731654e-01]]","[[ 7.08974904e+02  9.37664201e+00  3.05937240e+02]
 [ 4.87718958e+01 -2.62326157e+02  7.89800880e+02]
 [ 1.57891541e-01  7.98219868e-02  1.00000000e+00]]",6
709,30.583789741,"[[ 1.37498650e-03 -1.87254576e-05 -3.78208054e-01]
 [-3.16421755e-04 -2.72633098e-03  2.29896792e+00]
 [-1.94303839e-04  3.48712092e-04  7.73118038e-01]]","[[ 7.74905090e+02  3.12706914e+01  2.86094774e+02]
 [ 5.38185904e+01 -2.63554392e+02  8.10041526e+02]
 [ 1.70478290e-01  1.26734359e-01  1.00000000e+00]]",5,"[[ 1.47986449e-03 -5.15691421e-05 -4.07061915e-01]
 [-3.45462232e-04 -3.01636715e-03  2.48782916e+00]
 [-2.21227366e-04  2.87305722e-04  8.39937504e-01]]","[[ 7.24809402e+02  1.64307101e+01  3.02600494e+02]
 [ 5.80612893e+01 -2.57259188e+02  7.90120035e+02]
 [ 1.71044076e-01  9.23246778e-02  1.00000000e+00]]",6
710,30.625743741,"[[ 1.37614044e-03 -1.87057071e-05 -3.79938442e-01]
 [-3.13309067e-04 -2.72389671e-03  2.29445394e+00]
 [-1.92295953e-04  3.47895748e-04  7.73647210e-01]]","[[ 7.73924950e+02  3.13524662e+01  2.87090870e+02]
 [ 5.29585256e+01 -2.64118468e+02  8.09320620e+02]
 [ 1.68550456e-01  1.26562396e-01  1.00000000e+00]]",6,"[[ 1.46746806e-03 -4.80336385e-05 -4.06087055e-01]
 [-3.56841361e-04 -2.97916634e-03  2.46985134e+00]
 [-2.29673262e-04  2.89049662e-04  8.40361825e-01]]","[[ 7.33084530e+02  1.75470914e+01  3.02676090e+02]
 [ 6.09215474e+01 -2.59727526e+02  7.92786882e+02]
 [ 1.79399585e-01  9.41311815e-02  1.00000000e+00]]",6
711,30.664776741,"[[ 1.37480715e-03 -1.72906401e-05 -3.81261737e-01]
 [-3.10848169e-04 -2.72294818e-03  2.29017885e+00]
 [-1.91529890e-04  3.46586478e-04  7.74934563e-01]]","[[ 7.74586960e+02  3.16735417e+01  2.87485299e+02]
 [ 5.27489492e+01 -2.64707424e+02  8.08246954e+02]
 [ 1.67852215e-01  1.26217681e-01  1.00000000e+00]]",6,"[[ 1.46473662e-03 -4.60502478e-05 -4.07306544e-01]
 [-3.54666483e-04 -2.97557234e-03  2.46370603e+00]
 [-2.30117494e-04  2.88547421e-04  8.41228143e-01]]","[[ 7.34675629e+02  1.80097760e+01  3.02970603e+02]
 [ 6.13945201e+01 -2.60231126e+02  7.91865309e+02]
 [ 1.79911342e-01  9.41877483e-02  1.00000000e+00]]",6
712,30.698047741000003,"[[ 1.37314583e-03 -1.68256403e-05 -3.80924632e-01]
 [-3.10088503e-04 -2.72190413e-03  2.28507163e+00]
 [-1.92418498e-04  3.43562291e-04  7.78101035e-01]]","[[ 7.75619748e+02  3.14683247e+01  2.87295970e+02]
 [ 5.30112383e+01 -2.65884429e+02  8.06782441e+02]
 [ 1.68398342e-01  1.25180339e-01  1.00000000e+00]]",5,"[[ 1.45972746e-03 -4.67529382e-05 -4.05114754e-01]
 [-3.63799254e-04 -2.98079849e-03  2.46741288e+00]
 [-2.41434790e-04  2.74603415e-04  8.55961885e-01]]","[[ 7.39214762e+02  1.63059795e+01  3.02856034e+02]
 [ 6.50893922e+01 -2.63649162e+02  7.90806253e+02]
 [ 1.87623297e-01  8.91812967e-02  1.00000000e+00]]",6
713,30.736730741000002,"[[ 1.37646080e-03 -2.09327666e-05 -3.79619277e-01]
 [-3.07514187e-04 -2.72609319e-03  2.28429737e+00]
 [-1.91229119e-04  3.36380702e-04  7.84145747e-01]]","[[ 7.73132341e+02  2.96058136e+01  2.88042700e+02]
 [ 5.20613921e+01 -2.67838747e+02  8.05445744e+02]
 [ 1.66210133e-01  1.22116685e-01  1.00000000e+00]]",4,"[[ 1.46938301e-03 -4.50053322e-05 -4.09466041e-01]
 [-3.39786286e-04 -2.99377223e-03  2.45746723e+00]
 [-2.22694312e-04  2.88558252e-04  8.40471317e-01]]","[[ 7.30650217e+02  1.81975152e+01  3.02754716e+02]
 [ 5.92809560e+01 -2.59110401e+02  7.86497820e+02]
 [ 1.73242841e-01  9.37818173e-02  1.00000000e+00]]",6
714,30.772604741000002,"[[ 1.37248366e-03 -1.80826187e-05 -3.80238328e-01]
 [-3.06277702e-04 -2.71830116e-03  2.27747696e+00]
 [-1.91724182e-04  3.38820840e-04  7.82257381e-01]]","[[ 7.75638876e+02  3.06949382e+01  2.87655470e+02]
 [ 5.27409822e+01 -2.67836610e+02  8.05420141e+02]
 [ 1.67258230e-01  1.23531704e-01  1.00000000e+00]]",6,"[[ 1.46039391e-03 -4.54039748e-05 -4.06602539e-01]
 [-3.49861608e-04 -2.96477782e-03  2.44622585e+00]
 [-2.31475542e-04  2.83352755e-04  8.46465002e-01]]","[[ 7.36999364e+02  1.76681170e+01  3.02960675e+02]
 [ 6.21534592e+01 -2.62805201e+02  7.89344660e+02]
 [ 1.80735144e-01  9.28051538e-02  1.00000000e+00]]",6
715,30.813618741000003,"[[ 1.37305072e-03 -1.53723922e-05 -3.84122407e-01]
 [-3.00806156e-04 -2.71534863e-03  2.27478811e+00]
 [-1.91142594e-04  3.41028729e-04  7.80410482e-01]]","[[ 7.75490128e+02  3.18783971e+01  2.88779484e+02]
 [ 5.35923060e+01 -2.67382337e+02  8.05760790e+02]
 [ 1.66518366e-01  1.24650271e-01  1.00000000e+00]]",6,"[[ 1.45990879e-03 -4.26760119e-05 -4.10085885e-01]
 [-3.45014438e-04 -2.96142424e-03  2.44363374e+00]
 [-2.32460926e-04  2.84747410e-04  8.45787998e-01]]","[[ 7.37772535e+02  1.85969479e+01  3.03983947e+02]
 [ 6.36772278e+01 -2.62657774e+02  7.89739901e+02]
 [ 1.81335466e-01  9.35390249e-02  1.00000000e+00]]",6
716,30.857030741000003,"[[ 1.37385343e-03 -1.37866199e-05 -3.87643486e-01]
 [-2.96705188e-04 -2.71727916e-03  2.27647747e+00]
 [-1.90742410e-04  3.42005231e-04  7.79676885e-01]]","[[ 7.75216928e+02  3.25981717e+01  2.90246887e+02]
 [ 5.42879120e+01 -2.66834174e+02  8.06085641e+02]
 [ 1.65837923e-01  1.25021710e-01  1.00000000e+00]]",6,"[[ 1.45947218e-03 -4.11395902e-05 -4.13096800e-01]
 [-3.41781842e-04 -2.96316601e-03  2.44566925e+00]
 [-2.33868503e-04  2.84796125e-04  8.46375297e-01]]","[[ 7.38574574e+02  1.90906192e+01  3.05317811e+02]
 [ 6.51550123e+01 -2.62439406e+02  7.90140396e+02]
 [ 1.82157296e-01  9.35830957e-02  1.00000000e+00]]",6
717,30.901755741000002,"[[ 1.37311963e-03 -1.23689049e-05 -3.89799079e-01]
 [-2.93313179e-04 -2.71836451e-03  2.27485368e+00]
 [-1.92058499e-04  3.42781622e-04  7.79827091e-01]]","[[ 7.76077256e+02  3.31802660e+01  2.91133704e+02]
 [ 5.57164108e+01 -2.66557902e+02  8.05432945e+02]
 [ 1.66644213e-01  1.25340224e-01  1.00000000e+00]]",6,"[[ 1.45752153e-03 -3.94079155e-05 -4.14993814e-01]
 [-3.38877746e-04 -2.96311692e-03  2.44347650e+00]
 [-2.36518751e-04  2.85371564e-04  8.47055718e-01]]","[[ 7.40328837e+02  1.96314797e+01  3.06075295e+02]
 [ 6.71442419e+01 -2.62328220e+02  7.89626077e+02]
 [ 1.84097211e-01  9.38595015e-02  1.00000000e+00]]",6
718,30.943612741000003,"[[ 1.37480698e-03 -1.07295559e-05 -3.92424724e-01]
 [-2.89023401e-04 -2.72376046e-03  2.27337323e+00]
 [-1.91908040e-04  3.39570825e-04  7.83071925e-01]]","[[ 7.75098309e+02  3.33144173e+01  2.91712202e+02]
 [ 5.60210035e+01 -2.67164128e+02  8.03690930e+02]
 [ 1.65661027e-01  1.24017277e-01  1.00000000e+00]]",5,"[[ 1.45243539e-03 -4.67428857e-05 -4.08202819e-01]
 [-3.35023066e-04 -2.96973054e-03  2.44310487e+00]
 [-2.43525059e-04  2.70663016e-04  8.61308508e-01]]","[[ 7.43615400e+02  1.62220683e+01  3.06410172e+02]
 [ 7.07782215e+01 -2.66016839e+02  7.88101938e+02]
 [ 1.88006894e-01  8.81814117e-02  1.00000000e+00]]",6
719,30.983253741000002,"[[ 1.37554857e-03 -9.97253022e-06 -3.93303694e-01]
 [-2.88773182e-04 -2.72351324e-03  2.27145203e+00]
 [-1.91979880e-04  3.39270224e-04  7.83547932e-01]]","[[ 7.74734794e+02  3.35063814e+01  2.91747204e+02]
 [ 5.59599931e+01 -2.67337199e+02  8.03081562e+02]
 [ 1.65590296e-01  1.23964468e-01  1.00000000e+00]]",6,"[[ 1.45847702e-03 -3.60490609e-05 -4.18627468e-01]
 [-3.34082631e-04 -2.96450340e-03  2.43709022e+00]
 [-2.37307162e-04  2.83311193e-04  8.49612010e-01]]","[[ 7.40164234e+02  2.02906249e+01  3.06496369e+02]
 [ 6.79240060e+01 -2.62886129e+02  7.87550153e+02]
 [ 1.84087137e-01  9.33292992e-02  1.00000000e+00]]",6
720,31.021518741,"[[ 1.37530982e-03 -7.90803120e-06 -3.94520898e-01]
 [-2.88427564e-04 -2.71925216e-03  2.26852547e+00]
 [-1.92288704e-04  3.42773602e-04  7.80688001e-01]]","[[ 7.75094728e+02  3.44880718e+01  2.91478797e+02]
 [ 5.63961845e+01 -2.66649012e+02  8.03329305e+02]
 [ 1.66149393e-01  1.25571174e-01  1.00000000e+00]]",5,"[[ 1.46496644e-03 -3.45897565e-05 -4.21830481e-01]
 [-3.36989211e-04 -2.95844996e-03  2.43486436e+00]
 [-2.30703314e-04  2.85331415e-04  8.45852787e-01]]","[[ 7.35708062e+02  2.09641563e+01  3.06553590e+02]
 [ 6.36695783e+01 -2.62749813e+02  7.88101588e+02]
 [ 1.79184084e-01  9.43512602e-02  1.00000000e+00]]",6
721,31.063427741,"[[ 1.37579996e-03 -7.51693485e-06 -3.95460204e-01]
 [-2.86638828e-04 -2.71823967e-03  2.26801246e+00]
 [-1.92796534e-04  3.44446203e-04  7.79468891e-01]]","[[ 7.75003289e+02  3.48366461e+01  2.91830776e+02]
 [ 5.71470101e+01 -2.66214384e+02  8.03594493e+02]
 [ 1.66438814e-01  1.26256377e-01  1.00000000e+00]]",5,"[[ 1.45357147e-03 -4.37981992e-05 -4.11043862e-01]
 [-3.32498388e-04 -2.96485264e-03  2.43823566e+00]
 [-2.44310825e-04  2.75003432e-04  8.58183687e-01]]","[[ 7.43471682e+02  1.74487261e+01  3.06525711e+02]
 [ 7.17690051e+01 -2.65254158e+02  7.88004209e+02]
 [ 1.88655948e-01  8.99675881e-02  1.00000000e+00]]",6
722,31.103208741000003,"[[ 1.37749754e-03 -1.05411623e-05 -3.95294789e-01]
 [-2.85914047e-04 -2.72763034e-03  2.27670109e+00]
 [-1.93342517e-04  3.39903405e-04  7.83404836e-01]]","[[ 7.74056157e+02  3.35354747e+01  2.93118070e+02]
 [ 5.74942533e+01 -2.66655894e+02  8.03955904e+02]
 [ 1.66089699e-01  1.23973041e-01  1.00000000e+00]]",5,"[[ 1.45714560e-03 -3.87062600e-05 -4.18083446e-01]
 [-3.42140151e-04 -2.97850551e-03  2.45441776e+00]
 [-2.49260938e-04  2.71563725e-04  8.62563285e-01]]","[[ 7.43260597e+02  1.84110009e+01  3.07869195e+02]
 [ 7.27422041e+01 -2.64776780e+02  7.88678529e+02]
 [ 1.91883532e-01  8.86809274e-02  1.00000000e+00]]",6
723,31.144549741000002,"[[ 1.38010558e-03 -7.87314502e-06 -3.99520743e-01]
 [-2.84367046e-04 -2.72918428e-03  2.27769306e+00]
 [-1.91467419e-04  3.43991566e-04  7.79760592e-01]]","[[ 7.72557985e+02  3.48366992e+01  2.94071841e+02]
 [ 5.68790385e+01 -2.65245274e+02  8.03928387e+02]
 [ 1.64606644e-01  1.25567041e-01  1.00000000e+00]]",6,"[[ 1.46205001e-03 -3.43617706e-05 -4.24134181e-01]
 [-3.30723045e-04 -2.97134492e-03  2.44484558e+00]
 [-2.38576000e-04  2.86287669e-04  8.47905472e-01]]","[[ 7.39125414e+02  2.11884581e+01  3.08626200e+02]
 [ 6.95330772e+01 -2.61384649e+02  7.88456354e+02]
 [ 1.84491228e-01  9.42159970e-02  1.00000000e+00]]",6
724,31.182897741,"[[ 1.38076412e-03 -8.24194089e-06 -3.99929627e-01]
 [-2.85057232e-04 -2.73218156e-03  2.27984410e+00]
 [-1.91872718e-04  3.43168809e-04  7.80683280e-01]]","[[ 7.72306613e+02  3.46527962e+01  2.94441201e+02]
 [ 5.69295735e+01 -2.65230271e+02  8.03720929e+02]
 [ 1.64789126e-01  1.25105385e-01  1.00000000e+00]]",5,"[[ 1.47655912e-03 -4.00478126e-05 -4.26622446e-01]
 [-3.17853763e-04 -3.00900493e-03  2.46089497e+00]
 [-2.29898506e-04  2.80603099e-04  8.51025859e-01]]","[[ 7.29688617e+02  1.92180351e+01  3.10223213e+02]
 [ 6.62643594e+01 -2.60006137e+02  7.85073274e+02]
 [ 1.75271217e-01  9.09217091e-02  1.00000000e+00]]",6
725,31.222582741000004,"[[ 1.37990671e-03 -8.29726739e-06 -3.99636830e-01]
 [-2.85695027e-04 -2.73168212e-03  2.27917897e+00]
 [-1.92689927e-04  3.44221439e-04  7.80135230e-01]]","[[ 7.72998341e+02  3.47551008e+01  2.94443198e+02]
 [ 5.73444917e+01 -2.64992324e+02  8.03555434e+02]
 [ 1.65624863e-01  1.25507724e-01  1.00000000e+00]]",5,"[[ 1.47582723e-03 -4.02115855e-05 -4.26313721e-01]
 [-3.18422730e-04 -3.00874289e-03  2.46035217e+00]
 [-2.30630214e-04  2.81618238e-04  8.50511010e-01]]","[[ 7.30229287e+02  1.92799640e+01  3.10250262e+02]
 [ 6.66060910e+01 -2.59788320e+02  7.84899713e+02]
 [ 1.75959447e-01  9.12482851e-02  1.00000000e+00]]",6
726,31.259606741000002,"[[ 1.38002874e-03 -8.03312056e-06 -3.99572052e-01]
 [-2.85753357e-04 -2.73294459e-03  2.27930558e+00]
 [-1.93176752e-04  3.43722983e-04  7.80740567e-01]]","[[ 7.72998406e+02  3.47313080e+01  2.94214628e+02]
 [ 5.75566932e+01 -2.65050197e+02  8.03248178e+02]
 [ 1.65921650e-01  1.25282494e-01  1.00000000e+00]]",5,"[[ 1.47610356e-03 -3.98291313e-05 -4.26379947e-01]
 [-3.18147680e-04 -3.00997158e-03  2.46023134e+00]
 [-2.30769831e-04  2.81402467e-04  8.50758574e-01]]","[[ 7.30092540e+02  1.93234213e+01  3.10025358e+02]
 [ 6.66741964e+01 -2.59759812e+02  7.84591293e+02]
 [ 1.75985354e-01  9.11613667e-02  1.00000000e+00]]",6
727,31.291607741000004,"[[ 1.38084931e-03 -8.20144333e-06 -3.99318834e-01]
 [-2.83181333e-04 -2.73175926e-03  2.27671054e+00]
 [-1.92992063e-04  3.42887645e-04  7.81408555e-01]]","[[ 7.72366897e+02  3.45777827e+01  2.93952561e+02]
 [ 5.77847290e+01 -2.65452367e+02  8.02950939e+02]
 [ 1.65402606e-01  1.25022402e-01  1.00000000e+00]]",5,"[[ 1.45972613e-03 -3.60911871e-05 -4.21977687e-01]
 [-3.39712996e-04 -2.98183686e-03  2.45396840e+00]
 [-2.49571151e-04  2.74577961e-04  8.60689645e-01]]","[[ 7.42336039e+02  1.94281565e+01  3.08558566e+02]
 [ 7.33236423e+01 -2.63706132e+02  7.87818769e+02]
 [ 1.91860799e-01  8.97612745e-02  1.00000000e+00]]",6
728,31.333547741,"[[ 1.37995208e-03 -7.52421094e-06 -3.99709975e-01]
 [-2.83055645e-04 -2.72813183e-03  2.27432812e+00]
 [-1.93797706e-04  3.44844968e-04  7.80020781e-01]]","[[ 7.73142700e+02  3.50345647e+01  2.94034158e+02]
 [ 5.83967994e+01 -2.65191373e+02  8.03150373e+02]
 [ 1.66271774e-01  1.25944758e-01  1.00000000e+00]]",5,"[[ 1.46791482e-03 -3.41878182e-05 -4.26366235e-01]
 [-3.32299554e-04 -2.96711576e-03  2.44093911e+00]
 [-2.34339894e-04  2.86508133e-04  8.46575845e-01]]","[[ 7.35369744e+02  2.13460869e+01  3.08811470e+02]
 [ 6.65682851e+01 -2.61696841e+02  7.88078857e+02]
 [ 1.81028213e-01  9.44753075e-02  1.00000000e+00]]",6
729,31.373518741,"[[ 1.38050750e-03 -7.58930248e-06 -4.00212275e-01]
 [-2.81335940e-04 -2.73209448e-03  2.27767552e+00]
 [-1.93812620e-04  3.42509103e-04  7.81882366e-01]]","[[ 7.72773271e+02  3.47506455e+01  2.94318768e+02]
 [ 5.86861894e+01 -2.65468514e+02  8.03366461e+02]
 [ 1.65846762e-01  1.24904334e-01  1.00000000e+00]]",6,"[[ 1.46220323e-03 -3.38818689e-05 -4.24851002e-01]
 [-3.27478943e-04 -2.97392549e-03  2.44448693e+00]
 [-2.41058434e-04  2.84750517e-04  8.50068043e-01]]","[[ 7.39545701e+02  2.11430158e+01  3.08813992e+02]
 [ 7.13107400e+01 -2.61621204e+02  7.87967574e+02]
 [ 1.85829781e-01  9.36318876e-02  1.00000000e+00]]",6
730,31.418383741000003,"[[ 1.38038052e-03 -7.58088176e-06 -4.00620028e-01]
 [-2.80935118e-04 -2.73143748e-03  2.27704267e+00]
 [-1.93251122e-04  3.43572558e-04  7.80933692e-01]]","[[ 7.72792604e+02  3.49158481e+01  2.94636179e+02]
 [ 5.84880743e+01 -2.65222366e+02  8.03338548e+02]
 [ 1.65504628e-01  1.25325178e-01  1.00000000e+00]]",6,"[[ 1.46173587e-03 -3.38345022e-05 -4.25156211e-01]
 [-3.27330082e-04 -2.97295333e-03  2.44375811e+00]
 [-2.40919102e-04  2.85779389e-04  8.49283095e-01]]","[[ 7.39830491e+02  2.12924458e+01  3.09095922e+02]
 [ 7.13266259e+01 -2.61433396e+02  7.87964513e+02]
 [ 1.85869257e-01  9.40110943e-02  1.00000000e+00]]",6
731,31.462064741000002,"[[ 1.38001642e-03 -7.59508331e-06 -4.00473373e-01]
 [-2.81681318e-04 -2.73323003e-03  2.27742359e+00]
 [-1.93697839e-04  3.41290118e-04  7.83053358e-01]]","[[ 7.73051104e+02  3.46393228e+01  2.94613349e+02]
 [ 5.84414650e+01 -2.65777578e+02  8.02872972e+02]
 [ 1.65752222e-01  1.24406366e-01  1.00000000e+00]]",6,"[[ 1.46106832e-03 -3.36039062e-05 -4.25076432e-01]
 [-3.28009363e-04 -2.97373608e-03  2.44332793e+00]
 [-2.41469301e-04  2.84048805e-04  8.50923944e-01]]","[[ 7.40256130e+02  2.11549985e+01  3.09048579e+02]
 [ 7.13700844e+01 -2.61857977e+02  7.87547058e+02]
 [ 1.86240550e-01  9.34146098e-02  1.00000000e+00]]",6
732,31.502177741,"[[ 1.37826651e-03 -6.93667708e-06 -3.99780250e-01]
 [-2.80536995e-04 -2.73020934e-03  2.27306349e+00]
 [-1.94581876e-04  3.41264161e-04  7.83416076e-01]]","[[ 7.74151606e+02  3.47940969e+01  2.94098294e+02]
 [ 5.91037331e+01 -2.66133388e+02  8.02340689e+02]
 [ 1.66534604e-01  1.24572486e-01  1.00000000e+00]]",6,"[[ 1.45938689e-03 -3.27874801e-05 -4.24522780e-01]
 [-3.26515955e-04 -2.97019272e-03  2.43838537e+00]
 [-2.42088663e-04  2.84435936e-04  8.50842377e-01]]","[[ 7.41187346e+02  2.13681788e+01  3.08573086e+02]
 [ 7.19138150e+01 -2.62103600e+02  7.87030190e+02]
 [ 1.86847981e-01  9.37008766e-02  1.00000000e+00]]",6
733,31.547144741,"[[ 1.37903628e-03 -7.61471286e-06 -3.99705369e-01]
 [-2.80525589e-04 -2.73111467e-03  2.27345901e+00]
 [-1.94142489e-04  3.39444626e-04  7.84827582e-01]]","[[ 7.73573614e+02  3.44178286e+01  2.94273557e+02]
 [ 5.87008503e+01 -2.66610398e+02  8.02202767e+02]
 [ 1.65969980e-01  1.23825197e-01  1.00000000e+00]]",6,"[[ 1.46000950e-03 -3.33729719e-05 -4.24468381e-01]
 [-3.26531519e-04 -2.97060011e-03  2.43841471e+00]
 [-2.41735741e-04  2.82837849e-04  8.52058731e-01]]","[[ 7.40754477e+02  2.10717469e+01  3.08717212e+02]
 [ 7.15795383e+01 -2.62512469e+02  7.86914671e+02]
 [ 1.86397280e-01  9.31182951e-02  1.00000000e+00]]",6
734,31.583430741,"[[ 1.37901708e-03 -7.40153017e-06 -4.00288892e-01]
 [-2.79936369e-04 -2.73115459e-03  2.27369193e+00]
 [-1.93644043e-04  3.40558290e-04  7.83810280e-01]]","[[ 7.73550190e+02  3.46356465e+01  2.94577354e+02]
 [ 5.86113524e+01 -2.66261363e+02  8.02308673e+02]
 [ 1.65643151e-01  1.24244991e-01  1.00000000e+00]]",6,"[[ 1.45971248e-03 -3.32188258e-05 -4.24903002e-01]
 [-3.26225865e-04 -2.97072383e-03  2.43886405e+00]
 [-2.41694437e-04  2.83640248e-04  8.51448390e-01]]","[[ 7.40970916e+02  2.12170222e+01  3.08997394e+02]
 [ 7.16996125e+01 -2.62275210e+02  7.87034150e+02]
 [ 1.86448944e-01  9.33936133e-02  1.00000000e+00]]",6
735,31.626458741,"[[ 1.37929153e-03 -7.20202961e-06 -4.00644648e-01]
 [-2.80809885e-04 -2.73139038e-03  2.27504399e+00]
 [-1.93932345e-04  3.40023919e-04  7.84230652e-01]]","[[ 7.73493072e+02  3.46422514e+01  2.94662307e+02]
 [ 5.86259207e+01 -2.66350914e+02  8.02631479e+02]
 [ 1.65858233e-01  1.24050156e-01  1.00000000e+00]]",6,"[[ 1.46005370e-03 -3.30745507e-05 -4.25244839e-01]
 [-3.27160404e-04 -2.97117660e-03  2.44042237e+00]
 [-2.42007159e-04  2.82976976e-04  8.52004888e-01]]","[[ 7.40886608e+02  2.11903840e+01  3.09088273e+02]
 [ 7.17095267e+01 -2.62379245e+02  7.87331498e+02]
 [ 1.86627707e-01  9.31632097e-02  1.00000000e+00]]",6
736,31.663578741000002,"[[ 1.48364190e-03 -1.38958764e-04 -3.70407855e-01]
 [-2.88260920e-04 -3.15948072e-03  2.53834258e+00]
 [-1.97108064e-04  1.94252465e-04  9.13145641e-01]]","[[ 7.14559055e+02 -1.16204873e+01  3.22155690e+02]
 [ 5.01531159e+01 -2.71125367e+02  7.74012534e+02]
 [ 1.43572919e-01  5.51678473e-02  1.00000000e+00]]",2,"[[ 1.62171291e-03 -1.81305967e-04 -4.13395310e-01]
 [-2.82518758e-04 -3.53883114e-03  2.75059474e+00]
 [-2.17931434e-04  1.09821887e-04  9.91442179e-01]]","[[ 6.58116855e+02 -2.32038185e+01  3.38785992e+02]
 [ 5.51519062e+01 -2.62123112e+02  7.50214191e+02]
 [ 1.38553177e-01  2.39348435e-02  1.00000000e+00]]",6
737,31.699521741,"[[ 1.37990106e-03 -4.04564632e-06 -3.99052811e-01]
 [-2.90788319e-04 -3.00068448e-03  2.41156454e+00]
 [-1.98193754e-04  3.47043291e-04  7.88659521e-01]]","[[ 7.73435951e+02  3.26662744e+01  2.91462862e+02]
 [ 6.00276700e+01 -2.43656492e+02  7.75426594e+02]
 [ 1.67953306e-01  1.15428268e-01  1.00000000e+00]]",6,"[[ 1.45484547e-03 -2.49070020e-05 -4.24632498e-01]
 [-3.33755620e-04 -3.23499323e-03  2.56882622e+00]
 [-2.43141246e-04  2.99937118e-04  8.45404710e-01]]","[[ 7.43492474e+02  2.25477587e+01  3.04930632e+02]
 [ 7.26296464e+01 -2.38971902e+02  7.62614859e+02]
 [ 1.88063016e-01  9.12685165e-02  1.00000000e+00]]",6
738,31.742505741000002,"[[ 1.37986580e-03 -2.85242966e-06 -4.00007965e-01]
 [-2.90054225e-04 -2.99704813e-03  2.41214104e+00]
 [-1.99322299e-04  3.48326111e-04  7.87581495e-01]]","[[ 7.73781265e+02  3.31419358e+01  2.91494464e+02]
 [ 6.10083914e+01 -2.43457609e+02  7.76628115e+02]
 [ 1.68847345e-01  1.16062363e-01  1.00000000e+00]]",6,"[[ 1.45525599e-03 -2.40891175e-05 -4.25480901e-01]
 [-3.33057255e-04 -3.23282304e-03  2.57055601e+00]
 [-2.44153655e-04  3.00348910e-04  8.45088967e-01]]","[[ 7.43555729e+02  2.27974137e+01  3.05017274e+02]
 [ 7.34513933e+01 -2.38920366e+02  7.63718820e+02]
 [ 1.88714809e-01  9.14998851e-02  1.00000000e+00]]",6
739,31.779067741000002,"[[ 1.38236036e-03  1.73487490e-06 -4.03692517e-01]
 [-2.82331015e-04 -3.00087477e-03  2.41647803e+00]
 [-1.97361301e-04  3.53724625e-04  7.82289620e-01]]","[[ 7.72052794e+02  3.47541206e+01  2.91055079e+02]
 [ 6.17326283e+01 -2.41509416e+02  7.77874565e+02]
 [ 1.66865301e-01  1.17970306e-01  1.00000000e+00]]",5,"[[ 1.45534455e-03 -2.20709137e-05 -4.26669847e-01]
 [-3.36047469e-04 -3.25015298e-03  2.58908694e+00]
 [-2.51617804e-04  2.91786863e-04  8.53443516e-01]]","[[ 7.44966040e+02  2.23029384e+01  3.04777404e+02]
 [ 7.69735345e+01 -2.39513333e+02  7.65092377e+02]
 [ 1.93319006e-01  8.84635703e-02  1.00000000e+00]]",6
740,31.826704741,"[[ 1.38040903e-03  4.32204398e-06 -4.01672222e-01]
 [-2.85135694e-04 -3.00428315e-03  2.41959800e+00]
 [-2.03138857e-04  3.52800674e-04  7.84136732e-01]]","[[ 7.74113941e+02  3.49982034e+01  2.88544682e+02]
 [ 6.46249391e+01 -2.41402940e+02  7.77997111e+02]
 [ 1.71466141e-01  1.17679240e-01  1.00000000e+00]]",5,"[[ 1.45588752e-03 -1.97489578e-05 -4.25372813e-01]
 [-3.37245703e-04 -3.25706144e-03  2.59388814e+00]
 [-2.54766914e-04  2.90198905e-04  8.55060159e-01]]","[[ 7.45008071e+02  2.24396097e+01  3.02552211e+02]
 [ 7.84385806e+01 -2.39335045e+02  7.65061929e+02]
 [ 1.95355397e-01  8.79138590e-02  1.00000000e+00]]",6
741,31.864691741,"[[ 1.44655423e-03 -7.88656185e-05 -3.74695457e-01]
 [-2.80187310e-04 -3.03699020e-03  2.44036813e+00]
 [-2.04513581e-04  3.49891377e-04  7.90196093e-01]]","[[ 7.36915953e+02  1.55785341e+01  3.01319766e+02]
 [ 6.28921044e+01 -2.41532598e+02  7.75749015e+02]
 [ 1.62875919e-01  1.10980294e-01  1.00000000e+00]]",2,"[[ 1.52680380e-03 -1.02138832e-04 -4.01525109e-01]
 [-3.44979854e-04 -3.24877405e-03  2.58965697e+00]
 [-2.50198644e-04  3.22490059e-04  8.32274607e-01]]","[[ 7.08443096e+02  8.90411575e+00  3.14077930e+02]
 [ 7.22274838e+01 -2.34263742e+02  7.63767002e+02]
 [ 1.84985647e-01  9.34493556e-02  1.00000000e+00]]",6
742,31.901974741000004,"[[ 1.37745599e-03 -1.14704763e-06 -3.89329230e-01]
 [-2.98674633e-04 -3.00265514e-03  2.42680824e+00]
 [-2.12841716e-04  3.54988955e-04  7.83390489e-01]]","[[ 7.76947719e+02  3.31955459e+01  2.83293243e+02]
 [ 6.83080355e+01 -2.40844249e+02  7.80041540e+02]
 [ 1.80137862e-01  1.18156202e-01  1.00000000e+00]]",5,"[[ 1.46050721e-03 -2.66862236e-05 -4.14780950e-01]
 [-3.47034488e-04 -3.26545399e-03  2.60657123e+00]
 [-2.56752878e-04  2.90868227e-04  8.53546669e-01]]","[[ 7.41948494e+02  2.04811278e+01  2.98004306e+02]
 [ 7.80655197e+01 -2.38593617e+02  7.66556033e+02]
 [ 1.96580501e-01  8.74678486e-02  1.00000000e+00]]",6
743,31.937350741000003,"[[ 1.37846758e-03 -2.46442195e-06 -3.86810442e-01]
 [-3.03951931e-04 -3.00451135e-03  2.43363894e+00]
 [-2.15581549e-04  3.56314577e-04  7.82347689e-01]]","[[ 7.76780707e+02  3.28068583e+01  2.82006126e+02]
 [ 6.92481656e+01 -2.40213114e+02  7.81465725e+02]
 [ 1.82508953e-01  1.18443486e-01  1.00000000e+00]]",5,"[[ 1.46411579e-03 -2.88778449e-05 -4.12597293e-01]
 [-3.51264854e-04 -3.27159506e-03  2.61608035e+00]
 [-2.57208324e-04  2.91021593e-04  8.52945553e-01]]","[[ 7.39943001e+02  1.98834903e+01  2.96949401e+02]
 [ 7.77619032e+01 -2.38053083e+02  7.67751637e+02]
 [ 1.96600012e-01  8.72186818e-02  1.00000000e+00]]",6
744,31.972442741000002,"[[ 1.38084010e-03  8.11369725e-07 -3.87672757e-01]
 [-2.97148669e-04 -3.00904869e-03  2.43709904e+00]
 [-2.15165377e-04  3.62700952e-04  7.76588380e-01]]","[[ 7.75187869e+02  3.39944793e+01  2.80291736e+02]
 [ 7.06698204e+01 -2.38022723e+02  7.82244148e+02]
 [ 1.81771428e-01  1.20585764e-01  1.00000000e+00]]",4,"[[ 1.46277990e-03 -2.37460021e-05 -4.13967406e-01]
 [-3.60390449e-04 -3.24891959e-03  2.60644238e+00]
 [-2.64200225e-04  3.12892272e-04  8.37307377e-01]]","[[ 7.42674022e+02  2.30296619e+01  2.95491666e+02]
 [ 8.12568992e+01 -2.34283403e+02  7.69471186e+02]
 [ 2.03975257e-01  9.48157276e-02  1.00000000e+00]]",6
745,32.015603741,"[[ 1.37996932e-03  2.76523377e-06 -3.87507758e-01]
 [-2.94554033e-04 -3.01163655e-03  2.43985850e+00]
 [-2.21813094e-04  3.64302901e-04  7.76750982e-01]]","[[ 7.76900470e+02  3.44916660e+01  2.79240297e+02]
 [ 7.51831614e+01 -2.37280933e+02  7.82832558e+02]
 [ 1.86594232e-01  1.21136423e-01  1.00000000e+00]]",4,"[[ 1.46297354e-03 -2.21858034e-05 -4.13905256e-01]
 [-3.56744730e-04 -3.25396382e-03  2.61048974e+00]
 [-2.70580097e-04  3.13728733e-04  8.38156149e-01]]","[[ 7.43715303e+02  2.33326327e+01  2.94596747e+02]
 [ 8.54250248e+01 -2.33665584e+02  7.69951370e+02]
 [ 2.08116679e-01  9.49953700e-02  1.00000000e+00]]",6
746,32.057079741,"[[ 1.37884670e-03  4.30146067e-06 -3.87277624e-01]
 [-2.89665049e-04 -3.01193971e-03  2.43876324e+00]
 [-2.25633095e-04  3.67130265e-04  7.75388465e-01]]","[[ 7.78168613e+02  3.50494102e+01  2.78428282e+02]
 [ 7.84397417e+01 -2.36468354e+02  7.82921478e+02]
 [ 1.89302519e-01  1.22161988e-01  1.00000000e+00]]",4,"[[ 1.46255493e-03 -2.08608713e-05 -4.13774440e-01]
 [-3.50994683e-04 -3.25577066e-03  2.61006408e+00]
 [-2.74129854e-04  3.16190854e-04  8.37101721e-01]]","[[ 7.44525236e+02  2.37717478e+01  2.93894662e+02]
 [ 8.84194677e+01 -2.32934383e+02  7.69989316e+02]
 [ 2.10415488e-01  9.57688475e-02  1.00000000e+00]]",6
747,32.104320741,"[[ 1.37546136e-03  6.59400925e-06 -3.87133440e-01]
 [-2.84708160e-04 -3.00554912e-03  2.43193950e+00]
 [-2.31905255e-04  3.69159269e-04  7.75407091e-01]]","[[ 7.81265311e+02  3.58233176e+01  2.77704175e+02]
 [ 8.30598387e+01 -2.36382207e+02  7.82843588e+02]
 [ 1.94113807e-01  1.23251773e-01  1.00000000e+00]]",4,"[[ 1.45948792e-03 -1.84522307e-05 -4.13794218e-01]
 [-3.45262536e-04 -3.24962864e-03  2.60308204e+00]
 [-2.80251729e-04  3.18382579e-04  8.37067658e-01]]","[[ 7.47275640e+02  2.44883289e+01  2.93253726e+02]
 [ 9.27552906e+01 -2.32824861e+02  7.69882592e+02]
 [ 2.14909296e-01  9.67547552e-02  1.00000000e+00]]",6
748,32.143586741,"[[ 1.40108386e-03  7.86151889e-06 -3.96966791e-01]
 [-2.85017410e-04 -3.07604193e-03  2.48422135e+00]
 [-2.51089845e-04  2.95836264e-04  8.38767336e-01]]","[[ 7.69580087e+02  2.87938851e+01  2.78941899e+02]
 [ 8.93081400e+01 -2.49679874e+02  7.81757241e+02]
 [ 1.98878939e-01  9.66826076e-02  1.00000000e+00]]",4,"[[ 1.49624668e-03 -1.72797284e-05 -4.27209415e-01]
 [-3.01616490e-04 -3.30970082e-03  2.63317491e+00]
 [-2.68678109e-04  2.52804672e-04  8.84751384e-01]]","[[ 7.24973631e+02  1.87020174e+01  2.94398949e+02]
 [ 8.88825023e+01 -2.43885699e+02  7.68764148e+02]
 [ 1.94760512e-01  7.53661062e-02  1.00000000e+00]]",6
752,32.303547741,"[[ 1.57695224e-03  5.52509029e-05 -5.28596588e-01]
 [-1.87715257e-04 -3.12640531e-03  2.45613434e+00]
 [ 2.85584253e-04 -1.14792041e-04  1.00000390e+00]]","[[ 5.78165991e+02 -1.10320337e+00  3.08324982e+02]
 [-1.80727996e+02 -3.51215514e+02  7.67097290e+02]
 [-1.85860512e-01 -4.00015320e-02  1.00000000e+00]]",1,"[[ 1.63486301e-03  4.06970778e-05 -5.53610055e-01]
 [-3.16096913e-04 -3.29285217e-03  2.59525279e+00]
 [ 2.52176310e-04 -2.07380719e-04  1.07644169e+00]]","[[ 5.59791283e+02 -1.32203792e+01  3.19772369e+02]
 [-1.85219540e+02 -3.53680802e+02  7.57450867e+02]
 [-1.66824700e-01 -6.50408780e-02  1.00000000e+00]]",6
753,32.342960741,"[[ 1.39042293e-03  4.77807271e-05 -4.67846483e-01]
 [-1.33829028e-04 -3.06827322e-03  2.37702681e+00]
 [-2.23069564e-04  3.12157263e-04  8.31616373e-01]]","[[ 7.73188910e+02  4.36116207e+01  3.10320634e+02]
 [ 9.83491312e+01 -2.46944792e+02  7.61176315e+02]
 [ 1.70480671e-01  1.04391927e-01  1.00000000e+00]]",2,"[[ 1.42947863e-03  4.94412801e-05 -4.96242459e-01]
 [-2.05592491e-04 -3.21607430e-03  2.48437352e+00]
 [-3.14548202e-04  3.18143333e-04  8.61784370e-01]]","[[ 7.76506877e+02  4.37056085e+01  3.21141384e+02]
 [ 1.31733107e+02 -2.34527191e+02  7.51956901e+02]
 [ 2.34790557e-01  1.02532357e-01  1.00000000e+00]]",6
754,32.384031741,"[[ 1.37787250e-03  8.46282119e-05 -4.92257701e-01]
 [-1.19341611e-04 -2.96414379e-03  2.27657988e+00]
 [-2.33305936e-04  4.01388202e-04  7.69265964e-01]]","[[ 7.83976189e+02  6.44773636e+01  3.10855360e+02]
 [ 1.07835548e+02 -2.31977826e+02  7.55524042e+02]
 [ 1.81500792e-01  1.40596516e-01  1.00000000e+00]]",3,"[[ 1.41438153e-03  8.46936389e-05 -5.17851201e-01]
 [-1.92811819e-04 -3.11205453e-03  2.38579947e+00]
 [-3.26946061e-04  3.82272767e-04  8.19636816e-01]]","[[ 7.89633239e+02  6.09714917e+01  3.21418906e+02]
 [ 1.41835614e+02 -2.25747200e+02  7.46717670e+02]
 [ 2.48826774e-01  1.29607887e-01  1.00000000e+00]]",6
755,32.422496741,"[[ 1.37113042e-03  5.78644075e-05 -4.70949817e-01]
 [-1.09263941e-04 -2.99263074e-03  2.28266237e+00]
 [-2.46792662e-04  3.38850008e-04  8.22337025e-01]]","[[ 7.89470149e+02  5.05655812e+01  3.11765937e+02]
 [ 1.15571548e+02 -2.46842349e+02  7.51378232e+02]
 [ 1.89306835e-01  1.16888506e-01  1.00000000e+00]]",4,"[[ 1.41353211e-03  4.64947402e-05 -4.90086892e-01]
 [-1.83923597e-04 -3.17519972e-03  2.41764639e+00]
 [-3.27246833e-04  2.98917502e-04  8.83444876e-01]]","[[ 7.87506854e+02  4.18713948e+01  3.22279938e+02]
 [ 1.40340074e+02 -2.42962579e+02  7.42747454e+02]
 [ 2.44224655e-01  9.77175270e-02  1.00000000e+00]]",6
756,32.459423741,"[[ 1.36807604e-03  6.10520025e-05 -4.74795430e-01]
 [-9.67919405e-05 -2.98495468e-03  2.26697904e+00]
 [-2.48751472e-04  3.38385483e-04  8.24460291e-01]]","[[ 7.91637732e+02  5.17441176e+01  3.13615041e+02]
 [ 1.18721100e+02 -2.47641927e+02  7.49299025e+02]
 [ 1.90121412e-01  1.17252291e-01  1.00000000e+00]]",4,"[[ 1.40817664e-03  5.04515938e-05 -4.93457288e-01]
 [-1.72211972e-04 -3.16363637e-03  2.39970883e+00]
 [-3.31068808e-04  2.99483156e-04  8.85339395e-01]]","[[ 7.91576738e+02  4.32832258e+01  3.23878247e+02]
 [ 1.44391283e+02 -2.43652730e+02  7.40898397e+02]
 [ 2.47163530e-01  9.86058171e-02  1.00000000e+00]]",6
757,32.500678741,"[[ 1.36765636e-03  6.56784167e-05 -4.81669950e-01]
 [-8.42184352e-05 -2.98618700e-03  2.25637733e+00]
 [-2.50020088e-04  3.35091760e-04  8.28881033e-01]]","[[ 7.92264442e+02  5.29216071e+01  3.16328700e+02]
 [ 1.21203134e+02 -2.48421172e+02  7.46683522e+02]
 [ 1.89976423e-01  1.16392279e-01  1.00000000e+00]]",4,"[[ 1.40487699e-03  5.59168120e-05 -4.99642714e-01]
 [-1.60865323e-04 -3.16057888e-03  2.38681825e+00]
 [-3.34925564e-04  2.97016783e-04  8.89899882e-01]]","[[ 7.94705818e+02  4.47195608e+01  3.26251878e+02]
 [ 1.48097141e+02 -2.44369369e+02  7.38578508e+02]
 [ 2.49668488e-01  9.83925607e-02  1.00000000e+00]]",6
758,32.537984741,"[[ 1.36621736e-03  6.98210490e-05 -4.85194786e-01]
 [-7.71540745e-05 -2.98536800e-03  2.24587933e+00]
 [-2.50934529e-04  3.32210881e-04  8.32375608e-01]]","[[ 7.93232314e+02  5.38398084e+01  3.17109809e+02]
 [ 1.22591170e+02 -2.49296691e+02  7.44100230e+02]
 [ 1.90206506e-01  1.15728211e-01  1.00000000e+00]]",4,"[[ 1.40194457e-03  6.08705615e-05 -5.03060313e-01]
 [-1.54279131e-04 -3.15644446e-03  2.37421915e+00]
 [-3.36673882e-04  2.95572340e-04  8.92445147e-01]]","[[ 7.96850321e+02  4.59748562e+01  3.26865342e+02]
 [ 1.49838431e+02 -2.44983678e+02  7.36205144e+02]
 [ 2.50985281e-01  9.84810467e-02  1.00000000e+00]]",6
759,32.578525741,"[[ 1.36554970e-03  7.09052320e-05 -4.84874916e-01]
 [-7.54037291e-05 -2.98387770e-03  2.23894681e+00]
 [-2.52272117e-04  3.26463014e-04  8.37502327e-01]]","[[ 7.93735611e+02  5.34926718e+01  3.16530751e+02]
 [ 1.23282796e+02 -2.50985169e+02  7.42349196e+02]
 [ 1.91032413e-01  1.13948441e-01  1.00000000e+00]]",4,"[[ 1.40116648e-03  6.25604172e-05 -5.03110288e-01]
 [-1.52398278e-04 -3.15302531e-03  2.36577693e+00]
 [-3.37419422e-04  2.91367430e-04  8.96065450e-01]]","[[ 7.97260663e+02  4.59688622e+01  3.26268542e+02]
 [ 1.50100572e+02 -2.46298611e+02  7.34549818e+02]
 [ 2.51406651e-01  9.73971042e-02  1.00000000e+00]]",6
760,32.617030741,"[[ 1.36318110e-03  7.12736828e-05 -4.83025682e-01]
 [-7.42869243e-05 -2.97943350e-03  2.23134009e+00]
 [-2.52626006e-04  3.25484400e-04  8.38527925e-01]]","[[ 7.94979159e+02  5.34938161e+01  3.15591701e+02]
 [ 1.23613555e+02 -2.51722638e+02  7.41045487e+02]
 [ 1.91523885e-01  1.13825334e-01  1.00000000e+00]]",4,"[[ 1.39897045e-03  6.34138034e-05 -5.01666046e-01]
 [-1.50961864e-04 -3.14718125e-03  2.35694226e+00]
 [-3.36844029e-04  2.91927462e-04  8.95524343e-01]]","[[ 7.98142871e+02  4.62616831e+01  3.25356942e+02]
 [ 1.49942144e+02 -2.46703745e+02  7.33299287e+02]
 [ 2.51335916e-01  9.78226561e-02  1.00000000e+00]]",6
761,32.667271741,"[[ 1.36299542e-03  6.91817754e-05 -4.81844430e-01]
 [-7.48985688e-05 -2.97891581e-03  2.22973986e+00]
 [-2.53371772e-04  3.22123865e-04  8.41494433e-01]]","[[ 7.95299681e+02  5.26328341e+01  3.15929830e+02]
 [ 1.23777588e+02 -2.52737447e+02  7.40563785e+02]
 [ 1.92080623e-01  1.12595442e-01  1.00000000e+00]]",4,"[[ 1.39846690e-03  6.15577151e-05 -5.00517813e-01]
 [-1.51839058e-04 -3.14554267e-03  2.35469578e+00]
 [-3.37776460e-04  2.89239014e-04  8.98022982e-01]]","[[ 7.98671208e+02  4.55736188e+01  3.25645517e+02]
 [ 1.50129232e+02 -2.47583981e+02  7.32862437e+02]
 [ 2.52052684e-01  9.68846500e-02  1.00000000e+00]]",6
762,32.707740741,"[[ 1.36309705e-03  6.89328243e-05 -4.82851021e-01]
 [-7.33463981e-05 -2.97681700e-03  2.22742066e+00]
 [-2.52272580e-04  3.25507448e-04  8.38894205e-01]]","[[ 7.95106629e+02  5.30516512e+01  3.16785719e+02]
 [ 1.23472100e+02 -2.52103698e+02  7.40450477e+02]
 [ 1.91195161e-01  1.13774905e-01  1.00000000e+00]]",4,"[[ 1.39799769e-03  6.13301094e-05 -5.01284302e-01]
 [-1.50703541e-04 -3.14284078e-03  2.35222827e+00]
 [-3.37362129e-04  2.92593838e-04  8.95714527e-01]]","[[ 7.99038062e+02  4.59823600e+01  3.26425687e+02]
 [ 1.50205080e+02 -2.47030894e+02  7.32787604e+02]
 [ 2.51883936e-01  9.80138444e-02  1.00000000e+00]]",6
763,32.740768741000004,"[[ 1.36360092e-03  7.08766834e-05 -4.86407587e-01]
 [-7.33409345e-05 -2.97553234e-03  2.22829009e+00]
 [-2.54102776e-04  3.26555486e-04  8.38866441e-01]]","[[ 7.95543749e+02  5.38702326e+01  3.18191307e+02]
 [ 1.24546273e+02 -2.51782079e+02  7.41028290e+02]
 [ 1.92496205e-01  1.14332139e-01  1.00000000e+00]]",5,"[[ 1.39467843e-03  6.12508173e-05 -5.01906688e-01]
 [-1.36273130e-04 -3.15750344e-03  2.35758924e+00]
 [-3.47218664e-04  2.81236628e-04  9.07773084e-01]]","[[ 8.02969730e+02  4.47646172e+01  3.27702267e+02]
 [ 1.58097331e+02 -2.48394076e+02  7.32519305e+02]
 [ 2.58151867e-01  9.40770602e-02  1.00000000e+00]]",6
764,32.786547741,"[[ 1.36479039e-03  7.25854973e-05 -4.88552318e-01]
 [-7.16189396e-05 -2.98005942e-03  2.23036444e+00]
 [-2.54328545e-04  3.25321048e-04  8.40032575e-01]]","[[ 7.94919964e+02  5.41390472e+01  3.18571200e+02]
 [ 1.24837111e+02 -2.51655875e+02  7.40773386e+02]
 [ 1.92324325e-01  1.13850416e-01  1.00000000e+00]]",5,"[[ 1.39550293e-03  6.29776261e-05 -5.03903155e-01]
 [-1.34755343e-04 -3.16177366e-03  2.35958508e+00]
 [-3.47920199e-04  2.79821705e-04  9.09218079e-01]]","[[ 8.02720988e+02  4.50212167e+01  3.28042583e+02]
 [ 1.58596856e+02 -2.48309167e+02  7.32304029e+02]
 [ 2.58358263e-01  9.36475936e-02  1.00000000e+00]]",6
765,32.828451741,"[[ 1.36303103e-03  7.40456234e-05 -4.86405267e-01]
 [-6.99151200e-05 -2.97859369e-03  2.22624353e+00]
 [-2.54069967e-04  3.26224804e-04  8.39052608e-01]]","[[ 7.95477316e+02  5.44561936e+01  3.16656674e+02]
 [ 1.25028810e+02 -2.51575709e+02  7.39981569e+02]
 [ 1.92263744e-01  1.14302630e-01  1.00000000e+00]]",4,"[[ 1.39770042e-03  6.64438235e-05 -5.04721050e-01]
 [-1.47105029e-04 -3.14482925e-03  2.35110937e+00]
 [-3.39426782e-04  2.92832371e-04  8.96297621e-01]]","[[ 7.99676211e+02  4.72785427e+01  3.26293840e+02]
 [ 1.51896220e+02 -2.46580061e+02  7.32348157e+02]
 [ 2.53209857e-01  9.84653147e-02  1.00000000e+00]]",6
766,32.868917741000004,"[[ 1.35899066e-03  7.26645327e-05 -4.82550428e-01]
 [-7.68876016e-05 -2.97018453e-03  2.22447003e+00]
 [-2.59395873e-04  3.26034603e-04  8.40316412e-01]]","[[ 7.99120827e+02  5.41792591e+01  3.15471595e+02]
 [ 1.27121176e+02 -2.52256105e+02  7.40766827e+02]
 [ 1.97357496e-01  1.14597423e-01  1.00000000e+00]]",5,"[[ 1.39193886e-03  6.31436503e-05 -4.98901271e-01]
 [-1.38054707e-04 -3.15392724e-03  2.35402129e+00]
 [-3.49778064e-04  2.81153902e-04  9.07906229e-01]]","[[ 8.04616643e+02  4.50993994e+01  3.25209048e+02]
 [ 1.59321493e+02 -2.48609126e+02  7.32142649e+02]
 [ 2.60647393e-01  9.43623954e-02  1.00000000e+00]]",6
767,32.906017741,"[[ 1.36166809e-03  6.99716332e-05 -4.83802893e-01]
 [-7.49495438e-05 -2.96862806e-03  2.22715534e+00]
 [-2.56350394e-04  3.30248776e-04  8.36186146e-01]]","[[ 7.97078944e+02  5.40704398e+01  3.17161234e+02]
 [ 1.25899212e+02 -2.51318909e+02  7.42223074e+02]
 [ 1.94637810e-01  1.15833945e-01  1.00000000e+00]]",5,"[[ 1.39426488e-03  6.00266401e-05 -4.99696540e-01]
 [-1.37052268e-04 -3.15298894e-03  2.35775906e+00]
 [-3.47775834e-04  2.84178242e-04  9.05189850e-01]]","[[ 8.03139891e+02  4.47456665e+01  3.26811800e+02]
 [ 1.58599164e+02 -2.48022572e+02  7.33579724e+02]
 [ 2.58776889e-01  9.50563908e-02  1.00000000e+00]]",6
768,32.940223741000004,"[[ 1.36516729e-03  7.03938197e-05 -4.87833320e-01]
 [-7.39841343e-05 -2.98099640e-03  2.23794471e+00]
 [-2.55166302e-04  3.27110019e-04  8.38424807e-01]]","[[ 7.95058219e+02  5.37835204e+01  3.19040352e+02]
 [ 1.25239669e+02 -2.50990025e+02  7.42819008e+02]
 [ 1.93106065e-01  1.14291816e-01  1.00000000e+00]]",5,"[[ 1.39664645e-03  6.01814625e-05 -5.03068261e-01]
 [-1.37257298e-04 -3.16495575e-03  2.36893059e+00]
 [-3.48411167e-04  2.80138147e-04  9.08785296e-01]]","[[ 8.02321355e+02  4.43376714e+01  3.28558950e+02]
 [ 1.58797442e+02 -2.47951342e+02  7.34238852e+02]
 [ 2.58644698e-01  9.34306154e-02  1.00000000e+00]]",6
769,32.980086741,"[[ 1.36553735e-03  7.31816273e-05 -4.88513364e-01]
 [-7.58035188e-05 -2.97989091e-03  2.23761597e+00]
 [-2.53222421e-04  3.28294194e-04  8.36645693e-01]]","[[ 7.94297011e+02  5.45336468e+01  3.17935475e+02]
 [ 1.23829422e+02 -2.50705575e+02  7.42817578e+02]
 [ 1.91815165e-01  1.14880561e-01  1.00000000e+00]]",5,"[[ 1.39747682e-03  6.29119583e-05 -5.03925161e-01]
 [-1.38784680e-04 -3.16444892e-03  2.36879386e+00]
 [-3.45912761e-04  2.81270373e-04  9.06793202e-01]]","[[ 8.01124287e+02  4.50406202e+01  3.27544075e+02]
 [ 1.57141726e+02 -2.47627771e+02  7.34199168e+02]
 [ 2.56860993e-01  9.39910892e-02  1.00000000e+00]]",6
770,33.029223741,"[[ 1.36301185e-03  7.21890546e-05 -4.83363209e-01]
 [-7.89896164e-05 -2.97505630e-03  2.23615277e+00]
 [-2.53732376e-04  3.31302231e-04  8.33747732e-01]]","[[ 7.95510621e+02  5.44106083e+01  3.15263387e+02]
 [ 1.23854155e+02 -2.50353006e+02  7.43263322e+02]
 [ 1.92880456e-01  1.16040187e-01  1.00000000e+00]]",4,"[[ 1.39959582e-03  6.35817458e-05 -5.01829629e-01]
 [-1.55380047e-04 -3.14560459e-03  2.36365136e+00]
 [-3.37938587e-04  2.95840136e-04  8.92332819e-01]]","[[ 7.98186216e+02  4.67133257e+01  3.25147155e+02]
 [ 1.50276353e+02 -2.45707365e+02  7.35353066e+02]
 [ 2.52462020e-01  9.91517222e-02  1.00000000e+00]]",6
771,33.065024741,"[[ 1.36249325e-03  6.72622639e-05 -4.79327330e-01]
 [-8.49427015e-05 -2.97126431e-03  2.24070880e+00]
 [-2.56467923e-04  3.28977790e-04  8.35663667e-01]]","[[ 7.96544253e+02  5.29104852e+01  3.15017214e+02]
 [ 1.24594231e+02 -2.51236944e+02  7.45120647e+02]
 [ 1.95412726e-01  1.15143473e-01  1.00000000e+00]]",5,"[[ 1.39811218e-03  5.64129177e-05 -4.95884017e-01]
 [-1.45929092e-04 -3.16079486e-03  2.37437560e+00]
 [-3.44967761e-04  2.81097454e-04  9.05164618e-01]]","[[ 7.99941008e+02  4.31780652e+01  3.24976264e+02]
 [ 1.55748505e+02 -2.48124947e+02  7.36192071e+02]
 [ 2.56498482e-01  9.35104285e-02  1.00000000e+00]]",6
772,33.108057741,"[[ 1.36346342e-03  6.64700084e-05 -4.81063178e-01]
 [-8.71549013e-05 -2.97284663e-03  2.24982934e+00]
 [-2.56784180e-04  3.30720330e-04  8.34022711e-01]]","[[ 7.96399415e+02  5.30033167e+01  3.16382291e+02]
 [ 1.24773843e+02 -2.50429005e+02  7.47517565e+02]
 [ 1.95723117e-01  1.15623202e-01  1.00000000e+00]]",5,"[[ 1.39903453e-03  5.49795670e-05 -4.97122322e-01]
 [-1.48932370e-04 -3.16391550e-03  2.38516334e+00]
 [-3.46012775e-04  2.81211832e-04  9.05231465e-01]]","[[ 8.00050012e+02  4.29053116e+01  3.26310513e+02]
 [ 1.56279175e+02 -2.47709427e+02  7.38504280e+02]
 [ 2.57260138e-01  9.33513816e-02  1.00000000e+00]]",6
773,33.140621741000004,"[[ 1.36735990e-03  6.89100362e-05 -4.84672467e-01]
 [-8.52822230e-05 -2.97939296e-03  2.25717485e+00]
 [-2.49823167e-04  3.33112554e-04  8.29783331e-01]]","[[ 7.92557412e+02  5.37437325e+01  3.16735400e+02]
 [ 1.21220671e+02 -2.49145440e+02  7.48529309e+02]
 [ 1.89952087e-01  1.16198892e-01  1.00000000e+00]]",4,"[[ 1.40453185e-03  5.86821025e-05 -5.02296520e-01]
 [-1.62003556e-04 -3.15528941e-03  2.38882926e+00]
 [-3.35462880e-04  2.93281787e-04  8.92473522e-01]]","[[ 7.95218248e+02  4.51555208e+01  3.26694879e+02]
 [ 1.48518835e+02 -2.45354394e+02  7.40313559e+02]
 [ 2.50100792e-01  9.76006278e-02  1.00000000e+00]]",6
774,33.179899741,"[[ 1.36366366e-03  6.93997519e-05 -4.81995417e-01]
 [-9.28435254e-05 -2.97380706e-03  2.25830434e+00]
 [-2.54177857e-04  3.34755158e-04  8.29227605e-01]]","[[ 7.95771242e+02  5.40646752e+01  3.15309812e+02]
 [ 1.22757100e+02 -2.49028772e+02  7.49554299e+02]
 [ 1.94366246e-01  1.17103807e-01  1.00000000e+00]]",5,"[[ 1.40038492e-03  5.71734103e-05 -4.98043453e-01]
 [-1.54616862e-04 -3.16804213e-03  2.39587428e+00]
 [-3.42825313e-04  2.83421396e-04  9.01722356e-01]]","[[ 7.98560334e+02  4.35244917e+01  3.25420052e+02]
 [ 1.54019999e+02 -2.46636328e+02  7.40381206e+02]
 [ 2.55193999e-01  9.40681013e-02  1.00000000e+00]]",6
775,33.217626741000004,"[[ 1.36230705e-03  6.63338307e-05 -4.77243047e-01]
 [-1.00320266e-04 -2.97198616e-03  2.26286491e+00]
 [-2.54768149e-04  3.34603236e-04  8.28713884e-01]]","[[ 7.96636812e+02  5.31057299e+01  3.13761229e+02]
 [ 1.22057527e+02 -2.49220869e+02  7.50807096e+02]
 [ 1.95624625e-01  1.16952014e-01  1.00000000e+00]]",5,"[[ 1.40081413e-03  5.37865124e-05 -4.93819248e-01]
 [-1.61185752e-04 -3.16859632e-03  2.40163671e+00]
 [-3.41318526e-04  2.83126169e-04  9.00677185e-01]]","[[ 7.97718416e+02  4.24965640e+01  3.24053284e+02]
 [ 1.52269789e+02 -2.46759655e+02  7.41465211e+02]
 [ 2.54435791e-01  9.36728294e-02  1.00000000e+00]]",6
776,33.262089741000004,"[[ 1.36227268e-03  6.43402960e-05 -4.75195143e-01]
 [-1.02859821e-04 -2.97027706e-03  2.26417757e+00]
 [-2.52056636e-04  3.38300414e-04  8.24769988e-01]]","[[ 7.96039361e+02  5.29307048e+01  3.13335266e+02]
 [ 1.20272341e+02 -2.48479647e+02  7.51427533e+02]
 [ 1.93943552e-01  1.18096323e-01  1.00000000e+00]]",5,"[[ 1.40140344e-03  5.15567656e-05 -4.91877865e-01]
 [-1.63693407e-04 -3.16802398e-03  2.40373725e+00]
 [-3.38066717e-04  2.86466356e-04  8.96864073e-01]]","[[ 7.96588898e+02  4.22332942e+01  3.23690861e+02]
 [ 1.50254285e+02 -2.46111881e+02  7.42024430e+02]
 [ 2.52276129e-01  9.45298706e-02  1.00000000e+00]]",6
777,33.302737741,"[[ 1.36319664e-03  6.29518166e-05 -4.74853840e-01]
 [-1.06604483e-04 -2.97233323e-03  2.26767223e+00]
 [-2.50621040e-04  3.37414406e-04  8.24974279e-01]]","[[ 7.95330909e+02  5.24468651e+01  3.13626307e+02]
 [ 1.18754258e+02 -2.48591620e+02  7.51678256e+02]
 [ 1.93045124e-01  1.17606917e-01  1.00000000e+00]]",5,"[[ 1.40218717e-03  5.00984882e-05 -4.91446756e-01]
 [-1.67788844e-04 -3.16989974e-03  2.40728365e+00]
 [-3.36921338e-04  2.85628102e-04  8.97137278e-01]]","[[ 7.96013346e+02  4.17718820e+01  3.23965367e+02]
 [ 1.48890445e+02 -2.46230894e+02  7.42271386e+02]
 [ 2.51540753e-01  9.40818124e-02  1.00000000e+00]]",6
778,33.344436741,"[[ 1.36341464e-03  6.24983705e-05 -4.74724064e-01]
 [-1.10044184e-04 -2.97286478e-03  2.27003385e+00]
 [-2.50495664e-04  3.36916781e-04  8.25232891e-01]]","[[ 7.95309989e+02  5.22735752e+01  3.13717507e+02]
 [ 1.18086478e+02 -2.48671856e+02  7.51971996e+02]
 [ 1.93201688e-01  1.17392346e-01  1.00000000e+00]]",5,"[[ 1.40238023e-03  4.95896876e-05 -4.91274489e-01]
 [-1.71447905e-04 -3.17043202e-03  2.40976519e+00]
 [-3.36908189e-04  2.85122271e-04  8.97459861e-01]]","[[ 7.96010025e+02  4.15936561e+01  3.24057360e+02]
 [ 1.48277161e+02 -2.46316357e+02  7.42550613e+02]
 [ 2.51716188e-01  9.38688470e-02  1.00000000e+00]]",6
779,33.385845741000004,"[[ 1.36223255e-03  6.03299998e-05 -4.71235756e-01]
 [-1.14849145e-04 -2.97027893e-03  2.27098984e+00]
 [-2.49988066e-04  3.36768224e-04  8.24734366e-01]]","[[ 7.95806900e+02  5.16065634e+01  3.12603300e+02]
 [ 1.17100104e+02 -2.48974133e+02  7.52484083e+02]
 [ 1.93403646e-01  1.17307591e-01  1.00000000e+00]]",5,"[[ 1.40226056e-03  4.72869213e-05 -4.88154017e-01]
 [-1.75711389e-04 -3.16897071e-03  2.41120425e+00]
 [-3.35150812e-04  2.85147966e-04  8.96420234e-01]]","[[ 7.95479209e+02  4.09398281e+01  3.23065090e+02]
 [ 1.46684356e+02 -2.46518043e+02  7.42966171e+02]
 [ 2.50751543e-01  9.37229347e-02  1.00000000e+00]]",6
780,33.429244741000005,"[[ 1.36570096e-03  5.75530890e-05 -4.68357785e-01]
 [-1.18182260e-04 -2.97397083e-03  2.27651899e+00]
 [-2.44414234e-04  3.37732220e-04  8.21712097e-01]]","[[ 7.92305123e+02  5.06742533e+01  3.11205558e+02]
 [ 1.13274926e+02 -2.48532938e+02  7.53114319e+02]
 [ 1.89110101e-01  1.17222431e-01  1.00000000e+00]]",4,"[[ 1.40842668e-03  4.59833036e-05 -4.87504962e-01]
 [-1.92919851e-04 -3.15695850e-03  2.41191343e+00]
 [-3.24576422e-04  2.97498474e-04  8.83021732e-01]]","[[ 7.89909740e+02  4.18337685e+01  3.21832951e+02]
 [ 1.38028500e+02 -2.44607377e+02  7.44332071e+02]
 [ 2.43847689e-01  9.77876003e-02  1.00000000e+00]]",6
781,33.462322741,"[[ 1.36398439e-03  5.35340145e-05 -4.63883776e-01]
 [-1.25537616e-04 -2.97259846e-03  2.28187650e+00]
 [-2.48385381e-04  3.35123476e-04  8.24259906e-01]]","[[ 7.94223663e+02  4.93061556e+01  3.10480848e+02]
 [ 1.14457872e+02 -2.49281436e+02  7.54524874e+02]
 [ 1.92798444e-01  1.16209692e-01  1.00000000e+00]]",4,"[[ 1.40790327e-03  4.15802755e-05 -4.83273502e-01]
 [-1.99780417e-04 -3.15728046e-03  2.41825416e+00]
 [-3.27530900e-04  2.94500393e-04  8.85634837e-01]]","[[ 7.90737439e+02  4.03776640e+01  3.21237360e+02]
 [ 1.38639361e+02 -2.45355147e+02  7.45602823e+02]
 [ 2.46333578e-01  9.65207289e-02  1.00000000e+00]]",6
782,33.508748741000005,"[[ 1.36459506e-03  5.24463021e-05 -4.62927520e-01]
 [-1.29301010e-04 -2.97193590e-03  2.28841285e+00]
 [-2.48358528e-04  3.34981967e-04  8.23614209e-01]]","[[ 7.93909049e+02  4.89706608e+01  3.10166161e+02]
 [ 1.14074103e+02 -2.49197512e+02  7.56512969e+02]
 [ 1.93004581e-01  1.16121059e-01  1.00000000e+00]]",4,"[[ 1.40936739e-03  3.98754253e-05 -4.82259557e-01]
 [-2.03224589e-04 -3.15906233e-03  2.42641321e+00]
 [-3.27269235e-04  2.93023290e-04  8.86050952e-01]]","[[ 7.89817046e+02  3.97475146e+01  3.21034500e+02]
 [ 1.38163540e+02 -2.45476925e+02  7.47427833e+02]
 [ 2.46032900e-01  9.58619759e-02  1.00000000e+00]]",6
783,33.547151741,"[[ 1.36558905e-03  5.14571706e-05 -4.62535043e-01]
 [-1.30890583e-04 -2.97301098e-03  2.29615199e+00]
 [-2.46404570e-04  3.37318724e-04  8.20498273e-01]]","[[ 7.92930151e+02  4.89103487e+01  3.10119345e+02]
 [ 1.13093251e+02 -2.48321985e+02  7.58678760e+02]
 [ 1.91631290e-01  1.16777076e-01  1.00000000e+00]]",4,"[[ 1.41110835e-03  3.81027848e-05 -4.81645707e-01]
 [-2.04540675e-04 -3.16322397e-03  2.43627131e+00]
 [-3.25365327e-04  2.93485873e-04  8.84525714e-01]]","[[ 7.88392271e+02  3.92874047e+01  3.21088434e+02]
 [ 1.37292683e+02 -2.44947384e+02  7.49423905e+02]
 [ 2.44449701e-01  9.57251494e-02  1.00000000e+00]]",6
784,33.586029741000004,"[[ 1.36649379e-03  5.24238986e-05 -4.64176962e-01]
 [-1.29985668e-04 -2.97703865e-03  2.30127745e+00]
 [-2.45153171e-04  3.39968443e-04  8.17943279e-01]]","[[ 7.92213829e+02  4.94141692e+01  3.10549278e+02]
 [ 1.12733764e+02 -2.47192355e+02  7.59449493e+02]
 [ 1.90585111e-01  1.17552944e-01  1.00000000e+00]]",4,"[[ 1.41176870e-03  3.87634859e-05 -4.82970653e-01]
 [-2.03786790e-04 -3.16834998e-03  2.44229292e+00]
 [-3.24816398e-04  2.95146760e-04  8.83022597e-01]]","[[ 7.88017498e+02  3.95908568e+01  3.21505766e+02]
 [ 1.37365679e+02 -2.44059995e+02  7.50161538e+02]
 [ 2.43955218e-01  9.61394153e-02  1.00000000e+00]]",6
785,33.628408741,"[[ 1.36818646e-03  5.47024436e-05 -4.67187880e-01]
 [-1.27298429e-04 -2.97965350e-03  2.30130414e+00]
 [-2.42154655e-04  3.42258302e-04  8.15548028e-01]]","[[ 7.90634469e+02  5.02514888e+01  3.11117033e+02]
 [ 1.11420267e+02 -2.46375838e+02  7.59047796e+02]
 [ 1.87997886e-01  1.18316524e-01  1.00000000e+00]]",4,"[[ 1.41286885e-03  4.10657419e-05 -4.85745169e-01]
 [-2.01473716e-04 -3.17070853e-03  2.44232584e+00]
 [-3.22517217e-04  2.97095406e-04  8.81085670e-01]]","[[ 7.87040724e+02  4.03654750e+01  3.22006812e+02]
 [ 1.36458364e+02 -2.43361747e+02  7.49816613e+02]
 [ 2.42079787e-01  9.68353256e-02  1.00000000e+00]]",6
786,33.667862741,"[[ 1.36556047e-03  5.42977535e-05 -4.64679407e-01]
 [-1.33781104e-04 -2.97451403e-03  2.30035360e+00]
 [-2.46330326e-04  3.41275685e-04  8.17216859e-01]]","[[ 7.93140152e+02  5.00557597e+01  3.10088987e+02]
 [ 1.12789675e+02 -2.47001125e+02  7.59407933e+02]
 [ 1.91971197e-01  1.18237563e-01  1.00000000e+00]]",4,"[[ 1.41109582e-03  4.06413943e-05 -4.83572456e-01]
 [-2.07489333e-04 -3.16599751e-03  2.44143694e+00]
 [-3.25630594e-04  2.96512859e-04  8.82142139e-01]]","[[ 7.88675431e+02  4.01958267e+01  3.21089003e+02]
 [ 1.37241239e+02 -2.43843546e+02  7.50099894e+02]
 [ 2.44997997e-01  9.68004296e-02  1.00000000e+00]]",6
787,33.702611741000005,"[[ 1.36334595e-03  5.15142376e-05 -4.59036048e-01]
 [-1.41543360e-04 -2.97023486e-03  2.30144995e+00]
 [-2.47396183e-04  3.42550989e-04  8.15797856e-01]]","[[ 7.94493611e+02  4.92974432e+01  3.07975323e+02]
 [ 1.12291070e+02 -2.47058359e+02  7.60161469e+02]
 [ 1.93784855e-01  1.18688819e-01  1.00000000e+00]]",4,"[[ 1.41070642e-03  3.76162736e-05 -4.78542560e-01]
 [-2.14381156e-04 -3.16332650e-03  2.44314900e+00]
 [-3.24703166e-04  2.98216701e-04  8.79774666e-01]]","[[ 7.88333882e+02  3.94667811e+01  3.19204562e+02]
 [ 1.35749564e+02 -2.43737579e+02  7.50702642e+02]
 [ 2.44939674e-01  9.71858008e-02  1.00000000e+00]]",6
788,33.745876741000004,"[[ 1.36111149e-03  4.86252196e-05 -4.54301288e-01]
 [-1.51260205e-04 -2.96841078e-03  2.30567362e+00]
 [-2.49331684e-04  3.42188933e-04  8.15995641e-01]]","[[ 7.96231052e+02  4.83847423e+01  3.06581747e+02]
 [ 1.11939432e+02 -2.47308096e+02  7.61114335e+02]
 [ 1.96350552e-01  1.18493210e-01  1.00000000e+00]]",5,"[[ 1.41033046e-03  3.26858229e-05 -4.72985066e-01]
 [-2.09045230e-04 -3.18263445e-03  2.45551333e+00]
 [-3.25669686e-04  2.86135447e-04  8.88767373e-01]]","[[ 7.87916341e+02  3.66795317e+01  3.17974750e+02]
 [ 1.36976836e+02 -2.45311061e+02  7.50649270e+02]
 [ 2.44615797e-01  9.24174358e-02  1.00000000e+00]]",6
789,33.780378741,"[[ 1.36103094e-03  4.59984265e-05 -4.51725613e-01]
 [-1.56585264e-04 -2.96922911e-03  2.30952826e+00]
 [-2.48877438e-04  3.42142668e-04  8.15594054e-01]]","[[ 7.96198761e+02  4.76128342e+01  3.06157439e+02]
 [ 1.10827555e+02 -2.47303410e+02  7.61675315e+02]
 [ 1.96466700e-01  1.18273065e-01  1.00000000e+00]]",5,"[[ 1.41095633e-03  2.98585850e-05 -4.70567908e-01]
 [-2.14198792e-04 -3.18436857e-03  2.45993651e+00]
 [-3.24470208e-04  2.86086113e-04  8.88165910e-01]]","[[ 7.87231744e+02  3.59162809e+01  3.17614334e+02]
 [ 1.35499216e+02 -2.45280560e+02  7.51139150e+02]
 [ 2.43950822e-01  9.21281983e-02  1.00000000e+00]]",6
790,33.819752741,"[[ 1.36186553e-03  4.44357382e-05 -4.50219118e-01]
 [-1.59385736e-04 -2.97057896e-03  2.31113875e+00]
 [-2.47475320e-04  3.41665908e-04  8.15448572e-01]]","[[ 7.95353253e+02  4.70625463e+01  3.05739901e+02]
 [ 1.09442805e+02 -2.47400365e+02  7.61605129e+02]
 [ 1.95521129e-01  1.17941330e-01  1.00000000e+00]]",5,"[[ 1.41226044e-03  2.82681041e-05 -4.69247559e-01]
 [-2.16813545e-04 -3.18606230e-03  2.46165449e+00]
 [-3.22493711e-04  2.85824223e-04  8.87639306e-01]]","[[ 7.85965689e+02  3.54327370e+01  3.17233952e+02]
 [ 1.33843654e+02 -2.45302750e+02  7.51044281e+02]
 [ 2.42455727e-01  9.18619786e-02  1.00000000e+00]]",6
791,33.859375741,"[[ 1.36188005e-03  4.22805530e-05 -4.48148801e-01]
 [-1.62886097e-04 -2.97003518e-03  2.31163097e+00]
 [-2.45703298e-04  3.43454186e-04  8.13479911e-01]]","[[ 7.94959687e+02  4.66358443e+01  3.05422869e+02]
 [ 1.07844662e+02 -2.47093630e+02  7.61567353e+02]
 [ 1.94577044e-01  1.18409712e-01  1.00000000e+00]]",4,"[[ 1.41209074e-03  2.79026463e-05 -4.68549751e-01]
 [-2.35087112e-04 -3.16540529e-03  2.45449582e+00]
 [-3.19853032e-04  3.00124390e-04  8.75723806e-01]]","[[ 7.86120269e+02  3.69813728e+01  3.16955905e+02]
 [ 1.29771503e+02 -2.43483364e+02  7.51873252e+02]
 [ 2.42651115e-01  9.69528289e-02  1.00000000e+00]]",6
792,33.902061741000004,"[[ 1.36319167e-03  3.90803753e-05 -4.46748187e-01]
 [-1.68180122e-04 -2.97107630e-03  2.31489819e+00]
 [-2.44030579e-04  3.42660800e-04  8.13595261e-01]]","[[ 7.93970516e+02  4.57216075e+01  3.05881848e+02]
 [ 1.05865604e+02 -2.47322315e+02  7.61829960e+02]
 [ 1.93557042e-01  1.17878185e-01  1.00000000e+00]]",4,"[[ 1.41334495e-03  2.46618357e-05 -4.67115064e-01]
 [-2.40850088e-04 -3.16598992e-03  2.45768982e+00]
 [-3.18255100e-04  2.99649999e-04  8.75630508e-01]]","[[ 7.85169559e+02  3.61549951e+01  3.17379035e+02]
 [ 1.27839671e+02 -2.43674260e+02  7.52134122e+02]
 [ 2.41628241e-01  9.65287327e-02  1.00000000e+00]]",6
793,33.944468741,"[[ 1.36336321e-03  3.82795431e-05 -4.46112954e-01]
 [-1.69669488e-04 -2.97290275e-03  2.31672631e+00]
 [-2.43916341e-04  3.41139605e-04  8.14706407e-01]]","[[ 7.93834142e+02  4.53148467e+01  3.05825012e+02]
 [ 1.05483904e+02 -2.47593977e+02  7.61826850e+02]
 [ 1.93498394e-01  1.17241183e-01  1.00000000e+00]]",4,"[[ 1.41362562e-03  2.38525722e-05 -4.66523710e-01]
 [-2.42348076e-04 -3.16787373e-03  2.45954983e+00]
 [-3.17985903e-04  2.98179963e-04  8.76636511e-01]]","[[ 7.84915677e+02  3.57789583e+01  3.17328379e+02]
 [ 1.27370121e+02 -2.43915168e+02  7.52127802e+02]
 [ 2.41391843e-01  9.59437796e-02  1.00000000e+00]]",6
794,33.987553741,"[[ 1.36096420e-03  3.74087311e-05 -4.43553622e-01]
 [-1.74451796e-04 -2.96879219e-03  2.31600234e+00]
 [-2.45868557e-04  3.41610961e-04  8.14605802e-01]]","[[ 7.95649872e+02  4.51167420e+01  3.04960880e+02]
 [ 1.05933057e+02 -2.47798647e+02  7.62195945e+02]
 [ 1.95723370e-01  1.17533563e-01  1.00000000e+00]]",5,"[[ 1.41241760e-03  2.10723240e-05 -4.62932102e-01]
 [-2.31999901e-04 -3.18488504e-03  2.46698238e+00]
 [-3.19684038e-04  2.86437240e-04  8.85927990e-01]]","[[ 7.85181992e+02  3.36640908e+01  3.16546304e+02]
 [ 1.29769628e+02 -2.45534339e+02  7.51532204e+02]
 [ 2.41373224e-01  9.15334562e-02  1.00000000e+00]]",6
795,34.025200741,"[[ 1.35989432e-03  3.62200413e-05 -4.39778627e-01]
 [-1.79608017e-04 -2.96854568e-03  2.31870923e+00]
 [-2.46522863e-04  3.39241207e-04  8.15957140e-01]]","[[ 7.96150596e+02  4.43491713e+01  3.03076192e+02]
 [ 1.05463992e+02 -2.48411882e+02  7.62755422e+02]
 [ 1.96691204e-01  1.16678471e-01  1.00000000e+00]]",4,"[[ 1.41230703e-03  2.15401631e-05 -4.60923354e-01]
 [-2.51247166e-04 -3.16546820e-03  2.46227986e+00]
 [-3.18313249e-04  2.96688222e-04  8.76864416e-01]]","[[ 7.85231347e+02  3.48558396e+01  3.14879506e+02]
 [ 1.26190644e+02 -2.44487034e+02  7.52864071e+02]
 [ 2.42352477e-01  9.53756330e-02  1.00000000e+00]]",6
796,34.064932741,"[[ 1.35810121e-03  3.33570294e-05 -4.33525546e-01]
 [-1.92285047e-04 -2.96028545e-03  2.32072231e+00]
 [-2.44643715e-04  3.45194418e-04  8.09620977e-01]]","[[ 7.96673361e+02  4.40107646e+01  3.00438720e+02]
 [ 1.02659921e+02 -2.47508598e+02  7.64437239e+02]
 [ 1.96960681e-01  1.18827879e-01  1.00000000e+00]]",4,"[[ 1.41310055e-03  1.80539206e-05 -4.55319449e-01]
 [-2.63091257e-04 -3.16012465e-03  2.46587027e+00]
 [-3.14000039e-04  3.02681063e-04  8.69841205e-01]]","[[ 7.83527623e+02  3.44153048e+01  3.12576235e+02]
 [ 1.22272418e+02 -2.43498230e+02  7.54284865e+02]
 [ 2.40294616e-01  9.71541815e-02  1.00000000e+00]]",6
797,34.105346741000005,"[[ 1.35695118e-03  2.60895638e-05 -4.25503437e-01]
 [-2.07662873e-04 -2.95787308e-03  2.33029779e+00]
 [-2.45287189e-04  3.44270721e-04  8.09295320e-01]]","[[ 7.97362681e+02  4.18141673e+01  2.98829233e+02]
 [ 1.00674717e+02 -2.47938217e+02  7.66849014e+02]
 [ 1.98843968e-01  1.18145189e-01  1.00000000e+00]]",4,"[[ 1.41437378e-03  9.98890719e-06 -4.47761838e-01]
 [-2.77886761e-04 -3.16084782e-03  2.47739215e+00]
 [-3.12633147e-04  3.01415346e-04  8.69308948e-01]]","[[ 7.82139420e+02  3.21510150e+01  3.11237463e+02]
 [ 1.19284692e+02 -2.43863141e+02  7.56412051e+02]
 [ 2.39924450e-01  9.61172276e-02  1.00000000e+00]]",6
798,34.144594741,"[[ 1.35508189e-03  1.83614009e-05 -4.18635567e-01]
 [-2.26720652e-04 -2.96004832e-03  2.34548663e+00]
 [-2.49173319e-04  3.40756882e-04  8.12162561e-01]]","[[ 7.99432277e+02  3.93230740e+01  2.98510485e+02]
 [ 9.99012130e+01 -2.48626816e+02  7.69517215e+02]
 [ 2.03352353e-01  1.16380099e-01  1.00000000e+00]]",5,"[[ 1.41590166e-03 -4.71744171e-07 -4.40051270e-01]
 [-2.81392570e-04 -3.18860277e-03  2.50407906e+00]
 [-3.13396740e-04  2.84325957e-04  8.81997676e-01]]","[[ 7.80599785e+02  2.76202029e+01  3.11044759e+02]
 [ 1.18847575e+02 -2.46055525e+02  7.57872194e+02]
 [ 2.39055026e-01  8.91340831e-02  1.00000000e+00]]",6
799,34.189156741000005,"[[ 1.35999431e-03  1.62092045e-05 -4.18072453e-01]
 [-2.33627939e-04 -2.95912451e-03  2.35303332e+00]
 [-2.39857649e-04  3.47911904e-04  8.03067245e-01]]","[[ 7.94662451e+02  3.94143275e+01  2.98210712e+02]
 [ 9.37107833e+01 -2.46701396e+02  7.71634637e+02]
 [ 1.96749116e-01  1.18650313e-01  1.00000000e+00]]",4,"[[ 1.42005698e-03 -1.58121956e-06 -4.40284139e-01]
 [-3.04071495e-04 -3.16735154e-03  2.50410883e+00]
 [-3.05893018e-04  3.03340523e-04  8.64332805e-01]]","[[ 7.77458851e+02  2.93865032e+01  3.10893902e+02]
 [ 1.11857899e+02 -2.42918853e+02  7.60753844e+02]
 [ 2.35890851e-01  9.56532689e-02  1.00000000e+00]]",6
800,34.218465741,"[[ 1.35882978e-03  1.33559971e-05 -4.14166696e-01]
 [-2.42176831e-04 -2.96161704e-03  2.36155108e+00]
 [-2.39849540e-04  3.49461154e-04  8.01120210e-01]]","[[ 7.95275543e+02  3.86548388e+01  2.97197930e+02]
 [ 9.26125405e+01 -2.46014417e+02  7.73083284e+02]
 [ 1.97700652e-01  1.18888309e-01  1.00000000e+00]]",5,"[[ 1.42284526e-03 -7.12536577e-06 -4.35727174e-01]
 [-2.96945388e-04 -3.19672003e-03  2.52498619e+00]
 [-3.01925156e-04  2.90466820e-04  8.72546450e-01]]","[[ 7.74128068e+02  2.64466875e+01  3.10047809e+02]
 [ 1.10592738e+02 -2.43913518e+02  7.61067248e+02]
 [ 2.31053850e-01  9.03490058e-02  1.00000000e+00]]",6
801,34.263721741000005,"[[ 1.35793112e-03  1.01716646e-05 -4.10094055e-01]
 [-2.49326077e-04 -2.96442878e-03  2.36736302e+00]
 [-2.41674010e-04  3.46000149e-04  8.03892271e-01]]","[[ 7.95979600e+02  3.73033162e+01  2.96203881e+02]
 [ 9.23944950e+01 -2.46714541e+02  7.73677438e+02]
 [ 1.99528069e-01  1.17401937e-01  1.00000000e+00]]",5,"[[ 1.42320076e-03 -1.05767245e-05 -4.31970061e-01]
 [-3.03592127e-04 -3.20100732e-03  2.53158900e+00]
 [-3.02368273e-04  2.87031869e-04  8.74897243e-01]]","[[ 7.73697433e+02  2.51674642e+01  3.09179682e+02]
 [ 1.09645243e+02 -2.44476418e+02  7.61549175e+02]
 [ 2.31421323e-01  8.89045732e-02  1.00000000e+00]]",6
802,34.307316741,"[[ 1.35849009e-03  9.85967465e-06 -4.08621022e-01]
 [-2.52304498e-04 -2.96670281e-03  2.36812602e+00]
 [-2.39958723e-04  3.47699217e-04  8.02013691e-01]]","[[ 7.95166741e+02  3.72378749e+01  2.95179332e+02]
 [ 9.08449999e+01 -2.46161203e+02  7.73131347e+02]
 [ 1.98525863e-01  1.17860345e-01  1.00000000e+00]]",5,"[[ 1.42458926e-03 -1.08113228e-05 -4.30877358e-01]
 [-3.06080190e-04 -3.20379709e-03  2.53238138e+00]
 [-2.99495948e-04  2.89245367e-04  8.72203336e-01]]","[[ 7.72176502e+02  2.52221187e+01  3.08232422e+02]
 [ 1.07604625e+02 -2.43789572e+02  7.60983756e+02]
 [ 2.29464376e-01  8.95077139e-02  1.00000000e+00]]",6
803,34.349427741,"[[ 1.35966438e-03  8.46714509e-06 -4.07466700e-01]
 [-2.47904984e-04 -2.97018620e-03  2.36456385e+00]
 [-2.36017712e-04  3.47784783e-04  8.01284609e-01]]","[[ 7.93369750e+02  3.67894363e+01  2.94877476e+02]
 [ 8.90497227e+01 -2.46090398e+02  7.71487745e+02]
 [ 1.95035788e-01  1.17647904e-01  1.00000000e+00]]",4,"[[ 1.42279088e-03 -9.62136224e-06 -4.30757013e-01]
 [-3.17471654e-04 -3.18047350e-03  2.51637147e+00]
 [-2.98469811e-04  3.04724039e-04  8.60167660e-01]]","[[ 7.73494293e+02  2.71600074e+01  3.07897443e+02]
 [ 1.05556674e+02 -2.41877559e+02  7.60459963e+02]
 [ 2.31000360e-01  9.51120960e-02  1.00000000e+00]]",6
804,34.377427741000005,"[[ 1.36160790e-03  9.31666807e-06 -4.09291722e-01]
 [-2.43999624e-04 -2.97148922e-03  2.35963235e+00]
 [-2.34987906e-04  3.45994654e-04  8.03037545e-01]]","[[ 7.92000859e+02  3.68705093e+01  2.95326851e+02]
 [ 8.86667038e+01 -2.46614803e+02  7.69840487e+02]
 [ 1.93555605e-01  1.17044997e-01  1.00000000e+00]]",4,"[[ 1.42407234e-03 -8.16728894e-06 -4.32735260e-01]
 [-3.13877635e-04 -3.17955614e-03  2.50993297e+00]
 [-2.97537030e-04  3.04026362e-04  8.60961269e-01]]","[[ 7.72668532e+02  2.74874112e+01  3.08224502e+02]
 [ 1.05190037e+02 -2.42207450e+02  7.58970149e+02]
 [ 2.29879047e-01  9.50286331e-02  1.00000000e+00]]",6
805,34.418534741,"[[ 1.35916745e-03  8.54303598e-06 -4.09602341e-01]
 [-2.44036704e-04 -2.96802246e-03  2.35675924e+00]
 [-2.41553244e-04  3.42910026e-04  8.07699180e-01]]","[[ 7.95005382e+02  3.65472740e+01  2.96524927e+02]
 [ 9.23062442e+01 -2.47735338e+02  7.69669469e+02]
 [ 1.98568225e-01  1.16106400e-01  1.00000000e+00]]",5,"[[ 1.42290154e-03 -1.08070139e-05 -4.31865211e-01]
 [-2.98167411e-04 -3.19964201e-03  2.51710895e+00]
 [-3.02593692e-04  2.86823178e-04  8.76208856e-01]]","[[ 7.73819475e+02  2.51097027e+01  3.09266280e+02]
 [ 1.09834197e+02 -2.44969221e+02  7.57864727e+02]
 [ 2.31280359e-01  8.88611060e-02  1.00000000e+00]]",6
806,34.455447741,"[[ 1.35966094e-03  1.23873556e-05 -4.13616881e-01]
 [-2.38717962e-04 -2.96830973e-03  2.35529155e+00]
 [-2.40667526e-04  3.45388447e-04  8.05721731e-01]]","[[ 7.94736338e+02  3.78977472e+01  2.97194568e+02]
 [ 9.28608292e+01 -2.46957500e+02  7.69578000e+02]
 [ 1.97579592e-01  1.17183167e-01  1.00000000e+00]]",5,"[[ 1.42251158e-03 -6.95128316e-06 -4.35530117e-01]
 [-2.93245581e-04 -3.19951814e-03  2.51556544e+00]
 [-3.02848532e-04  2.88813886e-04  8.74972260e-01]]","[[ 7.74372461e+02  2.62891966e+01  3.09873063e+02]
 [ 1.10962064e+02 -2.44380232e+02  7.57831784e+02]
 [ 2.31401826e-01  8.97651879e-02  1.00000000e+00]]",6
807,34.503237741,"[[ 1.35835020e-03  1.68629629e-05 -4.15350290e-01]
 [-2.32407628e-04 -2.96824402e-03  2.34963612e+00]
 [-2.41970873e-04  3.45914784e-04  8.05880862e-01]]","[[ 7.95637608e+02  3.90430759e+01  2.96236455e+02]
 [ 9.46502094e+01 -2.46814002e+02  7.68396564e+02]
 [ 1.98267793e-01  1.17664910e-01  1.00000000e+00]]",5,"[[ 1.42118747e-03 -2.09270675e-06 -4.37505255e-01]
 [-2.86225609e-04 -3.19904942e-03  2.50917308e+00]
 [-3.03831024e-04  2.89714110e-04  8.74642851e-01]]","[[ 7.75221333e+02  2.74730060e+01  3.08959114e+02]
 [ 1.12604805e+02 -2.44137253e+02  7.56706370e+02]
 [ 2.31995368e-01  9.04107984e-02  1.00000000e+00]]",6
808,34.549331741,"[[ 1.37418468e-03 -5.51876981e-06 -4.07362636e-01]
 [-2.35024937e-04 -3.01286725e-03  2.37822891e+00]
 [-2.50423227e-04  2.99811575e-04  8.45352136e-01]]","[[ 7.87137099e+02  2.83631031e+01  2.99515765e+02]
 [ 9.58304379e+01 -2.55861023e+02  7.65993004e+02]
 [ 1.99190764e-01  9.91455188e-02  1.00000000e+00]]",4,"[[ 1.44867508e-03 -2.46068444e-05 -4.34024916e-01]
 [-2.67506962e-04 -3.26578846e-03  2.53759605e+00]
 [-2.96440808e-04  2.54844743e-04  9.01097818e-01]]","[[ 7.57651733e+02  1.86665996e+01  3.12365022e+02]
 [ 1.07901007e+02 -2.48379585e+02  7.51437598e+02]
 [ 2.18734174e-01  7.63865719e-02  1.00000000e+00]]",6
809,34.585728741000004,"[[ 1.37845225e-03 -1.31564578e-05 -4.03884129e-01]
 [-2.35159610e-04 -3.02086045e-03  2.38111072e+00]
 [-2.51608898e-04  2.87513174e-04  8.55654441e-01]]","[[ 7.84557698e+02  2.51642545e+01  3.00298245e+02]
 [ 9.54820332e+01 -2.58652443e+02  7.64845891e+02]
 [ 1.98619147e-01  9.43108939e-02  1.00000000e+00]]",4,"[[ 1.45278406e-03 -3.15111865e-05 -4.30999022e-01]
 [-2.66916474e-04 -3.27188329e-03  2.53851335e+00]
 [-2.96898966e-04  2.44490468e-04  9.09465453e-01]]","[[ 7.55248926e+02  1.61110527e+01  3.12945836e+02]
 [ 1.07298913e+02 -2.50599793e+02  7.50327177e+02]
 [ 2.17709274e-01  7.26279543e-02  1.00000000e+00]]",6
810,34.625397741,"[[ 1.35913991e-03  1.53973537e-05 -4.12618443e-01]
 [-2.24086067e-04 -2.97064386e-03  2.33934498e+00]
 [-2.39089743e-04  3.38862641e-04  8.11200523e-01]]","[[ 7.93864321e+02  3.77562378e+01  2.94918689e+02]
 [ 9.35865340e+01 -2.48850936e+02  7.65240777e+02]
 [ 1.94886260e-01  1.15080565e-01  1.00000000e+00]]",4,"[[ 1.41998335e-03 -3.55286239e-07 -4.36582620e-01]
 [-2.93586693e-04 -3.17355700e-03  2.48556992e+00]
 [-3.01739857e-04  2.99472691e-04  8.66801055e-01]]","[[ 7.75591036e+02  2.89440897e+01  3.07644997e+02]
 [ 1.09955396e+02 -2.43893954e+02  7.54752300e+02]
 [ 2.32000283e-01  9.43390224e-02  1.00000000e+00]]",6
811,34.668478741,"[[ 1.36091339e-03  1.69629088e-05 -4.16346066e-01]
 [-2.17023811e-04 -2.97177775e-03  2.33828344e+00]
 [-2.38149117e-04  3.40332505e-04  8.10168693e-01]]","[[ 7.92801788e+02  3.84687828e+01  2.96393812e+02]
 [ 9.43002154e+01 -2.48330536e+02  7.65184717e+02]
 [ 1.93430848e-01  1.15625623e-01  1.00000000e+00]]",4,"[[ 1.42057544e-03  1.20559846e-06 -4.39822831e-01]
 [-2.86864549e-04 -3.17421974e-03  2.48442904e+00]
 [-3.02231793e-04  3.00260446e-04  8.66753328e-01]]","[[ 7.75635393e+02  2.95209830e+01  3.08968375e+02]
 [ 1.11387628e+02 -2.43599699e+02  7.54767208e+02]
 [ 2.31872633e-01  9.46815331e-02  1.00000000e+00]]",6
812,34.707739741000005,"[[ 1.35898794e-03  2.20949454e-05 -4.20689573e-01]
 [-2.13232411e-04 -2.96990259e-03  2.33472350e+00]
 [-2.43625239e-04  3.40862775e-04  8.11697414e-01]]","[[ 7.95386714e+02  4.00193006e+01  2.97126603e+02]
 [ 9.81600040e+01 -2.48203775e+02  7.64794943e+02]
 [ 1.97508560e-01  1.16241764e-01  1.00000000e+00]]",5,"[[ 1.41933726e-03  4.43474858e-06 -4.42763742e-01]
 [-2.66926970e-04 -3.19594425e-03  2.49062138e+00]
 [-3.07373347e-04  2.86215751e-04  8.79512802e-01]]","[[ 7.77017938e+02  2.88044393e+01  3.09596878e+02]
 [ 1.17043458e+02 -2.45258319e+02  7.53449195e+02]
 [ 2.33464394e-01  8.98798865e-02  1.00000000e+00]]",6
813,34.745252741,"[[ 1.35768632e-03  2.40467825e-05 -4.21523779e-01]
 [-2.09215741e-04 -2.97238980e-03  2.33252735e+00]
 [-2.45580236e-04  3.38468523e-04  8.14390858e-01]]","[[ 7.96462155e+02  4.02566233e+01  2.96943489e+02]
 [ 9.98474223e+01 -2.48643835e+02  7.63830537e+02]
 [ 1.98676290e-01  1.15478141e-01  1.00000000e+00]]",5,"[[ 1.41754314e-03  6.73131660e-06 -4.43638064e-01]
 [-2.62683345e-04 -3.19748579e-03  2.48757332e+00]
 [-3.09592926e-04  2.84250105e-04  8.81869223e-01]]","[[ 7.78417220e+02  2.91427864e+01  3.09389060e+02]
 [ 1.18849221e+02 -2.45594382e+02  7.52560644e+02]
 [ 2.34966315e-01  8.93926528e-02  1.00000000e+00]]",6
814,34.783776741000004,"[[ 1.35652979e-03  2.51440441e-05 -4.21315894e-01]
 [-2.05828563e-04 -2.97099450e-03  2.32543748e+00]
 [-2.45679405e-04  3.39261269e-04  8.14256670e-01]]","[[ 7.97025938e+02  4.05980478e+01  2.96456244e+02]
 [ 1.00300143e+02 -2.48705114e+02  7.62175196e+02]
 [ 1.98690303e-01  1.15872697e-01  1.00000000e+00]]",5,"[[ 1.41604809e-03  8.37077678e-06 -4.43670619e-01]
 [-2.58945642e-04 -3.19455263e-03  2.47909712e+00]
 [-3.09529683e-04  2.86204297e-04  8.80666532e-01]]","[[ 7.79140816e+02  2.97142797e+01  3.08876621e+02]
 [ 1.19277377e+02 -2.45437060e+02  7.51001830e+02]
 [ 2.35082752e-01  9.02073486e-02  1.00000000e+00]]",6
815,34.826452741000004,"[[ 1.35632146e-03  2.51818820e-05 -4.21168913e-01]
 [-2.02675603e-04 -2.96878147e-03  2.31902791e+00]
 [-2.46099390e-04  3.38054140e-04  8.15716295e-01]]","[[ 7.97121930e+02  4.05118553e+01  2.96395764e+02]
 [ 1.00804107e+02 -2.49339686e+02  7.60903333e+02]
 [ 1.98713665e-01  1.15555196e-01  1.00000000e+00]]",5,"[[ 1.41543053e-03  8.87257260e-06 -4.43685391e-01]
 [-2.55629785e-04 -3.19079657e-03  2.47144203e+00]
 [-3.10016109e-04  2.85908549e-04  8.81342460e-01]]","[[ 7.79514038e+02  2.98340168e+01  3.08763007e+02]
 [ 1.19822672e+02 -2.45881492e+02  7.49816844e+02]
 [ 2.35326893e-01  9.02584976e-02  1.00000000e+00]]",6
816,34.866921741,"[[ 1.36021293e-03  2.55819027e-05 -4.23368110e-01]
 [-1.96435169e-04 -2.97457727e-03  2.32006769e+00]
 [-2.40524547e-04  3.35755126e-04  8.16130796e-01]]","[[ 7.93514559e+02  4.03426998e+01  2.96951134e+02]
 [ 9.84194913e+01 -2.49510749e+02  7.60355452e+02]
 [ 1.93369594e-01  1.14537918e-01  1.00000000e+00]]",4,"[[ 1.41754235e-03  1.14968160e-05 -4.47011659e-01]
 [-2.66384690e-04 -3.17177497e-03  2.46237668e+00]
 [-3.05532237e-04  2.97829174e-04  8.71006776e-01]]","[[ 7.78089529e+02  3.18595410e+01  3.09256952e+02]
 [ 1.15803542e+02 -2.44401776e+02  7.50367029e+02]
 [ 2.33341194e-01  9.47456417e-02  1.00000000e+00]]",6
817,34.906928741,"[[ 1.35722407e-03  2.91237975e-05 -4.25518268e-01]
 [-1.95767036e-04 -2.96904861e-03  2.31485003e+00]
 [-2.45979805e-04  3.38999006e-04  8.15447162e-01]]","[[ 7.96685831e+02  4.17496875e+01  2.97211298e+02]
 [ 1.01832127e+02 -2.49027061e+02  7.60063628e+02]
 [ 1.97986630e-01  1.16119732e-01  1.00000000e+00]]",5,"[[ 1.41514536e-03  1.30757784e-05 -4.47734733e-01]
 [-2.49023679e-04 -3.18960423e-03  2.46636995e+00]
 [-3.11134187e-04  2.86901191e-04  8.81370289e-01]]","[[ 7.80141641e+02  3.10343222e+01  3.09466286e+02]
 [ 1.21469958e+02 -2.45640643e+02  7.49091531e+02]
 [ 2.35858710e-01  9.09157396e-02  1.00000000e+00]]",6
818,34.946478741,"[[ 1.35735895e-03  3.02450947e-05 -4.26396720e-01]
 [-1.93993688e-04 -2.96868613e-03  2.31345930e+00]
 [-2.46350336e-04  3.39172246e-04  8.15491249e-01]]","[[ 7.96678305e+02  4.20723012e+01  2.97205469e+02]
 [ 1.02323924e+02 -2.48992231e+02  7.59865884e+02]
 [ 1.98109462e-01  1.16268298e-01  1.00000000e+00]]",5,"[[ 1.41519108e-03  1.42634993e-05 -4.48616650e-01]
 [-2.47163320e-04 -3.18908789e-03  2.46482209e+00]
 [-3.11551140e-04  2.87094710e-04  8.81402493e-01]]","[[ 7.80218555e+02  3.13477897e+01  3.09452619e+02]
 [ 1.21975892e+02 -2.45603884e+02  7.48909039e+02]
 [ 2.36054866e-01  9.10798598e-02  1.00000000e+00]]",6
819,34.978287741,"[[ 1.35738027e-03  3.05600910e-05 -4.25953590e-01]
 [-1.91810418e-04 -2.97058645e-03  2.31178079e+00]
 [-2.46464781e-04  3.37757701e-04  8.16750078e-01]]","[[ 7.96514344e+02  4.19310061e+01  2.96716041e+02]
 [ 1.02601858e+02 -2.49272160e+02  7.59064783e+02]
 [ 1.97928559e-01  1.15736883e-01  1.00000000e+00]]",5,"[[ 1.41530469e-03  1.48054820e-05 -4.48370651e-01]
 [-2.44652231e-04 -3.19068995e-03  2.46268946e+00]
 [-3.11331296e-04  2.86091233e-04  8.82155981e-01]]","[[ 7.79942955e+02  3.13231684e+01  3.08975169e+02]
 [ 1.22089839e+02 -2.45763379e+02  7.48144769e+02]
 [ 2.35663333e-01  9.07579071e-02  1.00000000e+00]]",6
820,35.016969741000004,"[[ 1.35740604e-03  3.14211647e-05 -4.26313250e-01]
 [-1.89075046e-04 -2.97076535e-03  2.30907029e+00]
 [-2.46575144e-04  3.37041661e-04  8.17501801e-01]]","[[ 7.96419759e+02  4.20633892e+01  2.96509406e+02]
 [ 1.03012661e+02 -2.49482233e+02  7.58393037e+02]
 [ 1.97746058e-01  1.15544323e-01  1.00000000e+00]]",5,"[[ 1.41522850e-03  1.58810980e-05 -4.48836912e-01]
 [-2.41672333e-04 -3.19035909e-03  2.45944822e+00]
 [-3.11359660e-04  2.85739916e-04  8.82541513e-01]]","[[ 7.79914122e+02  3.15359110e+01  3.08759760e+02]
 [ 1.22468763e+02 -2.45884936e+02  7.47511318e+02]
 [ 2.35501196e-01  9.07358467e-02  1.00000000e+00]]",6
821,35.058656741,"[[ 1.35600498e-03  3.16059035e-05 -4.26732395e-01]
 [-1.87307896e-04 -2.97048205e-03  2.30611171e+00]
 [-2.47680193e-04  3.36392378e-04  8.18715849e-01]]","[[ 7.97534701e+02  4.21240421e+01  2.97039745e+02]
 [ 1.03883427e+02 -2.49744535e+02  7.57612328e+02]
 [ 1.98588992e-01  1.15358032e-01  1.00000000e+00]]",5,"[[ 1.41292898e-03  1.63662964e-05 -4.49109695e-01]
 [-2.40215017e-04 -3.18855182e-03  2.45554513e+00]
 [-3.13264764e-04  2.85634099e-04  8.83546760e-01]]","[[ 7.81696120e+02  3.17113976e+01  3.09206655e+02]
 [ 1.23741762e+02 -2.46086017e+02  7.46818363e+02]
 [ 2.37149853e-01  9.07983875e-02  1.00000000e+00]]",6
822,35.099969741,"[[ 1.35613705e-03  3.31118880e-05 -4.28384258e-01]
 [-1.83216714e-04 -2.96957365e-03  2.30185511e+00]
 [-2.47077368e-04  3.35784945e-04  8.19361539e-01]]","[[ 7.97318378e+02  4.25197954e+01  2.97407459e+02]
 [ 1.04105202e+02 -2.50012916e+02  7.56797221e+02]
 [ 1.97766626e-01  1.15280310e-01  1.00000000e+00]]",5,"[[ 1.41218198e-03  1.82154597e-05 -4.50652246e-01]
 [-2.36334407e-04 -3.18611121e-03  2.45027426e+00]
 [-3.13451535e-04  2.85498546e-04  8.84003358e-01]]","[[ 7.82209739e+02  3.22049012e+01  3.09494000e+02]
 [ 1.24385734e+02 -2.46295937e+02  7.46091404e+02]
 [ 2.37185634e-01  9.09632377e-02  1.00000000e+00]]",6
823,35.140583741,"[[ 1.35515019e-03  3.48189481e-05 -4.29023923e-01]
 [-1.80691948e-04 -2.96646146e-03  2.29805471e+00]
 [-2.47013503e-04  3.37666225e-04  8.17928485e-01]]","[[ 7.97847711e+02  4.31885532e+01  2.97148347e+02]
 [ 1.04605845e+02 -2.49754321e+02  7.56578984e+02]
 [ 1.97764597e-01  1.16149219e-01  1.00000000e+00]]",5,"[[ 1.41114331e-03  1.99633220e-05 -4.51293707e-01]
 [-2.33703291e-04 -3.18298458e-03  2.44640064e+00]
 [-3.13447588e-04  2.87288469e-04  8.82652390e-01]]","[[ 7.82773750e+02  3.28220964e+01  3.09255232e+02]
 [ 1.24925757e+02 -2.46065644e+02  7.45880671e+02]
 [ 2.37317449e-01  9.17460035e-02  1.00000000e+00]]",6
824,35.182182741000005,"[[ 1.35383769e-03  3.53927660e-05 -4.29121423e-01]
 [-1.78054471e-04 -2.96440294e-03  2.29550423e+00]
 [-2.47949640e-04  3.37911859e-04  8.18055763e-01]]","[[ 7.98779678e+02  4.34134433e+01  2.97189679e+02]
 [ 1.05692288e+02 -2.49840174e+02  7.56505888e+02]
 [ 1.98449132e-01  1.16359189e-01  1.00000000e+00]]",5,"[[ 1.40966475e-03  2.05780508e-05 -4.51349206e-01]
 [-2.30981014e-04 -3.18069924e-03  2.44366110e+00]
 [-3.14535487e-04  2.87564588e-04  8.82813549e-01]]","[[ 7.83813593e+02  3.30341012e+01  3.09294635e+02]
 [ 1.26079302e+02 -2.46151832e+02  7.45817109e+02]
 [ 2.38194404e-01  9.19502734e-02  1.00000000e+00]]",6
825,35.222092741000004,"[[ 1.35398308e-03  3.62349793e-05 -4.30980152e-01]
 [-1.76125629e-04 -2.96619024e-03  2.29478863e+00]
 [-2.50278680e-04  3.34167733e-04  8.21987860e-01]]","[[ 7.99297991e+02  4.33450120e+01  2.98074876e+02]
 [ 1.07128701e+02 -2.50659670e+02  7.55949490e+02]
 [ 1.99818391e-01  1.15099882e-01  1.00000000e+00]]",5,"[[ 1.40874398e-03  2.17987979e-05 -4.53028511e-01]
 [-2.29316267e-04 -3.18056453e-03  2.44172995e+00]
 [-3.17689200e-04  2.84551312e-04  8.86409449e-01]]","[[ 7.85163576e+02  3.31201272e+01  3.10049808e+02]
 [ 1.27903038e+02 -2.46849839e+02  7.45348968e+02]
 [ 2.40343796e-01  9.11129190e-02  1.00000000e+00]]",6
826,35.258834741,"[[ 1.35542685e-03  3.72175756e-05 -4.33642964e-01]
 [-1.70435622e-04 -2.96802927e-03  2.29115746e+00]
 [-2.48107743e-04  3.34381484e-04  8.21856292e-01]]","[[ 7.98040996e+02  4.37159609e+01  2.99206462e+02]
 [ 1.06652382e+02 -2.50553967e+02  7.54764126e+02]
 [ 1.97525492e-01  1.15137983e-01  1.00000000e+00]]",5,"[[ 1.40866774e-03  2.31396351e-05 -4.55346393e-01]
 [-2.24315068e-04 -3.18025288e-03  2.43688179e+00]
 [-3.17123801e-04  2.85148800e-04  8.86390673e-01]]","[[ 7.85258807e+02  3.36002989e+01  3.11019528e+02]
 [ 1.28267527e+02 -2.46769972e+02  7.44316728e+02]
 [ 2.39678657e-01  9.14062142e-02  1.00000000e+00]]",6
827,35.305963741,"[[ 1.35715789e-03  3.91975648e-05 -4.36099689e-01]
 [-1.63859497e-04 -2.97128992e-03  2.28811786e+00]
 [-2.43290639e-04  3.33532369e-04  8.21547269e-01]]","[[ 7.95863765e+02  4.41262273e+01  2.99568803e+02]
 [ 1.04831160e+02 -2.50583376e+02  7.53555098e+02]
 [ 1.93125368e-01  1.14799438e-01  1.00000000e+00]]",4,"[[ 1.40956907e-03  2.75005857e-05 -4.59295075e-01]
 [-2.34721751e-04 -3.15979118e-03  2.42466709e+00]
 [-3.11340243e-04  2.98435014e-04  8.74824181e-01]]","[[ 7.84232931e+02  3.62289623e+01  3.11321013e+02]
 [ 1.23565496e+02 -2.45110912e+02  7.44224266e+02]
 [ 2.36947041e-01  9.65099205e-02  1.00000000e+00]]",6
828,35.347291741,"[[ 1.35397485e-03  3.93849471e-05 -4.35672159e-01]
 [-1.65374631e-04 -2.96365315e-03  2.28175949e+00]
 [-2.48409807e-04  3.33840368e-04  8.23046635e-01]]","[[ 7.99003876e+02  4.43963521e+01  2.99863866e+02]
 [ 1.07508500e+02 -2.51150609e+02  7.53181800e+02]
 [ 1.97546183e-01  1.15270140e-01  1.00000000e+00]]",5,"[[ 1.40565300e-03  2.59161906e-05 -4.57177358e-01]
 [-2.19683300e-04 -3.17291090e-03  2.42554487e+00]
 [-3.18809985e-04  2.85750674e-04  8.87044268e-01]]","[[ 7.87463586e+02  3.44895749e+01  3.11545342e+02]
 [ 1.29855809e+02 -2.47203643e+02  7.42883629e+02]
 [ 2.41188492e-01  9.20294866e-02  1.00000000e+00]]",6
829,35.387478741,"[[ 1.35440286e-03  4.05169499e-05 -4.36780219e-01]
 [-1.61925217e-04 -2.96574125e-03  2.28049988e+00]
 [-2.48741509e-04  3.31189659e-04  8.25373280e-01]]","[[ 7.98734088e+02  4.44108972e+01  2.99976036e+02]
 [ 1.08124551e+02 -2.51665890e+02  7.52569427e+02]
 [ 1.97327189e-01  1.14367615e-01  1.00000000e+00]]",5,"[[ 1.40563585e-03  2.72708946e-05 -4.58261694e-01]
 [-2.16207970e-04 -3.17414072e-03  2.42363497e+00]
 [-3.19473547e-04  2.83389416e-04  8.89184267e-01]]","[[ 7.87565987e+02  3.45876649e+01  3.11615330e+02]
 [ 1.30625223e+02 -2.47647857e+02  7.42330433e+02]
 [ 2.41332085e-01  9.13540967e-02  1.00000000e+00]]",6
830,35.427277741000005,"[[ 1.35381409e-03  4.17935235e-05 -4.38720200e-01]
 [-1.56338746e-04 -2.96453397e-03  2.27498458e+00]
 [-2.50033955e-04  3.31717621e-04  8.25928578e-01]]","[[ 7.99408686e+02  4.49349771e+01  3.00861800e+02]
 [ 1.09735561e+02 -2.51680933e+02  7.51534050e+02]
 [ 1.97932485e-01  1.14685789e-01  1.00000000e+00]]",5,"[[ 1.40384232e-03  2.89021209e-05 -4.59948536e-01]
 [-2.10982750e-04 -3.17121273e-03  2.41708679e+00]
 [-3.21948705e-04  2.84248358e-04  8.89821806e-01]]","[[ 7.89257095e+02  3.51922913e+01  3.12371332e+02]
 [ 1.32809152e+02 -2.47670485e+02  7.41414097e+02]
 [ 2.43138025e-01  9.18498968e-02  1.00000000e+00]]",6
831,35.466593741000004,"[[ 1.35479311e-03  4.47953761e-05 -4.42408453e-01]
 [-1.47742367e-04 -2.96631148e-03  2.26934893e+00]
 [-2.49552761e-04  3.31047284e-04  8.27013791e-01]]","[[ 7.98690508e+02  4.57375409e+01  3.01751912e+02]
 [ 1.10698906e+02 -2.51744287e+02  7.50011385e+02]
 [ 1.96694240e-01  1.14572687e-01  1.00000000e+00]]",5,"[[ 1.40340479e-03  3.23436419e-05 -4.63364959e-01]
 [-2.02697102e-04 -3.17081733e-03  2.41003326e+00]
 [-3.22822909e-04  2.84079574e-04  8.90847863e-01]]","[[ 7.89793737e+02  3.61089149e+01  3.13116379e+02]
 [ 1.34456448e+02 -2.47702037e+02  7.40050664e+02]
 [ 2.43326824e-01  9.20739414e-02  1.00000000e+00]]",6
832,35.506954741,"[[ 1.35461236e-03  4.71259494e-05 -4.44994216e-01]
 [-1.40413567e-04 -2.96853009e-03  2.26368633e+00]
 [-2.51266166e-04  3.28411937e-04  8.30265307e-01]]","[[ 7.99107459e+02  4.61487807e+01  3.02471790e+02]
 [ 1.12640948e+02 -2.52298628e+02  7.48254228e+02]
 [ 1.97281561e-01  1.13763043e-01  1.00000000e+00]]",5,"[[ 1.40183390e-03  3.52843337e-05 -4.65794905e-01]
 [-1.95492229e-04 -3.17047917e-03  2.40257537e+00]
 [-3.25585491e-04  2.82511706e-04  8.93510616e-01]]","[[ 7.91333707e+02  3.67585866e+01  3.13688421e+02]
 [ 1.36914329e+02 -2.48084672e+02  7.38453588e+02]
 [ 2.45063538e-01  9.18342602e-02  1.00000000e+00]]",6
833,35.546032741000005,"[[ 1.35471704e-03  4.94084242e-05 -4.47265673e-01]
 [-1.34836277e-04 -2.96917510e-03  2.25806701e+00]
 [-2.51881282e-04  3.27436202e-04  8.31787740e-01]]","[[ 7.99131490e+02  4.67034120e+01  3.02919408e+02]
 [ 1.13705266e+02 -2.52551630e+02  7.46746961e+02]
 [ 1.97231861e-01  1.13560537e-01  1.00000000e+00]]",5,"[[ 1.40090840e-03  3.80167598e-05 -4.67955871e-01]
 [-1.90060304e-04 -3.16926473e-03  2.39566048e+00]
 [-3.27072783e-04  2.82256111e-04  8.94669480e-01]]","[[ 7.92224685e+02  3.74712213e+01  3.14035378e+02]
 [ 1.38408801e+02 -2.48226408e+02  7.37071536e+02]
 [ 2.45954967e-01  9.20107807e-02  1.00000000e+00]]",6
834,35.583024741,"[[ 1.35520697e-03  4.99049351e-05 -4.48774402e-01]
 [-1.30626174e-04 -2.96828352e-03  2.25399038e+00]
 [-2.52044653e-04  3.27526600e-04  8.32207312e-01]]","[[ 7.98897781e+02  4.69400375e+01  3.03677314e+02]
 [ 1.14388566e+02 -2.52657305e+02  7.45994160e+02]
 [ 1.96937246e-01  1.13653139e-01  1.00000000e+00]]",5,"[[ 1.40056824e-03  3.87383369e-05 -4.69275388e-01]
 [-1.86176928e-04 -3.16715036e-03  2.39089580e+00]
 [-3.28105108e-04  2.82532920e-04  8.95193372e-01]]","[[ 7.92738191e+02  3.77690745e+01  3.14692456e+02]
 [ 1.39502562e+02 -2.48342195e+02  7.36405619e+02]
 [ 2.46524818e-01  9.22226129e-02  1.00000000e+00]]",6
835,35.625971741,"[[ 1.35663572e-03  5.33141304e-05 -4.52326111e-01]
 [-1.22584238e-04 -2.97133456e-03  2.25094342e+00]
 [-2.47954768e-04  3.29127636e-04  8.30210981e-01]]","[[ 7.97042045e+02  4.79900135e+01  3.04139706e+02]
 [ 1.13396269e+02 -2.51991976e+02  7.45005531e+02]
 [ 1.93093723e-01  1.14232259e-01  1.00000000e+00]]",4,"[[ 1.40243344e-03  4.44170578e-05 -4.74614915e-01]
 [-1.95220745e-04 -3.14834564e-03  2.38031366e+00]
 [-3.20785692e-04  2.97797867e-04  8.81746006e-01]]","[[ 7.90821708e+02  4.09614755e+01  3.15095976e+02]
 [ 1.34213568e+02 -2.46067758e+02  7.36513920e+02]
 [ 2.42377933e-01  9.80081658e-02  1.00000000e+00]]",6
836,35.656809741000004,"[[ 1.35401698e-03  5.40764035e-05 -4.53203611e-01]
 [-1.21963103e-04 -2.96829730e-03  2.24589898e+00]
 [-2.54132296e-04  3.28298296e-04  8.33222762e-01]]","[[ 8.00138063e+02  4.83095906e+01  3.04992867e+02]
 [ 1.16917026e+02 -2.52465200e+02  7.44096996e+02]
 [ 1.97974984e-01  1.14208260e-01  1.00000000e+00]]",5,"[[ 1.39735304e-03  4.35283448e-05 -4.73269985e-01]
 [-1.77993722e-04 -3.16399669e-03  2.38081575e+00]
 [-3.31984446e-04  2.84305197e-04  8.95961479e-01]]","[[ 7.95676727e+02  3.93234198e+01  3.15803862e+02]
 [ 1.42952803e+02 -2.48071376e+02  7.34705144e+02]
 [ 2.49463931e-01  9.32883244e-02  1.00000000e+00]]",6
837,35.695565741,"[[ 1.35874922e-03  5.49985585e-05 -4.56871995e-01]
 [-1.12678531e-04 -2.97580646e-03  2.24583380e+00]
 [-2.48965692e-04  3.24056631e-04  8.35416761e-01]]","[[ 7.96055137e+02  4.80531545e+01  3.06165631e+02]
 [ 1.15179981e+02 -2.52992693e+02  7.43104613e+02]
 [ 1.92557283e-01  1.12455903e-01  1.00000000e+00]]",4,"[[ 1.40271468e-03  4.66929333e-05 -4.78778021e-01]
 [-1.86002006e-04 -3.15000994e-03  2.37363941e+00]
 [-3.23398871e-04  2.93320122e-04  8.86934182e-01]]","[[ 7.91424601e+02  4.12366725e+01  3.16861972e+02]
 [ 1.36661483e+02 -2.47008824e+02  7.34823854e+02]
 [ 2.43377992e-01  9.67248230e-02  1.00000000e+00]]",6
838,35.736348741,"[[ 1.35943053e-03  5.71841588e-05 -4.59632753e-01]
 [-1.10199120e-04 -2.97799219e-03  2.24537392e+00]
 [-2.49368492e-04  3.23701576e-04  8.36131541e-01]]","[[ 7.95835501e+02  4.86377613e+01  3.06868105e+02]
 [ 1.15728905e+02 -2.52851719e+02  7.42633690e+02]
 [ 1.92547060e-01  1.12395264e-01  1.00000000e+00]]",4,"[[ 1.40255923e-03  4.90222467e-05 -4.81279509e-01]
 [-1.83880173e-04 -3.15133837e-03  2.37278204e+00]
 [-3.24693677e-04  2.92961064e-04  8.87925560e-01]]","[[ 7.91962465e+02  4.18334667e+01  3.17474370e+02]
 [ 1.37648110e+02 -2.46909640e+02  7.34419643e+02]
 [ 2.44186763e-01  9.67625855e-02  1.00000000e+00]]",6
839,35.782417741,"[[ 1.35623295e-03  5.92470391e-05 -4.58749691e-01]
 [-1.12786255e-04 -2.97241046e-03  2.24088291e+00]
 [-2.52452405e-04  3.26925850e-04  8.34532772e-01]]","[[ 7.98384308e+02  4.95504622e+01  3.05825941e+02]
 [ 1.17177508e+02 -2.52449609e+02  7.42289795e+02]
 [ 1.95613267e-01  1.13885805e-01  1.00000000e+00]]",4,"[[ 1.39989386e-03  5.11790096e-05 -4.80662908e-01]
 [-1.86068442e-04 -3.14596134e-03  2.36820465e+00]
 [-3.26964119e-04  2.96559084e-04  8.85799919e-01]]","[[ 7.93950053e+02  4.27533912e+01  3.16520193e+02]
 [ 1.38696106e+02 -2.46414612e+02  7.34055501e+02]
 [ 2.46626337e-01  9.82787588e-02  1.00000000e+00]]",6
840,35.820021741000005,"[[ 1.35567972e-03  5.71876173e-05 -4.54965805e-01]
 [-1.16553358e-04 -2.97134583e-03  2.23901816e+00]
 [-2.55621351e-04  3.24217869e-04  8.37349890e-01]]","[[ 7.99195210e+02  4.85870286e+01  3.04316338e+02]
 [ 1.18050881e+02 -2.53356268e+02  7.41599665e+02]
 [ 1.98264974e-01  1.12930702e-01  1.00000000e+00]]",5,"[[ 1.39871191e-03  4.73594630e-05 -4.75403875e-01]
 [-1.71931726e-04 -3.16535472e-03  2.37226002e+00]
 [-3.33160952e-04  2.81638630e-04  8.98723342e-01]]","[[ 7.94903425e+02  3.99285133e+01  3.15090684e+02]
 [ 1.43875432e+02 -2.48608335e+02  7.32330541e+02]
 [ 2.49587267e-01  9.27096567e-02  1.00000000e+00]]",6
841,35.858903741,"[[ 1.35772865e-03  5.40767790e-05 -4.53699396e-01]
 [-1.15272190e-04 -2.97447573e-03  2.24033182e+00]
 [-2.51105391e-04  3.22600751e-04  8.37325129e-01]]","[[ 7.96899559e+02  4.75271523e+01  3.04632272e+02]
 [ 1.15576569e+02 -2.53685148e+02  7.41379791e+02]
 [ 1.94453363e-01  1.11991555e-01  1.00000000e+00]]",4,"[[ 1.40230655e-03  4.64317513e-05 -4.76318744e-01]
 [-1.88336267e-04 -3.14706690e-03  2.36671534e+00]
 [-3.24129784e-04  2.94116360e-04  8.86592564e-01]]","[[ 7.91537935e+02  4.11540418e+01  3.15392283e+02]
 [ 1.36260181e+02 -2.47226308e+02  7.33163803e+02]
 [ 2.44176051e-01  9.70598628e-02  1.00000000e+00]]",6
842,35.906417741000006,"[[ 1.35832041e-03  5.36741198e-05 -4.55936236e-01]
 [-1.13573143e-04 -2.97351930e-03  2.24023037e+00]
 [-2.50505347e-04  3.25089283e-04  8.35626984e-01]]","[[ 7.96704857e+02  4.78741643e+01  3.06353746e+02]
 [ 1.15620363e+02 -2.53126964e+02  7.41692451e+02]
 [ 1.93856695e-01  1.12827373e-01  1.00000000e+00]]",4,"[[ 1.40179540e-03  4.59192710e-05 -4.78007749e-01]
 [-1.87311120e-04 -3.14543049e-03  2.36661092e+00]
 [-3.24936252e-04  2.96067978e-04  8.85822493e-01]]","[[ 7.92376521e+02  4.14027836e+01  3.16968511e+02]
 [ 1.37041902e+02 -2.46877199e+02  7.33520960e+02]
 [ 2.44855081e-01  9.77009490e-02  1.00000000e+00]]",6
843,35.947963741,"[[ 1.35949122e-03  5.50068353e-05 -4.59884317e-01]
 [-1.09632342e-04 -2.97376179e-03  2.23955440e+00]
 [-2.50570410e-04  3.26984648e-04  8.34704434e-01]]","[[ 7.96307458e+02  4.86253710e+01  3.08264983e+02]
 [ 1.16344297e+02 -2.52563141e+02  7.41740174e+02]
 [ 1.93467628e-01  1.13535217e-01  1.00000000e+00]]",4,"[[ 1.40157672e-03  4.71787623e-05 -4.81306680e-01]
 [-1.84089059e-04 -3.14485086e-03  2.36586067e+00]
 [-3.26786867e-04  2.97229782e-04  8.86089954e-01]]","[[ 7.93310687e+02  4.20233212e+01  3.18708511e+02]
 [ 1.38668735e+02 -2.46561129e+02  7.33640489e+02]
 [ 2.46055195e-01  9.82044540e-02  1.00000000e+00]]",6
844,35.986360741000006,"[[ 1.36104773e-03  5.75807699e-05 -4.64403830e-01]
 [-1.01494867e-04 -2.98147973e-03  2.24063532e+00]
 [-2.50399520e-04  3.22562647e-04  8.38580414e-01]]","[[ 7.95380684e+02  4.88847318e+01  3.09862924e+02]
 [ 1.17455969e+02 -2.52970923e+02  7.40969595e+02]
 [ 1.92320296e-01  1.11903024e-01  1.00000000e+00]]",4,"[[ 1.40161380e-03  4.99046554e-05 -4.85282101e-01]
 [-1.76481990e-04 -3.15141627e-03  2.36646277e+00]
 [-3.28326959e-04  2.92305948e-04  8.90850056e-01]]","[[ 7.93775666e+02  4.22634684e+01  3.20132660e+02]
 [ 1.40589339e+02 -2.47103443e+02  7.32992701e+02]
 [ 2.46419528e-01  9.66560442e-02  1.00000000e+00]]",6
845,36.026143741000006,"[[ 1.36112634e-03  6.29073460e-05 -4.70085440e-01]
 [-9.00274381e-05 -2.98048282e-03  2.23050994e+00]
 [-2.50550254e-04  3.24404717e-04  8.38248325e-01]]","[[ 7.95322920e+02  5.06596638e+01  3.11211885e+02]
 [ 1.19321538e+02 -2.52565760e+02  7.38971658e+02]
 [ 1.91542154e-01  1.12885779e-01  1.00000000e+00]]",4,"[[ 1.39991716e-03  5.57950690e-05 -4.90564656e-01]
 [-1.65511206e-04 -3.14778930e-03  2.35478965e+00]
 [-3.29979607e-04  2.94850127e-04  8.90426746e-01]]","[[ 7.95283171e+02  4.41906697e+01  3.21281997e+02]
 [ 1.43188155e+02 -2.46655977e+02  7.31184224e+02]
 [ 2.47306344e-01  9.80524974e-02  1.00000000e+00]]",6
846,36.064346741,"[[ 1.36041679e-03  6.62283837e-05 -4.73448207e-01]
 [-8.12418214e-05 -2.98013557e-03  2.22034073e+00]
 [-2.53595885e-04  3.22591470e-04  8.41562081e-01]]","[[ 7.96333601e+02  5.14876714e+01  3.12160620e+02]
 [ 1.22182776e+02 -2.53111796e+02  7.36537042e+02]
 [ 1.93131091e-01  1.12539253e-01  1.00000000e+00]]",4,"[[ 1.39778055e-03  5.98308061e-05 -4.93777933e-01]
 [-1.57154860e-04 -3.14458400e-03  2.34285656e+00]
 [-3.34025261e-04  2.94228779e-04  8.93096994e-01]]","[[ 7.97475130e+02  4.53070627e+01  3.22056478e+02]
 [ 1.46423512e+02 -2.47015618e+02  7.28949783e+02]
 [ 2.50023042e-01  9.83239308e-02  1.00000000e+00]]",6
847,36.107986741000005,"[[ 1.35800886e-03  6.75113202e-05 -4.74045326e-01]
 [-7.94020660e-05 -2.97547824e-03  2.21241676e+00]
 [-2.57803938e-04  3.21421332e-04  8.44257694e-01]]","[[ 7.98735215e+02  5.18825976e+01  3.12523971e+02]
 [ 1.24730703e+02 -2.53830474e+02  7.35210119e+02]
 [ 1.96416303e-01  1.12479954e-01  1.00000000e+00]]",5,"[[ 1.39175647e-03  5.95442153e-05 -4.91849329e-01]
 [-1.38652640e-04 -3.15651931e-03  2.33868365e+00]
 [-3.45354520e-04  2.81180073e-04  9.06963775e-01]]","[[ 8.02864352e+02  4.38561566e+01  3.22309032e+02]
 [ 1.55517752e+02 -2.49132869e+02  7.26748176e+02]
 [ 2.57501287e-01  9.39366298e-02  1.00000000e+00]]",6
848,36.145341741,"[[ 1.35748493e-03  6.77291881e-05 -4.74554284e-01]
 [-7.82067984e-05 -2.97633392e-03  2.21123750e+00]
 [-2.60420121e-04  3.16921578e-04  8.48644430e-01]]","[[ 7.99656220e+02  5.15174388e+01  3.12926101e+02]
 [ 1.26264434e+02 -2.54877447e+02  7.34717480e+02]
 [ 1.98234549e-01  1.10991526e-01  1.00000000e+00]]",5,"[[ 1.39062905e-03  6.00108547e-05 -4.92275182e-01]
 [-1.37552713e-04 -3.15605331e-03  2.33663895e+00]
 [-3.48457996e-04  2.77313290e-04  9.11016577e-01]]","[[ 8.04264694e+02  4.36431951e+01  3.22651823e+02]
 [ 1.57261718e+02 -2.50042849e+02  7.26305006e+02]
 [ 2.59755645e-01  9.28062423e-02  1.00000000e+00]]",6
849,36.189739741000004,"[[ 1.35710876e-03  6.83323844e-05 -4.74994679e-01]
 [-7.82543863e-05 -2.97661099e-03  2.21091968e+00]
 [-2.61736193e-04  3.16043475e-04  8.49783713e-01]]","[[ 8.00206296e+02  5.16049723e+01  3.13019983e+02]
 [ 1.26957918e+02 -2.55048349e+02  7.34534847e+02]
 [ 1.99249204e-01  1.10749658e-01  1.00000000e+00]]",5,"[[ 1.39012664e-03  6.06826132e-05 -4.92699114e-01]
 [-1.37603035e-04 -3.15604962e-03  2.33613679e+00]
 [-3.49831919e-04  2.76559743e-04  9.12080554e-01]]","[[ 8.04906659e+02  4.37565624e+01  3.22729699e+02]
 [ 1.57971390e+02 -2.50184054e+02  7.26138205e+02]
 [ 2.60825113e-01  9.26434398e-02  1.00000000e+00]]",6
850,36.227945741,"[[ 1.35643367e-03  6.84671184e-05 -4.74134166e-01]
 [-7.90829553e-05 -2.97523483e-03  2.20927486e+00]
 [-2.63219596e-04  3.16337998e-04  8.49980794e-01]]","[[ 8.00877044e+02  5.16543909e+01  3.12482851e+02]
 [ 1.27609903e+02 -2.55103259e+02  7.34248865e+02]
 [ 2.00520614e-01  1.10938156e-01  1.00000000e+00]]",5,"[[ 1.38985579e-03  6.09254367e-05 -4.92071918e-01]
 [-1.38010374e-04 -3.15491659e-03  2.33441989e+00]
 [-3.50623058e-04  2.77189067e-04  9.11786930e-01]]","[[ 8.05143591e+02  4.38590781e+01  3.22227745e+02]
 [ 1.58270310e+02 -2.50137759e+02  7.25835075e+02]
 [ 2.61498713e-01  9.29092680e-02  1.00000000e+00]]",6
851,36.258462741,"[[ 1.35659287e-03  6.96404068e-05 -4.73333501e-01]
 [-7.77036203e-05 -2.97582071e-03  2.20725213e+00]
 [-2.60770626e-04  3.18780244e-04  8.47308279e-01]]","[[ 7.99953673e+02  5.20632109e+01  3.11254175e+02]
 [ 1.26439111e+02 -2.54496872e+02  7.33601506e+02]
 [ 1.98626797e-01  1.11771752e-01  1.00000000e+00]]",5,"[[ 1.39068575e-03  6.21440050e-05 -4.91599856e-01]
 [-1.36088075e-04 -3.15638946e-03  2.33262932e+00]
 [-3.47304388e-04  2.79659111e-04  9.08714167e-01]]","[[ 8.03589481e+02  4.42701634e+01  3.21089516e+02]
 [ 1.56688730e+02 -2.49481603e+02  7.25174412e+02]
 [ 2.58905089e-01  9.36983581e-02  1.00000000e+00]]",6
852,36.301975741,"[[ 1.35656063e-03  6.77237567e-05 -4.71760956e-01]
 [-7.93582334e-05 -2.97645214e-03  2.20630454e+00]
 [-2.61860205e-04  3.17369835e-04  8.48864962e-01]]","[[ 8.00230571e+02  5.13869912e+01  3.11171033e+02]
 [ 1.26570671e+02 -2.54937682e+02  7.32956705e+02]
 [ 1.99535658e-01  1.11166961e-01  1.00000000e+00]]",5,"[[ 1.39073695e-03  6.04581700e-05 -4.90216300e-01]
 [-1.37560429e-04 -3.15654475e-03  2.33123460e+00]
 [-3.48035998e-04  2.78932838e-04  9.09614517e-01]]","[[ 8.03699878e+02  4.37581608e+01  3.20988986e+02]
 [ 1.56615287e+02 -2.49776317e+02  7.24551495e+02]
 [ 2.59485022e-01  9.33364964e-02  1.00000000e+00]]",6
853,36.338376741000005,"[[ 1.35715277e-03  6.78888043e-05 -4.72505194e-01]
 [-7.84573967e-05 -2.97517790e-03  2.20488365e+00]
 [-2.62160847e-04  3.17580874e-04  8.48914455e-01]]","[[ 7.99986304e+02  5.15048373e+01  3.11498419e+02]
 [ 1.26828910e+02 -2.54990299e+02  7.32878626e+02]
 [ 1.99603918e-01  1.11298133e-01  1.00000000e+00]]",5,"[[ 1.39111040e-03  6.06505813e-05 -4.90882219e-01]
 [-1.36783902e-04 -3.15494093e-03  2.32966819e+00]
 [-3.48591908e-04  2.79160382e-04  9.09748224e-01]]","[[ 8.03673692e+02  4.38781717e+01  3.21283996e+02]
 [ 1.56980431e+02 -2.49839945e+02  7.24489543e+02]
 [ 2.59776741e-01  9.34775007e-02  1.00000000e+00]]",6
854,36.385326741,"[[ 1.36036473e-03  6.72954529e-05 -4.74448365e-01]
 [-7.53659684e-05 -2.97999980e-03  2.20790501e+00]
 [-2.62236022e-04  3.15959744e-04  8.50350152e-01]]","[[ 7.98172433e+02  5.11584972e+01  3.12504799e+02]
 [ 1.27174194e+02 -2.54980517e+02  7.33004339e+02]
 [ 1.98891759e-01  1.10518214e-01  1.00000000e+00]]",5,"[[ 1.39408035e-03  5.99611441e-05 -4.92641259e-01]
 [-1.33986887e-04 -3.15984863e-03  2.33294427e+00]
 [-3.49124579e-04  2.77015764e-04  9.11754045e-01]]","[[ 8.02189654e+02  4.34698854e+01  3.22212884e+02]
 [ 1.57452219e+02 -2.49955199e+02  7.24646097e+02]
 [ 2.59332415e-01  9.25884962e-02  1.00000000e+00]]",6
855,36.423218741,"[[ 1.36256917e-03  6.82012056e-05 -4.78210730e-01]
 [-7.19490975e-05 -2.97811596e-03  2.21051596e+00]
 [-2.63202580e-04  3.17404926e-04  8.49510155e-01]]","[[ 7.97331057e+02  5.17456182e+01  3.14190184e+02]
 [ 1.28471338e+02 -2.54540991e+02  7.34662549e+02]
 [ 1.99034885e-01  1.11137158e-01  1.00000000e+00]]",5,"[[ 1.39581353e-03  6.03937803e-05 -4.95843665e-01]
 [-1.31239393e-04 -3.15833321e-03  2.33633672e+00]
 [-3.51113833e-04  2.77086251e-04  9.12452073e-01]]","[[ 8.01995200e+02  4.37443691e+01  3.23811707e+02]
 [ 1.59201815e+02 -2.49860433e+02  7.26281782e+02]
 [ 2.60264600e-01  9.27085885e-02  1.00000000e+00]]",6
856,36.463841741,"[[ 1.36515152e-03  7.36835543e-05 -4.86018497e-01]
 [-6.45690431e-05 -2.97661175e-03  2.21532184e+00]
 [-2.60607303e-04  3.26656129e-04  8.41537927e-01]]","[[ 7.95458088e+02  5.43929600e+01  3.16217991e+02]
 [ 1.28854790e+02 -2.51841621e+02  7.37383349e+02]
 [ 1.96320301e-01  1.14600672e-01  1.00000000e+00]]",5,"[[ 1.39775240e-03  6.48957610e-05 -5.02663326e-01]
 [-1.25057548e-04 -3.15895046e-03  2.34346755e+00]
 [-3.50609219e-04  2.82822303e-04  9.08056691e-01]]","[[ 8.01234107e+02  4.56271983e+01  3.25778275e+02]
 [ 1.60660630e+02 -2.47996808e+02  7.28953034e+02]
 [ 2.59324839e-01  9.48578934e-02  1.00000000e+00]]",6
857,36.505912741,"[[ 1.37073307e-03  7.82341914e-05 -4.93042587e-01]
 [-5.13946338e-05 -2.99475812e-03  2.22653293e+00]
 [-2.59134535e-04  3.25463471e-04  8.42092607e-01]]","[[ 7.91642092e+02  5.51934074e+01  3.17569973e+02]
 [ 1.30137387e+02 -2.50310054e+02  7.38026727e+02]
 [ 1.93312278e-01  1.13727749e-01  1.00000000e+00]]",4,"[[ 1.40477761e-03  7.08828172e-05 -5.11236513e-01]
 [-1.28398083e-04 -3.16045086e-03  2.35088702e+00]
 [-3.45399769e-04  2.91881237e-04  8.99731742e-01]]","[[ 7.96667350e+02  4.80735011e+01  3.27064229e+02]
 [ 1.57194823e+02 -2.45414802e+02  7.30557981e+02]
 [ 2.54838735e-01  9.80698444e-02  1.00000000e+00]]",6
858,36.546603741000006,"[[ 1.37461128e-03  8.09300031e-05 -4.98477096e-01]
 [-4.53063650e-05 -3.00571304e-03  2.23067419e+00]
 [-2.60690574e-04  3.25456012e-04  8.43248434e-01]]","[[ 7.89857804e+02  5.58322012e+01  3.19220960e+02]
 [ 1.31615437e+02 -2.49318179e+02  7.37333011e+02]
 [ 1.93387194e-01  1.13486162e-01  1.00000000e+00]]",4,"[[ 1.40755232e-03  7.35695661e-05 -5.16164039e-01]
 [-1.22864973e-04 -3.17092605e-03  2.35504474e+00]
 [-3.48450363e-04  2.91190171e-04  9.01925956e-01]]","[[ 7.96035710e+02  4.86408208e+01  3.28556569e+02]
 [ 1.59355273e+02 -2.44634088e+02  7.29968661e+02]
 [ 2.56092245e-01  9.77729414e-02  1.00000000e+00]]",6
859,36.584278741000006,"[[ 1.37942509e-03  8.11968504e-05 -5.03092261e-01]
 [-4.34817718e-05 -3.00887261e-03  2.23379300e+00]
 [-2.58999571e-04  3.29693812e-04  8.39978081e-01]]","[[ 7.87043048e+02  5.64434276e+01  3.21284971e+02]
 [ 1.30704077e+02 -2.47984128e+02  7.37759036e+02]
 [ 1.91375810e-01  1.14738299e-01  1.00000000e+00]]",4,"[[ 1.41120789e-03  7.36332262e-05 -5.20133266e-01]
 [-1.22117809e-04 -3.17351872e-03  2.35844918e+00]
 [-3.48674505e-04  2.94625900e-04  9.00013777e-01]]","[[ 7.94511382e+02  4.91141103e+01  3.30460127e+02]
 [ 1.59396567e+02 -2.43595183e+02  7.30449169e+02]
 [ 2.55622205e-01  9.87699192e-02  1.00000000e+00]]",6
860,36.620696741,"[[ 1.37931209e-03  8.23875202e-05 -5.05480761e-01]
 [-4.76336366e-05 -3.00936947e-03  2.24273609e+00]
 [-2.65338451e-04  3.32521366e-04  8.39393069e-01]]","[[ 7.88968557e+02  5.72081912e+01  3.22263266e+02]
 [ 1.33858075e+02 -2.46847722e+02  7.40150234e+02]
 [ 1.96371677e-01  1.15871429e-01  1.00000000e+00]]",5,"[[ 1.42303745e-03  7.29789034e-05 -5.25653313e-01]
 [-9.69238009e-05 -3.18708099e-03  2.36451469e+00]
 [-3.43524418e-04  2.86004313e-04  9.04699429e-01]]","[[ 7.86087813e+02  4.77806002e+01  3.31857989e+02]
 [ 1.60013177e+02 -2.44430726e+02  7.31813768e+02]
 [ 2.47901008e-01  9.54151643e-02  1.00000000e+00]]",6
861,36.658462741,"[[ 1.38889292e-03  8.48854630e-05 -5.12331382e-01]
 [-4.04518689e-05 -3.02043968e-03  2.25578363e+00]
 [-2.55767940e-04  3.37525271e-04  8.32125408e-01]]","[[ 7.81263096e+02  5.81062581e+01  3.23497460e+02]
 [ 1.29614410e+02 -2.44462008e+02  7.42506985e+02]
 [ 1.87560568e-01  1.17018207e-01  1.00000000e+00]]",4,"[[ 1.42076541e-03  7.55726563e-05 -5.28196195e-01]
 [-1.19502243e-04 -3.19105285e-03  2.38507511e+00]
 [-3.47864911e-04  2.96854370e-04  8.97547591e-01]]","[[ 7.89474821e+02  4.96446366e+01  3.32674737e+02]
 [ 1.59662291e+02 -2.41223087e+02  7.34967373e+02]
 [ 2.53172246e-01  9.90228882e-02  1.00000000e+00]]",6
862,36.699342741,"[[ 1.39200401e-03  8.86530208e-05 -5.17955701e-01]
 [-3.19640890e-05 -3.02577660e-03  2.26262815e+00]
 [-2.56632310e-04  3.43240379e-04  8.27832879e-01]]","[[ 7.79618997e+02  5.96744238e+01  3.24687603e+02]
 [ 1.31668980e+02 -2.42197225e+02  7.44354295e+02]
 [ 1.87092488e-01  1.18920443e-01  1.00000000e+00]]",4,"[[ 1.42345108e-03  7.85835450e-05 -5.33097440e-01]
 [-1.11163451e-04 -3.19907221e-03  2.39401571e+00]
 [-3.50461415e-04  2.99731382e-04  8.96171107e-01]]","[[ 7.88666191e+02  5.06514818e+01  3.33837458e+02]
 [ 1.62682233e+02 -2.39566275e+02  7.36746480e+02]
 [ 2.54009638e-01  9.99328365e-02  1.00000000e+00]]",6
863,36.746423741,"[[ 1.39549522e-03  9.40725450e-05 -5.25604514e-01]
 [-2.24494849e-05 -3.03308796e-03  2.26888299e+00]
 [-2.54404904e-04  3.49121753e-04  8.22717581e-01]]","[[ 7.77084033e+02  6.16693428e+01  3.26379743e+02]
 [ 1.32073999e+02 -2.39775584e+02  7.45628205e+02]
 [ 1.84248017e-01  1.20818927e-01  1.00000000e+00]]",4,"[[ 1.42612188e-03  8.33475958e-05 -5.39904708e-01]
 [-1.02136354e-04 -3.20871292e-03  2.40230031e+00]
 [-3.50266995e-04  3.02695526e-04  8.94107309e-01]]","[[ 7.87322818e+02  5.20959572e+01  3.35450968e+02]
 [ 1.64231019e+02 -2.37765629e+02  7.38002628e+02]
 [ 2.52834532e-01  1.00902974e-01  1.00000000e+00]]",6
864,36.783653741,"[[ 1.39759147e-03  9.93981148e-05 -5.30961241e-01]
 [-1.75687765e-05 -3.03669874e-03  2.27303035e+00]
 [-2.54251379e-04  3.51086596e-04  8.20960452e-01]]","[[ 7.75764591e+02  6.31766168e+01  3.26810582e+02]
 [ 1.32827816e+02 -2.38635979e+02  7.46629442e+02]
 [ 1.83449947e-01  1.21619300e-01  1.00000000e+00]]",4,"[[ 1.42803049e-03  8.82361756e-05 -5.44859532e-01]
 [-9.72412111e-05 -3.21423589e-03  2.40784492e+00]
 [-3.51045701e-04  3.02708206e-04  8.94223242e-01]]","[[ 7.86458761e+02  5.32225538e+01  3.35886927e+02]
 [ 1.65517208e+02 -2.36979177e+02  7.38957237e+02]
 [ 2.52710442e-01  1.01114672e-01  1.00000000e+00]]",6
865,36.827926741,"[[ 1.46339989e-03  1.06005300e-04 -5.55097857e-01]
 [ 3.32201917e-05 -3.10443727e-03  2.31022880e+00]
 [-1.87920398e-04  2.96591134e-04  8.39358510e-01]]","[[ 7.23829239e+02  5.57814809e+01  3.25162696e+02]
 [ 1.01620413e+02 -2.47220813e+02  7.47649435e+02]
 [ 1.26147009e-01  9.98452727e-02  1.00000000e+00]]",3,"[[ 1.48095142e-03  9.27899618e-05 -5.63688495e-01]
 [-6.34345057e-05 -3.27598260e-03  2.44535026e+00]
 [-3.01873849e-04  2.55873884e-04  9.11564666e-01]]","[[ 7.45399519e+02  4.72208194e+01  3.34262287e+02]
 [ 1.40405875e+02 -2.43478512e+02  7.39975389e+02]
 [ 2.07435009e-01  8.39814506e-02  1.00000000e+00]]",6
866,36.859667741,"[[ 1.40733358e-03  7.23632343e-05 -5.11116809e-01]
 [-6.73387523e-05 -3.06791679e-03  2.32929146e+00]
 [-2.74787809e-04  3.07400323e-04  8.57969122e-01]]","[[ 7.76357146e+02  5.08271874e+01  3.24508011e+02]
 [ 1.35016358e+02 -2.47408293e+02  7.52119324e+02]
 [ 2.00274582e-01  1.04922285e-01  1.00000000e+00]]",3,"[[ 1.43956330e-03  6.27873813e-05 -5.26626047e-01]
 [-1.46930589e-04 -3.24477735e-03  2.46359502e+00]
 [-3.68140572e-04  2.62772310e-04  9.27182835e-01]]","[[ 7.84211547e+02  4.21718144e+01  3.33366779e+02]
 [ 1.65324905e+02 -2.44724552e+02  7.44153754e+02]
 [ 2.64518788e-01  8.61016712e-02  1.00000000e+00]]",6
867,36.897089741,"[[ 1.42471451e-03  1.03738934e-04 -5.28579910e-01]
 [-7.27346737e-05 -3.09078241e-03  2.35054368e+00]
 [-1.99233532e-04  3.38183908e-04  8.08319516e-01]]","[[ 7.49158984e+02  5.97395770e+01  3.16174357e+02]
 [ 9.31574436e+01 -2.38018349e+02  7.53060724e+02]
 [ 1.45676605e-01  1.14306411e-01  1.00000000e+00]]",2,"[[ 1.45529613e-03  1.08513445e-04 -5.55411964e-01]
 [-1.48537145e-04 -3.22806622e-03  2.45247654e+00]
 [-3.01757335e-04  3.41734821e-04  8.43908640e-01]]","[[ 7.60900822e+02  6.01022286e+01  3.26118375e+02]
 [ 1.31299404e+02 -2.26529515e+02  7.44729409e+02]
 [ 2.18907376e-01  1.13222341e-01  1.00000000e+00]]",6
869,36.980183741000005,"[[ 1.61048402e-03  7.06155625e-05 -5.50217530e-01]
 [-1.17991017e-04 -3.17370289e-03  2.43876963e+00]
 [ 8.57056334e-05 -2.55699238e-04  1.16711832e+00]]","[[ 6.03679454e+02 -1.14197568e+01  3.08456451e+02]
 [-6.79472645e+01 -3.77588245e+02  7.56962646e+02]
 [-5.92166130e-02 -8.18856903e-02  1.00000000e+00]]",1,"[[ 1.66439992e-03  5.91986818e-05 -5.75981792e-01]
 [-2.51775621e-04 -3.32925526e-03  2.57127633e+00]
 [ 2.41559802e-05 -3.36885032e-04  1.24433046e+00]]","[[ 5.92885805e+02 -2.17825236e+01  3.19449158e+02]
 [-6.79303099e+01 -3.77282109e+02  7.48169373e+02]
 [-2.99007729e-02 -1.01720983e-01  1.00000000e+00]]",6
870,37.018491741000005,"[[ 1.60069417e-03  2.97411493e-05 -5.09855117e-01]
 [-1.66356342e-04 -3.14730963e-03  2.43679594e+00]
 [-2.79725875e-05 -2.38049490e-04  1.18899444e+00]]","[[ 6.28273002e+02 -1.70891798e+01  3.04434601e+02]
 [-2.57570070e+01 -3.75318860e+02  7.58155884e+02]
 [ 9.62408125e-03 -7.55449214e-02  1.00000000e+00]]",1,"[[ 1.66205911e-03  1.62298267e-05 -5.37180445e-01]
 [-3.00924962e-04 -3.29701869e-03  2.56482994e+00]
 [-9.66069399e-05 -3.03413995e-04  1.25780199e+00]]","[[ 6.15309307e+02 -2.60411511e+01  3.15886963e+02]
 [-2.38766566e+01 -3.72358409e+02  7.49092407e+02]
 [ 4.14998846e-02 -9.18224879e-02  1.00000000e+00]]",6
871,37.058936741000004,"[[ 1.42691743e-03  5.03292737e-05 -4.65339532e-01]
 [-2.07245190e-04 -3.12622952e-03  2.43712422e+00]
 [-1.78913159e-04  3.58439971e-04  7.81234251e-01]]","[[ 7.45067826e+02  4.63134431e+01  2.99318545e+02]
 [ 6.15953701e+01 -2.31775105e+02  7.59730493e+02]
 [ 1.42369841e-01  1.16947697e-01  1.00000000e+00]]",2,"[[ 1.47880996e-03  4.97103512e-05 -4.97479330e-01]
 [-2.76940682e-04 -3.27939926e-03  2.54613635e+00]
 [-2.54336981e-04  3.74939683e-04  7.97895886e-01]]","[[ 7.38499545e+02  4.67733336e+01  3.11189690e+02]
 [ 8.82176977e+01 -2.17833649e+02  7.50123749e+02]
 [ 1.93949401e-01  1.17271776e-01  1.00000000e+00]]",6
872,37.106232741,"[[ 1.42883425e-03  2.68576847e-05 -4.46012668e-01]
 [-2.46924295e-04 -3.13581692e-03  2.46756515e+00]
 [-1.71126029e-04  3.67630925e-04  7.70294676e-01]]","[[ 7.42670481e+02  4.12738573e+01  2.97800982e+02]
 [ 5.18694112e+01 -2.28948342e+02  7.63447265e+02]
 [ 1.40233932e-01  1.18437171e-01  1.00000000e+00]]",2,"[[ 1.48523454e-03  2.41355862e-05 -4.78606370e-01]
 [-3.16481036e-04 -3.29292027e-03  2.57918439e+00]
 [-2.41497870e-04  3.86113350e-04  7.83944087e-01]]","[[ 7.32589527e+02  4.17186636e+01  3.09999007e+02]
 [ 7.67468470e+01 -2.14772178e+02  7.53457533e+02]
 [ 1.87877975e-01  1.18632661e-01  1.00000000e+00]]",6
873,37.145641741000006,"[[ 1.40737652e-03  2.44996314e-06 -4.19435733e-01]
 [-2.78130966e-04 -3.03954751e-03  2.41838978e+00]
 [-2.07560830e-04  3.76758554e-04  7.72044622e-01]]","[[ 7.61686770e+02  3.73891755e+01  2.96688872e+02]
 [ 6.71560278e+01 -2.33685804e+02  7.68493145e+02]
 [ 1.72003957e-01  1.24090825e-01  1.00000000e+00]]",4,"[[ 1.48542381e-03 -1.68344268e-05 -4.46935615e-01]
 [-3.21689070e-04 -3.26778726e-03  2.57209502e+00]
 [-2.46403761e-04  3.34044064e-04  8.23499209e-01]]","[[ 7.30577071e+02  2.78699543e+01  3.09455964e+02]
 [ 7.59061409e+01 -2.29062014e+02  7.56642407e+02]
 [ 1.87809461e-01  1.01255796e-01  1.00000000e+00]]",6
874,37.188040741,"[[ 1.40727754e-03 -8.67854930e-06 -4.09250610e-01]
 [-3.01081765e-04 -3.06588297e-03  2.45357179e+00]
 [-2.05642696e-04  3.57845320e-04  7.84790553e-01]]","[[ 7.60702465e+02  3.23447667e+01  2.95566429e+02]
 [ 6.21410644e+01 -2.36326297e+02  7.71256487e+02]
 [ 1.70995963e-01  1.16234483e-01  1.00000000e+00]]",4,"[[ 1.47465807e-03 -2.88565286e-05 -4.33007631e-01]
 [-3.73830041e-04 -3.28187026e-03  2.61037711e+00]
 [-2.65966941e-04  3.14622138e-04  8.42861321e-01]]","[[ 7.39614514e+02  2.30725679e+01  3.08509383e+02]
 [ 7.81760805e+01 -2.32508861e+02  7.60251575e+02]
 [ 2.04205698e-01  9.40711993e-02  1.00000000e+00]]",6
875,37.226003741,"[[ 1.42610868e-03 -3.87125545e-05 -3.98384856e-01]
 [-3.22190331e-04 -3.10482968e-03  2.49667881e+00]
 [-2.07588147e-04  3.22006464e-04  8.13447022e-01]]","[[ 7.49850942e+02  2.17985145e+01  3.00333475e+02]
 [ 5.76979741e+01 -2.42633273e+02  7.72961649e+02]
 [ 1.68518715e-01  1.01610300e-01  1.00000000e+00]]",4,"[[ 1.51400559e-03 -6.51680564e-05 -4.25419833e-01]
 [-3.55512708e-04 -3.38459293e-03  2.67529411e+00]
 [-2.42597577e-04  2.69007275e-04  8.72306062e-01]]","[[ 7.13375919e+02  1.11889226e+01  3.13594755e+02]
 [ 6.58390609e+01 -2.36518646e+02  7.57493514e+02]
 [ 1.78093550e-01  7.60508782e-02  1.00000000e+00]]",6
876,37.267844741000005,"[[ 1.40998296e-03 -2.11255267e-05 -4.02786558e-01]
 [-3.31729290e-04 -3.06322650e-03  2.47495760e+00]
 [-1.98852631e-04  3.64354324e-04  7.76464483e-01]]","[[ 7.58245116e+02  3.01319082e+01  2.97290797e+02]
 [ 5.42233283e+01 -2.34554291e+02  7.75762921e+02]
 [ 1.68742466e-01  1.17780892e-01  1.00000000e+00]]",6,"[[ 1.48770509e-03 -4.35145409e-05 -4.28194679e-01]
 [-3.75599034e-04 -3.30327705e-03  2.63705336e+00]
 [-2.39783300e-04  3.16569548e-04  8.32808338e-01]]","[[ 7.27249003e+02  2.01422129e+01  3.10141063e+02]
 [ 6.48027341e+01 -2.30456465e+02  7.63049734e+02]
 [ 1.84757508e-01  9.34011604e-02  1.00000000e+00]]",6
877,37.305571741,"[[ 1.41519771e-03 -2.57130916e-05 -4.02739342e-01]
 [-3.39873881e-04 -3.06958306e-03  2.48668725e+00]
 [-1.89870256e-04  3.64952189e-04  7.73134352e-01]]","[[ 7.53702776e+02  2.91997682e+01  2.98699791e+02]
 [ 4.81022509e+01 -2.33796249e+02  7.77032890e+02]
 [ 1.62391850e-01  1.17532768e-01  1.00000000e+00]]",4,"[[ 1.48305101e-03 -4.80948163e-05 -4.25257125e-01]
 [-4.15432297e-04 -3.28921915e-03  2.64784452e+00]
 [-2.51435626e-04  3.19520601e-04  8.33698503e-01]]","[[ 7.32587599e+02  1.95550559e+01  3.11574684e+02]
 [ 6.52129957e+01 -2.30600000e+02  7.65654770e+02]
 [ 1.95948206e-01  9.42766335e-02  1.00000000e+00]]",6
878,37.341756741000005,"[[ 1.41101000e-03 -2.95592307e-05 -3.98593349e-01]
 [-3.52992114e-04 -3.06945326e-03  2.49244128e+00]
 [-1.93376030e-04  3.64447047e-04  7.74362762e-01]]","[[ 7.56711011e+02  2.81878688e+01  2.98779047e+02]
 [ 4.80562503e+01 -2.33920018e+02  7.77654661e+02]
 [ 1.66350733e-01  1.17131559e-01  1.00000000e+00]]",5,"[[ 1.49375182e-03 -5.29156084e-05 -4.25232505e-01]
 [-4.02789437e-04 -3.30417172e-03  2.65409526e+00]
 [-2.29297659e-04  3.16334458e-04  8.29416592e-01]]","[[ 7.22245271e+02  1.82828236e+01  3.11782779e+02]
 [ 5.53765714e+01 -2.30271269e+02  7.65248499e+02]
 [ 1.78549155e-01  9.28784720e-02  1.00000000e+00]]",6
879,37.381250741,"[[ 1.41030660e-03 -3.36974319e-05 -3.94067569e-01]
 [-3.60535371e-04 -3.06982911e-03  2.49244934e+00]
 [-1.92118963e-04  3.62193818e-04  7.75852129e-01]]","[[ 7.56523285e+02  2.68532275e+01  2.97983306e+02]
 [ 4.58648815e+01 -2.34589415e+02  7.76921363e+02]
 [ 1.65921427e-01  1.16163695e-01  1.00000000e+00]]",6,"[[ 1.48808391e-03 -5.65008464e-05 -4.19296063e-01]
 [-4.06167332e-04 -3.30915517e-03  2.65485932e+00]
 [-2.32804830e-04  3.15617886e-04  8.31178051e-01]]","[[ 7.25336032e+02  1.72570791e+01  3.10782299e+02]
 [ 5.66914421e+01 -2.30279182e+02  7.64131502e+02]
 [ 1.81632441e-01  9.22759690e-02  1.00000000e+00]]",6
880,37.428330741,"[[ 1.40966287e-03 -3.77620238e-05 -3.90090620e-01]
 [-3.66497148e-04 -3.07014363e-03  2.49013964e+00]
 [-1.91420106e-04  3.58940146e-04  7.78565294e-01]]","[[ 7.56411764e+02  2.54782230e+01  2.97502088e+02]
 [ 4.40658081e+01 -2.35585534e+02  7.75568268e+02]
 [ 1.65657824e-01  1.14875594e-01  1.00000000e+00]]",5,"[[ 1.49359720e-03 -6.04867125e-05 -4.17658948e-01]
 [-4.15907426e-04 -3.30196753e-03  2.64937675e+00]
 [-2.24866852e-04  3.13519896e-04  8.30537291e-01]]","[[ 7.20811735e+02  1.62817164e+01  3.10542432e+02]
 [ 5.05007229e+01 -2.31304883e+02  7.63247919e+02]
 [ 1.76095265e-01  9.17236374e-02  1.00000000e+00]]",6
881,37.463402741,"[[ 1.40923608e-03 -4.33838699e-05 -3.85696408e-01]
 [-3.72377320e-04 -3.06711781e-03  2.48738594e+00]
 [-1.91506048e-04  3.56340201e-04  7.80868176e-01]]","[[ 7.56346536e+02  2.38707590e+01  2.97546191e+02]
 [ 4.27737849e+01 -2.36620182e+02  7.74859862e+02]
 [ 1.65972850e-01  1.13833142e-01  1.00000000e+00]]",4,"[[ 1.53463725e-03 -1.00136360e-04 -4.09077985e-01]
 [-4.06521903e-04 -3.41437075e-03  2.71542125e+00]
 [-2.06225457e-04  2.54244224e-04  8.72534888e-01]]","[[ 6.94918700e+02  3.14992112e+00  3.16001781e+02]
 [ 3.88757412e+01 -2.37601658e+02  7.57668043e+02]
 [ 1.52917661e-01  6.99782253e-02  1.00000000e+00]]",6
882,37.499299741,"[[ 1.43553671e-03 -7.96490011e-05 -3.74188750e-01]
 [-3.88490768e-04 -3.13100997e-03  2.54107385e+00]
 [-2.01337223e-04  2.90779195e-04  8.36088491e-01]]","[[ 7.41708507e+02  9.32748795e+00  3.03600811e+02]
 [ 4.12761090e+01 -2.48561951e+02  7.73912497e+02]
 [ 1.64254500e-01  8.86923042e-02  1.00000000e+00]]",4,"[[ 1.52175382e-03 -1.03982290e-04 -4.01995175e-01]
 [-4.24646155e-04 -3.40243628e-03  2.71452608e+00]
 [-2.34247500e-04  2.46430282e-04  8.87130913e-01]]","[[ 7.06141448e+02  1.30565062e+00  3.15986320e+02]
 [ 4.96290401e+01 -2.40496039e+02  7.58381197e+02]
 [ 1.72670987e-01  6.71505763e-02  1.00000000e+00]]",6
883,37.540396741,"[[ 1.40679783e-03 -4.52080685e-05 -3.81499080e-01]
 [-3.81575372e-04 -3.05994484e-03  2.48501929e+00]
 [-1.91289739e-04  3.54823011e-04  7.81584589e-01]]","[[ 7.57373303e+02  2.31446838e+01  2.96093648e+02]
 [ 4.09824904e+01 -2.37519854e+02  7.75189542e+02]
 [ 1.66758931e-01  1.13493602e-01  1.00000000e+00]]",5,"[[ 1.50342794e-03 -7.54918114e-05 -4.09576376e-01]
 [-4.10187477e-04 -3.34570654e-03  2.66552080e+00]
 [-2.17980858e-04  3.04405648e-04  8.36756891e-01]]","[[ 7.13484792e+02  1.21535539e+01  3.10521453e+02]
 [ 4.69878623e+01 -2.30927713e+02  7.58628636e+02]
 [ 1.68773819e-01  8.71757890e-02  1.00000000e+00]]",6
884,37.577358741000005,"[[ 1.40760435e-03 -4.83214290e-05 -3.79379898e-01]
 [-3.82831119e-04 -3.06097994e-03  2.48732083e+00]
 [-1.91445299e-04  3.53166747e-04  7.82796710e-01]]","[[ 7.56748857e+02  2.22221465e+01  2.96145466e+02]
 [ 4.07905982e+01 -2.37855891e+02  7.75551351e+02]
 [ 1.66671790e-01  1.12745896e-01  1.00000000e+00]]",5,"[[ 1.50483193e-03 -7.89767360e-05 -4.07453380e-01]
 [-4.11349016e-04 -3.34774107e-03  2.66850218e+00]
 [-2.17627776e-04  3.02382319e-04  8.38103446e-01]]","[[ 7.12517853e+02  1.12451549e+01  3.10594222e+02]
 [ 4.65432710e+01 -2.31256043e+02  7.58941476e+02]
 [ 1.68224835e-01  8.63556842e-02  1.00000000e+00]]",6
885,37.617634741,"[[ 1.40660065e-03 -4.72095503e-05 -3.79651358e-01]
 [-3.83318205e-04 -3.06003577e-03  2.48719757e+00]
 [-1.91895060e-04  3.53404945e-04  7.82643603e-01]]","[[ 7.57437376e+02  2.24929810e+01  2.95942674e+02]
 [ 4.10146354e+01 -2.37837072e+02  7.75728630e+02]
 [ 1.67194513e-01  1.12911022e-01  1.00000000e+00]]",5,"[[ 1.50368059e-03 -7.77442388e-05 -4.07727930e-01]
 [-4.11920572e-04 -3.34662863e-03  2.66832771e+00]
 [-2.18176843e-04  3.02720772e-04  8.37923330e-01]]","[[ 7.13225352e+02  1.15088315e+01  3.10401385e+02]
 [ 4.68001819e+01 -2.31229535e+02  7.59112311e+02]
 [ 1.68800490e-01  8.65341029e-02  1.00000000e+00]]",6
886,37.661844741,"[[ 1.40810624e-03 -4.79786133e-05 -3.79902094e-01]
 [-3.81461545e-04 -3.06417529e-03  2.48922713e+00]
 [-1.91558514e-04  3.51291230e-04  7.84321345e-01]]","[[ 7.56462513e+02  2.21153762e+01  2.96219782e+02]
 [ 4.09981020e+01 -2.38088519e+02  7.75487838e+02]
 [ 1.66391699e-01  1.12039278e-01  1.00000000e+00]]",5,"[[ 1.50504352e-03 -7.84525622e-05 -4.07978320e-01]
 [-4.10002052e-04 -3.35058222e-03  2.67017442e+00]
 [-2.17969671e-04  3.00535137e-04  8.39627498e-01]]","[[ 7.12466312e+02  1.11806084e+01  3.10633745e+02]
 [ 4.68514207e+01 -2.31480479e+02  7.58917044e+02]
 [ 1.68188334e-01  8.57583288e-02  1.00000000e+00]]",6
887,37.705793741,"[[ 1.40699762e-03 -4.70086202e-05 -3.80297816e-01]
 [-3.81762955e-04 -3.06253496e-03  2.48782481e+00]
 [-1.92115621e-04  3.52637380e-04  7.83462470e-01]]","[[ 7.57277007e+02  2.24819528e+01  2.96197509e+02]
 [ 4.13349060e+01 -2.37875292e+02  7.75418927e+02]
 [ 1.67089701e-01  1.12580829e-01  1.00000000e+00]]",5,"[[ 1.50373038e-03 -7.73761899e-05 -4.08360409e-01]
 [-4.10383738e-04 -3.34860438e-03  2.66857781e+00]
 [-2.18710208e-04  3.02051433e-04  8.38720729e-01]]","[[ 7.13337907e+02  1.15348487e+01  3.10612710e+02]
 [ 4.72549192e+01 -2.31273353e+02  7.58855668e+02]
 [ 1.68996498e-01  8.62971839e-02  1.00000000e+00]]",6
888,37.745463741,"[[ 1.40695744e-03 -4.74663495e-05 -3.79490716e-01]
 [-3.81975441e-04 -3.06300482e-03  2.48753117e+00]
 [-1.91954225e-04  3.51861711e-04  7.84023595e-01]]","[[ 7.57162948e+02  2.22553927e+01  2.95877991e+02]
 [ 4.11342008e+01 -2.38060695e+02  7.75223410e+02]
 [ 1.66917268e-01  1.12288024e-01  1.00000000e+00]]",5,"[[ 1.50393308e-03 -7.77808653e-05 -4.07678708e-01]
 [-4.10362256e-04 -3.34918440e-03  2.66819467e+00]
 [-2.18173538e-04  3.01471590e-04  8.38990602e-01]]","[[ 7.13042727e+02  1.13725863e+01  3.10311060e+02]
 [ 4.69216039e+01 -2.31381271e+02  7.58648800e+02]
 [ 1.68561511e-01  8.60987917e-02  1.00000000e+00]]",6
889,37.787480741,"[[ 1.40949720e-03 -5.00465675e-05 -3.78405126e-01]
 [-3.83877331e-04 -3.06787202e-03  2.49153917e+00]
 [-1.91163964e-04  3.48567294e-04  7.86407114e-01]]","[[ 7.55419499e+02  2.13066583e+01  2.95989485e+02]
 [ 4.01551537e+01 -2.38547832e+02  7.75102581e+02]
 [ 1.65832951e-01  1.10913337e-01  1.00000000e+00]]",5,"[[ 1.50678967e-03 -8.02836424e-05 -4.06766502e-01]
 [-4.11961471e-04 -3.35406052e-03  2.67198058e+00]
 [-2.16796912e-04  2.98592185e-04  8.40799431e-01]]","[[ 7.11218624e+02  1.06065501e+01  3.10370590e+02]
 [ 4.57839650e+01 -2.31715482e+02  7.58519365e+02]
 [ 1.67125788e-01  8.50237246e-02  1.00000000e+00]]",6
890,37.826617741,"[[ 1.40613110e-03 -4.94780523e-05 -3.76441834e-01]
 [-3.85853109e-04 -3.06105798e-03  2.48765080e+00]
 [-1.92775664e-04  3.50615853e-04  7.84969740e-01]]","[[ 7.57527194e+02  2.15453096e+01  2.95002097e+02]
 [ 4.08655152e+01 -2.38519644e+02  7.75491134e+02]
 [ 1.67783169e-01  1.11828744e-01  1.00000000e+00]]",5,"[[ 1.50418454e-03 -7.98202045e-05 -4.04997532e-01]
 [-4.13654930e-04 -3.34823550e-03  2.66866249e+00]
 [-2.17627704e-04  3.00727660e-04  8.39167402e-01]]","[[ 7.12566276e+02  1.08122539e+01  3.09513127e+02]
 [ 4.60902641e+01 -2.31610861e+02  7.58796944e+02]
 [ 1.68278159e-01  8.58050943e-02  1.00000000e+00]]",6
891,37.868066741,"[[ 1.40595532e-03 -4.98351543e-05 -3.76150999e-01]
 [-3.83684978e-04 -3.06128693e-03  2.48720128e+00]
 [-1.93001003e-04  3.50307474e-04  7.85280327e-01]]","[[ 7.57607495e+02  2.14273995e+01  2.95029116e+02]
 [ 4.13429850e+01 -2.38592384e+02  7.75491843e+02]
 [ 1.67756972e-01  1.11700499e-01  1.00000000e+00]]",5,"[[ 1.50410600e-03 -8.03274284e-05 -4.04656037e-01]
 [-4.11418694e-04 -3.34884541e-03  2.66846183e+00]
 [-2.17879682e-04  3.00103224e-04  8.39728149e-01]]","[[ 7.12600837e+02  1.06478637e+01  3.09558294e+02]
 [ 4.65326734e+01 -2.31727488e+02  7.58799958e+02]
 [ 1.68264740e-01  8.55778380e-02  1.00000000e+00]]",6
892,37.902434741,"[[ 1.40728008e-03 -4.88615584e-05 -3.78417097e-01]
 [-3.80585866e-04 -3.06325616e-03  2.48750167e+00]
 [-1.92749704e-04  3.50578683e-04  7.85218086e-01]]","[[ 7.56998029e+02  2.17805659e+01  2.95818203e+02]
 [ 4.17194056e+01 -2.38386100e+02  7.75291819e+02]
 [ 1.67195859e-01  1.11779497e-01  1.00000000e+00]]",5,"[[ 1.50472610e-03 -7.93640088e-05 -4.06668568e-01]
 [-4.08623672e-04 -3.35017850e-03  2.66850844e+00]
 [-2.18544013e-04  2.99979097e-04  8.40220069e-01]]","[[ 7.12597191e+02  1.09014485e+01  3.10276179e+02]
 [ 4.72753064e+01 -2.31678111e+02  7.58682635e+02]
 [ 1.68470442e-01  8.55502499e-02  1.00000000e+00]]",6
893,37.945437741,"[[ 1.40644333e-03 -4.68358305e-05 -3.79789864e-01]
 [-3.77191384e-04 -3.06192148e-03  2.48456019e+00]
 [-1.93604823e-04  3.50712938e-04  7.85476369e-01]]","[[ 7.57717365e+02  2.22957639e+01  2.95843665e+02]
 [ 4.27253196e+01 -2.38477926e+02  7.74993912e+02]
 [ 1.67686031e-01  1.11975185e-01  1.00000000e+00]]",5,"[[ 1.50351242e-03 -7.71837877e-05 -4.08004823e-01]
 [-4.05156247e-04 -3.34827786e-03  2.66513813e+00]
 [-2.19835198e-04  3.00075811e-04  8.40630334e-01]]","[[ 7.13541394e+02  1.13611541e+01  3.10302013e+02]
 [ 4.84270090e+01 -2.31806571e+02  7.58424910e+02]
 [ 1.69313114e-01  8.57179707e-02  1.00000000e+00]]",6
894,37.984840741,"[[ 1.40805463e-03 -4.65983192e-05 -3.80614533e-01]
 [-3.71377008e-04 -3.06759220e-03  2.48534785e+00]
 [-1.94368602e-04  3.48118266e-04  7.87949946e-01]]","[[ 7.56876724e+02  2.20866070e+01  2.95939330e+02]
 [ 4.39157888e+01 -2.38778490e+02  7.74367202e+02]
 [ 1.67301468e-01  1.10941180e-01  1.00000000e+00]]",4,"[[ 1.53509286e-03 -1.03199981e-04 -4.04688620e-01]
 [-4.04075361e-04 -3.41543016e-03  2.71289033e+00]
 [-2.06833116e-04  2.46819518e-04  8.78188155e-01]]","[[ 6.94265048e+02  1.75147961e+00  3.14522111e+02]
 [ 3.90298877e+01 -2.39256085e+02  7.57093418e+02]
 [ 1.52545516e-01  6.76567264e-02  1.00000000e+00]]",6
895,38.027244741000004,"[[ 1.40791007e-03 -4.37333075e-05 -3.82572297e-01]
 [-3.65735733e-04 -3.05950778e-03  2.48014496e+00]
 [-1.95792399e-04  3.49741273e-04  7.86772676e-01]]","[[ 7.57382016e+02  2.29890131e+01  2.95812628e+02]
 [ 4.57597655e+01 -2.38880268e+02  7.75273635e+02]
 [ 1.68136956e-01  1.11909533e-01  1.00000000e+00]]",5,"[[ 1.50548668e-03 -7.43496872e-05 -4.10800011e-01]
 [-3.93017935e-04 -3.34721755e-03  2.66148157e+00]
 [-2.21973932e-04  2.97799122e-04  8.42948420e-01]]","[[ 7.13067223e+02  1.17715231e+01  3.10337294e+02]
 [ 5.11966414e+01 -2.32392449e+02  7.58693873e+02]
 [ 1.69685377e-01  8.52000396e-02  1.00000000e+00]]",6
896,38.058485741000005,"[[ 1.40785024e-03 -3.99660413e-05 -3.85557545e-01]
 [-3.59570372e-04 -3.06026077e-03  2.48172587e+00]
 [-1.98299594e-04  3.51674168e-04  7.85711851e-01]]","[[ 7.58136572e+02  2.41023906e+01  2.95896961e+02]
 [ 4.84890571e+01 -2.38206341e+02  7.76185518e+02]
 [ 1.69637031e-01  1.12701000e-01  1.00000000e+00]]",5,"[[ 1.50524539e-03 -7.05878648e-05 -4.13623032e-01]
 [-3.86785392e-04 -3.34890524e-03  2.66392010e+00]
 [-2.24856305e-04  2.98777727e-04  8.42843266e-01]]","[[ 7.13962212e+02  1.26448261e+01  3.10409324e+02]
 [ 5.38649497e+01 -2.31970727e+02  7.59608924e+02]
 [ 1.71378551e-01  8.56042380e-02  1.00000000e+00]]",6
897,38.102529741000005,"[[ 1.42594391e-03 -5.75913132e-05 -3.82887221e-01]
 [-3.59902135e-04 -3.10621402e-03  2.51905713e+00]
 [-2.07114994e-04  3.13801306e-04  8.18524802e-01]]","[[ 7.48985619e+02  1.64068222e+01  2.99865440e+02]
 [ 5.10438099e+01 -2.44464112e+02  7.76229487e+02]
 [ 1.69950303e-01  9.78727295e-02  1.00000000e+00]]",4,"[[ 1.51676419e-03 -8.53299499e-05 -4.10202018e-01]
 [-3.93955868e-04 -3.38922376e-03  2.70040932e+00]
 [-2.38991345e-04  2.61223148e-04  8.76234841e-01]]","[[ 7.10277151e+02  6.25889075e+00  3.13221457e+02]
 [ 5.80133297e+01 -2.37909313e+02  7.60355193e+02]
 [ 1.76431774e-01  7.26326293e-02  1.00000000e+00]]",6
898,38.138936741,"[[ 1.42333406e-03 -5.24967264e-05 -3.84881270e-01]
 [-3.59364118e-04 -3.09872598e-03  2.51794129e+00]
 [-2.11221080e-04  3.22279340e-04  8.12479389e-01]]","[[ 7.51600832e+02  1.83742720e+01  2.99098965e+02]
 [ 5.41533858e+01 -2.42727580e+02  7.77886095e+02]
 [ 1.73913854e-01  1.01057478e-01  1.00000000e+00]]",4,"[[ 1.51543347e-03 -8.08203961e-05 -4.12177739e-01]
 [-3.92843653e-04 -3.38502860e-03  2.70164334e+00]
 [-2.42237517e-04  2.68254623e-04  8.71361641e-01]]","[[ 7.11864219e+02  7.77768389e+00  3.12616535e+02]
 [ 6.04724096e+01 -2.36488871e+02  7.61835193e+02]
 [ 1.79280577e-01  7.49668985e-02  1.00000000e+00]]",6
899,38.177710741000006,"[[ 1.42396020e-03 -5.10535433e-05 -3.85755102e-01]
 [-3.61011491e-04 -3.10032244e-03  2.52628718e+00]
 [-2.16977851e-04  3.25991619e-04  8.10560002e-01]]","[[ 7.52632613e+02  1.90317614e+01  2.98870133e+02]
 [ 5.76398109e+01 -2.41476341e+02  7.80045197e+02]
 [ 1.78289715e-01  1.02211723e-01  1.00000000e+00]]",4,"[[ 1.51841062e-03 -8.08068356e-05 -4.12918087e-01]
 [-3.93671113e-04 -3.39230014e-03  2.71398477e+00]
 [-2.46556945e-04  2.69162742e-04  8.71492818e-01]]","[[ 7.11377758e+02  7.85680497e+00  3.12587193e+02]
 [ 6.29149381e+01 -2.35682634e+02  7.63767390e+02]
 [ 1.81826822e-01  7.50139674e-02  1.00000000e+00]]",6
900,38.216409741,"[[ 1.43019049e-03 -5.47219865e-05 -3.85784475e-01]
 [-3.59120519e-04 -3.11282136e-03  2.54145044e+00]
 [-2.23647564e-04  3.23353809e-04  8.14195933e-01]]","[[ 7.50570201e+02  1.79333643e+01  2.99659534e+02]
 [ 6.17219814e+01 -2.41117389e+02  7.81874792e+02]
 [ 1.81657944e-01  1.00684585e-01  1.00000000e+00]]",3,"[[ 1.50144503e-03 -7.44263397e-05 -4.10838845e-01]
 [-4.27989490e-04 -3.33701197e-03  2.70221215e+00]
 [-2.78437802e-04  2.83325964e-04  8.68714123e-01]]","[[ 7.26770228e+02  1.02626162e+01  3.11786890e+02]
 [ 7.54825214e+01 -2.35995185e+02  7.69781668e+02]
 [ 2.08324168e-01  8.02577760e-02  1.00000000e+00]]",6
901,38.265634741,"[[ 1.43698713e-03 -5.54330584e-05 -3.89538783e-01]
 [-3.57888782e-04 -3.12038711e-03  2.55533962e+00]
 [-2.32149147e-04  3.24363469e-04  8.15538801e-01]]","[[ 7.49069529e+02  1.80168816e+01  3.01337448e+02]
 [ 6.69097342e+01 -2.40128085e+02  7.84355991e+02]
 [ 1.86616233e-01  1.00634552e-01  1.00000000e+00]]",3,"[[ 1.50985490e-03 -7.70953822e-05 -4.13905390e-01]
 [-4.25574525e-04 -3.35145672e-03  2.72066307e+00]
 [-2.87631957e-04  2.80389403e-04  8.73735996e-01]]","[[ 7.24743110e+02  9.56085863e+00  3.13553757e+02]
 [ 8.06416631e+01 -2.35648281e+02  7.71969563e+02]
 [ 2.12705224e-01  7.87689757e-02  1.00000000e+00]]",6
902,38.304341741,"[[ 1.42369480e-03 -2.02085515e-05 -4.06395183e-01]
 [-3.35718296e-04 -3.08133658e-03  2.52483809e+00]
 [-2.14407937e-04  3.84374485e-04  7.61065167e-01]]","[[ 7.54627309e+02  3.20524763e+01  2.96623207e+02]
 [ 6.50576865e+01 -2.26778705e+02  7.87079306e+02]
 [ 1.79737000e-01  1.23563996e-01  1.00000000e+00]]",4,"[[ 1.49810684e-03 -4.74924474e-05 -4.27980304e-01]
 [-4.06934495e-04 -3.32148006e-03  2.69926983e+00]
 [-2.76178690e-04  3.29845340e-04  8.30162838e-01]]","[[ 7.30234684e+02  2.03674840e+01  3.10238805e+02]
 [ 8.16091748e+01 -2.25308386e+02  7.74661569e+02]
 [ 2.10509125e-01  9.62967534e-02  1.00000000e+00]]",6
903,38.340350741,"[[ 1.42671850e-03 -1.59913985e-05 -4.13577189e-01]
 [-3.28231302e-04 -3.09169167e-03  2.53884780e+00]
 [-2.19943783e-04  3.89733919e-04  7.58020579e-01]]","[[ 7.54726681e+02  3.37535635e+01  2.98728801e+02]
 [ 7.01046433e+01 -2.24290835e+02  7.89469300e+02]
 [ 1.82943957e-01  1.25112214e-01  1.00000000e+00]]",4,"[[ 1.50024961e-03 -4.43270679e-05 -4.34016855e-01]
 [-3.99241356e-04 -3.33647817e-03  2.71687218e+00]
 [-2.84433731e-04  3.31773739e-04  8.31050185e-01]]","[[ 7.31432766e+02  2.13322919e+01  3.12251948e+02]
 [ 8.77879316e+01 -2.23626993e+02  7.76929491e+02]
 [ 2.15291957e-01  9.65780266e-02  1.00000000e+00]]",6
904,38.381331741000004,"[[ 1.43136376e-03 -1.04201621e-05 -4.22869263e-01]
 [-3.15740055e-04 -3.09805151e-03  2.54595176e+00]
 [-2.20955703e-04  3.96859651e-04  7.52595868e-01]]","[[ 7.53080347e+02  3.60494269e+01  3.01190107e+02]
 [ 7.32171612e+01 -2.21690675e+02  7.91095296e+02]
 [ 1.82488991e-01  1.27485965e-01  1.00000000e+00]]",4,"[[ 1.50337808e-03 -3.94597950e-05 -4.42164701e-01]
 [-3.86950708e-04 -3.34594224e-03  2.72661947e+00]
 [-2.88492604e-04  3.35920048e-04  8.29222230e-01]]","[[ 7.31437250e+02  2.29534016e+01  3.14548419e+02]
 [ 9.23085495e+01 -2.21796959e+02  7.78526509e+02]
 [ 2.17078050e-01  9.78361755e-02  1.00000000e+00]]",6
905,38.421162741,"[[ 1.43158508e-03 -4.01703998e-06 -4.31214442e-01]
 [-3.06103738e-04 -3.10140082e-03  2.55047653e+00]
 [-2.28082802e-04  4.01769130e-04  7.50841611e-01]]","[[ 7.55066695e+02  3.83307336e+01  3.03438200e+02]
 [ 7.92327456e+01 -2.19884787e+02  7.92413851e+02]
 [ 1.86969468e-01  1.29302238e-01  1.00000000e+00]]",4,"[[ 1.50187129e-03 -3.33644098e-05 -4.49525065e-01]
 [-3.77498635e-04 -3.35148519e-03  2.73313926e+00]
 [-2.98549915e-04  3.38410757e-04  8.30626081e-01]]","[[ 7.34975299e+02  2.46548635e+01  3.16634223e+02]
 [ 9.95657719e+01 -2.20623656e+02  7.79836439e+02]
 [ 2.23605650e-01  9.87473515e-02  1.00000000e+00]]",6
906,38.458975741,"[[ 1.49407914e-03  2.56267655e-06 -4.59716220e-01]
 [-2.20134880e-04 -3.15464460e-03  2.56325237e+00]
 [-1.60767949e-04  3.61649664e-04  7.63127394e-01]]","[[ 7.07530225e+02  3.56931247e+01  3.06335005e+02]
 [ 5.17954879e+01 -2.26252367e+02  7.91156428e+02]
 [ 1.24509175e-01  1.14741528e-01  1.00000000e+00]]",3,"[[ 1.55542583e-03 -2.75058070e-05 -4.74940426e-01]
 [-3.03338897e-04 -3.40514092e-03  2.74914563e+00]
 [-2.46810046e-04  2.94855647e-04  8.49091668e-01]]","[[ 6.97837142e+02  2.19959631e+01  3.19118623e+02]
 [ 7.93536428e+01 -2.26866579e+02  7.78923573e+02]
 [ 1.75287726e-01  8.51753930e-02  1.00000000e+00]]",6
907,38.500494741000004,"[[ 1.60586494e-03 -1.63521949e-05 -4.88029385e-01]
 [-3.52668080e-04 -3.23231267e-03  2.65972225e+00]
 [-6.37354490e-04 -7.30677078e-04  1.77518682e+00]]","[[ 7.30225323e+02 -7.42087345e+01  3.11936768e+02]
 [ 2.05744199e+02 -4.88732697e+02  7.88819763e+02]
 [ 3.46862061e-01 -2.27808727e-01  1.00000000e+00]]",1,"[[ 1.67501294e-03 -3.91795234e-05 -5.12285152e-01]
 [-4.78880771e-04 -3.42571123e-03  2.81810887e+00]
 [-7.42910527e-04 -8.43711326e-04  1.89656954e+00]]","[[ 7.15567150e+02 -8.79865646e+01  3.24021942e+02]
 [ 2.05905545e+02 -4.85714467e+02  7.77339600e+02]
 [ 3.71896308e-01 -2.50541271e-01  1.00000000e+00]]",6
911,38.667823741,"[[ 1.67083394e-03  4.45530581e-05 -5.96232306e-01]
 [-1.24138968e-04 -3.34081934e-03  2.61421755e+00]
 [ 5.31892651e-05 -8.19529875e-04  1.61315873e+00]]","[[ 5.82244597e+02 -7.47358999e+01  3.36314667e+02]
 [-6.08461976e+01 -4.89029120e+02  7.70011047e+02]
 [-5.01094143e-02 -2.45976307e-01  1.00000000e+00]]",1,"[[ 1.70070910e-03  3.71359330e-05 -6.15481507e-01]
 [-2.64938974e-04 -3.50614272e-03  2.76074044e+00]
 [-2.91851691e-05 -9.49543713e-04  1.73297468e+00]]","[[ 5.80305820e+02 -8.73615142e+01  3.45273346e+02]
 [-6.35904801e+01 -4.92067622e+02  7.61310730e+02]
 [-2.50699665e-02 -2.71088426e-01  1.00000000e+00]]",6
912,38.705413741,"[[ 1.47987898e-03  7.45056864e-05 -5.55243772e-01]
 [-1.01061003e-04 -3.20233650e-03  2.49040156e+00]
 [-2.06334989e-04  2.90682889e-04  8.46476190e-01]]","[[ 7.25898568e+02  4.74406036e+01  3.36577105e+02]
 [ 9.05225720e+01 -2.40538154e+02  7.67060782e+02]
 [ 1.45857511e-01  9.41656515e-02  1.00000000e+00]]",2,"[[ 1.50245740e-03  7.98664353e-05 -5.79399493e-01]
 [-1.86206406e-04 -3.35070537e-03  2.60573947e+00]
 [-3.28533236e-04  2.86900535e-04  8.95839750e-01]]","[[ 7.46955381e+02  4.73715152e+01  3.45315936e+02]
 [ 1.37318826e+02 -2.30227590e+02  7.58478933e+02]
 [ 2.29954994e-01  9.11050621e-02  1.00000000e+00]]",6
913,38.737345741000006,"[[ 1.49399204e-03  7.51576981e-05 -5.62199101e-01]
 [-8.05079196e-05 -3.12727812e-03  2.41876333e+00]
 [-1.73502628e-04  4.24173322e-04  7.34231555e-01]]","[[ 7.11972944e+02  6.29335870e+01  3.37834971e+02]
 [ 7.72705371e+01 -2.14182685e+02  7.64743285e+02]
 [ 1.23602800e-01  1.38607123e-01  1.00000000e+00]]",3,"[[ 1.51974046e-03  5.71637985e-05 -5.70042474e-01]
 [-1.68450255e-04 -3.29946009e-03  2.55363622e+00]
 [-2.91651259e-04  3.89410881e-04  8.06604573e-01]]","[[ 7.30468940e+02  5.35675783e+01  3.46645957e+02]
 [ 1.21665482e+02 -2.11716452e+02  7.56258161e+02]
 [ 2.05384806e-01  1.21580939e-01  1.00000000e+00]]",6
914,38.778278741,"[[ 1.49199460e-03  7.82091278e-05 -5.65021673e-01]
 [-7.11096097e-05 -3.12365157e-03  2.40918303e+00]
 [-1.80163592e-04  4.25851652e-04  7.35853364e-01]]","[[ 7.14193012e+02  6.40540573e+01  3.38676963e+02]
 [ 8.20039133e+01 -2.13987583e+02  7.63561425e+02]
 [ 1.27403205e-01  1.39521242e-01  1.00000000e+00]]",3,"[[ 1.51708733e-03  6.06242027e-05 -5.72796851e-01]
 [-1.59240516e-04 -3.29366864e-03  2.54269823e+00]
 [-2.98615990e-04  3.91841000e-04  8.07816173e-01]]","[[ 7.33290056e+02  5.48248290e+01  3.47385023e+02]
 [ 1.26456177e+02 -2.11440561e+02  7.55200578e+02]
 [ 2.09727692e-01  1.22828256e-01  1.00000000e+00]]",6
915,38.817521741,"[[ 1.60001771e-03  8.68557740e-05 -6.10458815e-01]
 [-9.77601988e-05 -3.15001147e-03  2.43865565e+00]
 [-2.45703251e-04  3.92348294e-04  7.83954065e-01]]","[[ 6.80952022e+02  6.11345190e+01  3.40080034e+02]
 [ 1.03853222e+02 -2.19483341e+02  7.63619237e+02]
 [ 1.61445035e-01  1.29006110e-01  1.00000000e+00]]",2,"[[ 1.61620998e-03  6.76191176e-05 -6.14451825e-01]
 [-2.38415942e-04 -3.32012477e-03  2.59143073e+00]
 [-3.99218360e-04  3.57265223e-04  8.69245713e-01]]","[[ 7.12505696e+02  5.20196708e+01  3.48572385e+02]
 [ 1.54639359e+02 -2.16748674e+02  7.55491342e+02]
 [ 2.63674686e-01  1.12976077e-01  1.00000000e+00]]",6
916,38.859650741,"[[ 1.49058977e-03  8.19025683e-05 -5.69018215e-01]
 [-6.14406441e-05 -3.13039390e-03  2.41085517e+00]
 [-1.85829107e-04  4.18930013e-04  7.43300195e-01]]","[[ 7.15882790e+02  6.42030722e+01  3.39790089e+02]
 [ 8.63182799e+01 -2.15016908e+02  7.63475245e+02]
 [ 1.30324924e-01  1.37236390e-01  1.00000000e+00]]",3,"[[ 1.51405133e-03  6.43893177e-05 -5.76128525e-01]
 [-1.49832010e-04 -3.29990138e-03  2.54420150e+00]
 [-3.06901558e-04  3.84307155e-04  8.16707391e-01]]","[[ 7.36539716e+02  5.49470696e+01  3.48405226e+02]
 [ 1.32044706e+02 -2.12515144e+02  7.55173856e+02]
 [ 2.14641699e-01  1.20648390e-01  1.00000000e+00]]",6
917,38.904596741,"[[ 1.45515111e-03  8.28521724e-05 -5.58152290e-01]
 [-5.55518759e-05 -3.14169463e-03  2.41380545e+00]
 [-2.54484072e-04  4.04120422e-04  7.78506735e-01]]","[[ 7.49128568e+02  6.35120015e+01  3.40166885e+02]
 [ 1.25032363e+02 -2.16946762e+02  7.62298321e+02]
 [ 1.79976808e-01  1.33377664e-01  1.00000000e+00]]",4,"[[ 1.48336700e-03  6.48333740e-05 -5.66218718e-01]
 [-1.38289436e-04 -3.37570944e-03  2.59253765e+00]
 [-3.67453480e-04  3.08193111e-04  8.95868281e-01]]","[[ 7.64875732e+02  4.65317973e+01  3.48769486e+02]
 [ 1.65800964e+02 -2.24237985e+02  7.53710163e+02]
 [ 2.56686769e-01  9.62271743e-02  1.00000000e+00]]",6
918,38.942343741,"[[ 1.49974294e-03  8.77772218e-05 -5.78802788e-01]
 [-4.54047991e-05 -3.15503731e-03  2.41557598e+00]
 [-1.72676059e-04  3.99174786e-04  7.55296619e-01]]","[[ 7.07994155e+02  6.28926498e+01  3.41411586e+02]
 [ 8.09724046e+01 -2.18455571e+02  7.60711846e+02]
 [ 1.19067789e-01  1.29832451e-01  1.00000000e+00]]",3,"[[ 1.52123075e-03  7.09250580e-05 -5.85512509e-01]
 [-1.35110303e-04 -3.32202700e-03  2.54769025e+00]
 [-2.95530077e-04  3.63853212e-04  8.29511206e-01]]","[[ 7.30105760e+02  5.39005636e+01  3.49801321e+02]
 [ 1.27051000e+02 -2.15869195e+02  7.52681565e+02]
 [ 2.04385783e-01  1.13891093e-01  1.00000000e+00]]",6
919,38.988941741000005,"[[ 1.49310829e-03  9.03650721e-05 -5.79466140e-01]
 [-4.00233327e-05 -3.12425578e-03  2.38561596e+00]
 [-1.85346550e-04  4.29257594e-04  7.37525021e-01]]","[[ 7.14029698e+02  6.76616195e+01  3.42146214e+02]
 [ 8.85274900e+01 -2.13205850e+02  7.59195885e+02]
 [ 1.27916804e-01  1.41094980e-01  1.00000000e+00]]",3,"[[ 1.51324624e-03  7.40562303e-05 -5.85909979e-01]
 [-1.29911833e-04 -3.28687223e-03  2.51495291e+00]
 [-3.09601446e-04  3.96840320e-04  8.10344097e-01]]","[[ 7.37583671e+02  5.89263497e+01  3.50419827e+02]
 [ 1.35642442e+02 -2.10476220e+02  7.51300646e+02]
 [ 2.15375890e-01  1.25587555e-01  1.00000000e+00]]",6
920,39.029918741,"[[ 1.48685484e-03  9.20036484e-05 -5.77798786e-01]
 [-3.93163050e-05 -3.11924295e-03  2.37736020e+00]
 [-1.95567521e-04  4.31043030e-04  7.40160488e-01]]","[[ 7.19315761e+02  6.84369636e+01  3.41710297e+02]
 [ 9.40464166e+01 -2.13090307e+02  7.57852291e+02]
 [ 1.35290588e-01  1.42178812e-01  1.00000000e+00]]",3,"[[ 1.50713498e-03  7.60743285e-05 -5.84520082e-01]
 [-1.28696411e-04 -3.28095512e-03  2.50586673e+00]
 [-3.18724733e-04  3.99013089e-04  8.12273005e-01]]","[[ 7.42627451e+02  5.97813968e+01  3.49976478e+02]
 [ 1.40656090e+02 -2.10312699e+02  7.50033426e+02]
 [ 2.22302248e-01  1.26769361e-01  1.00000000e+00]]",6
921,39.071514741,"[[ 1.45835831e-03  1.19367282e-04 -5.85770089e-01]
 [-4.30624817e-05 -3.11250776e-03  2.37059775e+00]
 [-2.48306488e-04  4.44996683e-04  7.47517829e-01]]","[[ 7.45821517e+02  7.71711616e+01  3.39708492e+02]
 [ 1.22726829e+02 -2.08358176e+02  7.56935965e+02]
 [ 1.74683847e-01  1.49669737e-01  1.00000000e+00]]",3,"[[ 1.47708222e-03  1.19185178e-04 -6.03208857e-01]
 [-1.29331729e-04 -3.25571309e-03  2.48418436e+00]
 [-3.72941614e-04  4.12868434e-04  8.20434205e-01]]","[[ 7.71191757e+02  7.23534977e+01  3.47925854e+02]
 [ 1.71136007e+02 -2.05878492e+02  7.49201923e+02]
 [ 2.64436614e-01  1.36494017e-01  1.00000000e+00]]",6
922,39.108324741000004,"[[ 1.45346818e-03  1.04531277e-04 -5.66585588e-01]
 [ 2.25342398e-06 -3.12956129e-03  2.35631556e+00]
 [-2.20867330e-04  4.37412220e-04  7.44691092e-01]]","[[ 7.38903524e+02  7.15933859e+01  3.35649883e+02]
 [ 1.14776124e+02 -2.10431828e+02  7.53163690e+02]
 [ 1.51734283e-01  1.44836019e-01  1.00000000e+00]]",2,"[[ 1.50090418e-03  6.80679086e-05 -5.72991754e-01]
 [-9.21843208e-05 -3.42672565e-03  2.57329917e+00]
 [-3.39952247e-04  3.30517862e-04  8.73241512e-01]]","[[ 7.48091537e+02  4.84383869e+01  3.48132581e+02]
 [ 1.54625902e+02 -2.17224276e+02  7.41584552e+02]
 [ 2.32706271e-01  1.01075407e-01  1.00000000e+00]]",6
923,39.145731741000006,"[[ 1.47859275e-03  9.15794889e-05 -5.64916310e-01]
 [-5.13706366e-05 -3.21857253e-03  2.44511583e+00]
 [-2.73094334e-04  3.13943404e-04  8.54760846e-01]]","[[ 7.40124136e+02  5.37687590e+01  3.35342164e+02]
 [ 1.31216745e+02 -2.33384220e+02  7.54337232e+02]
 [ 1.88273804e-01  1.02898232e-01  1.00000000e+00]]",4,"[[ 1.51672384e-03  7.65286230e-05 -5.79056999e-01]
 [-1.01008132e-04 -3.39632758e-03  2.56941361e+00]
 [-3.52254355e-04  2.68843594e-04  9.20583937e-01]]","[[ 7.42165788e+02  4.39630803e+01  3.44126097e+02]
 [ 1.57886855e+02 -2.31803658e+02  7.46292581e+02]
 [ 2.37875388e-01  8.45171329e-02  1.00000000e+00]]",6
924,39.192470741,"[[ 1.63970338e-03  8.70830989e-05 -6.11812901e-01]
 [-6.79344629e-05 -3.27674537e-03  2.49152239e+00]
 [-2.65772736e-04 -4.66931130e-04  1.44034459e+00]]","[[ 6.62621575e+02 -2.98575702e+01  3.33108643e+02]
 [ 1.05148568e+02 -4.09753150e+02  7.53458862e+02]
 [ 1.56354174e-01 -1.38343165e-01  1.00000000e+00]]",1,"[[ 1.66452776e-03  8.43716684e-05 -6.31685158e-01]
 [-2.12450757e-04 -3.41830327e-03  2.62241084e+00]
 [-3.85890235e-04 -5.42893422e-04  1.53681530e+00]]","[[ 6.75185910e+02 -3.76016320e+01  3.41688324e+02]
 [ 1.20852065e+02 -4.08028345e+02  7.45931152e+02]
 [ 2.12229433e-01 -1.53581245e-01  1.00000000e+00]]",6
925,39.230442741000005,"[[ 1.65825415e-03  7.92430078e-05 -6.03832968e-01]
 [-6.20548568e-05 -3.23658006e-03  2.45875193e+00]
 [-1.59312350e-04 -3.55494314e-04  1.32010002e+00]]","[[ 6.33800610e+02 -2.05235568e+01  3.28135773e+02]
 [ 5.77735884e+01 -3.90302653e+02  7.53384583e+02]
 [ 9.20463944e-02 -1.07582780e-01  1.00000000e+00]]",1,"[[ 1.68889744e-03  7.37502800e-05 -6.24387439e-01]
 [-2.08585571e-04 -3.37814439e-03  2.58930742e+00]
 [-2.75411462e-04 -4.25282395e-04  1.40997291e+00]]","[[ 6.43573537e+02 -2.83930287e+01  3.37139465e+02]
 [ 7.36429115e+01 -3.88287030e+02  7.45671204e+02]
 [ 1.47922390e-01 -1.22662927e-01  1.00000000e+00]]",6
927,39.311454741000006,"[[ 1.60290535e-03  7.39143599e-05 -5.62915106e-01]
 [-1.23406048e-04 -3.20135814e-03  2.45497070e+00]
 [-3.88979703e-04 -1.06361525e-04  1.20333378e+00]]","[[ 7.01081754e+02  5.67534859e+00  3.16384949e+02]
 [ 1.57434517e+02 -3.33805134e+02  7.54656860e+02]
 [ 2.40541364e-01 -2.76701513e-02  1.00000000e+00]]",1,"[[ 1.64686660e-03  6.62440959e-05 -5.87159683e-01]
 [-2.59881385e-04 -3.34882201e-03  2.58433940e+00]
 [-5.13261721e-04 -1.49388629e-04  1.27908484e+00]]","[[ 7.08887710e+02 -5.42605296e-01  3.26508881e+02]
 [ 1.80803877e+02 -3.28331317e+02  7.46377625e+02]
 [ 3.05573921e-01 -3.85646536e-02  1.00000000e+00]]",6
928,39.350743741,"[[ 1.58570017e-03  8.29546088e-05 -5.57240861e-01]
 [-1.30979479e-04 -3.18278286e-03  2.44632252e+00]
 [-4.30378353e-04  1.75820209e-05  1.12093765e+00]]","[[ 7.16969701e+02  2.04096218e+01  3.11878448e+02]
 [ 1.79906894e+02 -3.05326457e+02  7.55776611e+02]
 [ 2.72455039e-01  1.26252477e-02  1.00000000e+00]]",1,"[[ 1.63425883e-03  7.41404572e-05 -5.82419333e-01]
 [-2.63217829e-04 -3.33600207e-03  2.57761988e+00]
 [-5.57018013e-04 -1.77291236e-05  1.19287617e+00]]","[[ 7.24128563e+02  1.43794546e+01  3.22482513e+02]
 [ 2.06501627e+02 -2.99141745e+02  7.47222778e+02]
 [ 3.41203685e-01  2.26854585e-03  1.00000000e+00]]",6
929,39.386448741,"[[ 1.58357970e-03  7.64937643e-05 -5.46111633e-01]
 [-1.30930730e-04 -3.09855816e-03  2.38729405e+00]
 [-2.65797885e-04  4.01688846e-04  7.77688030e-01]]","[[ 6.87931318e+02  5.69464399e+01  3.08271941e+02]
 [ 1.08788315e+02 -2.21854274e+02  7.57427055e+02]
 [ 1.78929894e-01  1.34054565e-01  1.00000000e+00]]",2,"[[ 1.63115025e-03  5.82474806e-05 -5.64442355e-01]
 [-2.62155384e-04 -3.27361481e-03  2.53396480e+00]
 [-3.92165310e-04  3.82920308e-04  8.38612291e-01]]","[[ 6.97832427e+02  4.97669460e+01  3.19311429e+02]
 [ 1.45344755e+02 -2.15334882e+02  7.48486223e+02]
 [ 2.59965438e-01  1.21597275e-01  1.00000000e+00]]",6
930,39.422276741000005,"[[ 1.43443377e-03  7.28772332e-05 -4.90696150e-01]
 [-1.33635379e-04 -3.15111282e-03  2.43299554e+00]
 [-2.51429147e-04  4.19093291e-04  7.58120906e-01]]","[[ 7.55727719e+02  5.78444560e+01  3.03510136e+02]
 [ 1.13165763e+02 -2.13753821e+02  7.59235224e+02]
 [ 1.88076813e-01  1.37348243e-01  1.00000000e+00]]",2,"[[ 1.48295519e-03  7.32734312e-05 -5.22021693e-01]
 [-2.00415942e-04 -3.31103333e-03  2.54588697e+00]
 [-3.37053643e-04  4.39000046e-04  7.76977701e-01]]","[[ 7.53814149e+02  5.84421459e+01  3.14964303e+02]
 [ 1.43477064e+02 -1.99425591e+02  7.49845399e+02]
 [ 2.45939320e-01  1.38029678e-01  1.00000000e+00]]",6
931,39.463198741,"[[ 1.41500410e-03  6.08692692e-05 -4.71831221e-01]
 [-1.44512277e-04 -3.09758011e-03  2.40364002e+00]
 [-2.84344938e-04  3.92095245e-04  7.86739101e-01]]","[[ 7.72569151e+02  5.32408448e+01  3.00672002e+02]
 [ 1.30254081e+02 -2.23825065e+02  7.61946145e+02]
 [ 2.14307540e-01  1.30792417e-01  1.00000000e+00]]",4,"[[ 1.47420338e-03  4.25632953e-05 -4.93084831e-01]
 [-2.10755372e-04 -3.31482431e-03  2.55865679e+00]
 [-3.56631201e-04  3.41277944e-04  8.54901083e-01]]","[[ 7.59993113e+02  4.19591380e+01  3.12763720e+02]
 [ 1.50135028e+02 -2.22325370e+02  7.51997669e+02]
 [ 2.57105164e-01  1.06256367e-01  1.00000000e+00]]",6
932,39.502425741,"[[ 1.41354769e-03  5.68534098e-05 -4.65987205e-01]
 [-1.55648228e-04 -3.09233294e-03  2.41071527e+00]
 [-2.83503876e-04  3.93366965e-04  7.83999565e-01]]","[[ 7.73141452e+02  5.22376838e+01  2.98908127e+02]
 [ 1.28697607e+02 -2.23760206e+02  7.64533055e+02]
 [ 2.15004215e-01  1.31160097e-01  1.00000000e+00]]",4,"[[ 1.47503915e-03  3.76773088e-05 -4.87582579e-01]
 [-2.21018898e-04 -3.31324204e-03  2.56795218e+00]
 [-3.54241104e-04  3.41887404e-04  8.52388334e-01]]","[[ 7.58812272e+02  4.07503159e+01  3.11288612e+02]
 [ 1.47838651e+02 -2.22303997e+02  7.54291865e+02]
 [ 2.56055035e-01  1.06099966e-01  1.00000000e+00]]",6
933,39.546623741000005,"[[ 1.41353126e-03  5.08217798e-05 -4.61702819e-01]
 [-1.63160562e-04 -3.09295636e-03  2.42013838e+00]
 [-2.81626915e-04  3.91781243e-04  7.83849580e-01]]","[[ 7.72871330e+02  5.05816663e+01  2.99065338e+02]
 [ 1.26883831e+02 -2.24114468e+02  7.66691294e+02]
 [ 2.14263894e-01  1.30189524e-01  1.00000000e+00]]",4,"[[ 1.47575819e-03  3.09495717e-05 -4.83139456e-01]
 [-2.28525299e-04 -3.31600175e-03  2.57900354e+00]
 [-3.52230209e-04  3.39521427e-04  8.52955999e-01]]","[[ 7.58006181e+02  3.89712690e+01  3.11523283e+02]
 [ 1.46009313e+02 -2.22771041e+02  7.56276015e+02]
 [ 2.54901056e-01  1.04767890e-01  1.00000000e+00]]",6
934,39.589432741,"[[ 1.41515654e-03  4.76691169e-05 -4.62485388e-01]
 [-1.68459300e-04 -3.09449243e-03  2.42678425e+00]
 [-2.78756101e-04  3.92572889e-04  7.82455255e-01]]","[[ 7.71875399e+02  5.00686615e+01  3.00944051e+02]
 [ 1.24605125e+02 -2.23825220e+02  7.67843994e+02]
 [ 2.12470147e-01  1.30134800e-01  1.00000000e+00]]",4,"[[ 1.47622887e-03  2.75235969e-05 -4.83285389e-01]
 [-2.34996556e-04 -3.31715607e-03  2.58610609e+00]
 [-3.50895201e-04  3.39740436e-04  8.52592840e-01]]","[[ 7.57970311e+02  3.83726256e+01  3.13256555e+02]
 [ 1.44588146e+02 -2.22688657e+02  7.57423475e+02]
 [ 2.54336765e-01  1.04529510e-01  1.00000000e+00]]",6
935,39.627606741,"[[ 1.45683604e-03  4.59580676e-05 -4.78343570e-01]
 [-1.66458660e-04 -3.08186333e-03  2.41860007e+00]
 [-1.99765236e-04  4.08945281e-04  7.46532610e-01]]","[[ 7.33980115e+02  5.12983966e+01  3.04105085e+02]
 [ 8.00704665e+01 -2.21328148e+02  7.68359557e+02]
 [ 1.52544270e-01  1.34968971e-01  1.00000000e+00]]",3,"[[ 1.51274509e-03  2.57564873e-05 -4.97683126e-01]
 [-2.36586512e-04 -3.27167926e-03  2.55515267e+00]
 [-2.79260125e-04  3.85455893e-04  7.96042772e-01]]","[[ 7.26118934e+02  4.29562758e+01  3.16085149e+02]
 [ 1.06252517e+02 -2.15496706e+02  7.58133971e+02]
 [ 2.03281044e-01  1.19416259e-01  1.00000000e+00]]",6
936,39.671381741000005,"[[ 1.41564337e-03  4.43861722e-05 -4.68223019e-01]
 [-1.67011229e-04 -3.09376299e-03  2.42806780e+00]
 [-2.77071707e-04  3.92000434e-04  7.83804013e-01]]","[[ 7.72303933e+02  4.99362074e+01  3.06660820e+02]
 [ 1.23928083e+02 -2.24107757e+02  7.68272170e+02]
 [ 2.11026869e-01  1.29734278e-01  1.00000000e+00]]",4,"[[ 1.47217156e-03  2.45424154e-05 -4.87371966e-01]
 [-2.36542056e-04 -3.31244946e-03  2.58640888e+00]
 [-3.53820009e-04  3.38335175e-04  8.56179023e-01]]","[[ 7.61929815e+02  3.81686857e+01  3.18418692e+02]
 [ 1.46303927e+02 -2.23377134e+02  7.58076311e+02]
 [ 2.57056343e-01  1.04045047e-01  1.00000000e+00]]",6
937,39.711464741,"[[ 1.41891492e-03  4.46299589e-05 -4.73747811e-01]
 [-1.65292001e-04 -3.09640531e-03  2.42772255e+00]
 [-2.73956507e-04  3.88751670e-04  7.86483939e-01]]","[[ 7.70390325e+02  4.99915787e+01  3.09739379e+02]
 [ 1.21995331e+02 -2.24836255e+02  7.67510990e+02]
 [ 2.08049454e-01  1.28548064e-01  1.00000000e+00]]",4,"[[ 1.47285411e-03  2.52317306e-05 -4.92142749e-01]
 [-2.36684374e-04 -3.31188634e-03  2.58482333e+00]
 [-3.53127987e-04  3.34991126e-04  8.59651067e-01]]","[[ 7.62108983e+02  3.82914040e+01  3.21165071e+02]
 [ 1.45589955e+02 -2.24212165e+02  7.57516508e+02]
 [ 2.56325708e-01  1.03100962e-01  1.00000000e+00]]",6
938,39.754121741000006,"[[ 1.43436602e-03  1.64424500e-05 -4.67614249e-01]
 [-1.79839354e-04 -3.12994778e-03  2.46193611e+00]
 [-2.90739450e-04  3.39281827e-04  8.31535789e-01]]","[[ 7.66282833e+02  3.84094967e+01  3.17199871e+02]
 [ 1.26208589e+02 -2.35543257e+02  7.68348631e+02]
 [ 2.16428891e-01  1.09535517e-01  1.00000000e+00]]",3,"[[ 1.48651741e-03 -1.07248058e-06 -4.86277469e-01]
 [-2.50735735e-04 -3.34310014e-03  2.61710510e+00]
 [-3.69479959e-04  2.87921715e-04  9.02748270e-01]]","[[ 7.58876566e+02  2.79770597e+01  3.27672376e+02]
 [ 1.49022065e+02 -2.33866676e+02  7.58262037e+02]
 [ 2.63066684e-01  8.60397742e-02  1.00000000e+00]]",6
939,39.792300741000005,"[[ 1.45890285e-03  4.46455655e-05 -4.92786448e-01]
 [-1.59486249e-04 -3.07526507e-03  2.41163477e+00]
 [-1.95296105e-04  4.10665810e-04  7.46025167e-01]]","[[ 7.33269301e+02  5.26136649e+01  3.14279251e+02]
 [ 7.85825564e+01 -2.21489620e+02  7.67905043e+02]
 [ 1.48699366e-01  1.35697108e-01  1.00000000e+00]]",3,"[[ 1.50574458e-03  2.54391837e-05 -5.09026131e-01]
 [-2.35182012e-04 -3.25745136e-03  2.54619143e+00]
 [-2.84519266e-04  3.85370425e-04  8.00363067e-01]]","[[ 7.32483942e+02  4.41984720e+01  3.25247012e+02]
 [ 1.09454932e+02 -2.16439021e+02  7.58169167e+02]
 [ 2.07687120e-01  1.19926216e-01  1.00000000e+00]]",6
940,39.830755741000004,"[[ 1.45797193e-03  4.55261833e-05 -4.95403134e-01]
 [-1.58476127e-04 -3.05709727e-03  2.40143885e+00]
 [-1.94738558e-04  4.23618345e-04  7.35662681e-01]]","[[ 7.34005547e+02  5.46868894e+01  3.15771662e+02]
 [ 7.88925692e+01 -2.19351243e+02  7.69159884e+02]
 [ 1.48871005e-01  1.40785797e-01  1.00000000e+00]]",3,"[[ 1.50309888e-03  2.61760025e-05 -5.10851884e-01]
 [-2.34913842e-04 -3.23691878e-03  2.53483656e+00]
 [-2.86828084e-04  3.99742349e-04  7.90127004e-01]]","[[ 7.34856448e+02  4.62810189e+01  3.26641136e+02]
 [ 1.11426546e+02 -2.14253275e+02  7.59396266e+02]
 [ 2.10390934e-01  1.25196080e-01  1.00000000e+00]]",6
941,39.871125741,"[[ 1.46212055e-03  4.76059415e-05 -5.00396077e-01]
 [-1.53338481e-04 -3.06078073e-03  2.40613396e+00]
 [-1.86505110e-04  4.23547295e-04  7.32924034e-01]]","[[ 7.30188447e+02  5.52454743e+01  3.17161687e+02]
 [ 7.52855971e+01 -2.18959728e+02  7.70228604e+02]
 [ 1.42302423e-01  1.40592147e-01  1.00000000e+00]]",3,"[[ 1.50657856e-03  2.78268103e-05 -5.15249852e-01]
 [-2.30472511e-04 -3.24329156e-03  2.54188712e+00]
 [-2.79964014e-04  3.96564744e-04  7.90254993e-01]]","[[ 7.31793537e+02  4.63784190e+01  3.27954657e+02]
 [ 1.08508204e+02 -2.14417989e+02  7.60431969e+02]
 [ 2.04801398e-01  1.24029464e-01  1.00000000e+00]]",6
946,40.062879741,"[[ 1.45775569e-03  1.67971690e-04 -6.22964364e-01]
 [ 2.56742044e-05 -3.12806317e-03  2.43871576e+00]
 [-2.20779897e-04  4.09760357e-04  7.53851973e-01]]","[[ 7.35580880e+02  8.36699753e+01  3.37192707e+02]
 [ 1.22204569e+02 -2.10635035e+02  7.82392421e+02]
 [ 1.49003899e-01  1.38996168e-01  1.00000000e+00]]",2,"[[ 1.47952438e-03  1.70970581e-04 -6.44817374e-01]
 [-5.63988852e-05 -3.32305439e-03  2.58692661e+00]
 [-3.54791565e-04  3.80990088e-04  8.28600480e-01]]","[[ 7.62004484e+02  7.89369121e+01  3.46547870e+02]
 [ 1.77523090e+02 -2.03215751e+02  7.72596953e+02]
 [ 2.44651350e-01  1.27237842e-01  1.00000000e+00]]",6
947,40.101076741,"[[ 1.45307807e-03  1.72079431e-04 -6.23074273e-01]
 [ 8.12579425e-05 -3.13151364e-03  2.41320327e+00]
 [-2.23881864e-04  4.01561944e-04  7.62379251e-01]]","[[ 7.35367835e+02  8.35596513e+01  3.36502278e+02]
 [ 1.31941289e+02 -2.12146006e+02  7.79350512e+02]
 [ 1.46453252e-01  1.36280274e-01  1.00000000e+00]]",2,"[[ 1.47326369e-03  1.75817506e-04 -6.44783468e-01]
 [ 5.32593025e-07 -3.32605054e-03  2.56018192e+00]
 [-3.59480161e-04  3.72192859e-04  8.37793858e-01]]","[[ 7.63110326e+02  7.90333495e+01  3.45790515e+02]
 [ 1.87905127e+02 -2.04582585e+02  7.69791696e+02]
 [ 2.43957477e-01  1.24798120e-01  1.00000000e+00]]",6
948,40.145013741,"[[ 1.41328386e-03  1.67934729e-04 -6.02928248e-01]
 [ 1.20380399e-04 -3.04454185e-03  2.31990387e+00]
 [-2.88794326e-04  4.09621775e-04  7.79057112e-01]]","[[ 7.68480535e+02  8.73934116e+01  3.34499621e+02]
 [ 1.76672476e+02 -2.14411924e+02  7.75213867e+02]
 [ 1.91980694e-01  1.45132510e-01  1.00000000e+00]]",4,"[[ 1.44567869e-03  1.47748436e-04 -6.10712656e-01]
 [ 4.49730454e-05 -3.27682368e-03  2.49385527e+00]
 [-4.01023184e-04  3.20567259e-04  8.92538226e-01]]","[[ 7.85040862e+02  6.90670269e+01  3.44177103e+02]
 [ 2.19279196e+02 -2.20371048e+02  7.65782419e+02]
 [ 2.73966815e-01  1.10181524e-01  1.00000000e+00]]",6
949,40.191317741000006,"[[ 1.41252544e-03  2.03955355e-04 -6.27145692e-01]
 [ 1.44321976e-04 -3.01026704e-03  2.27310206e+00]
 [-2.77191830e-04  4.47552795e-04  7.47116821e-01]]","[[ 7.62897031e+02  1.01146296e+02  3.32654446e+02]
 [ 1.72348074e+02 -2.05880875e+02  7.71064949e+02]
 [ 1.79803155e-01  1.60857693e-01  1.00000000e+00]]",3,"[[ 1.43495624e-03  1.98365481e-04 -6.42029441e-01]
 [ 6.73902980e-05 -3.19420410e-03  2.41112112e+00]
 [-4.04165216e-04  3.85238307e-04  8.44680427e-01]]","[[ 7.88994583e+02  9.02540361e+01  3.42075333e+02]
 [ 2.24371224e+02 -2.07224695e+02  7.62059532e+02]
 [ 2.75190200e-01  1.37695191e-01  1.00000000e+00]]",6
950,40.234427741000005,"[[ 1.41408086e-03  1.91583966e-04 -6.17218034e-01]
 [ 1.63811124e-04 -3.11786171e-03  2.33347189e+00]
 [-2.63077523e-04  3.49155398e-04  8.20110875e-01]]","[[ 7.59350172e+02  8.39190509e+01  3.32713395e+02]
 [ 1.68508573e+02 -2.24608396e+02  7.65901208e+02]
 [ 1.71845404e-01  1.22544955e-01  1.00000000e+00]]",2,"[[ 1.42892159e-03  1.98504303e-04 -6.38673710e-01]
 [ 8.66115364e-05 -3.29216098e-03  2.46362455e+00]
 [-3.99293772e-04  3.22778982e-04  8.92013441e-01]]","[[ 7.90407983e+02  8.11658206e+01  3.41755714e+02]
 [ 2.24713274e+02 -2.15951154e+02  7.57321575e+02]
 [ 2.72498431e-01  1.14475293e-01  1.00000000e+00]]",6
951,40.271781741000005,"[[ 1.39624230e-03  1.82541240e-04 -6.02030992e-01]
 [ 1.46299485e-04 -3.01663698e-03  2.25059179e+00]
 [-2.87067362e-04  3.88519433e-04  7.99068422e-01]]","[[ 7.74984679e+02  8.95951818e+01  3.31539336e+02]
 [ 1.80003683e+02 -2.22445129e+02  7.62138713e+02]
 [ 1.90894640e-01  1.40343561e-01  1.00000000e+00]]",4,"[[ 1.42524223e-03  1.65969591e-04 -6.10975177e-01]
 [ 7.17396035e-05 -3.22864515e-03  2.40873577e+00]
 [-3.96304672e-04  3.08704744e-04  9.02460722e-01]]","[[ 7.92740271e+02  7.33480839e+01  3.40921734e+02]
 [ 2.20945842e+02 -2.26312128e+02  7.53626753e+02]
 [ 2.72543322e-01  1.09624512e-01  1.00000000e+00]]",6
952,40.310932741,"[[ 8.83273145e-04  2.44489742e-04 -4.21173698e-01]
 [ 5.84463726e-05 -2.29769439e-03  1.73929755e+00]
 [-8.10647954e-04  4.70282349e-04  8.56005815e-01]]","[[ 1.36257275e+03  1.99314476e+02  2.65433507e+02]
 [ 7.14356494e+02 -2.02890277e+02  7.63726972e+02]
 [ 8.97911615e-01  3.00219443e-01  1.00000000e+00]]",1,"[[ 9.37541900e-04  2.52295420e-04 -4.57290151e-01]
 [ 4.68622670e-05 -2.48540839e-03  1.85045879e+00]
 [-8.96414637e-04  4.37519976e-04  9.28223093e-01]]","[[ 1.33075546e+03  1.85422907e+02  2.85948410e+02]
 [ 7.26848290e+02 -1.96552913e+02  7.49920610e+02]
 [ 9.42551455e-01  2.71714457e-01  1.00000000e+00]]",6
955,40.424049741000005,"[[ 1.44888557e-03  1.90204135e-04 -5.95594701e-01]
 [-3.04176761e-05 -3.13054151e-03  2.41523177e+00]
 [-1.29441619e-04  4.62508275e-04  6.84717018e-01]]","[[ 7.19777466e+02  8.95590539e+01  3.10186203e+02]
 [ 6.44157422e+01 -2.01982267e+02  7.68492167e+02]
 [ 9.25584514e-02  1.53364290e-01  1.00000000e+00]]",2,"[[ 1.48698518e-03  1.90758434e-04 -6.22635235e-01]
 [-1.01394991e-04 -3.31808323e-03  2.55000177e+00]
 [-2.30593702e-04  4.50619200e-04  7.32228713e-01]]","[[ 7.28172499e+02  8.55105829e+01  3.21393729e+02]
 [ 1.04539569e+02 -1.92332589e+02  7.58695272e+02]
 [ 1.64981860e-01  1.45291980e-01  1.00000000e+00]]",6
956,40.464664741,"[[ 1.38820387e-03  1.21462915e-04 -5.21811831e-01]
 [-7.44281724e-05 -2.95789233e-03  2.30640349e+00]
 [-2.27944365e-04  4.30335396e-04  7.38071959e-01]]","[[ 7.75097268e+02  7.66886687e+01  3.08343799e+02]
 [ 1.14909653e+02 -2.21045729e+02  7.71986863e+02]
 [ 1.72380703e-01  1.52565817e-01  1.00000000e+00]]",3,"[[ 1.43013738e-03  1.15122072e-04 -5.45205961e-01]
 [-1.43232920e-04 -3.13782954e-03  2.43615623e+00]
 [-3.24152309e-04  3.90534738e-04  8.06196497e-01]]","[[ 7.78591187e+02  6.83807373e+01  3.19905132e+02]
 [ 1.50795359e+02 -2.18347946e+02  7.61779838e+02]
 [ 2.40005142e-01  1.33265565e-01  1.00000000e+00]]",6
957,40.503735741,"[[ 1.53567900e-03  4.48451020e-05 -5.61772478e-01]
 [-1.61586337e-04 -3.00325707e-03  2.39721106e+00]
 [-2.49264587e-04  3.63138963e-04  8.02352165e-01]]","[[ 7.12342755e+02  5.21159295e+01  3.43043471e+02]
 [ 1.01609504e+02 -2.37171467e+02  7.79746744e+02]
 [ 1.75313857e-01  1.23532858e-01  1.00000000e+00]]",2,"[[ 1.60645152e-03  3.44723250e-05 -5.94971409e-01]
 [-2.09498462e-04 -3.22981687e-03  2.54813763e+00]
 [-3.22392095e-04  3.19948485e-04  8.69027514e-01]]","[[ 6.99063341e+02  4.25215004e+01  3.53926729e+02]
 [ 1.23412415e+02 -2.32418756e+02  7.65984767e+02]
 [ 2.13902180e-01  1.01343885e-01  1.00000000e+00]]",6
958,40.549499741000005,"[[ 1.58612992e-03  7.23441793e-05 -6.20423865e-01]
 [-2.03409523e-04 -2.85755729e-03  2.32112139e+00]
 [-2.71260137e-04  4.77095216e-04  7.20900817e-01]]","[[ 7.01105013e+02  7.70637777e+01  3.55260936e+02]
 [ 1.06909526e+02 -2.15848132e+02  7.86986121e+02]
 [ 1.93058206e-01  1.71846722e-01  1.00000000e+00]]",2,"[[ 1.66924724e-03  6.44465241e-05 -6.61378432e-01]
 [-2.51593523e-04 -3.08863102e-03  2.47659410e+00]
 [-3.42306225e-04  4.41341496e-04  7.84710347e-01]]","[[ 6.84253706e+02  6.66343613e+01  3.66408290e+02]
 [ 1.26535415e+02 -2.10815645e+02  7.71995144e+02]
 [ 2.27318238e-01  1.47635429e-01  1.00000000e+00]]",6
959,40.605822741000004,"[[ 1.40192059e-03  6.46454597e-05 -4.83624249e-01]
 [-2.54341125e-04 -3.01352158e-03  2.47364429e+00]
 [-1.66811098e-04  4.36787590e-04  7.04261308e-01]]","[[ 7.61063157e+02  6.10150974e+01  3.08321568e+02]
 [ 5.54879741e+01 -2.15443223e+02  7.94826043e+02]
 [ 1.45851151e-01  1.48071349e-01  1.00000000e+00]]",2,"[[ 1.45409988e-03  5.42961812e-05 -5.09120772e-01]
 [-3.26627915e-04 -3.21617374e-03  2.62148451e+00]
 [-2.54410771e-04  4.23476485e-04  7.50270964e-01]]","[[ 7.56216357e+02  5.50210019e+01  3.20909062e+02]
 [ 9.05523111e+01 -2.06366835e+02  7.82503326e+02]
 [ 2.05316238e-01  1.35137094e-01  1.00000000e+00]]",6
960,40.622254741,"[[ 1.37525575e-03  2.40132067e-05 -4.38750134e-01]
 [-2.74340513e-04 -2.93937665e-03  2.42316970e+00]
 [-2.08988650e-04  3.97681850e-04  7.47253431e-01]]","[[ 7.83018125e+02  4.76799123e+01  3.05134481e+02]
 [ 7.46847129e+01 -2.31916644e+02  7.95903087e+02]
 [ 1.79244605e-01  1.36758958e-01  1.00000000e+00]]",3,"[[ 1.43239635e-03  1.00061390e-05 -4.63492772e-01]
 [-3.44975154e-04 -3.14162731e-03  2.57050358e+00]
 [-2.91751698e-04  3.57008591e-04  8.13171596e-01]]","[[ 7.72221492e+02  3.86086087e+01  3.18106922e+02]
 [ 1.04395412e+02 -2.28963749e+02  7.83277057e+02]
 [ 2.31226562e-01  1.14374571e-01  1.00000000e+00]]",6
961,40.661179741000005,"[[ 1.39155536e-03  3.30480645e-05 -4.49380922e-01]
 [-2.92546787e-04 -2.92666824e-03  2.41409260e+00]
 [-1.81091011e-04  4.29414947e-04  7.13908057e-01]]","[[ 7.69395968e+02  5.33021613e+01  3.04066489e+02]
 [ 5.61953277e+01 -2.24482978e+02  7.94466176e+02]
 [ 1.61364729e-01  1.48546983e-01  1.00000000e+00]]",4,"[[ 1.46464559e-03  1.21557607e-05 -4.74157939e-01]
 [-3.47660229e-04 -3.15881585e-03  2.57746165e+00]
 [-2.35714190e-04  3.77541173e-04  7.79905925e-01]]","[[ 7.43496203e+02  4.07791995e+01  3.17253398e+02]
 [ 7.27777476e+01 -2.22944344e+02  7.81041179e+02]
 [ 1.89479275e-01  1.20248997e-01  1.00000000e+00]]",6
962,40.699580741000005,"[[ 1.37526181e-03  4.04618599e-06 -4.17029474e-01]
 [-3.13707722e-04 -2.94965316e-03  2.43323591e+00]
 [-1.91500381e-04  3.89358556e-04  7.48892808e-01]]","[[ 7.78337958e+02  4.07873971e+01  3.00903558e+02]
 [ 5.69707574e+01 -2.34278103e+02  7.92920390e+02]
 [ 1.69410044e-01  1.32233859e-01  1.00000000e+00]]",4,"[[ 1.44947301e-03 -1.69859149e-05 -4.42354513e-01]
 [-3.67651984e-04 -3.17829396e-03  2.59306790e+00]
 [-2.43473014e-04  3.39893261e-04  8.11578094e-01]]","[[ 7.50211983e+02  2.96043948e+01  3.14317812e+02]
 [ 7.21779355e+01 -2.31657677e+02  7.79508869e+02]
 [ 1.94834706e-01  1.05900782e-01  1.00000000e+00]]",6
963,40.745096741000005,"[[ 1.37288854e-03 -1.90149075e-05 -3.94788648e-01]
 [-3.37219160e-04 -2.97023587e-03  2.45393736e+00]
 [-1.90143366e-04  3.59762262e-04  7.71730894e-01]]","[[ 7.77397086e+02  3.11824097e+01  2.98533941e+02]
 [ 5.05256128e+01 -2.41033849e+02  7.92282530e+02]
 [ 1.67985617e-01  1.20047042e-01  1.00000000e+00]]",5,"[[ 1.45073492e-03 -4.53624216e-05 -4.17678308e-01]
 [-3.92960379e-04 -3.21184070e-03  2.62413251e+00]
 [-2.37968891e-04  3.02239009e-04  8.38920311e-01]]","[[ 7.45633707e+02  1.88532236e+01  3.12260491e+02]
 [ 6.30269575e+01 -2.38950544e+02  7.78814000e+02]
 [ 1.88800318e-01  9.14349736e-02  1.00000000e+00]]",6
964,40.793073741,"[[ 1.37103181e-03  1.12683503e-06 -4.06033969e-01]
 [-3.50443042e-04 -2.90801078e-03  2.40613661e+00]
 [-1.85589594e-04  4.11939416e-04  7.28665896e-01]]","[[ 7.80155043e+02  4.21620702e+01  2.95501339e+02]
 [ 4.79604084e+01 -2.31694423e+02  7.91805943e+02]
 [ 1.71590129e-01  1.41723260e-01  1.00000000e+00]]",3,"[[ 1.43620835e-03 -1.26783349e-05 -4.34280355e-01]
 [-4.21327983e-04 -3.10403370e-03  2.54848311e+00]
 [-2.55117924e-04  3.81718157e-04  7.81521042e-01]]","[[ 7.61456399e+02  3.49206836e+01  3.09256911e+02]
 [ 7.18932679e+01 -2.26652033e+02  7.79045832e+02]
 [ 2.13453255e-01  1.22103032e-01  1.00000000e+00]]",6
965,40.826591741,"[[ 1.36455536e-03 -3.95870947e-05 -3.68703815e-01]
 [-3.77609710e-04 -2.96188256e-03  2.44966617e+00]
 [-1.89659200e-04  3.53298695e-04  7.76592786e-01]]","[[ 7.80367685e+02  2.45327355e+01  2.93110539e+02]
 [ 4.22404722e+01 -2.43991393e+02  7.89695317e+02]
 [ 1.71364465e-01  1.16991429e-01  1.00000000e+00]]",4,"[[ 1.47924084e-03 -9.16581700e-05 -3.90373922e-01]
 [-4.21155654e-04 -3.28819528e-03  2.67054224e+00]
 [-2.15463999e-04  2.57807021e-04  8.68084593e-01]]","[[ 7.22655498e+02  4.29852367e+00  3.11751268e+02]
 [ 4.27947364e+01 -2.44765240e+02  7.72231031e+02]
 [ 1.66658251e-01  7.37582201e-02  1.00000000e+00]]",6
966,40.872664741,"[[ 1.36463048e-03 -3.40853808e-05 -3.69039679e-01]
 [-3.89245851e-04 -2.94192971e-03  2.42952241e+00]
 [-1.83987357e-04  3.68797850e-04  7.62967532e-01]]","[[ 7.79708572e+02  2.73330033e+01  2.90100493e+02]
 [ 3.72449467e+01 -2.41631272e+02  7.87443015e+02]
 [ 1.70021211e-01  1.23389288e-01  1.00000000e+00]]",4,"[[ 1.44856073e-03 -5.57578885e-05 -3.97731325e-01]
 [-4.38839926e-04 -3.16508445e-03  2.58265791e+00]
 [-2.19998138e-04  3.28449581e-04  8.12808044e-01]]","[[ 7.42171158e+02  1.85092072e+01  3.04354478e+02]
 [ 4.58828804e+01 -2.36457816e+02  7.73785046e+02]
 [ 1.82338329e-01  1.00560597e-01  1.00000000e+00]]",6
967,40.911198741,"[[ 1.36000949e-03 -5.36220688e-05 -3.50397047e-01]
 [-4.03342736e-04 -2.95800264e-03  2.44202575e+00]
 [-1.87355256e-04  3.43317456e-04  7.84159683e-01]]","[[ 7.80790072e+02  1.93468635e+01  2.88641461e+02]
 [ 3.49214634e+01 -2.47448647e+02  7.86207653e+02]
 [ 1.71261005e-01  1.12959361e-01  1.00000000e+00]]",5,"[[ 1.44746275e-03 -7.83534213e-05 -3.78206665e-01]
 [-4.55305421e-04 -3.19237626e-03  2.60451783e+00]
 [-2.19434821e-04  2.97593807e-04  8.36585156e-01]]","[[ 7.39990946e+02  1.00939430e+01  3.03112781e+02]
 [ 4.09361777e+01 -2.42226819e+02  7.72624758e+02]
 [ 1.79536329e-01  8.88136291e-02  1.00000000e+00]]",6
968,40.953469741,"[[ 1.36035787e-03 -5.86387586e-05 -3.45783113e-01]
 [-4.11498434e-04 -2.95831723e-03  2.44060992e+00]
 [-1.85807980e-04  3.40837256e-04  7.85981019e-01]]","[[ 7.79802909e+02  1.77267675e+01  2.88020381e+02]
 [ 3.21242051e+01 -2.48231748e+02  7.84936099e+02]
 [ 1.70416936e-01  1.11835274e-01  1.00000000e+00]]",5,"[[ 1.44870902e-03 -8.30216268e-05 -3.74190760e-01]
 [-4.63234093e-04 -3.19103400e-03  2.60172807e+00]
 [-2.16175571e-04  2.96728464e-04  8.36493432e-01]]","[[ 7.38261337e+02  8.92147331e+00  3.02500072e+02]
 [ 3.75295178e+01 -2.42622319e+02  7.71411310e+02]
 [ 1.77476576e-01  8.83707508e-02  1.00000000e+00]]",6
969,40.990341741,"[[ 1.35919192e-03 -6.52664888e-05 -3.40281904e-01]
 [-4.17223393e-04 -2.96124657e-03  2.44020194e+00]
 [-1.88718713e-04  3.32466805e-04  7.93868557e-01]]","[[ 7.80361010e+02  1.51326284e+01  2.87977222e+02]
 [ 3.19069567e+01 -2.50436532e+02  7.83471100e+02]
 [ 1.72145275e-01  1.08478467e-01  1.00000000e+00]]",5,"[[ 1.45513790e-03 -9.49926076e-05 -3.68594346e-01]
 [-4.50305975e-04 -3.23857407e-03  2.61765601e+00]
 [-2.16079162e-04  2.86166694e-04  8.46308286e-01]]","[[ 7.33893360e+02  5.27540712e+00  3.03317061e+02]
 [ 3.88033127e+01 -2.42221978e+02  7.66099670e+02]
 [ 1.74256650e-01  8.32507131e-02  1.00000000e+00]]",6
970,41.029835741,"[[ 1.36215363e-03 -6.77252842e-05 -3.38960530e-01]
 [-4.18507789e-04 -2.96736376e-03  2.43987901e+00]
 [-1.87965890e-04  3.27549249e-04  7.98046341e-01]]","[[ 7.78133381e+02  1.39983951e+01  2.87705238e+02]
 [ 3.06178721e+01 -2.51415476e+02  7.81660867e+02]
 [ 1.70708975e-01  1.06487765e-01  1.00000000e+00]]",5,"[[ 1.45880545e-03 -9.71431376e-05 -3.67809655e-01]
 [-4.50469949e-04 -3.24420129e-03  2.61607250e+00]
 [-2.14034522e-04  2.82584101e-04  8.48876949e-01]]","[[ 7.31340464e+02  4.49596067e+00  3.03026634e+02]
 [ 3.71693286e+01 -2.42780723e+02  7.64307726e+02]
 [ 1.72025693e-01  8.19532949e-02  1.00000000e+00]]",6
971,41.071090741,"[[ 1.37752456e-03 -8.90525557e-05 -3.31685412e-01]
 [-4.22403382e-04 -3.01045041e-03  2.46716033e+00]
 [-1.95914148e-04  2.88802054e-04  8.32149650e-01]]","[[ 7.68933087e+02  5.18244285e+00  2.91123081e+02]
 [ 3.15082077e+01 -2.58406650e+02  7.78683799e+02]
 [ 1.70095890e-01  9.09015406e-02  1.00000000e+00]]",4,"[[ 1.46520441e-03 -1.10889026e-04 -3.61760325e-01]
 [-4.58987403e-04 -3.27258721e-03  2.63424021e+00]
 [-2.24943228e-04  2.53844225e-04  8.75029112e-01]]","[[ 7.28923720e+02 -1.07314432e+00  3.04587125e+02]
 [ 3.93996830e+01 -2.47780500e+02  7.62222180e+02]
 [ 1.75954229e-01  7.16047633e-02  1.00000000e+00]]",6
972,41.111935741,"[[ 1.36239294e-03 -6.79599196e-05 -3.37742825e-01]
 [-4.10995340e-04 -2.97461143e-03  2.42796104e+00]
 [-1.90649113e-04  3.24383489e-04  8.02724793e-01]]","[[ 7.78181259e+02  1.34799174e+01  2.86644220e+02]
 [ 3.25871319e+01 -2.52231582e+02  7.76622984e+02]
 [ 1.71651406e-01  1.05129050e-01  1.00000000e+00]]",4,"[[ 1.49600114e-03 -1.28952483e-04 -3.61990933e-01]
 [-4.48565956e-04 -3.32206856e-03  2.65757374e+00]
 [-1.98879612e-04  2.21302313e-04  8.93273649e-01]]","[[ 7.07216096e+02 -6.97748263e+00  3.07351492e+02]
 [ 2.54283374e+01 -2.51477877e+02  7.58475112e+02]
 [ 1.51155822e-01  6.07484134e-02  1.00000000e+00]]",6
973,41.149106741000004,"[[ 1.36066487e-03 -6.53537165e-05 -3.38943658e-01]
 [-4.06942353e-04 -2.97008711e-03  2.41797871e+00]
 [-1.93104876e-04  3.26267060e-04  8.02471662e-01]]","[[ 7.79843799e+02  1.42928320e+01  2.86319577e+02]
 [ 3.45053151e+01 -2.52328292e+02  7.74880689e+02]
 [ 1.73630670e-01  1.06030443e-01  1.00000000e+00]]",5,"[[ 1.45871321e-03 -9.38446142e-05 -3.69117704e-01]
 [-4.35095860e-04 -3.24589774e-03  2.59056701e+00]
 [-2.16764501e-04  2.84353736e-04  8.49975300e-01]]","[[ 7.31954623e+02  5.27557782e+00  3.01786031e+02]
 [ 4.01456589e+01 -2.42868482e+02  7.57652075e+02]
 [ 1.73235870e-01  8.25954803e-02  1.00000000e+00]]",6
974,41.186491741000005,"[[ 1.37663970e-03 -8.55963631e-05 -3.34179621e-01]
 [-4.10293071e-04 -3.01232711e-03  2.44720330e+00]
 [-2.02712155e-04  2.84270367e-04  8.39268092e-01]]","[[ 7.70877741e+02  5.53778559e+00  2.90800457e+02]
 [ 3.62820798e+01 -2.60072990e+02  7.72787883e+02]
 [ 1.73904345e-01  8.94274687e-02  1.00000000e+00]]",4,"[[ 1.46249557e-03 -1.04493882e-04 -3.65457008e-01]
 [-4.44643995e-04 -3.26857734e-03  2.60819703e+00]
 [-2.31152345e-04  2.54780195e-04  8.77487515e-01]]","[[ 7.31891701e+02  2.94014151e-01  3.03945184e+02]
 [ 4.40714013e+01 -2.48375663e+02  7.56613466e+02]
 [ 1.80002518e-01  7.21938044e-02  1.00000000e+00]]",6
975,41.232408741,"[[ 1.37395679e-03 -8.96078470e-05 -3.32272743e-01]
 [-4.15439064e-04 -3.00843686e-03  2.44428228e+00]
 [-2.17499481e-04  2.76109358e-04  8.50360611e-01]]","[[ 7.75206572e+02  3.72711336e+00  2.92193563e+02]
 [ 4.27644249e+01 -2.62807806e+02  7.72126446e+02]
 [ 1.84391618e-01  8.62861459e-02  1.00000000e+00]]",3,"[[ 1.44338141e-03 -9.89805727e-05 -3.63403075e-01]
 [-4.86063579e-04 -3.20029770e-03  2.58181729e+00]
 [-2.58789998e-04  2.61776464e-04  8.79551437e-01]]","[[ 7.47892740e+02  1.72942844e+00  3.03929301e+02]
 [ 5.15560226e+01 -2.51851763e+02  7.60581844e+02]
 [ 2.04707763e-01  7.54662205e-02  1.00000000e+00]]",6
976,41.261786741,"[[ 1.37882978e-03 -8.08825751e-05 -3.39449434e-01]
 [-3.98422201e-04 -3.01499977e-03  2.43733399e+00]
 [-2.00920944e-04  2.85832984e-04  8.38474826e-01]]","[[ 7.69722214e+02  6.97184878e+00  2.91349291e+02]
 [ 3.71519967e+01 -2.59682143e+02  7.69901870e+02]
 [ 1.71781004e-01  9.01953283e-02  1.00000000e+00]]",4,"[[ 1.46272693e-03 -9.84250599e-05 -3.70868177e-01]
 [-4.32511866e-04 -3.26771715e-03  2.59541499e+00]
 [-2.30651867e-04  2.58247825e-04  8.75467838e-01]]","[[ 7.32224556e+02  1.99237505e+00  3.04280448e+02]
 [ 4.56182526e+01 -2.47810605e+02  7.53985112e+02]
 [ 1.79456217e-01  7.36247432e-02  1.00000000e+00]]",6
977,41.301614741,"[[ 1.38070306e-03 -8.17526903e-05 -3.40128385e-01]
 [-3.96653131e-04 -3.01968621e-03  2.43866808e+00]
 [-2.02376785e-04  2.81437730e-04  8.42576750e-01]]","[[ 7.68888115e+02  6.38835061e+00  2.91892229e+02]
 [ 3.79176140e+01 -2.60492101e+02  7.69248177e+02]
 [ 1.72012410e-01  8.85440517e-02  1.00000000e+00]]",4,"[[ 1.46423488e-03 -9.90655739e-05 -3.71577040e-01]
 [-4.30618565e-04 -3.27162357e-03  2.59607192e+00]
 [-2.32347366e-04  2.54130786e-04  8.79343491e-01]]","[[ 7.31752664e+02  1.51383599e+00  3.04741509e+02]
 [ 4.64566315e+01 -2.48543220e+02  7.53401030e+02]
 [ 1.79923710e-01  7.22291349e-02  1.00000000e+00]]",6
978,41.341467741,"[[ 1.36925707e-03 -6.27784495e-05 -3.45965815e-01]
 [-3.88367634e-04 -2.98983787e-03  2.41081426e+00]
 [-1.95930491e-04  3.12116047e-04  8.16415224e-01]]","[[ 7.75429480e+02  1.37748726e+01  2.87921422e+02]
 [ 3.77061216e+01 -2.54986994e+02  7.68936311e+02]
 [ 1.71679299e-01  1.00787501e-01  1.00000000e+00]]",5,"[[ 1.44237516e-03 -8.20484326e-05 -3.72594160e-01]
 [-4.45372711e-04 -3.22002994e-03  2.57020911e+00]
 [-2.44840666e-04  2.68235390e-04  8.70860046e-01]]","[[ 7.46334455e+02  6.08631387e+00  3.01353543e+02]
 [ 5.15771609e+01 -2.48851186e+02  7.56512986e+02]
 [ 1.93944143e-01  7.83603203e-02  1.00000000e+00]]",6
979,41.386471741,"[[ 1.36237672e-03 -5.90533655e-05 -3.45252153e-01]
 [-3.85519235e-04 -2.97624301e-03  2.39907162e+00]
 [-1.98566639e-04  3.21529192e-04  8.09705134e-01]]","[[ 7.80190581e+02  1.54978202e+01  2.86748951e+02]
 [ 4.02740558e+01 -2.53724133e+02  7.68930623e+02]
 [ 1.75336096e-01  1.04552956e-01  1.00000000e+00]]",4,"[[ 1.50029978e-03 -1.22488048e-04 -3.70279843e-01]
 [-4.18944114e-04 -3.33102277e-03  2.63048506e+00]
 [-2.04328616e-04  2.13157887e-04  9.02887116e-01]]","[[ 7.06744573e+02 -6.27169000e+00  3.08112555e+02]
 [ 3.15367224e+01 -2.53313722e+02  7.50941465e+02]
 [ 1.52495076e-01  5.83841889e-02  1.00000000e+00]]",6
980,41.425999741000005,"[[ 1.36466800e-03 -5.80288111e-05 -3.47720844e-01]
 [-3.81793442e-04 -2.97826211e-03  2.40073502e+00]
 [-1.97972092e-04  3.21899564e-04  8.09304927e-01]]","[[ 7.78936109e+02  1.58982700e+01  2.87511888e+02]
 [ 4.06928824e+01 -2.53418581e+02  7.69228762e+02]
 [ 1.74357754e-01  1.04685813e-01  1.00000000e+00]]",4,"[[ 1.50157212e-03 -1.20972235e-04 -3.72658250e-01]
 [-4.15270242e-04 -3.33155494e-03  2.63127808e+00]
 [-2.04644052e-04  2.13977409e-04  9.02408720e-01]]","[[ 7.06430877e+02 -5.82368521e+00  3.08708264e+02]
 [ 3.24041562e+01 -2.53081047e+02  7.51325062e+02]
 [ 1.52517498e-01  5.86894200e-02  1.00000000e+00]]",6
981,41.466908741000005,"[[ 1.38341678e-03 -7.80906231e-05 -3.45503502e-01]
 [-3.85722151e-04 -3.02121942e-03  2.43850448e+00]
 [-2.06108224e-04  2.81078528e-04  8.44085343e-01]]","[[ 7.68595766e+02  7.41104259e+00  2.93193893e+02]
 [ 4.20486689e+01 -2.60470746e+02  7.69693548e+02]
 [ 1.73673115e-01  8.85457986e-02  1.00000000e+00]]",4,"[[ 1.46636395e-03 -9.56334979e-05 -3.76544898e-01]
 [-4.19474165e-04 -3.27341433e-03  2.59620320e+00]
 [-2.37113221e-04  2.52321589e-04  8.82318446e-01]]","[[ 7.32060933e+02  2.19647036e+00  3.05956798e+02]
 [ 5.07185093e+01 -2.48860165e+02  7.53910740e+02]
 [ 1.82228935e-01  7.17582238e-02  1.00000000e+00]]",6
982,41.508799741000004,"[[ 1.38163025e-03 -7.26332384e-05 -3.48664776e-01]
 [-3.82362446e-04 -3.01867750e-03  2.43964373e+00]
 [-2.06837265e-04  2.86417190e-04  8.39729831e-01]]","[[ 7.70192642e+02  9.25844497e+00  2.92893891e+02]
 [ 4.37131037e+01 -2.59161002e+02  7.71083399e+02]
 [ 1.74799500e-01  9.06757798e-02  1.00000000e+00]]",4,"[[ 1.46461006e-03 -9.06805730e-05 -3.79336259e-01]
 [-4.16449830e-04 -3.27230250e-03  2.59880416e+00]
 [-2.38450275e-04  2.55946080e-04  8.79601258e-01]]","[[ 7.33576311e+02  3.58704097e+00  3.05763633e+02]
 [ 5.24542880e+01 -2.47974758e+02  7.55269096e+02]
 [ 1.83601379e-01  7.31280198e-02  1.00000000e+00]]",6
983,41.542422741,"[[ 1.36828596e-03 -4.56154063e-05 -3.59508323e-01]
 [-3.67515597e-04 -2.97958823e-03  2.40773364e+00]
 [-1.96814178e-04  3.33093627e-04  7.99468217e-01]]","[[ 7.77803011e+02  2.03439441e+01  2.88496594e+02]
 [ 4.39845083e+01 -2.49931974e+02  7.72491522e+02]
 [ 1.73154727e-01  1.09140955e-01  1.00000000e+00]]",5,"[[ 1.44192576e-03 -6.66400730e-05 -3.84978108e-01]
 [-4.23888344e-04 -3.21555247e-03  2.57138926e+00]
 [-2.46759552e-04  2.84049100e-04  8.58713492e-01]]","[[ 7.48502021e+02  1.11746600e+01  3.02105991e+02]
 [ 5.79905121e+01 -2.45068445e+02  7.59847670e+02]
 [ 1.95906868e-01  8.42759850e-02  1.00000000e+00]]",6
984,41.584842741,"[[ 1.37503841e-03 -4.36227844e-05 -3.65739189e-01]
 [-3.57442627e-04 -2.98544483e-03  2.41444047e+00]
 [-1.88427357e-04  3.36708999e-04  7.94148873e-01]]","[[ 7.72649342e+02  2.14781034e+01  2.90538147e+02]
 [ 4.15182439e+01 -2.48276127e+02  7.73951581e+02]
 [ 1.65722967e-01  1.10362013e-01  1.00000000e+00]]",4,"[[ 1.44627024e-03 -6.27999293e-05 -3.91903652e-01]
 [-4.31805371e-04 -3.19424098e-03  2.56674613e+00]
 [-2.40399063e-04  3.01695067e-04  8.43074409e-01]]","[[ 7.46173264e+02  1.40504520e+01  3.04082393e+02]
 [ 5.44453001e+01 -2.42120883e+02  7.62447710e+02]
 [ 1.93284807e-01  9.06496398e-02  1.00000000e+00]]",6
985,41.629528741,"[[ 1.37400770e-03 -4.04298840e-05 -3.72086233e-01]
 [-3.55570616e-04 -2.98639822e-03  2.42126473e+00]
 [-1.95790616e-04  3.40665130e-04  7.93201102e-01]]","[[ 7.75590060e+02  2.29952522e+01  2.93631451e+02]
 [ 4.66331811e+01 -2.46985211e+02  7.75803442e+02]
 [ 1.71415492e-01  1.11751614e-01  1.00000000e+00]]",6,"[[ 1.44883706e-03 -6.08447180e-05 -3.98089368e-01]
 [-4.01159286e-04 -3.21346583e-03  2.57477277e+00]
 [-2.39191747e-04  2.99705231e-04  8.44726865e-01]]","[[ 7.44877605e+02  1.45105646e+01  3.06805027e+02]
 [ 5.91843422e+01 -2.41154794e+02  7.62944189e+02]
 [ 1.89920227e-01  8.96694110e-02  1.00000000e+00]]",6
986,41.672834741,"[[ 1.33502046e-03 -4.68779897e-05 -3.63990544e-01]
 [-3.38478707e-04 -2.57788888e-03  2.19830338e+00]
 [-2.03749978e-04  3.89682209e-04  7.44478478e-01]]","[[ 8.02863775e+02  3.09310277e+01  3.01202850e+02]
 [ 5.66651416e+01 -2.66017964e+02  8.13205194e+02]
 [ 1.90068730e-01  1.47706975e-01  1.00000000e+00]]",2,"[[ 1.41666889e-03 -6.93711508e-05 -3.90428805e-01]
 [-4.07257498e-04 -2.82810535e-03  2.37731117e+00]
 [-2.55986208e-04  3.38258179e-04  8.11498999e-01]]","[[ 7.68116163e+02  1.87796741e+01  3.14540803e+02]
 [ 6.89188809e+01 -2.60160702e+02  7.95307032e+02]
 [ 2.13573607e-01  1.14367144e-01  1.00000000e+00]]",6
987,41.707767741000005,"[[ 1.37707533e-03 -3.16228734e-05 -3.86867972e-01]
 [-3.22916761e-04 -2.72913730e-03  2.28289707e+00]
 [-1.93406474e-04  3.39365283e-04  7.86036013e-01]]","[[ 7.74839676e+02  2.82432157e+01  2.99330178e+02]
 [ 4.98091808e+01 -2.67380731e+02  8.01073048e+02]
 [ 1.69146834e-01  1.22388996e-01  1.00000000e+00]]",5,"[[ 1.45107193e-03 -5.82351629e-05 -4.08677306e-01]
 [-3.84173936e-04 -2.96829598e-03  2.45454192e+00]
 [-2.53678773e-04  2.76528448e-04  8.61994168e-01]]","[[ 7.47740416e+02  1.45077539e+01  3.13197767e+02]
 [ 6.73296861e+01 -2.64954541e+02  7.86383675e+02]
 [ 1.98455285e-01  8.92671666e-02  1.00000000e+00]]",6
988,41.743742741000005,"[[ 1.37896754e-03 -2.95796843e-05 -3.91282391e-01]
 [-3.17667260e-04 -2.73289489e-03  2.28078097e+00]
 [-1.95691661e-04  3.37714237e-04  7.88851214e-01]]","[[ 7.74516414e+02  2.88005645e+01  3.00901933e+02]
 [ 5.18102634e+01 -2.67664794e+02  7.99589580e+02]
 [ 1.69955167e-01  1.21734289e-01  1.00000000e+00]]",5,"[[ 1.45106718e-03 -5.54560362e-05 -4.12849151e-01]
 [-3.79372931e-04 -2.96918937e-03  2.45054553e+00]
 [-2.57541355e-04  2.75688687e-04  8.64548115e-01]]","[[ 7.48948136e+02  1.52149082e+01  3.14520119e+02]
 [ 7.00146525e+01 -2.65199963e+02  7.85138574e+02]
 [ 2.00778727e-01  8.90998388e-02  1.00000000e+00]]",6
989,41.784943741,"[[ 1.38138388e-03 -2.72165808e-05 -3.95743446e-01]
 [-3.13147994e-04 -2.73302615e-03  2.27921922e+00]
 [-1.92682777e-04  3.41139532e-04  7.85553563e-01]]","[[ 7.72875821e+02  3.00283357e+01  3.02231945e+02]
 [ 5.10512257e+01 -2.66630494e+02  7.99324915e+02]
 [ 1.67403312e-01  1.23154104e-01  1.00000000e+00]]",6,"[[ 1.45632915e-03 -5.15064877e-05 -4.19289204e-01]
 [-3.63434681e-04 -2.95999704e-03  2.43742421e+00]
 [-2.45499987e-04  2.89157337e-04  8.50593734e-01]]","[[ 7.44333486e+02  1.78843659e+01  3.15660930e+02]
 [ 6.68104269e+01 -2.62344908e+02  7.84697433e+02]
 [ 1.92118905e-01  9.43453534e-02  1.00000000e+00]]",6
990,41.838542741000005,"[[ 1.38242797e-03 -2.71498106e-05 -3.96984688e-01]
 [-3.12910385e-04 -2.73419529e-03  2.28196240e+00]
 [-1.92860102e-04  3.40287897e-04  7.86202918e-01]]","[[ 7.72414633e+02  3.00248446e+01  3.02875009e+02]
 [ 5.12333342e+01 -2.66689577e+02  7.99939080e+02]
 [ 1.67302713e-01  1.22795055e-01  1.00000000e+00]]",6,"[[ 1.45705637e-03 -5.16211482e-05 -4.20277731e-01]
 [-3.63652185e-04 -2.96158407e-03  2.44074992e+00]
 [-2.46346298e-04  2.87620107e-04  8.52041917e-01]]","[[ 7.44214817e+02  1.77428537e+01  3.16265011e+02]
 [ 6.72415821e+01 -2.62562964e+02  7.85302529e+02]
 [ 1.92472378e-01  9.37621405e-02  1.00000000e+00]]",6
991,41.863970741,"[[ 1.38191694e-03 -2.56037220e-05 -3.98218385e-01]
 [-3.09781174e-04 -2.73387948e-03  2.28212068e+00]
 [-1.93983453e-04  3.41955471e-04  7.85066885e-01]]","[[ 7.73037289e+02  3.06588993e+01  3.02993741e+02]
 [ 5.26937700e+01 -2.66156674e+02  8.00422601e+02]
 [ 1.68058954e-01  1.23506738e-01  1.00000000e+00]]",6,"[[ 1.45668685e-03 -5.02941236e-05 -4.21390413e-01]
 [-3.60605486e-04 -2.96243468e-03  2.44184302e+00]
 [-2.47673685e-04  2.88414564e-04  8.51743428e-01]]","[[ 7.44782566e+02  1.81603505e+01  3.16409260e+02]
 [ 6.86831790e+01 -2.62227399e+02  7.85753730e+02]
 [ 1.93313865e-01  9.40753274e-02  1.00000000e+00]]",6
992,41.899887741,"[[ 1.38327934e-03 -2.39811579e-05 -4.00873967e-01]
 [-3.07007153e-04 -2.73474290e-03  2.28272008e+00]
 [-1.93651718e-04  3.43333696e-04  7.83928458e-01]]","[[ 7.72391697e+02  3.13523439e+01  3.03679623e+02]
 [ 5.31309684e+01 -2.65617115e+02  8.00619415e+02]
 [ 1.67532287e-01  1.24076043e-01  1.00000000e+00]]",6,"[[ 1.45761668e-03 -4.87313609e-05 -4.23821814e-01]
 [-3.58113239e-04 -2.96338806e-03  2.44268116e+00]
 [-2.48041627e-04  2.89351999e-04  8.51216184e-01]]","[[ 7.44599215e+02  1.87120079e+01  3.17040402e+02]
 [ 6.94164910e+01 -2.61848840e+02  7.85973603e+02]
 [ 1.93377198e-01  9.44623043e-02  1.00000000e+00]]",6
993,41.942610741,"[[ 1.38439848e-03 -2.41850055e-05 -4.02244229e-01]
 [-3.03910164e-04 -2.73870230e-03  2.28466484e+00]
 [-1.94017448e-04  3.41134016e-04  7.86035204e-01]]","[[ 7.71846152e+02  3.11173939e+01  3.04538325e+02]
 [ 5.38013225e+01 -2.65910844e+02  8.00420164e+02]
 [ 1.67165744e-01  1.23084247e-01  1.00000000e+00]]",6,"[[ 1.45800276e-03 -4.88517892e-05 -4.24967917e-01]
 [-3.55405923e-04 -2.96689700e-03  2.44450463e+00]
 [-2.49384938e-04  2.86758751e-04  8.53904176e-01]]","[[ 7.44727080e+02  1.84541933e+01  3.17803522e+02]
 [ 7.04887275e+01 -2.62257929e+02  7.85856527e+02]
 [ 1.93827904e-01  9.34612528e-02  1.00000000e+00]]",6
994,41.981408741,"[[ 1.38401018e-03 -2.09749696e-05 -4.05078781e-01]
 [-3.01251182e-04 -2.73823012e-03  2.28209123e+00]
 [-1.94688082e-04  3.43144111e-04  7.84866701e-01]]","[[ 7.72441438e+02  3.22802950e+01  3.04807247e+02]
 [ 5.47552205e+01 -2.65380490e+02  7.99884447e+02]
 [ 1.67666956e-01  1.24031687e-01  1.00000000e+00]]",6,"[[ 1.45700537e-03 -4.53965628e-05 -4.27713881e-01]
 [-3.52830378e-04 -2.96571163e-03  2.44146179e+00]
 [-2.50709926e-04  2.88769452e-04  8.52934922e-01]]","[[ 7.45797241e+02  1.95501319e+01  3.18027701e+02]
 [ 7.17435949e+01 -2.61812081e+02  7.85393947e+02]
 [ 1.94928603e-01  9.43855636e-02  1.00000000e+00]]",6
995,42.030033741000004,"[[ 1.38489365e-03 -1.94099897e-05 -4.06655921e-01]
 [-2.98545585e-04 -2.73897261e-03  2.27945705e+00]
 [-1.94412730e-04  3.43503707e-04  7.84803078e-01]]","[[ 7.71932379e+02  3.27600511e+01  3.04835378e+02]
 [ 5.49768478e+01 -2.65284252e+02  7.99003897e+02]
 [ 1.67161335e-01  1.24228736e-01  1.00000000e+00]]",6,"[[ 1.45753276e-03 -4.34786894e-05 -4.29391303e-01]
 [-3.49828625e-04 -2.96523892e-03  2.43776281e+00]
 [-2.50505532e-04  2.89761170e-04  8.52316816e-01]]","[[ 7.45581142e+02  2.01430548e+01  3.18006243e+02]
 [ 7.20539429e+01 -2.61627250e+02  7.84596179e+02]
 [ 1.94638617e-01  9.48653873e-02  1.00000000e+00]]",6
996,42.071667741000006,"[[ 1.38391371e-03 -1.79079767e-05 -4.07573770e-01]
 [-2.95855556e-04 -2.73577397e-03  2.27408206e+00]
 [-1.95023976e-04  3.46141365e-04  7.83135425e-01]]","[[ 7.72710880e+02  3.35112796e+01  3.04837808e+02]
 [ 5.58651291e+01 -2.64892196e+02  7.98272856e+02]
 [ 1.67735888e-01  1.25426135e-01  1.00000000e+00]]",5,"[[ 1.47398896e-03 -5.07191334e-05 -4.32033797e-01]
 [-3.32878265e-04 -3.00341805e-03  2.45041575e+00]
 [-2.41016155e-04  2.83694633e-04  8.55716071e-01]]","[[ 7.34771585e+02  1.78142396e+01  3.19958774e+02]
 [ 6.88002210e+01 -2.60400088e+02  7.80413645e+02]
 [ 1.84142351e-01  9.13476206e-02  1.00000000e+00]]",6
997,42.108352741000004,"[[ 1.38539317e-03 -2.01341112e-05 -4.07527946e-01]
 [-2.95275969e-04 -2.74035079e-03  2.27589945e+00]
 [-1.94311897e-04  3.41323573e-04  7.87182152e-01]]","[[ 7.71609217e+02  3.24135834e+01  3.05751677e+02]
 [ 5.51751271e+01 -2.65981227e+02  7.97568812e+02]
 [ 1.66543765e-01  1.23331058e-01  1.00000000e+00]]",5,"[[ 1.46294360e-03 -4.43865397e-05 -4.31946087e-01]
 [-3.49954355e-04 -2.96343134e-03  2.43393065e+00]
 [-2.45305255e-04  2.85864317e-04  8.54244210e-01]]","[[ 7.41752988e+02  1.96652862e+01  3.19034480e+02]
 [ 6.85172755e+01 -2.62879254e+02  7.83646685e+02]
 [ 1.90073587e-01  9.36170190e-02  1.00000000e+00]]",6
998,42.154247741000006,"[[ 1.38509534e-03 -1.97740792e-05 -4.08261884e-01]
 [-2.94047217e-04 -2.74114954e-03  2.27439762e+00]
 [-1.94571426e-04  3.40698008e-04  7.88067072e-01]]","[[ 7.71871127e+02  3.24808684e+01  3.06130226e+02]
 [ 5.54372361e+01 -2.66165376e+02  7.96884972e+02]
 [ 1.66606009e-01  1.23088333e-01  1.00000000e+00]]",6,"[[ 1.45584577e-03 -4.30651801e-05 -4.30819728e-01]
 [-3.45681509e-04 -2.96377820e-03  2.43019767e+00]
 [-2.52356627e-04  2.87958219e-04  8.55122191e-01]]","[[ 7.46978952e+02  2.01474179e+01  3.19078447e+02]
 [ 7.33716496e+01 -2.62421929e+02  7.82750256e+02]
 [ 1.95734740e-01  9.43150423e-02  1.00000000e+00]]",6
999,42.192699741000006,"[[ 1.38478918e-03 -1.78492977e-05 -4.09671909e-01]
 [-2.90579173e-04 -2.74083530e-03  2.27124340e+00]
 [-1.94758368e-04  3.41520713e-04  7.87691228e-01]]","[[ 7.72130154e+02  3.31130695e+01  3.06099884e+02]
 [ 5.61630540e+01 -2.66005836e+02  7.96216085e+02]
 [ 1.66560141e-01  1.23519911e-01  1.00000000e+00]]",6,"[[ 1.45519529e-03 -4.08686768e-05 -4.32274198e-01]
 [-3.42021731e-04 -2.96265577e-03  2.42634113e+00]
 [-2.52763967e-04  2.89094693e-04  8.54523105e-01]]","[[ 7.47499463e+02  2.08185788e+01  3.19022102e+02]
 [ 7.42219091e+01 -2.62237406e+02  7.82145755e+02]
 [ 1.95996772e-01  9.48758770e-02  1.00000000e+00]]",6
1000,42.229853741,"[[ 1.38499727e-03 -1.76953964e-05 -4.10030910e-01]
 [-2.89956684e-04 -2.74188419e-03  2.27062225e+00]
 [-1.95009271e-04  3.39886739e-04  7.89253341e-01]]","[[ 7.72042854e+02  3.29766026e+01  3.06218566e+02]
 [ 5.62618342e+01 -2.66434833e+02  7.95741897e+02]
 [ 1.66528105e-01  1.22886283e-01  1.00000000e+00]]",6,"[[ 1.45505027e-03 -4.04700084e-05 -4.32669081e-01]
 [-3.41349562e-04 -2.96275038e-03  2.42498645e+00]
 [-2.53226473e-04  2.87868207e-04  8.55770044e-01]]","[[ 7.47672858e+02  2.07915687e+01  3.19099339e+02]
 [ 7.44442821e+01 -2.62586551e+02  7.81727022e+02]
 [ 1.96198056e-01  9.44825025e-02  1.00000000e+00]]",6
1001,42.271154741000004,"[[ 1.38521511e-03 -1.74155850e-05 -4.10284017e-01]
 [-2.89563547e-04 -2.74059058e-03  2.26898983e+00]
 [-1.94856823e-04  3.40487324e-04  7.88782168e-01]]","[[ 7.71907599e+02  3.31354363e+01  3.06190216e+02]
 [ 5.62235955e+01 -2.66401733e+02  7.95568780e+02]
 [ 1.66418621e-01  1.23181130e-01  1.00000000e+00]]",6,"[[ 1.45527598e-03 -4.01435965e-05 -4.32957287e-01]
 [-3.40875625e-04 -2.96127103e-03  2.42317710e+00]
 [-2.53019043e-04  2.88585174e-04  8.55183294e-01]]","[[ 7.47538733e+02  2.09603897e+01  3.19067979e+02]
 [ 7.43899166e+01 -2.62535678e+02  7.81561219e+02]
 [ 1.96067567e-01  9.47952124e-02  1.00000000e+00]]",6
1002,42.315565741,"[[ 1.38509652e-03 -1.76694655e-05 -4.09661072e-01]
 [-2.91475128e-04 -2.74364583e-03  2.27115526e+00]
 [-1.95944605e-04  3.38146612e-04  7.91017039e-01]]","[[ 7.72134719e+02  3.27297570e+01  3.05908932e+02]
 [ 5.63569734e+01 -2.66824393e+02  7.95288659e+02]
 [ 1.67175555e-01  1.22170546e-01  1.00000000e+00]]",5,"[[ 1.45060202e-03 -4.16481399e-05 -4.29913095e-01]
 [-3.55396592e-04 -2.97224541e-03  2.43637059e+00]
 [-2.64509751e-04  2.76816280e-04  8.67972162e-01]]","[[ 7.52194280e+02  1.91518437e+01  3.18808822e+02]
 [ 7.76566108e+01 -2.64742060e+02  7.81586544e+02]
 [ 2.04460598e-01  9.02687496e-02  1.00000000e+00]]",6
1003,42.350825741,"[[ 1.38342811e-03 -1.67003102e-05 -4.08496448e-01]
 [-2.91059710e-04 -2.74007402e-03  2.26734697e+00]
 [-1.95187878e-04  3.40720869e-04  7.88603912e-01]]","[[ 7.72842074e+02  3.32002290e+01  3.04876503e+02]
 [ 5.61255868e+01 -2.66428215e+02  7.95091554e+02]
 [ 1.67037271e-01  1.23329258e-01  1.00000000e+00]]",5,"[[ 1.47236796e-03 -4.86517739e-05 -4.33231499e-01]
 [-3.27284311e-04 -3.00388996e-03  2.44016566e+00]
 [-2.41726521e-04  2.80148680e-04  8.59526661e-01]]","[[ 7.35686746e+02  1.79220859e+01  3.19931685e+02]
 [ 6.95112061e+01 -2.61518412e+02  7.77477559e+02]
 [ 1.84242714e-01  9.02779225e-02  1.00000000e+00]]",6
1004,42.390876741,"[[ 1.38535809e-03 -1.69565831e-05 -4.08425532e-01]
 [-2.93429270e-04 -2.73802613e-03  2.26784413e+00]
 [-1.93705528e-04  3.41504211e-04  7.87279969e-01]]","[[ 7.71452649e+02  3.32083735e+01  3.04554356e+02]
 [ 5.48384032e+01 -2.66329079e+02  7.95638486e+02]
 [ 1.66023654e-01  1.23698242e-01  1.00000000e+00]]",5,"[[ 1.46318863e-03 -4.04928246e-05 -4.33437803e-01]
 [-3.47204631e-04 -2.95912011e-03  2.42389097e+00]
 [-2.43556383e-04  2.87474450e-04  8.52662072e-01]]","[[ 7.41270006e+02  2.07365411e+01  3.17864881e+02]
 [ 6.77529370e+01 -2.62911788e+02  7.81829302e+02]
 [ 1.88895236e-01  9.45637683e-02  1.00000000e+00]]",6
1005,42.429793741000005,"[[ 1.38206507e-03 -1.78395590e-05 -4.04878562e-01]
 [-2.96465510e-04 -2.73525901e-03  2.26963772e+00]
 [-1.96139606e-04  3.40666348e-04  7.87998752e-01]]","[[ 7.73608927e+02  3.27216619e+01  3.03238236e+02]
 [ 5.58832658e+01 -2.66709169e+02  7.96903707e+02]
 [ 1.68398493e-01  1.23447978e-01  1.00000000e+00]]",6,"[[ 1.45479902e-03 -4.10933195e-05 -4.28230367e-01]
 [-3.46485524e-04 -2.95912576e-03  2.42544549e+00]
 [-2.51160034e-04  2.88802435e-04  8.53467595e-01]]","[[ 7.46900769e+02  2.05136926e+01  3.16462803e+02]
 [ 7.25742902e+01 -2.62566436e+02  7.82594555e+02]
 [ 1.95241146e-01  9.48859059e-02  1.00000000e+00]]",6
1006,42.462987741,"[[ 1.37980535e-03 -1.75249800e-05 -4.01537205e-01]
 [-2.99728293e-04 -2.73004264e-03  2.27084625e+00]
 [-1.97529661e-04  3.41165186e-04  7.86986306e-01]]","[[ 7.74947037e+02  3.26597856e+01  3.01154815e+02]
 [ 5.63805059e+01 -2.66841021e+02  7.98735375e+02]
 [ 1.70066440e-01  1.23875272e-01  1.00000000e+00]]",6,"[[ 1.45477380e-03 -4.14711106e-05 -4.25265803e-01]
 [-3.48897501e-04 -2.95745682e-03  2.42881570e+00]
 [-2.50332527e-04  2.88588778e-04  8.52483372e-01]]","[[ 7.46394823e+02  2.02398732e+01  3.14677424e+02]
 [ 7.19456699e+01 -2.62621939e+02  7.84128281e+02]
 [ 1.94823963e-01  9.48481175e-02  1.00000000e+00]]",6
1007,42.502694741,"[[ 1.37805060e-03 -1.78961477e-05 -3.97253855e-01]
 [-3.04379905e-04 -2.72888253e-03  2.27660455e+00]
 [-1.99607099e-04  3.39643014e-04  7.87580886e-01]]","[[ 7.76011644e+02  3.20845193e+01  2.98673899e+02]
 [ 5.70110103e+01 -2.67136355e+02  8.00948445e+02]
 [ 1.72089044e-01  1.23333738e-01  1.00000000e+00]]",5,"[[ 1.45205522e-03 -4.43838379e-05 -4.19058164e-01]
 [-3.64464214e-04 -2.96982386e-03  2.44901924e+00]
 [-2.60364310e-04  2.74924637e-04  8.65233257e-01]]","[[ 7.49189717e+02  1.77443930e+01  3.12629809e+02]
 [ 7.44573908e+01 -2.65046128e+02  7.86267795e+02]
 [ 2.01786156e-01  8.95570259e-02  1.00000000e+00]]",6
1013,42.752795741,"[[ 1.36272659e-03 -8.11110554e-05 -2.76809058e-01]
 [-4.80049716e-04 -2.73323017e-03  2.37629278e+00]
 [-2.51369254e-04 -9.34118114e-05  1.14048006e+00]]","[[ 7.69272494e+02 -3.14494949e+01  2.52240097e+02]
 [ 1.32426508e+01 -3.94459566e+02  8.25106140e+02]
 [ 1.70637330e-01 -3.92401586e-02  1.00000000e+00]]",1,"[[ 1.50873752e-03 -1.38791962e-04 -3.01371288e-01]
 [-5.69467359e-04 -2.97621487e-03  2.55498238e+00]
 [-2.48748371e-04 -2.00156085e-04  1.22947018e+00]]","[[ 6.88886201e+02 -5.05457324e+01  2.73901703e+02]
 [-1.41366339e+01 -3.89546985e+02  8.06058838e+02]
 [ 1.37075132e-01 -7.36442162e-02  1.00000000e+00]]",6
1014,42.792348741000005,"[[ 1.32276267e-03 -7.32423381e-05 -2.65982171e-01]
 [-4.91001936e-04 -2.64543215e-03  2.32012980e+00]
 [-2.31702496e-04  3.78461360e-04  7.42689025e-01]]","[[ 8.04135531e+02  1.30875642e+01  2.47103243e+02]
 [ 4.89126817e+01 -2.60455392e+02  8.31169166e+02]
 [ 2.25947394e-01  1.36806550e-01  1.00000000e+00]]",3,"[[ 1.46233489e-03 -1.06493063e-04 -3.05119941e-01]
 [-5.28107387e-04 -2.93845706e-03  2.51686344e+00]
 [-2.21047569e-04  3.42173997e-04  7.82507321e-01]]","[[ 7.26025569e+02  4.84064039e+00  2.67526759e+02]
 [ 3.28716965e+01 -2.47365122e+02  8.08444888e+02]
 [ 1.90718148e-01  1.09534981e-01  1.00000000e+00]]",6
1015,42.829086741000005,"[[ 1.34196440e-03 -9.28936269e-05 -2.58403932e-01]
 [-4.99015825e-04 -2.68700752e-03  2.36377513e+00]
 [-2.21538820e-04  3.60585768e-04  7.54984628e-01]]","[[ 7.88832553e+02  6.30944899e+00  2.50234651e+02]
 [ 4.02271832e+01 -2.61735325e+02  8.33233277e+02]
 [ 2.12258207e-01  1.26857975e-01  1.00000000e+00]]",3,"[[ 1.48413802e-03 -1.28817555e-04 -2.96871844e-01]
 [-5.34895572e-04 -2.98638060e-03  2.56454156e+00]
 [-2.09174181e-04  3.21540864e-04  7.96001672e-01]]","[[ 7.11329532e+02 -1.57351578e+00  2.70362568e+02]
 [ 2.45846548e+01 -2.48667480e+02  8.10320632e+02]
 [ 1.76993097e-01  1.00034485e-01  1.00000000e+00]]",6
1016,42.867687741000005,"[[ 1.33969645e-03 -9.66129505e-05 -2.55090190e-01]
 [-5.18310617e-04 -2.67878603e-03  2.37406506e+00]
 [-2.23531790e-04  3.65715563e-04  7.49700781e-01]]","[[ 7.90505756e+02  5.73250624e+00  2.50821295e+02]
 [ 3.90512653e+01 -2.60344462e+02  8.37715925e+02]
 [ 2.16648448e-01  1.28709241e-01  1.00000000e+00]]",5,"[[ 1.49575096e-03 -1.44156741e-04 -2.90604699e-01]
 [-5.54455174e-04 -2.98639446e-03  2.58624083e+00]
 [-1.96004728e-04  3.12191536e-04  7.98938968e-01]]","[[ 7.02324216e+02 -5.37695624e+00  2.72867928e+02]
 [ 1.40624510e+01 -2.50296058e+02  8.15347009e+02]
 [ 1.66807096e-01  9.64859709e-02  1.00000000e+00]]",6
1017,42.913436741000005,"[[ 1.33849370e-03 -1.01152585e-04 -2.50539060e-01]
 [-5.31444843e-04 -2.67537463e-03  2.38370661e+00]
 [-2.22763398e-04  3.67071458e-04  7.47087800e-01]]","[[ 7.90631250e+02  4.51089341e+00  2.50748792e+02]
 [ 3.68573891e+01 -2.59761142e+02  8.41170965e+02]
 [ 2.17637616e-01  1.28975153e-01  1.00000000e+00]]",4,"[[ 1.47785241e-03 -1.49860470e-04 -2.81001754e-01]
 [-5.91747015e-04 -2.96876559e-03  2.59468913e+00]
 [-2.37024449e-04  3.10195169e-04  8.10551272e-01]]","[[ 7.17413232e+02 -7.66390048e+00  2.73245905e+02]
 [ 3.02415422e+01 -2.52737140e+02  8.19531422e+02]
 [ 1.98215340e-01  9.44805230e-02  1.00000000e+00]]",6
1018,42.953662741,"[[ 1.33526342e-03 -1.06807846e-04 -2.44309503e-01]
 [-5.43797997e-04 -2.66793405e-03  2.38889190e+00]
 [-2.20347900e-04  3.68899185e-04  7.43719080e-01]]","[[ 7.91457593e+02  2.95279995e+00  2.50506805e+02]
 [ 3.36846166e+01 -2.59421035e+02  8.44348757e+02]
 [ 2.17783563e-01  1.29552749e-01  1.00000000e+00]]",5,"[[ 1.49464933e-03 -1.57829833e-04 -2.78476673e-01]
 [-5.82035469e-04 -2.98286075e-03  2.60802260e+00]
 [-1.91251050e-04  3.13098290e-04  7.95141364e-01]]","[[ 7.00709423e+02 -8.41864403e+00  2.73017167e+02]
 [ 7.90880320e+00 -2.49483584e+02  8.21063111e+02]
 [ 1.65423642e-01  9.62128401e-02  1.00000000e+00]]",6
1019,42.992112741,"[[ 1.33283271e-03 -1.14417743e-04 -2.35533557e-01]
 [-5.55028073e-04 -2.67013363e-03  2.39478679e+00]
 [-2.19744729e-04  3.63411983e-04  7.47666774e-01]]","[[ 7.91383269e+02  1.36298510e-02  2.49261680e+02]
 [ 3.07164777e+01 -2.60813667e+02  8.45066154e+02]
 [ 2.17663231e-01  1.26775470e-01  1.00000000e+00]]",6,"[[ 1.48643010e-03 -1.66047594e-04 -2.67361514e-01]
 [-5.89397087e-04 -3.00096710e-03  2.62365979e+00]
 [-1.98040573e-04  3.02385363e-04  8.05544318e-01]]","[[ 7.04332752e+02 -1.16071901e+01  2.71573871e+02]
 [ 9.82881911e+00 -2.51050311e+02  8.20933673e+02]
 [ 1.69468479e-01  9.13857169e-02  1.00000000e+00]]",6
1020,43.032992741,"[[ 1.30997730e-03 -1.00724386e-04 -2.30038720e-01]
 [-5.57559629e-04 -2.63222936e-03  2.35476321e+00]
 [-2.24060515e-04  3.82098466e-04  7.31522625e-01]]","[[ 8.06229537e+02  4.05649967e+00  2.40473649e+02]
 [ 3.41698119e+01 -2.58747858e+02  8.43651712e+02]
 [ 2.29094723e-01  1.36395044e-01  1.00000000e+00]]",4,"[[ 1.48024286e-03 -1.47007831e-04 -2.69744512e-01]
 [-5.77846642e-04 -2.98210552e-03  2.58542119e+00]
 [-1.81965024e-04  3.34194971e-04  7.75213819e-01]]","[[ 7.05861568e+02 -5.29323087e+00  2.63266096e+02]
 [ 5.00124149e+00 -2.44137511e+02  8.15965011e+02]
 [ 1.63530015e-01  1.04005300e-01  1.00000000e+00]]",6
1021,43.070002741,"[[ 1.30689872e-03 -1.31733730e-04 -1.98100216e-01]
 [-5.67804595e-04 -2.66844773e-03  2.37220598e+00]
 [-2.36166854e-04  3.07260677e-04  7.98052952e-01]]","[[ 8.02441268e+02 -1.24255265e+01  2.36124303e+02]
 [ 3.00652950e+01 -2.79656529e+02  8.38739874e+02]
 [ 2.25889957e-01  1.03994299e-01  1.00000000e+00]]",2,"[[ 1.47297038e-03 -2.01422607e-04 -2.20099624e-01]
 [-6.26248533e-04 -2.95117050e-03  2.57291584e+00]
 [-2.01826590e-04  2.62080657e-04  8.38720369e-01]]","[[ 7.04097613e+02 -2.48715006e+01  2.61069012e+02]
 [-1.33342283e+00 -2.66254057e+02  8.16429195e+02]
 [ 1.69848128e-01  7.72132293e-02  1.00000000e+00]]",6
1022,43.107612741000004,"[[ 1.31320926e-03 -1.17040817e-04 -2.04190961e-01]
 [-5.38290375e-04 -2.66576101e-03  2.33808055e+00]
 [-2.04942213e-04  3.49136401e-04  7.57002280e-01]]","[[ 7.95323124e+02 -4.85721276e+00  2.29529490e+02]
 [ 2.01151273e+01 -2.67209358e+02  8.30729769e+02]
 [ 2.06039482e-01  1.21924422e-01  1.00000000e+00]]",3,"[[ 1.47676260e-03 -1.52201908e-04 -2.49732932e-01]
 [-5.69727106e-04 -2.97158372e-03  2.53977384e+00]
 [-1.65521789e-04  3.22293907e-04  7.81870957e-01]]","[[ 7.02105584e+02 -8.60659854e+00  2.52212590e+02]
 [-5.60110844e+00 -2.48780397e+02  8.06331476e+02]
 [ 1.50944314e-01  1.00727397e-01  1.00000000e+00]]",6
1023,43.142562741000006,"[[ 1.28797899e-03 -1.20775090e-04 -1.89246349e-01]
 [-5.65918225e-04 -2.61630538e-03  2.30678130e+00]
 [-2.33862408e-04  3.39943691e-04  7.69451196e-01]]","[[ 8.13617687e+02 -8.31781363e+00  2.25045531e+02]
 [ 3.02559902e+01 -2.75379045e+02  8.33015882e+02]
 [ 2.33919005e-01  1.19134450e-01  1.00000000e+00]]",4,"[[ 1.44757640e-03 -1.65675456e-04 -2.28878326e-01]
 [-6.25456536e-04 -2.90137600e-03  2.50900420e+00]
 [-2.22948721e-04  2.99943751e-04  8.12778679e-01]]","[[ 7.22824299e+02 -1.53376398e+01  2.50893661e+02]
 [ 1.18555873e+01 -2.61533300e+02  8.10677805e+02]
 [ 1.93898718e-01  9.23077508e-02  1.00000000e+00]]",6
1024,43.181627741,"[[ 1.27109153e-03 -1.23467746e-04 -1.78263376e-01]
 [-5.53279735e-04 -2.59350016e-03  2.27440775e+00]
 [-2.56826959e-04  3.32915383e-04  7.80451062e-01]]","[[ 8.26560954e+02 -1.10000421e+01  2.20851935e+02]
 [ 4.52679124e+01 -2.81210493e+02  8.29849513e+02]
 [ 2.52690734e-01  1.16335535e-01  1.00000000e+00]]",2,"[[ 1.40582041e-03 -1.47745442e-04 -2.18551852e-01]
 [-5.74158048e-04 -2.85913848e-03  2.44042170e+00]
 [-2.35494222e-04  3.21179655e-04  7.97884515e-01]]","[[ 7.46802780e+02 -1.16194735e+01  2.40099341e+02]
 [ 2.84078661e+01 -2.60756744e+02  8.05335856e+02]
 [ 2.08982263e-01  1.01535298e-01  1.00000000e+00]]",6
1025,43.220850741,"[[ 1.27074767e-03 -1.23761933e-04 -1.73003277e-01]
 [-5.63307001e-04 -2.59582849e-03  2.27167329e+00]
 [-2.39351594e-04  3.29369212e-04  7.79145578e-01]]","[[ 8.22580832e+02 -1.17109281e+01  2.16792069e+02]
 [ 3.11221180e+01 -2.81647184e+02  8.28079673e+02]
 [ 2.39538504e-01  1.15463508e-01  1.00000000e+00]]",4,"[[ 1.43579657e-03 -1.65726222e-04 -2.16269715e-01]
 [-6.22481487e-04 -2.87618230e-03  2.46933911e+00]
 [-2.20365606e-04  2.96205057e-04  8.15002170e-01]]","[[ 7.26598066e+02 -1.67755340e+01  2.43638172e+02]
 [ 8.70201043e+00 -2.65196976e+02  8.05817786e+02]
 [ 1.93299662e-01  9.18475279e-02  1.00000000e+00]]",6
1026,43.261646741,"[[ 1.26879190e-03 -1.24323003e-04 -1.68743678e-01]
 [-5.50922609e-04 -2.59981110e-03  2.25410624e+00]
 [-2.31555160e-04  3.24964843e-04  7.82391389e-01]]","[[ 8.21646386e+02 -1.26023395e+01  2.13518002e+02]
 [ 2.70002409e+01 -2.83215555e+02  8.21780607e+02]
 [ 2.31958498e-01  1.13903301e-01  1.00000000e+00]]",3,"[[ 1.43891006e-03 -1.46589038e-04 -2.23864127e-01]
 [-5.79474152e-04 -2.88544514e-03  2.43762542e+00]
 [-1.72422793e-04  3.23019986e-04  7.83303341e-01]]","[[ 7.19304981e+02 -1.00336784e+01  2.36798340e+02]
 [-7.93087558e+00 -2.56914027e+02  7.97245066e+02]
 [ 1.61605854e-01  1.03738011e-01  1.00000000e+00]]",6
1027,43.309163741000006,"[[ 1.22979689e-03 -1.20442173e-04 -1.56734314e-01]
 [-5.44162689e-04 -2.54638332e-03  2.19877481e+00]
 [-2.73858840e-04  3.22719042e-04  7.92529208e-01]]","[[ 8.53176780e+02 -1.40355796e+01  2.07668253e+02]
 [ 5.34517105e+01 -2.91431087e+02  8.19110571e+02]
 [ 2.73050023e-01  1.13821160e-01  1.00000000e+00]]",2,"[[ 1.36321762e-03 -1.34594819e-04 -2.02680302e-01]
 [-5.60158808e-04 -2.79199630e-03  2.34618527e+00]
 [-2.45827246e-04  3.28475298e-04  7.94782061e-01]]","[[ 7.70242907e+02 -1.04078701e+01  2.27146366e+02]
 [ 3.38921362e+01 -2.66298706e+02  7.94752927e+02]
 [ 2.24229976e-01  1.06839363e-01  1.00000000e+00]]",6
1028,43.343843741,"[[ 1.26175058e-03 -1.35060304e-04 -1.55068857e-01]
 [-5.49817992e-04 -2.60151789e-03  2.23174293e+00]
 [-2.41873971e-04  2.98145120e-04  8.08251541e-01]]","[[ 8.24632300e+02 -1.87473416e+01  2.09976754e+02]
 [ 2.84233226e+01 -2.92637807e+02  8.13484288e+02]
 [ 2.36291309e-01  1.02337003e-01  1.00000000e+00]]",3,"[[ 1.43522948e-03 -1.53834665e-04 -2.13511267e-01]
 [-5.77915985e-04 -2.88188605e-03  2.40986904e+00]
 [-1.75353147e-04  3.02382676e-04  8.02218857e-01]]","[[ 7.19657904e+02 -1.39280396e+01  2.33377489e+02]
 [-9.71273061e+00 -2.63647212e+02  7.89412356e+02]
 [ 1.60967595e-01  9.63328441e-02  1.00000000e+00]]",6
1029,43.387567741000005,"[[ 1.24609111e-03 -1.29926931e-04 -1.51301965e-01]
 [-5.55844323e-04 -2.56989790e-03  2.20308121e+00]
 [-2.52108928e-04  3.03315808e-04  8.05477014e-01]]","[[ 8.36214545e+02 -1.79447405e+01  2.06156875e+02]
 [ 3.28890218e+01 -2.94866266e+02  8.12674342e+02]
 [ 2.49344660e-01  1.05420228e-01  1.00000000e+00]]",5,"[[ 1.42054193e-03 -1.68289253e-04 -1.98763464e-01]
 [-5.92157166e-04 -2.88788194e-03  2.41804105e+00]
 [-2.17076253e-04  2.54230354e-04  8.49975985e-01]]","[[ 7.30452554e+02 -2.20156769e+01  2.33444349e+02]
 [ 5.13561733e+00 -2.77076780e+02  7.89438541e+02]
 [ 1.85014961e-01  7.72518852e-02  1.00000000e+00]]",6
1030,43.429139741,"[[ 1.24180147e-03 -1.27705332e-04 -1.49397399e-01]
 [-5.47784128e-04 -2.56405100e-03  2.18759189e+00]
 [-2.48742627e-04  3.06634425e-04  8.02359845e-01]]","[[ 8.38378873e+02 -1.74109689e+01  2.03574143e+02]
 [ 3.21534892e+01 -2.94779024e+02  8.09686395e+02]
 [ 2.47621061e-01  1.07256796e-01  1.00000000e+00]]",3,"[[ 1.41847443e-03 -1.43416468e-04 -2.10356888e-01]
 [-5.75929688e-04 -2.84266650e-03  2.36376474e+00]
 [-1.76491823e-04  3.16737597e-04  7.91423553e-01]]","[[ 7.28689546e+02 -1.13917307e+01  2.27706436e+02]
 [-9.38532245e+00 -2.63797818e+02  7.85397038e+02]
 [ 1.66257917e-01  1.03034765e-01  1.00000000e+00]]",6
1031,43.473920741,"[[ 1.24336179e-03 -1.36402434e-04 -1.45650030e-01]
 [-5.53818360e-04 -2.57067019e-03  2.18994845e+00]
 [-2.61516369e-04  2.89093110e-04  8.20339294e-01]]","[[ 8.38042665e+02 -2.13306227e+01  2.05736705e+02]
 [ 3.61843177e+01 -3.00105167e+02  8.07574495e+02]
 [ 2.54408437e-01  9.89590888e-02  1.00000000e+00]]",4,"[[ 1.42914200e-03 -1.56659976e-04 -2.06379093e-01]
 [-5.43604006e-04 -2.90202691e-03  2.38257633e+00]
 [-1.82114236e-04  2.93042616e-04  8.13848440e-01]]","[[ 7.22966616e+02 -1.58342603e+01  2.29688378e+02]
 [-2.01064760e+00 -2.65918943e+02  7.77979280e+02]
 [ 1.62501655e-01  9.22062816e-02  1.00000000e+00]]",6
1032,43.510664741,"[[ 1.24386092e-03 -1.34458162e-04 -1.48088260e-01]
 [-5.46934056e-04 -2.57002063e-03  2.18348568e+00]
 [-2.59022608e-04  2.90249802e-04  8.19536120e-01]]","[[ 8.37840902e+02 -2.05519310e+01  2.06152290e+02]
 [ 3.58806141e+01 -2.99982984e+02  8.05726594e+02]
 [ 2.52100413e-01  9.97473876e-02  1.00000000e+00]]",4,"[[ 1.42742965e-03 -1.52868374e-04 -2.09320403e-01]
 [-5.36505563e-04 -2.89753137e-03  2.37294960e+00]
 [-1.80390372e-04  2.96709680e-04  8.11084117e-01]]","[[ 7.24085361e+02 -1.46707394e+01  2.29789686e+02]
 [-1.68179681e+00 -2.65527816e+02  7.76407869e+02]
 [ 1.61656516e-01  9.38721541e-02  1.00000000e+00]]",6
1033,43.549365741,"[[ 1.24414380e-03 -1.31890659e-04 -1.51866501e-01]
 [-5.41694218e-04 -2.57036379e-03  2.18020404e+00]
 [-2.61190509e-04  2.90836420e-04  8.20177168e-01]]","[[ 8.38772018e+02 -1.95774282e+01  2.07350516e+02]
 [ 3.82839105e+01 -2.99984179e+02  8.04510036e+02]
 [ 2.53536605e-01  1.00140420e-01  1.00000000e+00]]",4,"[[ 1.42579161e-03 -1.50064922e-04 -2.12744940e-01]
 [-5.31575462e-04 -2.89612692e-03  2.36847744e+00]
 [-1.84596835e-04  2.96899724e-04  8.12381762e-01]]","[[ 7.26046288e+02 -1.39571093e+01  2.30827157e+02]
 [ 1.27611547e+00 -2.65859653e+02  7.75440939e+02]
 [ 1.64512517e-01  9.39917941e-02  1.00000000e+00]]",6
1034,43.589011741,"[[ 1.24465778e-03 -1.26508401e-04 -1.57035923e-01]
 [-5.32295500e-04 -2.56852964e-03  2.17367036e+00]
 [-2.57875968e-04  2.96321846e-04  8.15581141e-01]]","[[ 8.39067157e+02 -1.73528886e+01  2.07806601e+02]
 [ 3.87243645e+01 -2.98572288e+02  8.03204998e+02]
 [ 2.51232367e-01  1.02992326e-01  1.00000000e+00]]",5,"[[ 1.41186336e-03 -1.59053410e-04 -2.06304011e-01]
 [-5.68469113e-04 -2.87284021e-03  2.37756431e+00]
 [-2.26076694e-04  2.54435286e-04  8.54149860e-01]]","[[ 7.37680191e+02 -2.01048920e+01  2.34135795e+02]
 [ 1.25296954e+01 -2.79587462e+02  7.81270513e+02]
 [ 1.91517098e-01  7.79625116e-02  1.00000000e+00]]",6
1035,43.632830741,"[[ 1.24491588e-03 -1.23950527e-04 -1.60520842e-01]
 [-5.29955027e-04 -2.56940090e-03  2.17315394e+00]
 [-2.60576469e-04  2.96442767e-04  8.16469128e-01]]","[[ 8.39992737e+02 -1.64247420e+01  2.08862563e+02]
 [ 4.09207936e+01 -2.98558553e+02  8.02703145e+02]
 [ 2.53226560e-01  1.03158367e-01  1.00000000e+00]]",5,"[[ 1.41043016e-03 -1.55972939e-04 -2.09614547e-01]
 [-5.66111549e-04 -2.87181688e-03  2.37570142e+00]
 [-2.30009122e-04  2.54950399e-04  8.54949169e-01]]","[[ 7.39573550e+02 -1.93069766e+01  2.34976527e+02]
 [ 1.50856457e+01 -2.79702854e+02  7.80926707e+02]
 [ 1.94470709e-01  7.82146776e-02  1.00000000e+00]]",6
1036,43.670122741,"[[ 1.24732517e-03 -1.21935096e-04 -1.63190978e-01]
 [-5.23367550e-04 -2.57266225e-03  2.17220669e+00]
 [-2.57593532e-04  2.96960640e-04  8.15794445e-01]]","[[ 8.38381286e+02 -1.55870354e+01  2.09212659e+02]
 [ 4.05119596e+01 -2.98073502e+02  8.01780945e+02]
 [ 2.49978583e-01  1.03581213e-01  1.00000000e+00]]",4,"[[ 1.40772570e-03 -1.48484953e-04 -2.15330173e-01]
 [-5.85506039e-04 -2.82128172e-03  2.34524902e+00]
 [-2.30282538e-04  2.86476320e-04  8.30090294e-01]]","[[ 7.42578511e+02 -1.51702534e+01  2.35489540e+02]
 [ 1.33168960e+01 -2.75703953e+02  7.82399169e+02]
 [ 2.01409280e-01  9.09409616e-02  1.00000000e+00]]",6
1037,43.704237741,"[[ 1.24673735e-03 -1.20749656e-04 -1.65489620e-01]
 [-5.20244321e-04 -2.57315443e-03  2.17030490e+00]
 [-2.62647764e-04  2.95445117e-04  8.18609169e-01]]","[[ 8.40026133e+02 -1.52723038e+01  2.10309348e+02]
 [ 4.40705647e+01 -2.98735818e+02  8.00920703e+02]
 [ 2.53613763e-01  1.02917003e-01  1.00000000e+00]]",5,"[[ 1.40978143e-03 -1.51709340e-04 -2.14549327e-01]
 [-5.55927504e-04 -2.87279612e-03  2.37052531e+00]
 [-2.33778853e-04  2.54564017e-04  8.56759919e-01]]","[[ 7.41288000e+02 -1.82282270e+01  2.36067667e+02]
 [ 1.88378366e+01 -2.80016449e+02  7.79480588e+02]
 [ 1.96673560e-01  7.82258092e-02  1.00000000e+00]]",6
1038,43.742419741000006,"[[ 1.25460569e-03 -1.26788707e-04 -1.66395946e-01]
 [-5.18594710e-04 -2.58974862e-03  2.18183217e+00]
 [-2.63943532e-04  2.83029655e-04  8.29986981e-01]]","[[ 8.34718936e+02 -1.75385675e+01  2.13449201e+02]
 [ 4.38791978e+01 -3.00883192e+02  7.99745013e+02]
 [ 2.50485314e-01  9.70252264e-02  1.00000000e+00]]",4,"[[ 1.42708461e-03 -1.41726733e-04 -2.26778454e-01]
 [-5.08163438e-04 -2.90432913e-03  2.36158332e+00]
 [-1.94016901e-04  2.91005392e-04  8.21075160e-01]]","[[ 7.28501936e+02 -1.19463144e+01  2.35570103e+02]
 [ 9.71050254e+00 -2.67444488e+02  7.71908109e+02]
 [ 1.68700609e-01  9.19647856e-02  1.00000000e+00]]",6
1039,43.781011741,"[[ 1.25130660e-03 -1.20095437e-04 -1.70212165e-01]
 [-5.15401263e-04 -2.58197197e-03  2.17315542e+00]
 [-2.64260780e-04  2.89596129e-04  8.24771259e-01]]","[[ 8.37866672e+02 -1.51115917e+01  2.12731634e+02]
 [ 4.53093116e+01 -2.99769356e+02  7.99200491e+02]
 [ 2.52547475e-01  1.00414076e-01  1.00000000e+00]]",4,"[[ 1.42362600e-03 -1.35465104e-04 -2.30273912e-01]
 [-5.05631099e-04 -2.89748698e-03  2.35386781e+00]
 [-1.95668732e-04  2.96401069e-04  8.17383159e-01]]","[[ 7.31154134e+02 -1.01285651e+01  2.35149237e+02]
 [ 1.12757218e+01 -2.66748143e+02  7.71347399e+02]
 [ 1.70938029e-01  9.43041101e-02  1.00000000e+00]]",6
1040,43.825133741,"[[ 1.25054378e-03 -1.18914284e-04 -1.70455276e-01]
 [-5.12777042e-04 -2.58091011e-03  2.17013072e+00]
 [-2.65811338e-04  2.88167387e-04  8.26268138e-01]]","[[ 8.38640696e+02 -1.49415142e+01  2.12250434e+02]
 [ 4.65723584e+01 -3.00431883e+02  7.98669262e+02]
 [ 2.53549134e-01  9.99712355e-02  1.00000000e+00]]",4,"[[ 1.42254967e-03 -1.33334042e-04 -2.30960324e-01]
 [-5.02408501e-04 -2.89515976e-03  2.34958081e+00]
 [-1.96881175e-04  2.96301896e-04  8.17787559e-01]]","[[ 7.32006517e+02 -9.70134302e+00  2.34606836e+02]
 [ 1.23581054e+01 -2.67082203e+02  7.70842554e+02]
 [ 1.71751908e-01  9.44340010e-02  1.00000000e+00]]",6
1041,43.871798741,"[[ 1.24797346e-03 -1.14517059e-04 -1.71757542e-01]
 [-5.07013003e-04 -2.57704902e-03  2.16269951e+00]
 [-2.62936471e-04  2.94045840e-04  8.20864246e-01]]","[[ 8.40321867e+02 -1.32853910e+01  2.10831362e+02]
 [ 4.65658904e+01 -2.99086892e+02  7.97736190e+02]
 [ 2.52488472e-01  1.02881862e-01  1.00000000e+00]]",5,"[[ 1.40839922e-03 -1.43752984e-04 -2.21172249e-01]
 [-5.42210273e-04 -2.87349607e-03  2.36004459e+00]
 [-2.35751464e-04  2.54430355e-04  8.58090088e-01]]","[[ 7.43322383e+02 -1.62619395e+01  2.36316895e+02]
 [ 2.20895228e+01 -2.80339158e+02  7.76723227e+02]
 [ 1.97670498e-01  7.86549295e-02  1.00000000e+00]]",6
1042,43.911036741000004,"[[ 1.24868780e-03 -1.14027952e-04 -1.72320571e-01]
 [-5.04611560e-04 -2.57876406e-03  2.16080429e+00]
 [-2.62326270e-04  2.93387911e-04  8.21549052e-01]]","[[ 8.39799170e+02 -1.31567726e+01  2.10752947e+02]
 [ 4.64584053e+01 -2.99197816e+02  7.96682392e+02]
 [ 2.51562642e-01  1.02647133e-01  1.00000000e+00]]",5,"[[ 1.40881149e-03 -1.42802982e-04 -2.21959524e-01]
 [-5.39709470e-04 -2.87447370e-03  2.35743463e+00]
 [-2.35168722e-04  2.54319342e-04  8.58247747e-01]]","[[ 7.43106789e+02 -1.60206264e+01  2.36187289e+02]
 [ 2.20978643e+01 -2.80350286e+02  7.75781012e+02]
 [ 1.97070788e-01  7.86846808e-02  1.00000000e+00]]",6
1043,43.949862741000004,"[[ 1.24948498e-03 -1.13244352e-04 -1.73020779e-01]
 [-5.03374559e-04 -2.58062461e-03  2.15984127e+00]
 [-2.62282285e-04  2.93116222e-04  8.21957147e-01]]","[[ 8.39336971e+02 -1.29109784e+01  2.10605141e+02]
 [ 4.65451266e+01 -2.99148555e+02  7.95864687e+02]
 [ 2.51229748e-01  1.02558842e-01  1.00000000e+00]]",5,"[[ 1.40944570e-03 -1.41654012e-04 -2.22851994e-01]
 [-5.38491028e-04 -2.87590801e-03  2.35606218e+00]
 [-2.35144936e-04  2.54411801e-04  8.58314196e-01]]","[[ 7.42870212e+02 -1.57123344e+01  2.36008382e+02]
 [ 2.22343636e+01 -2.80248049e+02  7.75050448e+02]
 [ 1.96927285e-01  7.87633888e-02  1.00000000e+00]]",6
1044,43.992456741000005,"[[ 1.24956312e-03 -1.13958389e-04 -1.72535476e-01]
 [-5.03964997e-04 -2.58057644e-03  2.15951197e+00]
 [-2.63483569e-04  2.91535998e-04  8.23526846e-01]]","[[ 8.39344656e+02 -1.32684856e+01  2.10643022e+02]
 [ 4.69122735e+01 -2.99689598e+02  7.95696349e+02]
 [ 2.51937032e-01  1.01847655e-01  1.00000000e+00]]",5,"[[ 1.40952322e-03 -1.42255632e-04 -2.22448241e-01]
 [-5.39125468e-04 -2.87554053e-03  2.35550465e+00]
 [-2.36321757e-04  2.52998688e-04  8.59728949e-01]]","[[ 7.42917135e+02 -1.59866375e+01  2.36024632e+02]
 [ 2.25566466e+01 -2.80698531e+02  7.74900487e+02]
 [ 1.97574690e-01  7.82088004e-02  1.00000000e+00]]",6
1045,44.030690741,"[[ 1.25104278e-03 -1.14062366e-04 -1.73124214e-01]
 [-5.02878653e-04 -2.58149318e-03  2.16074542e+00]
 [-2.61593534e-04  2.93045619e-04  8.21942488e-01]]","[[ 8.38182142e+02 -1.30880701e+01  2.10951028e+02]
 [ 4.62134141e+01 -2.99063457e+02  7.95920231e+02]
 [ 2.50285626e-01  1.02459092e-01  1.00000000e+00]]",5,"[[ 1.41104395e-03 -1.42569103e-04 -2.22919984e-01]
 [-5.37933289e-04 -2.87675834e-03  2.35694931e+00]
 [-2.34421965e-04  2.54195657e-04  8.58361254e-01]]","[[ 7.41895486e+02 -1.58877398e+01  2.36299025e+02]
 [ 2.19490424e+01 -2.80210130e+02  7.75121139e+02]
 [ 1.96114684e-01  7.86426027e-02  1.00000000e+00]]",6
1046,44.072439741000004,"[[ 1.25094283e-03 -1.12941241e-04 -1.73718112e-01]
 [-5.03962981e-04 -2.58126094e-03  2.16063253e+00]
 [-2.60291068e-04  2.95656897e-04  8.19536321e-01]]","[[ 8.38193334e+02 -1.25378555e+01  2.10727771e+02]
 [ 4.54597230e+01 -2.98234103e+02  7.95903080e+02]
 [ 2.49816575e-01  1.03609170e-01  1.00000000e+00]]",4,"[[ 1.42280377e-03 -1.25829825e-04 -2.35059938e-01]
 [-4.93050656e-04 -2.89488288e-03  2.33891691e+00]
 [-1.90878707e-04  3.06049765e-04  8.09384088e-01]]","[[ 7.31637653e+02 -7.15269085e+00  2.33150434e+02]
 [ 1.13330104e+01 -2.64710766e+02  7.68239000e+02]
 [ 1.68258292e-01  9.84073847e-02  1.00000000e+00]]",6
1047,44.113633741,"[[ 1.25464565e-03 -1.19816548e-04 -1.70025734e-01]
 [-5.08491488e-04 -2.59025038e-03  2.16968573e+00]
 [-2.61881614e-04  2.86827741e-04  8.27053760e-01]]","[[ 8.35032531e+02 -1.52008740e+01  2.11543852e+02]
 [ 4.45971513e+01 -2.99970148e+02  7.96107393e+02]
 [ 2.48941455e-01  9.92183756e-02  1.00000000e+00]]",4,"[[ 1.42663140e-03 -1.32102737e-04 -2.31791633e-01]
 [-4.96940661e-04 -2.90263986e-03  2.34674302e+00]
 [-1.91116490e-04  2.98524879e-04  8.15239053e-01]]","[[ 7.29062468e+02 -9.15212633e+00  2.33634868e+02]
 [ 1.03112720e+01 -2.65947469e+02  7.68486780e+02]
 [ 1.67138323e-01  9.52393210e-02  1.00000000e+00]]",6
1048,44.150640741000004,"[[ 1.25048217e-03 -1.16681221e-04 -1.70061426e-01]
 [-5.11052723e-04 -2.58101919e-03  2.16575471e+00]
 [-2.61735119e-04  2.92421099e-04  8.21880188e-01]]","[[ 8.37990956e+02 -1.40451312e+01  2.10405663e+02]
 [ 4.46678779e+01 -2.99114994e+02  7.97447120e+02]
 [ 2.50973117e-01  1.01950907e-01  1.00000000e+00]]",5,"[[ 1.41199948e-03 -1.46063409e-04 -2.19738401e-01]
 [-5.46517379e-04 -2.87835138e-03  2.36374839e+00]
 [-2.33692945e-04  2.52765072e-04  8.58885731e-01]]","[[ 7.40735006e+02 -1.68698423e+01  2.35938241e+02]
 [ 2.00275594e+01 -2.80255541e+02  7.76418078e+02]
 [ 1.95651495e-01  7.78874842e-02  1.00000000e+00]]",6
1049,44.183475741,"[[ 1.24917190e-03 -1.16968133e-04 -1.68894115e-01]
 [-5.14438722e-04 -2.57954938e-03  2.16613561e+00]
 [-2.63414504e-04  2.92453863e-04  8.21954162e-01]]","[[ 8.38930168e+02 -1.42419144e+01  2.09914730e+02]
 [ 4.50107171e+01 -2.99247770e+02  7.97870884e+02]
 [ 2.52839909e-01  1.01909137e-01  1.00000000e+00]]",5,"[[ 1.41129022e-03 -1.46534962e-04 -2.18610043e-01]
 [-5.50061734e-04 -2.87743662e-03  2.36464740e+00]
 [-2.35012425e-04  2.52718654e-04  8.59055841e-01]]","[[ 7.41148903e+02 -1.70553797e+01  2.35552269e+02]
 [ 2.00863807e+01 -2.80333364e+02  7.76760501e+02]
 [ 1.96847504e-01  7.78031429e-02  1.00000000e+00]]",6
1050,44.224762741,"[[ 1.24873483e-03 -1.17648492e-04 -1.67461460e-01]
 [-5.14017315e-04 -2.57897774e-03  2.16504976e+00]
 [-2.61270443e-04  2.93694225e-04  8.20369258e-01]]","[[ 8.38656843e+02 -1.44266118e+01  2.09267997e+02]
 [ 4.38837121e+01 -2.98900046e+02  7.97789895e+02]
 [ 2.51384179e-01  1.02412383e-01  1.00000000e+00]]",5,"[[ 1.41164576e-03 -1.47313372e-04 -2.17350353e-01]
 [-5.49522628e-04 -2.87773828e-03  2.36407919e+00]
 [-2.32155940e-04  2.54007866e-04  8.57290451e-01]]","[[ 7.40364670e+02 -1.71558092e+01  2.35015114e+02]
 [ 1.87615045e+01 -2.79905272e+02  7.76628325e+02]
 [ 1.94933335e-01  7.82877235e-02  1.00000000e+00]]",6
1051,44.269467741,"[[ 1.24886902e-03 -1.18264206e-04 -1.66600509e-01]
 [-5.15527779e-04 -2.57922033e-03  2.16524322e+00]
 [-2.60707460e-04  2.93357367e-04  8.20452671e-01]]","[[ 8.38285751e+02 -1.46726293e+01  2.08943976e+02]
 [ 4.31217560e+01 -2.98958243e+02  7.97732077e+02]
 [ 2.50955688e-01  1.02231782e-01  1.00000000e+00]]",5,"[[ 1.41224851e-03 -1.47932541e-04 -2.16634116e-01]
 [-5.51078431e-04 -2.87824506e-03  2.36444490e+00]
 [-2.31140896e-04  2.53854269e-04  8.57128752e-01]]","[[ 7.39752654e+02 -1.73174630e+01  2.34739354e+02]
 [ 1.78892970e+01 -2.79864042e+02  7.76544407e+02]
 [ 1.94189982e-01  7.82168463e-02  1.00000000e+00]]",6
1052,44.306600741000004,"[[ 1.24662210e-03 -1.18451690e-04 -1.65273395e-01]
 [-5.19554945e-04 -2.57741236e-03  2.16484171e+00]
 [-2.64371525e-04  2.92467187e-04  8.21727899e-01]]","[[ 8.40125709e+02 -1.49630466e+01  2.08393868e+02]
 [ 4.43992090e+01 -2.99483959e+02  7.97920302e+02]
 [ 2.54488138e-01  1.01777520e-01  1.00000000e+00]]",5,"[[ 1.41044519e-03 -1.48121373e-04 -2.15406227e-01]
 [-5.55329450e-04 -2.87660363e-03  2.36429306e+00]
 [-2.34525156e-04  2.53138291e-04  8.58339863e-01]]","[[ 7.41046303e+02 -1.75407838e+01  2.34286616e+02]
 [ 1.88003126e+01 -2.80253587e+02  7.76675236e+02]
 [ 1.96932390e-01  7.78586223e-02  1.00000000e+00]]",6
1053,44.345631741000005,"[[ 1.24737914e-03 -1.18314232e-04 -1.64565938e-01]
 [-5.18355721e-04 -2.57634145e-03  2.16351455e+00]
 [-2.61308317e-04  2.93700973e-04  8.19882176e-01]]","[[ 8.38998433e+02 -1.48612222e+01  2.07618898e+02]
 [ 4.28560549e+01 -2.99145174e+02  7.97989761e+02]
 [ 2.52048903e-01  1.02424312e-01  1.00000000e+00]]",5,"[[ 1.41221266e-03 -1.48152165e-04 -2.14900903e-01]
 [-5.53977854e-04 -2.87665880e-03  2.36366233e+00]
 [-2.30746108e-04  2.54144855e-04  8.56526831e-01]]","[[ 7.39444592e+02 -1.74399505e+01  2.33652301e+02]
 [ 1.71090663e+01 -2.79889717e+02  7.76673318e+02]
 [ 1.94127929e-01  7.83493622e-02  1.00000000e+00]]",6
1054,44.384171741,"[[ 1.24703904e-03 -1.18911822e-04 -1.63740352e-01]
 [-5.18166424e-04 -2.57469590e-03  2.16356383e+00]
 [-2.61220835e-04  2.94348935e-04  8.19132899e-01]]","[[ 8.39106578e+02 -1.50373893e+01  2.07451023e+02]
 [ 4.30028118e+01 -2.99086161e+02  7.98567967e+02]
 [ 2.52137705e-01  1.02678837e-01  1.00000000e+00]]",5,"[[ 1.41251418e-03 -1.49124848e-04 -2.14012629e-01]
 [-5.53523841e-04 -2.87588978e-03  2.36430635e+00]
 [-2.30236390e-04  2.54393636e-04  8.56069484e-01]]","[[ 7.39104733e+02 -1.76650615e+01  2.33559737e+02]
 [ 1.70080203e+01 -2.79854902e+02  7.77159641e+02]
 [ 1.93725014e-01  7.84120532e-02  1.00000000e+00]]",6
1055,44.421349741,"[[ 1.24734043e-03 -1.18287170e-04 -1.64222973e-01]
 [-5.18219489e-04 -2.57561880e-03  2.16487265e+00]
 [-2.60588905e-04  2.95191468e-04  8.18251373e-01]]","[[ 8.38906199e+02 -1.47562093e+01  2.07409348e+02]
 [ 4.27944947e+01 -2.98671853e+02  7.98794094e+02]
 [ 2.51728362e-01  1.03049113e-01  1.00000000e+00]]",5,"[[ 1.41291248e-03 -1.48671932e-04 -2.14404132e-01]
 [-5.53555801e-04 -2.87731093e-03  2.36598692e+00]
 [-2.29630485e-04  2.54918877e-04  8.55464729e-01]]","[[ 7.38863115e+02 -1.74863576e+01  2.33542999e+02]
 [ 1.68178709e+01 -2.79544513e+02  7.77360491e+02]
 [ 1.93319837e-01  7.86072999e-02  1.00000000e+00]]",6
1056,44.461511741,"[[ 1.24710380e-03 -1.17458435e-04 -1.64620740e-01]
 [-5.17528041e-04 -2.57577042e-03  2.16396023e+00]
 [-2.60704775e-04  2.96133594e-04  8.17560736e-01]]","[[ 8.39179829e+02 -1.44451817e+01  2.07208096e+02]
 [ 4.30926934e+01 -2.98397012e+02  7.98488954e+02]
 [ 2.51989834e-01  1.03477880e-01  1.00000000e+00]]",5,"[[ 1.41269399e-03 -1.47731953e-04 -2.14866471e-01]
 [-5.52833156e-04 -2.87753012e-03  2.36506634e+00]
 [-2.29705367e-04  2.55967375e-04  8.54697968e-01]]","[[ 7.39086248e+02 -1.71863640e+01  2.33359329e+02]
 [ 1.70647411e+01 -2.79272519e+02  7.77075292e+02]
 [ 1.93523405e-01  7.90183855e-02  1.00000000e+00]]",6
1057,44.509532741,"[[ 1.24744431e-03 -1.18547759e-04 -1.64018051e-01]
 [-5.17600856e-04 -2.57715131e-03  2.16420126e+00]
 [-2.61240506e-04  2.94312177e-04  8.19265615e-01]]","[[ 8.38871618e+02 -1.49103829e+01  2.07330998e+02]
 [ 4.31365241e+01 -2.98863359e+02  7.98124094e+02]
 [ 2.51995980e-01  1.02608883e-01  1.00000000e+00]]",5,"[[ 1.41295058e-03 -1.48626948e-04 -2.14382671e-01]
 [-5.52910015e-04 -2.87844764e-03  2.36493072e+00]
 [-2.30171590e-04  2.54444390e-04  8.56087562e-01]]","[[ 7.38910223e+02 -1.75185058e+01  2.33433598e+02]
 [ 1.71115112e+01 -2.79630242e+02  7.76759985e+02]
 [ 1.93580914e-01  7.84009567e-02  1.00000000e+00]]",6
1058,44.554328741000006,"[[ 1.24781189e-03 -1.18241198e-04 -1.64645369e-01]
 [-5.18038489e-04 -2.57555612e-03  2.16393126e+00]
 [-2.60048337e-04  2.95660660e-04  8.17924966e-01]]","[[ 8.38579581e+02 -1.46663647e+01  2.07604924e+02]
 [ 4.24450193e+01 -2.98559365e+02  7.98423264e+02]
 [ 2.51272320e-01  1.03259222e-01  1.00000000e+00]]",5,"[[ 1.41301066e-03 -1.48399646e-04 -2.14871463e-01]
 [-5.53549483e-04 -2.87658666e-03  2.36460113e+00]
 [-2.29279890e-04  2.55714592e-04  8.54874077e-01]]","[[ 7.38831558e+02 -1.73428531e+01  2.33675056e+02]
 [ 1.66249835e+01 -2.79415962e+02  7.77049571e+02]
 [ 1.93183969e-01  7.89290180e-02  1.00000000e+00]]",6
1059,44.588059741,"[[ 1.24736640e-03 -1.19292310e-04 -1.63546995e-01]
 [-5.19361359e-04 -2.57759785e-03  2.16534295e+00]
 [-2.60387069e-04  2.94171499e-04  8.19192906e-01]]","[[ 8.38692053e+02 -1.51388632e+01  2.07455893e+02]
 [ 4.22225221e+01 -2.98809567e+02  7.98261986e+02]
 [ 2.51422957e-01  1.02490260e-01  1.00000000e+00]]",5,"[[ 1.41268614e-03 -1.49358216e-04 -2.13874584e-01]
 [-5.54860975e-04 -2.87855474e-03  2.36591775e+00]
 [-2.29350392e-04  2.54526943e-04  8.55820085e-01]]","[[ 7.38839068e+02 -1.76862903e+01  2.33534139e+02]
 [ 1.63309221e+01 -2.79549346e+02  7.76896383e+02]
 [ 1.93143831e-01  7.84002200e-02  1.00000000e+00]]",6
1060,44.631186741,"[[ 1.24624730e-03 -1.19387158e-04 -1.62621985e-01]
 [-5.19490522e-04 -2.57523978e-03  2.16255129e+00]
 [-2.60643597e-04  2.93905909e-04  8.19398617e-01]]","[[ 8.39313254e+02 -1.52931517e+01  2.06935926e+02]
 [ 4.21792113e+01 -2.99194567e+02  7.98003375e+02]
 [ 2.51849224e-01  1.02451953e-01  1.00000000e+00]]",5,"[[ 1.41188666e-03 -1.49307609e-04 -2.13139360e-01]
 [-5.55054668e-04 -2.87618777e-03  2.36309309e+00]
 [-2.29338392e-04  2.54536864e-04  8.55776855e-01]]","[[ 7.39158415e+02 -1.77430142e+01  2.33088970e+02]
 [ 1.61557607e+01 -2.79791463e+02  7.76623831e+02]
 [ 1.93280719e-01  7.84644815e-02  1.00000000e+00]]",6
1061,44.671785741,"[[ 1.24615369e-03 -1.20320616e-04 -1.61856636e-01]
 [-5.19036004e-04 -2.57553362e-03  2.16283155e+00]
 [-2.60882558e-04  2.92745559e-04  8.20359510e-01]]","[[ 8.39258918e+02 -1.56858053e+01  2.06940222e+02]
 [ 4.23137336e+01 -2.99535454e+02  7.98056803e+02]
 [ 2.51793090e-01  1.01901081e-01  1.00000000e+00]]",5,"[[ 1.41189069e-03 -1.50283878e-04 -2.12383453e-01]
 [-5.54483227e-04 -2.87652794e-03  2.36336184e+00]
 [-2.29467257e-04  2.53353628e-04  8.56715338e-01]]","[[ 7.39052746e+02 -1.80816162e+01  2.33094900e+02]
 [ 1.62328545e+01 -2.80083227e+02  7.76670581e+02]
 [ 1.93151385e-01  7.79850201e-02  1.00000000e+00]]",6
1062,44.712871741,"[[ 1.24660446e-03 -1.19808588e-04 -1.62720039e-01]
 [-5.19557731e-04 -2.57395214e-03  2.16262335e+00]
 [-2.60250542e-04  2.93705945e-04  8.19456307e-01]]","[[ 8.39027980e+02 -1.54041167e+01  2.07259333e+02]
 [ 4.19049925e+01 -2.99359696e+02  7.98359894e+02]
 [ 2.51446892e-01  1.02403010e-01  1.00000000e+00]]",4,"[[ 1.40811955e-03 -1.44694341e-04 -2.16257258e-01]
 [-5.82049876e-04 -2.82095567e-03  2.33422814e+00]
 [-2.31036800e-04  2.85677870e-04  8.31367686e-01]]","[[ 7.42540813e+02 -1.44249557e+01  2.33652307e+02]
 [ 1.36560229e+01 -2.76275647e+02  7.79250402e+02]
 [ 2.01659305e-01  9.09262461e-02  1.00000000e+00]]",6
1063,44.749872741000004,"[[ 1.24646028e-03 -1.20133287e-04 -1.62334384e-01]
 [-5.20770664e-04 -2.57336028e-03  2.16317269e+00]
 [-2.60112095e-04  2.94568004e-04  8.18635944e-01]]","[[ 8.39057516e+02 -1.54509307e+01  2.07211664e+02]
 [ 4.16940083e+01 -2.99121164e+02  7.98668943e+02]
 [ 2.51598149e-01  1.02722768e-01  1.00000000e+00]]",4,"[[ 1.40815679e-03 -1.45188758e-04 -2.15813991e-01]
 [-5.83318807e-04 -2.82063011e-03  2.33501750e+00]
 [-2.30864015e-04  2.86428709e-04  8.30660709e-01]]","[[ 7.42448584e+02 -1.44918287e+01  2.33632654e+02]
 [ 1.34427252e+01 -2.76064227e+02  7.79519149e+02]
 [ 2.01712055e-01  9.11648730e-02  1.00000000e+00]]",6
1064,44.794449741,"[[ 1.24606708e-03 -1.20768792e-04 -1.61087222e-01]
 [-5.21854320e-04 -2.57438510e-03  2.16518482e+00]
 [-2.61028336e-04  2.92554603e-04  8.20169246e-01]]","[[ 8.39182750e+02 -1.58746385e+01  2.06729458e+02]
 [ 4.19354173e+01 -2.99594451e+02  7.99143128e+02]
 [ 2.52121228e-01  1.01813138e-01  1.00000000e+00]]",5,"[[ 1.41262174e-03 -1.51363946e-04 -2.11439327e-01]
 [-5.57348824e-04 -2.87679693e-03  2.36687160e+00]
 [-2.29327701e-04  2.52309238e-04  8.57236578e-01]]","[[ 7.38461910e+02 -1.84192733e+01  2.32999792e+02]
 [ 1.56717622e+01 -2.80233687e+02  7.77604221e+02]
 [ 1.92940485e-01  7.75532683e-02  1.00000000e+00]]",6
1065,44.833339741,"[[ 1.24582754e-03 -1.20429094e-04 -1.60926935e-01]
 [-5.22605401e-04 -2.57123121e-03  2.16500226e+00]
 [-2.60103886e-04  2.95539404e-04  8.17271410e-01]]","[[ 8.39261932e+02 -1.55723057e+01  2.06509032e+02]
 [ 4.16426017e+01 -2.98912283e+02  8.00036774e+02]
 [ 2.52043883e-01  1.03135800e-01  1.00000000e+00]]",5,"[[ 1.41302866e-03 -1.51485089e-04 -2.11144716e-01]
 [-5.58039580e-04 -2.87464130e-03  2.36750842e+00]
 [-2.28067669e-04  2.54787102e-04  8.54790466e-01]]","[[ 7.38077292e+02 -1.82542698e+01  2.32873746e+02]
 [ 1.51803785e+01 -2.79679796e+02  7.78377341e+02]
 [ 1.92402477e-01  7.84936176e-02  1.00000000e+00]]",6
1066,44.869052741000004,"[[ 1.24547176e-03 -1.20662007e-04 -1.60778424e-01]
 [-5.24081518e-04 -2.57224195e-03  2.16759447e+00]
 [-2.60266567e-04  2.96190716e-04  8.16659263e-01]]","[[ 8.39534040e+02 -1.55862751e+01  2.06651282e+02]
 [ 4.16776458e+01 -2.98534805e+02  8.00582678e+02]
 [ 2.52440791e-01  1.03307041e-01  1.00000000e+00]]",5,"[[ 1.41273867e-03 -1.52037065e-04 -2.10794088e-01]
 [-5.59541816e-04 -2.87619955e-03  2.37058406e+00]
 [-2.28274497e-04  2.55057242e-04  8.54537841e-01]]","[[ 7.38227700e+02 -1.83581768e+01  2.33030800e+02]
 [ 1.51852257e+01 -2.79414400e+02  7.78872797e+02]
 [ 1.92671930e-01  7.84938469e-02  1.00000000e+00]]",6
1067,44.911479741,"[[ 1.24594897e-03 -1.20639343e-04 -1.60910930e-01]
 [-5.24484512e-04 -2.57303814e-03  2.16836255e+00]
 [-2.60982451e-04  2.95862020e-04  8.17069445e-01]]","[[ 8.39327932e+02 -1.55891668e+01  2.06665424e+02]
 [ 4.20183843e+01 -2.98558523e+02  8.00598213e+02]
 [ 2.52877180e-01  1.03129090e-01  1.00000000e+00]]",5,"[[ 1.41337873e-03 -1.52056716e-04 -2.10945266e-01]
 [-5.59910547e-04 -2.87717794e-03  2.37147966e+00]
 [-2.28919689e-04  2.54611372e-04  8.55035082e-01]]","[[ 7.37988855e+02 -1.83792483e+01  2.33044554e+02]
 [ 1.54480167e+01 -2.79452848e+02  7.78886675e+02]
 [ 1.92982653e-01  7.82944497e-02  1.00000000e+00]]",6
1068,44.939887741,"[[ 1.24623569e-03 -1.20377775e-04 -1.61541415e-01]
 [-5.22792570e-04 -2.57245660e-03  2.16829291e+00]
 [-2.60147718e-04  2.97251131e-04  8.15798736e-01]]","[[ 8.39181879e+02 -1.53528401e+01  2.06977622e+02]
 [ 4.20894820e+01 -2.98166592e+02  8.00824606e+02]
 [ 2.52268232e-01  1.03746607e-01  1.00000000e+00]]",5,"[[ 1.41346099e-03 -1.51913964e-04 -2.11434402e-01]
 [-5.58058876e-04 -2.87662429e-03  2.37141163e+00]
 [-2.28231130e-04  2.55834207e-04  8.53928660e-01]]","[[ 7.37963755e+02 -1.82210717e+01  2.33322286e+02]
 [ 1.55844430e+01 -2.79162193e+02  7.79109063e+02]
 [ 1.92567923e-01  7.87660909e-02  1.00000000e+00]]",6
1069,44.981485741,"[[ 1.24777300e-03 -1.20061638e-04 -1.63320991e-01]
 [-5.22653909e-04 -2.57514199e-03  2.17098788e+00]
 [-2.61513979e-04  2.96053517e-04  8.17286905e-01]]","[[ 8.38646508e+02 -1.51935020e+01  2.07948379e+02]
 [ 4.29145039e+01 -2.98258459e+02  8.00850148e+02]
 [ 2.52803262e-01  1.03179376e-01  1.00000000e+00]]",5,"[[ 1.41402839e-03 -1.51497605e-04 -2.13001326e-01]
 [-5.57967919e-04 -2.87832968e-03  2.37348175e+00]
 [-2.30369102e-04  2.54563958e-04  8.55572623e-01]]","[[ 7.38180480e+02 -1.81474209e+01  2.34119218e+02]
 [ 1.67032378e+01 -2.79387485e+02  7.79219544e+02]
 [ 1.93790600e-01  7.82416093e-02  1.00000000e+00]]",6
1070,45.024434741,"[[ 1.24860050e-03 -1.18715162e-04 -1.64868314e-01]
 [-5.20405271e-04 -2.57609076e-03  2.17120181e+00]
 [-2.60161289e-04  2.96873495e-04  8.16431743e-01]]","[[ 8.38173575e+02 -1.46350142e+01  2.08178865e+02]
 [ 4.27013341e+01 -2.97870312e+02  8.00773198e+02]
 [ 2.51562271e-01  1.03649003e-01  1.00000000e+00]]",5,"[[ 1.41446873e-03 -1.50146060e-04 -2.14440518e-01]
 [-5.55650880e-04 -2.87930393e-03  2.37367698e+00]
 [-2.29428106e-04  2.55082208e-04  8.55004795e-01]]","[[ 7.38021457e+02 -1.77270493e+01  2.34314466e+02]
 [ 1.67233248e+01 -2.79149903e+02  7.79174412e+02]
 [ 1.93048090e-01  7.85248114e-02  1.00000000e+00]]",6
1071,45.062239741000006,"[[ 1.24801670e-03 -1.18562433e-04 -1.64845671e-01]
 [-5.19896939e-04 -2.57738859e-03  2.17199552e+00]
 [-2.61549465e-04  2.95888075e-04  8.17518337e-01]]","[[ 8.38776197e+02 -1.46879845e+01  2.08155407e+02]
 [ 4.36386382e+01 -2.98072750e+02  8.00723713e+02]
 [ 2.52556186e-01  1.03183664e-01  1.00000000e+00]]",5,"[[ 1.41383974e-03 -1.49998629e-04 -2.14390165e-01]
 [-5.55018993e-04 -2.88079012e-03  2.37455212e+00]
 [-2.30905929e-04  2.53939645e-04  8.56248386e-01]]","[[ 7.38569942e+02 -1.78031445e+01  2.34297232e+02]
 [ 1.75794139e+01 -2.79362474e+02  7.79130939e+02]
 [ 1.93957817e-01  7.80501977e-02  1.00000000e+00]]",6
1072,45.104777741,"[[ 1.24843263e-03 -1.18109420e-04 -1.65329081e-01]
 [-5.19067667e-04 -2.57735153e-03  2.17105446e+00]
 [-2.61040087e-04  2.96688473e-04  8.16856512e-01]]","[[ 8.38514687e+02 -1.44641186e+01  2.08155593e+02]
 [ 4.35286165e+01 -2.97848659e+02  8.00437037e+02]
 [ 2.52151394e-01  1.03558640e-01  1.00000000e+00]]",5,"[[ 1.41419803e-03 -1.49418640e-04 -2.14941064e-01]
 [-5.54139107e-04 -2.88054003e-03  2.37339811e+00]
 [-2.30343879e-04  2.54973158e-04  8.55373464e-01]]","[[ 7.38391727e+02 -1.75641449e+01  2.34280604e+02]
 [ 1.74913189e+01 -2.79121929e+02  7.78872727e+02]
 [ 1.93627935e-01  7.84719299e-02  1.00000000e+00]]",6
1073,45.145522741,"[[ 1.24806005e-03 -1.17897726e-04 -1.65622229e-01]
 [-5.17938507e-04 -2.57742561e-03  2.16951429e+00]
 [-2.61255271e-04  2.97460733e-04  8.16475674e-01]]","[[ 8.38889588e+02 -1.43370129e+01  2.08264769e+02]
 [ 4.39047067e+01 -2.97677523e+02  7.99885726e+02]
 [ 2.52431771e-01  1.03863173e-01  1.00000000e+00]]",5,"[[ 1.41338753e-03 -1.48915108e-04 -2.15288425e-01]
 [-5.53079211e-04 -2.87996275e-03  2.37136358e+00]
 [-2.30764876e-04  2.56119930e-04  8.54712516e-01]]","[[ 7.38982237e+02 -1.73711271e+01  2.34333271e+02]
 [ 1.79403124e+01 -2.78930070e+02  7.78398512e+02]
 [ 1.94142791e-01  7.88930812e-02  1.00000000e+00]]",6
1074,45.195947741000005,"[[ 1.24842251e-03 -1.17631767e-04 -1.66438111e-01]
 [-5.17477216e-04 -2.57491439e-03  2.16748295e+00]
 [-2.61547370e-04  2.98180966e-04  8.16086099e-01]]","[[ 8.38862330e+02 -1.41565076e+01  2.08682210e+02]
 [ 4.41445844e+01 -2.97756936e+02  7.99830343e+02]
 [ 2.52717406e-01  1.04257202e-01  1.00000000e+00]]",4,"[[ 1.40882866e-03 -1.43306243e-04 -2.19106200e-01]
 [-5.79338183e-04 -2.82289480e-03  2.33977648e+00]
 [-2.34248870e-04  2.88502368e-04  8.29815003e-01]]","[[ 7.43229824e+02 -1.37204538e+01  2.34930745e+02]
 [ 1.65878114e+01 -2.75306001e+02  7.80642668e+02]
 [ 2.04039603e-01  9.18426785e-02  1.00000000e+00]]",6
1075,45.231587741000006,"[[ 1.24745157e-03 -1.16568266e-04 -1.67489741e-01]
 [-5.18321901e-04 -2.57418657e-03  2.16821403e+00]
 [-2.63829082e-04  2.98476209e-04  8.16310276e-01]]","[[ 8.40109171e+02 -1.38049479e+01  2.09040306e+02]
 [ 4.55210734e+01 -2.97750631e+02  8.00199911e+02]
 [ 2.54876461e-01  1.04408012e-01  1.00000000e+00]]",5,"[[ 1.41176430e-03 -1.47491473e-04 -2.16893624e-01]
 [-5.53640871e-04 -2.87557501e-03  2.36942598e+00]
 [-2.34192729e-04  2.57241700e-04  8.54708624e-01]]","[[ 7.40661208e+02 -1.69676900e+01  2.34990467e+02]
 [ 1.97283166e+01 -2.79104291e+02  7.78740128e+02]
 [ 1.97005762e-01  7.93528354e-02  1.00000000e+00]]",6
1076,45.271819741,"[[ 1.24783470e-03 -1.16012673e-04 -1.67990337e-01]
 [-5.18124479e-04 -2.57652319e-03  2.17044911e+00]
 [-2.64039548e-04  2.97299623e-04  8.17247392e-01]]","[[ 8.39931596e+02 -1.36992577e+01  2.09035765e+02]
 [ 4.56916372e+01 -2.97825571e+02  8.00358625e+02]
 [ 2.54746671e-01  1.03917473e-01  1.00000000e+00]]",5,"[[ 1.41221848e-03 -1.46992768e-04 -2.17378459e-01]
 [-5.53291021e-04 -2.87828917e-03  2.37188205e+00]
 [-2.34438659e-04  2.55764462e-04  8.55881316e-01]]","[[ 7.40482593e+02 -1.69341379e+01  2.34998404e+02]
 [ 1.99004708e+01 -2.79233177e+02  7.78886140e+02]
 [ 1.96882336e-01  7.88052100e-02  1.00000000e+00]]",6
1077,45.314290741,"[[ 1.24812630e-03 -1.16085373e-04 -1.68006727e-01]
 [-5.17056926e-04 -2.57624380e-03  2.16989896e+00]
 [-2.63529141e-04  2.97770123e-04  8.16778357e-01]]","[[ 8.39673618e+02 -1.36738301e+01  2.09042814e+02]
 [ 4.56451489e+01 -2.97715696e+02  8.00317083e+02]
 [ 2.54275476e-01  1.04125417e-01  1.00000000e+00]]",5,"[[ 1.41256482e-03 -1.47109768e-04 -2.17384589e-01]
 [-5.52141664e-04 -2.87811604e-03  2.37136921e+00]
 [-2.33886547e-04  2.56170992e-04  8.55446567e-01]]","[[ 7.40230257e+02 -1.69185276e+01  2.35005591e+02]
 [ 1.98477478e+01 -2.79141531e+02  7.78847273e+02]
 [ 1.96441821e-01  7.89657117e-02  1.00000000e+00]]",6
1078,45.349838741000006,"[[ 1.24852111e-03 -1.16155595e-04 -1.68416642e-01]
 [-5.17114153e-04 -2.57851349e-03  2.17141650e+00]
 [-2.64323144e-04  2.96727761e-04  8.17908437e-01]]","[[ 8.39578076e+02 -1.37314227e+01  2.09333405e+02]
 [ 4.60461892e+01 -2.97817056e+02  8.00138235e+02]
 [ 2.54621085e-01  1.03607020e-01  1.00000000e+00]]",5,"[[ 1.41261886e-03 -1.47079235e-04 -2.17761468e-01]
 [-5.52190357e-04 -2.88001086e-03  2.37260702e+00]
 [-2.34881755e-04  2.55205373e-04  8.56519160e-01]]","[[ 7.40386118e+02 -1.69661503e+01  2.35233004e+02]
 [ 2.03202766e+01 -2.79254471e+02  7.78717071e+02]
 [ 1.96980237e-01  7.85530616e-02  1.00000000e+00]]",6
1079,45.389980741,"[[ 1.24791456e-03 -1.15845704e-04 -1.68286440e-01]
 [-5.16896290e-04 -2.57818725e-03  2.16961533e+00]
 [-2.63780587e-04  2.97535324e-04  8.17240177e-01]]","[[ 8.39894975e+02 -1.36098168e+01  2.09082969e+02]
 [ 4.57318042e+01 -2.97645557e+02  7.99608761e+02]
 [ 2.54443147e-01  1.03971958e-01  1.00000000e+00]]",5,"[[ 1.41194364e-03 -1.46522923e-04 -2.17768691e-01]
 [-5.52096187e-04 -2.87946051e-03  2.37060754e+00]
 [-2.34284558e-04  2.56391437e-04  8.55524879e-01]]","[[ 7.40680295e+02 -1.67658178e+01  2.34992760e+02]
 [ 2.00323407e+01 -2.79012300e+02  7.78225269e+02]
 [ 1.96831020e-01  7.90256300e-02  1.00000000e+00]]",6
1080,45.435192741,"[[ 1.24817252e-03 -1.16333058e-04 -1.67507590e-01]
 [-5.14982864e-04 -2.57759693e-03  2.16709046e+00]
 [-2.62403024e-04  2.96637267e-04  8.17729477e-01]]","[[ 8.39320402e+02 -1.38655081e+01  2.08675795e+02]
 [ 4.50185035e+01 -2.98033198e+02  7.99048905e+02]
 [ 2.53000597e-01  1.03664359e-01  1.00000000e+00]]",4,"[[ 1.40812358e-03 -1.41636891e-04 -2.20267654e-01]
 [-5.76710192e-04 -2.82525591e-03  2.33903231e+00]
 [-2.35304175e-04  2.87053871e-04  8.31378535e-01]]","[[ 7.43913962e+02 -1.34298728e+01  2.34878676e+02]
 [ 1.74679107e+01 -2.75580240e+02  7.79956030e+02]
 [ 2.04517945e-01  9.13498081e-02  1.00000000e+00]]",6
1081,45.469022741,"[[ 1.24898305e-03 -1.17265854e-04 -1.67299457e-01]
 [-5.13986401e-04 -2.57758511e-03  2.16694864e+00]
 [-2.62424601e-04  2.95295533e-04  8.18891251e-01]]","[[ 8.38707258e+02 -1.42165898e+01  2.08967783e+02]
 [ 4.50543271e+01 -2.98471735e+02  7.99019995e+02]
 [ 2.52528130e-01  1.03074232e-01  1.00000000e+00]]",4,"[[ 1.40877288e-03 -1.42512572e-04 -2.20072372e-01]
 [-5.75652253e-04 -2.82476373e-03  2.33852439e+00]
 [-2.35428130e-04  2.85860620e-04  8.32395489e-01]]","[[ 7.43523667e+02 -1.37183206e+01  2.35116176e+02]
 [ 1.75758451e+01 -2.75969030e+02  7.79951688e+02]
 [ 2.04256447e-01  9.08930916e-02  1.00000000e+00]]",6
1082,45.510006741000005,"[[ 1.25003486e-03 -1.15707349e-04 -1.69366974e-01]
 [-5.13373680e-04 -2.57729658e-03  2.16807176e+00]
 [-2.61101390e-04  2.97575947e-04  8.16789916e-01]]","[[ 8.38214644e+02 -1.34433274e+01  2.09493253e+02]
 [ 4.47312131e+01 -2.97702125e+02  7.99490233e+02]
 [ 2.51653542e-01  1.04162550e-01  1.00000000e+00]]",5,"[[ 1.41366159e-03 -1.46306074e-04 -2.18818983e-01]
 [-5.48509713e-04 -2.87802275e-03  2.36863104e+00]
 [-2.31968628e-04  2.56313356e-04  8.55135671e-01]]","[[ 7.39541870e+02 -1.66374147e+01  2.35323708e+02]
 [ 1.93785820e+01 -2.79144130e+02  7.78157054e+02]
 [ 1.94803619e-01  7.91558731e-02  1.00000000e+00]]",6
1083,45.556462741000004,"[[ 1.25048114e-03 -1.15589366e-04 -1.69440809e-01]
 [-5.13528973e-04 -2.58007967e-03  2.17015452e+00]
 [-2.60957952e-04  2.96933189e-04  8.17263251e-01]]","[[ 8.37871886e+02 -1.34383384e+01  2.09397597e+02]
 [ 4.46269425e+01 -2.97579060e+02  7.99441510e+02]
 [ 2.51324296e-01  1.03827326e-01  1.00000000e+00]]",5,"[[ 1.41427813e-03 -1.46265911e-04 -2.18892256e-01]
 [-5.48559559e-04 -2.88127232e-03  2.37098135e+00]
 [-2.31707618e-04  2.55486236e-04  8.55712823e-01]]","[[ 7.39152701e+02 -1.66630705e+01  2.35245547e+02]
 [ 1.92447630e+01 -2.79050156e+02  7.78105957e+02]
 [ 1.94399961e-01  7.88027382e-02  1.00000000e+00]]",6
1084,45.587512741000005,"[[ 1.24885654e-03 -1.16065008e-04 -1.68256744e-01]
 [-5.17148984e-04 -2.57858532e-03  2.17059229e+00]
 [-2.65181411e-04  2.95455874e-04  8.19120269e-01]]","[[ 8.39399042e+02 -1.38275992e+01  2.09064086e+02]
 [ 4.63351619e+01 -2.98248130e+02  7.99847495e+02]
 [ 2.55033399e-01  1.03101270e-01  1.00000000e+00]]",5,"[[ 1.41317547e-03 -1.46834292e-04 -2.17773926e-01]
 [-5.52174335e-04 -2.87997762e-03  2.37163916e+00]
 [-2.35554872e-04  2.54115447e-04  8.57538605e-01]]","[[ 7.40151330e+02 -1.70022872e+01  2.34985282e+02]
 [ 2.05108449e+01 -2.79584941e+02  7.78438799e+02]
 [ 1.97232088e-01  7.81794314e-02  1.00000000e+00]]",6
1085,45.625255741000004,"[[ 1.25015964e-03 -1.16298583e-04 -1.68336028e-01]
 [-5.15314463e-04 -2.57829968e-03  2.17094650e+00]
 [-2.60981580e-04  2.97567125e-04  8.16451420e-01]]","[[ 8.37915715e+02 -1.36636967e+01  2.09093345e+02]
 [ 4.44222370e+01 -2.97501550e+02  8.00216395e+02]
 [ 2.51652413e-01  1.04060947e-01  1.00000000e+00]]",4,"[[ 1.41015389e-03 -1.42226063e-04 -2.20727352e-01]
 [-5.76815020e-04 -2.82686966e-03  2.34356020e+00]
 [-2.34469992e-04  2.87022332e-04  8.31001073e-01]]","[[ 7.42752928e+02 -1.34787336e+01  2.35299468e+02]
 [ 1.72454390e+01 -2.75316251e+02  7.81017946e+02]
 [ 2.03613994e-01  9.12893574e-02  1.00000000e+00]]",6
1086,45.664802741,"[[ 1.26599274e-03 -1.38094298e-04 -1.58379647e-01]
 [-5.53382437e-04 -2.94385965e-03  2.36244852e+00]
 [-2.73216272e-04  2.66628602e-04  8.53403225e-01]]","[[ 8.26170935e+02 -1.98830227e+01  2.08367245e+02]
 [ 4.55393821e+01 -2.72690525e+02  7.63331822e+02]
 [ 2.50270019e-01  7.88311154e-02  1.00000000e+00]]",3,"[[ 1.46003276e-03 -1.47732718e-04 -2.26321634e-01]
 [-5.55364722e-04 -3.36330963e-03  2.60667683e+00]
 [-2.05388559e-04  2.35651426e-04  8.73452843e-01]]","[[ 7.11446574e+02 -1.51633882e+01  2.29596601e+02]
 [ 1.00742756e+01 -2.46122040e+02  7.37121245e+02]
 [ 1.64575536e-01  6.28363897e-02  1.00000000e+00]]",6
1087,45.716584741000005,"[[ 1.25757882e-03 -1.30991676e-04 -1.59255172e-01]
 [-5.46728924e-04 -2.85547370e-03  2.31469432e+00]
 [-2.71892722e-04  2.73649888e-04  8.45284380e-01]]","[[ 8.31950802e+02 -1.83326202e+01  2.06944413e+02]
 [ 4.56525725e+01 -2.78411882e+02  7.70993557e+02]
 [ 2.52824436e-01  8.42354076e-02  1.00000000e+00]]",4,"[[ 1.43623286e-03 -1.47912649e-04 -2.20468913e-01]
 [-5.40236667e-04 -3.20439725e-03  2.51479731e+00]
 [-1.99233708e-04  2.77065321e-04  8.39208592e-01]]","[[ 7.23152286e+02 -1.34649738e+01  2.30329241e+02]
 [ 1.01792878e+01 -2.48041933e+02  7.45964006e+02]
 [ 1.68320469e-01  7.86945484e-02  1.00000000e+00]]",6
1088,45.755079741,"[[ 1.26326513e-03 -1.39429200e-04 -1.56352365e-01]
 [-5.46668607e-04 -2.87108297e-03  2.32566011e+00]
 [-2.74355423e-04  2.61827483e-04  8.55602191e-01]]","[[ 8.27786577e+02 -2.11599204e+01  2.08785314e+02]
 [ 4.59949285e+01 -2.80289303e+02  7.70275106e+02]
 [ 2.51360974e-01  7.89877640e-02  1.00000000e+00]]",3,"[[ 1.41482778e-03 -1.42780293e-04 -2.18450558e-01]
 [-5.98059599e-04 -3.11225537e-03  2.48293535e+00]
 [-2.27503324e-04  2.86492896e-04  8.36551147e-01]]","[[ 7.38500400e+02 -1.26670371e+01  2.30442883e+02]
 [ 1.43847112e+01 -2.52607317e+02  7.53510393e+02]
 [ 1.95911725e-01  8.30653439e-02  1.00000000e+00]]",6
1089,45.794445741000004,"[[ 1.26703288e-03 -1.44382020e-04 -1.55571194e-01]
 [-5.48638418e-04 -2.87831942e-03  2.33208014e+00]
 [-2.76627324e-04  2.54158655e-04  8.62515021e-01]]","[[ 8.25334803e+02 -2.28096426e+01  2.10538055e+02]
 [ 4.61357507e+01 -2.81739271e+02  7.70092043e+02]
 [ 2.51107926e-01  7.57050050e-02  1.00000000e+00]]",3,"[[ 1.41584862e-03 -1.46203136e-04 -2.17824829e-01]
 [-6.00924016e-04 -3.11333416e-03  2.48559605e+00]
 [-2.31543923e-04  2.81284305e-04  8.41650824e-01]]","[[ 7.38344690e+02 -1.37417958e+01  2.31671322e+02]
 [ 1.55156880e+01 -2.53836285e+02  7.53654786e+02]
 [ 1.97938268e-01  8.10530116e-02  1.00000000e+00]]",6
1090,45.836175741000005,"[[ 1.27102392e-03 -1.48625738e-04 -1.54359931e-01]
 [-5.49133820e-04 -2.88948386e-03  2.34009010e+00]
 [-2.76699658e-04  2.45398569e-04  8.69628979e-01]]","[[ 8.22283955e+02 -2.43378326e+01  2.11446974e+02]
 [ 4.52715912e+01 -2.83043698e+02  7.69679817e+02]
 [ 2.48860273e-01  7.21275969e-02  1.00000000e+00]]",3,"[[ 1.41987205e-03 -1.50037211e-04 -2.16897172e-01]
 [-6.00644501e-04 -3.12431196e-03  2.49300012e+00]
 [-2.30713374e-04  2.73102485e-04  8.47888779e-01]]","[[ 7.35690535e+02 -1.50190174e+01  2.32355486e+02]
 [ 1.45570503e+01 -2.54925043e+02  7.53265715e+02]
 [ 1.95495073e-01  7.80238827e-02  1.00000000e+00]]",6
1091,45.878112741,"[[ 1.26518116e-03 -1.41967436e-04 -1.56208369e-01]
 [-5.49718989e-04 -2.87564351e-03  2.33047409e+00]
 [-2.76195355e-04  2.55185669e-04  8.61406516e-01]]","[[ 8.26585896e+02 -2.21808244e+01  2.09902604e+02]
 [ 4.57812306e+01 -2.81652379e+02  7.70292503e+02]
 [ 2.51468345e-01  7.63256475e-02  1.00000000e+00]]",4,"[[ 1.44160436e-03 -1.57344256e-04 -2.17800357e-01]
 [-5.42416063e-04 -3.21936257e-03  2.52645637e+00]
 [-2.03403143e-04  2.60970516e-04  8.52702928e-01]]","[[ 7.20314709e+02 -1.63609826e+01  2.32460923e+02]
 [ 1.08686261e+01 -2.50711047e+02  7.45602825e+02]
 [ 1.68496999e-01  7.28276098e-02  1.00000000e+00]]",6
1092,45.915341741000006,"[[ 1.26437521e-03 -1.38372725e-04 -1.57709332e-01]
 [-5.45570317e-04 -2.87094461e-03  2.32471153e+00]
 [-2.72545754e-04  2.61921462e-04  8.55278264e-01]]","[[ 8.26985642e+02 -2.07909608e+01  2.09003721e+02]
 [ 4.50623076e+01 -2.80238977e+02  7.70020187e+02]
 [ 2.49729999e-01  7.91954121e-02  1.00000000e+00]]",4,"[[ 1.44181032e-03 -1.54424493e-04 -2.19201574e-01]
 [-5.38238639e-04 -3.21686617e-03  2.52217109e+00]
 [-1.99654631e-04  2.66709795e-04  8.47524081e-01]]","[[ 7.19952355e+02 -1.53382272e+01  2.31852200e+02]
 [ 1.00382630e+01 -2.49554637e+02  7.45253033e+02]
 [ 1.66443080e-01  7.49197803e-02  1.00000000e+00]]",6
1093,45.957756741000004,"[[ 1.26334159e-03 -1.41776886e-04 -1.55719961e-01]
 [-5.51111372e-04 -2.86898539e-03  2.32636021e+00]
 [-2.80414582e-04  2.56843787e-04  8.60895708e-01]]","[[ 8.28437424e+02 -2.21623849e+01  2.09737291e+02]
 [ 4.80456507e+01 -2.81944300e+02  7.70576113e+02]
 [ 2.55507961e-01  7.68977998e-02  1.00000000e+00]]",3,"[[ 1.41291757e-03 -1.43769552e-04 -2.18023625e-01]
 [-6.03105222e-04 -3.10541980e-03  2.48074100e+00]
 [-2.34776461e-04  2.83640101e-04  8.40382311e-01]]","[[ 7.40517123e+02 -1.31818811e+01  2.31027067e+02]
 [ 1.68917524e+01 -2.53933820e+02  7.53974509e+02]
 [ 2.01176071e-01  8.20234055e-02  1.00000000e+00]]",6
1094,45.990207741000006,"[[ 1.25562840e-03 -1.34406231e-04 -1.57628672e-01]
 [-5.51145360e-04 -2.85030956e-03  2.31333427e+00]
 [-2.82082186e-04  2.69010866e-04  8.51197019e-01]]","[[ 8.34514427e+02 -1.97104351e+01  2.08107197e+02]
 [ 5.02098952e+01 -2.80405406e+02  7.71367777e+02]
 [ 2.60685413e-01  8.20869162e-02  1.00000000e+00]]",3,"[[ 1.40638185e-03 -1.37682667e-04 -2.19424054e-01]
 [-6.03353382e-04 -3.09028535e-03  2.47038543e+00]
 [-2.36621249e-04  2.93658762e-04  8.32824613e-01]]","[[ 7.44857216e+02 -1.13406038e+01  2.29886641e+02]
 [ 1.85266589e+01 -2.52720788e+02  7.54520144e+02]
 [ 2.05095439e-01  8.58887270e-02  1.00000000e+00]]",6
1095,46.039237741,"[[ 1.26048922e-03 -1.38757219e-04 -1.56584873e-01]
 [-5.50357328e-04 -2.86298693e-03  2.32152915e+00]
 [-2.80913855e-04  2.61793070e-04  8.56968353e-01]]","[[ 8.30703196e+02 -2.11438149e+01  2.09064356e+02]
 [ 4.89835857e+01 -2.81187489e+02  7.70687784e+02]
 [ 2.57340278e-01  7.89683135e-02  1.00000000e+00]]",3,"[[ 1.41086677e-03 -1.41241612e-04 -2.18776105e-01]
 [-6.01964942e-04 -3.10162319e-03  2.47724468e+00]
 [-2.34751392e-04  2.87762859e-04  8.37161680e-01]]","[[ 7.41855952e+02 -1.23932825e+01  2.30542741e+02]
 [ 1.73940062e+01 -2.53253913e+02  7.53949106e+02]
 [ 2.02047433e-01  8.35773199e-02  1.00000000e+00]]",6
1096,46.073153741000006,"[[ 1.26299380e-03 -1.40645914e-04 -1.56255573e-01]
 [-5.47527448e-04 -2.87145881e-03  2.32530755e+00]
 [-2.79150766e-04  2.57606737e-04  8.60146284e-01]]","[[ 8.28613935e+02 -2.17957265e+01  2.09449620e+02]
 [ 4.81033745e+01 -2.81544629e+02  7.69862390e+02]
 [ 2.54510733e-01  7.72467436e-02  1.00000000e+00]]",3,"[[ 1.41322187e-03 -1.43057869e-04 -2.18509602e-01]
 [-5.99186603e-04 -3.10972515e-03  2.48071141e+00]
 [-2.33052010e-04  2.83610402e-04  8.40176573e-01]]","[[ 7.40165347e+02 -1.29947383e+01  2.30867459e+02]
 [ 1.66751632e+01 -2.53642339e+02  7.53243006e+02]
 [ 1.99681564e-01  8.20150883e-02  1.00000000e+00]]",6
1097,46.120160741,"[[ 1.36145325e-03 -1.54896277e-04 -1.88316634e-01]
 [-5.06367887e-04 -2.96664327e-03  2.37057160e+00]
 [-2.23905752e-04  2.48527321e-04  8.61295772e-01]]","[[ 7.63667340e+02 -2.10351405e+01  2.24866504e+02]
 [ 2.29884253e+01 -2.74555319e+02  7.60693558e+02]
 [ 1.91892569e-01  7.37546974e-02  1.00000000e+00]]",3,"[[ 1.50958745e-03 -1.64354862e-04 -2.42634793e-01]
 [-4.56544233e-04 -3.25852424e-03  2.50623764e+00]
 [-1.68112842e-04  2.56386086e-04  8.51935492e-01]]","[[ 6.84536259e+02 -1.55808131e+01  2.40794679e+02]
 [ 6.48459950e+00 -2.49352323e+02  7.35395546e+02]
 [ 1.33128360e-01  7.19668706e-02  1.00000000e+00]]",6
1098,46.148040741,"[[ 1.26920190e-03 -1.43028346e-04 -1.58071521e-01]
 [-5.43433445e-04 -2.88138762e-03  2.33193609e+00]
 [-2.76934144e-04  2.52802689e-04  8.63980835e-01]]","[[ 8.24406246e+02 -2.23875682e+01  2.11256454e+02]
 [ 4.71985550e+01 -2.81887600e+02  7.69466855e+02]
 [ 2.50438792e-01  7.53049820e-02  1.00000000e+00]]",3,"[[ 1.41738086e-03 -1.45061006e-04 -2.20052169e-01]
 [-5.95680590e-04 -3.11625366e-03  2.48534913e+00]
 [-2.32922673e-04  2.79061988e-04  8.43944493e-01]]","[[ 7.38012277e+02 -1.35489214e+01  2.32331633e+02]
 [ 1.69147805e+01 -2.54242096e+02  7.53133072e+02]
 [ 1.98093028e-01  8.03292804e-02  1.00000000e+00]]",6
1099,46.187255741,"[[ 1.26959386e-03 -1.42689895e-04 -1.58425678e-01]
 [-5.42248990e-04 -2.88354992e-03  2.33285247e+00]
 [-2.76190841e-04  2.53128569e-04  8.63613285e-01]]","[[ 8.24111173e+02 -2.22364673e+01  2.11245904e+02]
 [ 4.70851860e+01 -2.81593073e+02  7.69296409e+02]
 [ 2.49756872e-01  7.54246652e-02  1.00000000e+00]]",3,"[[ 1.41815874e-03 -1.44881184e-04 -2.20413544e-01]
 [-5.93995349e-04 -3.11959341e-03  2.48679682e+00]
 [-2.31685835e-04  2.79077445e-04  8.43708698e-01]]","[[ 7.37458017e+02 -1.34641278e+01  2.32341193e+02]
 [ 1.66284409e+01 -2.53971457e+02  7.52914537e+02]
 [ 1.97008700e-01  8.03100142e-02  1.00000000e+00]]",6
1100,46.226679741000005,"[[ 1.26450256e-03 -1.37240346e-04 -1.59033147e-01]
 [-5.42593204e-04 -2.87374226e-03  2.32442104e+00]
 [-2.75104847e-04  2.58981118e-04  8.58326412e-01]]","[[ 8.27487905e+02 -2.06590664e+01  2.09265813e+02]
 [ 4.68507061e+01 -2.80883289e+02  7.69336505e+02]
 [ 2.51084532e-01  7.81288540e-02  1.00000000e+00]]",4,"[[ 1.44142052e-03 -1.53272163e-04 -2.20427432e-01]
 [-5.35228611e-04 -3.21932139e-03  2.52157990e+00]
 [-2.03036137e-04  2.63195177e-04  8.51131402e-01]]","[[ 7.20758608e+02 -1.53394100e+01  2.32108129e+02]
 [ 1.19476507e+01 -2.50312475e+02  7.44675258e+02]
 [ 1.68241330e-01  7.37448784e-02  1.00000000e+00]]",6
1101,46.265225741,"[[ 1.26715689e-03 -1.41903660e-04 -1.57161008e-01]
 [-5.42123295e-04 -2.88002143e-03  2.32844232e+00]
 [-2.77486345e-04  2.50682729e-04  8.65553237e-01]]","[[ 8.25606038e+02 -2.23884532e+01  2.10135311e+02]
 [ 4.74656186e+01 -2.82629529e+02  7.68925899e+02]
 [ 2.50932677e-01  7.46780774e-02  1.00000000e+00]]",4,"[[ 1.44376313e-03 -1.57354692e-04 -2.18862001e-01]
 [-5.33997743e-04 -3.22395084e-03  2.52402518e+00]
 [-2.04870132e-04  2.55904610e-04  8.57193791e-01]]","[[ 7.19500589e+02 -1.66451830e+01  2.32717737e+02]
 [ 1.25263192e+01 -2.51706057e+02  7.44352056e+02]
 [ 1.68221748e-01  7.11655170e-02  1.00000000e+00]]",6
1102,46.305380741,"[[ 1.26563906e-03 -1.37195286e-04 -1.60880754e-01]
 [-5.38763089e-04 -2.87344506e-03  2.32317186e+00]
 [-2.75268454e-04  2.58253046e-04  8.59332657e-01]]","[[ 8.27133539e+02 -2.05754350e+01  2.10477441e+02]
 [ 4.75708386e+01 -2.81168192e+02  7.69033108e+02]
 [ 2.50657827e-01  7.79078664e-02  1.00000000e+00]]",4,"[[ 1.44099271e-03 -1.52738039e-04 -2.22138850e-01]
 [-5.31195244e-04 -3.21660667e-03  2.51857056e+00]
 [-2.04149548e-04  2.63083955e-04  8.51715066e-01]]","[[ 7.21385576e+02 -1.51917872e+01  2.33070141e+02]
 [ 1.30905215e+01 -2.50616070e+02  7.44500354e+02]
 [ 1.68867076e-01  7.37707631e-02  1.00000000e+00]]",6
1103,46.349539741,"[[ 1.27091686e-03 -1.43934021e-04 -1.59571212e-01]
 [-5.41822475e-04 -2.88661310e-03  2.33465968e+00]
 [-2.80791717e-04  2.46536338e-04  8.70149448e-01]]","[[ 8.24036972e+02 -2.29283280e+01  2.12632924e+02]
 [ 4.91338819e+01 -2.83209385e+02  7.68876986e+02]
 [ 2.51990586e-01  7.28418781e-02  1.00000000e+00]]",3,"[[ 1.41719130e-03 -1.44843758e-04 -2.21628910e-01]
 [-5.93626492e-04 -3.11866946e-03  2.48591228e+00]
 [-2.37571521e-04  2.74056252e-04  8.49147980e-01]]","[[ 7.38945407e+02 -1.38168370e+01  2.33315175e+02]
 [ 1.91989181e+01 -2.55397308e+02  7.52696060e+02]
 [ 2.00543138e-01  7.85619743e-02  1.00000000e+00]]",6
1104,46.396232741000006,"[[ 1.26761756e-03 -1.36678388e-04 -1.60912925e-01]
 [-5.39316855e-04 -2.87862049e-03  2.32812450e+00]
 [-2.75143175e-04  2.55907308e-04  8.60848984e-01]]","[[ 8.25701576e+02 -2.05443897e+01  2.09904357e+02]
 [ 4.73573119e+01 -2.81234694e+02  7.69437842e+02]
 [ 2.49831358e-01  7.70371646e-02  1.00000000e+00]]",4,"[[ 1.44453016e-03 -1.53215811e-04 -2.22066452e-01]
 [-5.31584603e-04 -3.22458742e-03  2.52550749e+00]
 [-2.03558876e-04  2.58780958e-04  8.54624934e-01]]","[[ 7.19357347e+02 -1.55029199e+01  2.32731185e+02]
 [ 1.26140953e+01 -2.50941596e+02  7.44836740e+02]
 [ 1.67520605e-01  7.22927067e-02  1.00000000e+00]]",6
1105,46.438305741,"[[ 1.26284113e-03 -1.33394662e-04 -1.59965481e-01]
 [-5.38866394e-04 -2.86783807e-03  2.32073324e+00]
 [-2.74472500e-04  2.64003380e-04  8.53776552e-01]]","[[ 8.28799116e+02 -1.94010274e+01  2.08021476e+02]
 [ 4.78964900e+01 -2.80026101e+02  7.70140227e+02]
 [ 2.51632268e-01  8.03521585e-02  1.00000000e+00]]",4,"[[ 1.44135324e-03 -1.50180768e-04 -2.21317700e-01]
 [-5.30840005e-04 -3.21612585e-03  2.51968985e+00]
 [-2.01742162e-04  2.66994743e-04  8.47654130e-01]]","[[ 7.20825747e+02 -1.44658353e+01  2.31203869e+02]
 [ 1.23765216e+01 -2.49638638e+02  7.45293468e+02]
 [ 1.67658569e-01  7.51884913e-02  1.00000000e+00]]",6
1106,46.477638741,"[[ 1.26550955e-03 -1.36705592e-04 -1.59578007e-01]
 [-5.40649888e-04 -2.87296438e-03  2.32695904e+00]
 [-2.74841315e-04  2.60495458e-04  8.56807871e-01]]","[[ 8.26957029e+02 -2.03686596e+01  2.09336536e+02]
 [ 4.75274692e+01 -2.80466691e+02  7.70556461e+02]
 [ 2.50816169e-01  7.87366130e-02  1.00000000e+00]]",4,"[[ 1.44333574e-03 -1.53717252e-04 -2.20641978e-01]
 [-5.32741739e-04 -3.22031149e-03  2.52542818e+00]
 [-2.02556286e-04  2.63097617e-04  8.50837845e-01]]","[[ 7.19763586e+02 -1.53784116e+01  2.32297066e+02]
 [ 1.23183864e+01 -2.50186407e+02  7.45789293e+02]
 [ 1.67542736e-01  7.37020034e-02  1.00000000e+00]]",6
1107,46.516492741,"[[ 1.26789425e-03 -1.39008494e-04 -1.59954494e-01]
 [-5.45248241e-04 -2.87701271e-03  2.33506415e+00]
 [-2.77530973e-04  2.56372977e-04  8.60654217e-01]]","[[ 8.25762264e+02 -2.11170539e+01  2.10762996e+02]
 [ 4.80140756e+01 -2.81137209e+02  7.71684459e+02]
 [ 2.51977029e-01  7.69360624e-02  1.00000000e+00]]",4,"[[ 1.44532520e-03 -1.56836438e-04 -2.20454275e-01]
 [-5.37665155e-04 -3.22426569e-03  2.53388449e+00]
 [-2.05951887e-04  2.57473131e-04  8.55792309e-01]]","[[ 7.19096549e+02 -1.63261414e+01  2.33580581e+02]
 [ 1.30107271e+01 -2.51135167e+02  7.46928627e+02]
 [ 1.69140780e-01  7.16273769e-02  1.00000000e+00]]",6
1108,46.556062741000005,"[[ 1.26655823e-03 -1.38156777e-04 -1.59102286e-01]
 [-5.47472811e-04 -2.87739213e-03  2.33822005e+00]
 [-2.79013353e-04  2.55604605e-04  8.61064854e-01]]","[[ 8.26683620e+02 -2.10468308e+01  2.09902163e+02]
 [ 4.86516026e+01 -2.81234138e+02  7.72680336e+02]
 [ 2.53430614e-01  7.66636725e-02  1.00000000e+00]]",4,"[[ 1.44490505e-03 -1.56366303e-04 -2.19583349e-01]
 [-5.39795594e-04 -3.22619484e-03  2.53828535e+00]
 [-2.06997995e-04  2.55912040e-04  8.56836765e-01]]","[[ 7.19328978e+02 -1.63900498e+01  2.32897673e+02]
 [ 1.32540911e+01 -2.51286716e+02  7.47806109e+02]
 [ 1.69819715e-01  7.10924078e-02  1.00000000e+00]]",6
1109,46.596937741000005,"[[ 1.26697224e-03 -1.41054624e-04 -1.56987929e-01]
 [-5.46913016e-04 -2.87677085e-03  2.33851516e+00]
 [-2.79751713e-04  2.56556114e-04  8.60425741e-01]]","[[ 8.26239403e+02 -2.17872829e+01  2.09965248e+02]
 [ 4.93360743e+01 -2.81095272e+02  7.72978644e+02]
 [ 2.53925942e-01  7.67314105e-02  1.00000000e+00]]",3,"[[ 1.41821900e-03 -1.45749948e-04 -2.18253037e-01]
 [-5.97647923e-04 -3.11865606e-03  2.49644587e+00]
 [-2.35223837e-04  2.78679630e-04  8.43766004e-01]]","[[ 7.37714369e+02 -1.37817214e+01  2.31597056e+02]
 [ 1.83919641e+01 -2.53945760e+02  7.56105296e+02]
 [ 1.99584408e-01  8.00313364e-02  1.00000000e+00]]",6
1110,46.634361741000006,"[[ 1.27406002e-03 -1.45562954e-04 -1.56317332e-01]
 [-5.42127803e-04 -2.89428031e-03  2.34837018e+00]
 [-2.73764643e-04  2.49934134e-04  8.64811819e-01]]","[[ 8.20397521e+02 -2.30499982e+01  2.10880883e+02]
 [ 4.62144664e+01 -2.81177742e+02  7.71883007e+02]
 [ 2.46348694e-01  7.39648091e-02  1.00000000e+00]]",3,"[[ 1.42439130e-03 -1.49138712e-04 -2.18063770e-01]
 [-5.92591792e-04 -3.13349074e-03  2.50416288e+00]
 [-2.28978093e-04  2.73976010e-04  8.46240498e-01]]","[[ 7.33302007e+02 -1.46018070e+01  2.32170291e+02]
 [ 1.58014243e+01 -2.53849543e+02  7.55253763e+02]
 [ 1.93303068e-01  7.82344868e-02  1.00000000e+00]]",6
1111,46.673976741000004,"[[ 1.27185818e-03 -1.44640694e-04 -1.56377796e-01]
 [-5.44092415e-04 -2.88862537e-03  2.34546813e+00]
 [-2.75924436e-04  2.51597557e-04  8.63858484e-01]]","[[ 8.22219631e+02 -2.28120155e+01  2.10777289e+02]
 [ 4.72078538e+01 -2.81285370e+02  7.72265531e+02]
 [ 2.48875378e-01  7.46375945e-02  1.00000000e+00]]",3,"[[ 1.42180165e-03 -1.48336586e-04 -2.17930943e-01]
 [-5.95181147e-04 -3.12716120e-03  2.50118223e+00]
 [-2.31949330e-04  2.75423067e-04  8.45716077e-01]]","[[ 7.35159570e+02 -1.44288390e+01  2.32114748e+02]
 [ 1.69353723e+01 -2.54028910e+02  7.55647616e+02]
 [ 1.96112362e-01  7.87718997e-02  1.00000000e+00]]",6
1112,46.717289741,"[[ 1.26735487e-03 -1.40312268e-04 -1.57228981e-01]
 [-5.47904387e-04 -2.87880208e-03  2.33982074e+00]
 [-2.76458424e-04  2.55955937e-04  8.60130618e-01]]","[[ 8.25437560e+02 -2.15935066e+01  2.09628209e+02]
 [ 4.71349575e+01 -2.80946979e+02  7.72878600e+02]
 [ 2.51281248e-01  7.66631705e-02  1.00000000e+00]]",4,"[[ 1.44629657e-03 -1.58414121e-04 -2.17934165e-01]
 [-5.39856511e-04 -3.22792128e-03  2.53992074e+00]
 [-2.03418021e-04  2.56982825e-04  8.55104755e-01]]","[[ 7.17898454e+02 -1.67131796e+01  2.32608637e+02]
 [ 1.15757622e+01 -2.50818301e+02  7.47956732e+02]
 [ 1.67299632e-01  7.14020513e-02  1.00000000e+00]]",6
1113,46.748690741000004,"[[ 1.25890603e-03 -1.34396987e-04 -1.57690262e-01]
 [-5.52331905e-04 -2.85417169e-03  2.32534630e+00]
 [-2.80705828e-04  2.68586380e-04  8.50355848e-01]]","[[ 8.32100799e+02 -1.96140264e+01  2.07940707e+02]
 [ 4.99158278e+01 -2.79833977e+02  7.74478292e+02]
 [ 2.58913763e-01  8.19113827e-02  1.00000000e+00]]",3,"[[ 1.41170159e-03 -1.39748797e-04 -2.18865839e-01]
 [-6.03079301e-04 -3.09918009e-03  2.48553752e+00]
 [-2.35075881e-04  2.89842796e-04  8.34585940e-01]]","[[ 7.41568249e+02 -1.19288984e+01  2.29998701e+02]
 [ 1.81568084e+01 -2.52665596e+02  7.57242237e+02]
 [ 2.02570139e-01  8.43880817e-02  1.00000000e+00]]",6
1114,46.785449741,"[[ 1.26511509e-03 -1.40121480e-04 -1.54672766e-01]
 [-5.51106231e-04 -2.87362832e-03  2.33871967e+00]
 [-2.76067058e-04  2.56397664e-04  8.58973438e-01]]","[[ 8.26357897e+02 -2.17370269e+01  2.07983002e+02]
 [ 4.63970152e+01 -2.81197605e+02  7.73968897e+02]
 [ 2.51735499e-01  7.69494481e-02  1.00000000e+00]]",4,"[[ 1.44647365e-03 -1.59316641e-04 -2.15402591e-01]
 [-5.43043584e-04 -3.22618432e-03  2.54135713e+00]
 [-2.01754119e-04  2.55982258e-04  8.55008855e-01]]","[[ 7.17206422e+02 -1.70578752e+01  2.31387398e+02]
 [ 1.01874841e+01 -2.51054636e+02  7.48780430e+02]
 [ 1.66187209e-01  7.11384867e-02  1.00000000e+00]]",6
1115,46.827717741,"[[ 1.26145066e-03 -1.35348345e-04 -1.55246066e-01]
 [-5.49703976e-04 -2.86286673e-03  2.33045823e+00]
 [-2.72075375e-04  2.66342050e-04  8.49825234e-01]]","[[ 8.28493959e+02 -1.99887542e+01  2.06164018e+02]
 [ 4.52844693e+01 -2.79392070e+02  7.74443683e+02]
 [ 2.51053555e-01  8.11642278e-02  1.00000000e+00]]",4,"[[ 1.44380057e-03 -1.54502135e-04 -2.16176823e-01]
 [-5.41752985e-04 -3.21695677e-03  2.53426285e+00]
 [-1.97112705e-04  2.66320622e-04  8.45821024e-01]]","[[ 7.18199584e+02 -1.54618144e+01  2.29885993e+02]
 [ 8.73653065e+00 -2.49259609e+02  7.49068637e+02]
 [ 1.64620576e-01  7.48802079e-02  1.00000000e+00]]",6
1116,46.868236741000004,"[[ 1.26477130e-03 -1.44740671e-04 -1.49788300e-01]
 [-5.58189177e-04 -2.87503692e-03  2.34315497e+00]
 [-2.76380804e-04  2.52492515e-04  8.61608921e-01]]","[[ 8.25595807e+02 -2.33758676e+01  2.07098450e+02]
 [ 4.48371618e+01 -2.82034864e+02  7.74791739e+02]
 [ 2.51689345e-01  7.51513237e-02  1.00000000e+00]]",4,"[[ 1.44799107e-03 -1.64296939e-04 -2.10820858e-01]
 [-5.50012708e-04 -3.22933553e-03  2.54697384e+00]
 [-2.00192774e-04  2.52249313e-04  8.57129759e-01]]","[[ 7.15513106e+02 -1.83879058e+01  2.30628560e+02]
 [ 8.06759443e+00 -2.51533190e+02  7.49418937e+02]
 [ 1.64742277e-01  6.97303389e-02  1.00000000e+00]]",6
1117,46.907203741000004,"[[ 1.24737582e-03 -1.18965784e-04 -1.57866145e-01]
 [-5.48751686e-04 -2.82848868e-03  2.30589296e+00]
 [-2.64646271e-04  2.95915535e-04  8.23362308e-01]]","[[ 8.37969881e+02 -1.42583304e+01  2.00598518e+02]
 [ 4.40867660e+01 -2.74181573e+02  7.76320654e+02]
 [ 2.53496721e-01  9.39576323e-02  1.00000000e+00]]",5,"[[ 1.41424108e-03 -1.45231210e-04 -2.10512679e-01]
 [-5.84465033e-04 -3.14815634e-03  2.51595858e+00]
 [-2.27064145e-04  2.60542918e-04  8.54192060e-01]]","[[ 7.37171284e+02 -1.52536268e+01  2.26601726e+02]
 [ 1.58775526e+01 -2.55719463e+02  7.57115445e+02]
 [ 1.91114377e-01  7.39439598e-02  1.00000000e+00]]",6
1118,46.950145741,"[[ 1.24615268e-03 -1.17231772e-04 -1.58217703e-01]
 [-5.48863753e-04 -2.82431880e-03  2.30316116e+00]
 [-2.63098183e-04  2.99736661e-04  8.19849436e-01]]","[[ 8.38716916e+02 -1.35854998e+01  2.00023873e+02]
 [ 4.35204368e+01 -2.73455496e+02  7.76603305e+02]
 [ 2.53241897e-01  9.56155038e-02  1.00000000e+00]]",5,"[[ 1.41345480e-03 -1.43777457e-04 -2.10786125e-01]
 [-5.84783780e-04 -3.14507384e-03  2.51408974e+00]
 [-2.25459613e-04  2.63870876e-04  8.51155575e-01]]","[[ 7.37464034e+02 -1.47382024e+01  2.26163530e+02]
 [ 1.52519592e+01 -2.55115702e+02  7.57321799e+02]
 [ 1.90615926e-01  7.51857078e-02  1.00000000e+00]]",6
1119,46.995473741000005,"[[ 1.24571541e-03 -1.17409996e-04 -1.57468329e-01]
 [-5.49959902e-04 -2.82392044e-03  2.30289866e+00]
 [-2.62898261e-04  2.99700114e-04  8.19721735e-01]]","[[ 8.38831913e+02 -1.36921151e+01  1.99605557e+02]
 [ 4.31596635e+01 -2.73489701e+02  7.76623725e+02]
 [ 2.53247519e-01  9.55998335e-02  1.00000000e+00]]",5,"[[ 1.41352674e-03 -1.44004215e-04 -2.10150140e-01]
 [-5.85904838e-04 -3.14518104e-03  2.51417108e+00]
 [-2.24853695e-04  2.63873594e-04  8.50944118e-01]]","[[ 7.37234245e+02 -1.48088180e+01  2.25821858e+02]
 [ 1.47341881e+01 -2.55085165e+02  7.57304882e+02]
 [ 1.90237969e-01  7.51875715e-02  1.00000000e+00]]",6
1120,47.036100741000006,"[[ 1.24396362e-03 -1.17892892e-04 -1.55510225e-01]
 [-5.52726853e-04 -2.82058124e-03  2.30143593e+00]
 [-2.62234010e-04  3.01488736e-04  8.17831599e-01]]","[[ 8.39600583e+02 -1.38594991e+01  1.98651195e+02]
 [ 4.23847487e+01 -2.73254091e+02  7.77015762e+02]
 [ 2.53589251e-01  9.62895032e-02  1.00000000e+00]]",5,"[[ 1.41281215e-03 -1.44709959e-04 -2.08328780e-01]
 [-5.88907373e-04 -3.14307035e-03  2.51367035e+00]
 [-2.23463729e-04  2.65621590e-04  8.49061094e-01]]","[[ 7.37185065e+02 -1.49213713e+01  2.25053621e+02]
 [ 1.36320574e+01 -2.54764411e+02  7.57582347e+02]
 [ 1.89754490e-01  7.57737498e-02  1.00000000e+00]]",6
1121,47.076252741000005,"[[ 1.24235411e-03 -1.18842106e-04 -1.52803459e-01]
 [-5.56973912e-04 -2.81940228e-03  2.30021845e+00]
 [-2.62576882e-04  3.00847830e-04  8.18088011e-01]]","[[ 8.40187464e+02 -1.43609756e+01  1.97309983e+02]
 [ 4.15621082e+01 -2.73539646e+02  7.76874572e+02]
 [ 2.54385753e-01  9.59834976e-02  1.00000000e+00]]",5,"[[ 1.41263351e-03 -1.45647379e-04 -2.06033009e-01]
 [-5.93453729e-04 -3.14304711e-03  2.51329253e+00]
 [-2.22622362e-04  2.65413302e-04  8.48841545e-01]]","[[ 7.36789473e+02 -1.52323068e+01  2.23936017e+02]
 [ 1.23203503e+01 -2.54779129e+02  7.57353225e+02]
 [ 1.89382611e-01  7.56686783e-02  1.00000000e+00]]",6
1122,47.118330741,"[[ 1.25269489e-03 -1.46284526e-04 -1.39223213e-01]
 [-5.74788513e-04 -2.85112419e-03  2.32939717e+00]
 [-2.81239556e-04  2.60289270e-04  8.54682983e-01]]","[[ 8.32439276e+02 -2.42879017e+01  2.01795337e+02]
 [ 4.48225918e+01 -2.82164841e+02  7.76327996e+02]
 [ 2.60269617e-01  7.79397311e-02  1.00000000e+00]]",3,"[[ 1.41373658e-03 -1.51662824e-04 -2.02772186e-01]
 [-6.25704980e-04 -3.10125631e-03  2.49284663e+00]
 [-2.27625953e-04  2.84621337e-04  8.35294545e-01]]","[[ 7.36725043e+02 -1.53976116e+01  2.24796430e+02]
 [ 9.99912404e+00 -2.53330090e+02  7.58463717e+02]
 [ 1.97357659e-01  8.21246268e-02  1.00000000e+00]]",6
1123,47.156516741000004,"[[ 1.25538445e-03 -1.47162009e-04 -1.38047229e-01]
 [-5.72649589e-04 -2.86003355e-03  2.33343174e+00]
 [-2.73104177e-04  2.58605648e-04  8.54275687e-01]]","[[ 8.29097403e+02 -2.44963650e+01  2.00889709e+02]
 [ 4.02941123e+01 -2.81584680e+02  7.75652557e+02]
 [ 2.52857107e-01  7.74098221e-02  1.00000000e+00]]",4,"[[ 1.44575470e-03 -1.67275277e-04 -2.00584043e-01]
 [-5.64474225e-04 -3.22234727e-03  2.54246702e+00]
 [-1.90570765e-04  2.60075707e-04  8.48035143e-01]]","[[ 7.14031808e+02 -1.88692439e+01  2.25459781e+02]
 [ 1.22569465e+00 -2.49902962e+02  7.49515983e+02]
 [ 1.60081591e-01  7.24000225e-02  1.00000000e+00]]",6
1124,47.195800741000006,"[[ 1.25928692e-03 -1.55161276e-04 -1.33863810e-01]
 [-5.79786949e-04 -2.87066873e-03  2.34411480e+00]
 [-2.75058250e-04  2.47861947e-04  8.63240568e-01]]","[[ 8.25676341e+02 -2.71964802e+01  2.01890248e+02]
 [ 3.89404077e+01 -2.83470895e+02  7.75798840e+02]
 [ 2.51908045e-01  7.27271562e-02  1.00000000e+00]]",4,"[[ 1.44978952e-03 -1.74981851e-04 -1.96676448e-01]
 [-5.71542285e-04 -3.23186688e-03  2.55228185e+00]
 [-1.91549915e-04  2.50012944e-04  8.55876122e-01]]","[[ 7.11347903e+02 -2.10198240e+01  2.26147090e+02]
 [-5.85145497e-02 -2.51417356e+02  7.49730517e+02]
 [ 1.59220775e-01  6.87380409e-02  1.00000000e+00]]",6
1125,47.231467741,"[[ 1.25666566e-03 -1.53015543e-04 -1.32850352e-01]
 [-5.82251890e-04 -2.86314529e-03  2.34008515e+00]
 [-2.73222933e-04  2.53401463e-04  8.57932330e-01]]","[[ 8.27034165e+02 -2.64739888e+01  2.00275898e+02]
 [ 3.79246101e+01 -2.82561776e+02  7.76584459e+02]
 [ 2.52181368e-01  7.50272072e-02  1.00000000e+00]]",4,"[[ 1.44875872e-03 -1.72979224e-04 -1.95925686e-01]
 [-5.74040153e-04 -3.22631259e-03  2.54970035e+00]
 [-1.88423444e-04  2.55847906e-04  8.50403087e-01]]","[[ 7.11436148e+02 -2.03154911e+01  2.24819304e+02]
 [-1.62193070e+00 -2.50366720e+02  7.50282240e+02]
 [ 1.58120565e-01  7.08227510e-02  1.00000000e+00]]",6
1126,47.270449741,"[[ 1.25457669e-03 -1.54126502e-04 -1.29494547e-01]
 [-5.86336819e-04 -2.85944526e-03  2.33930282e+00]
 [-2.73191112e-04  2.55221602e-04  8.55891124e-01]]","[[ 8.27789637e+02 -2.68820172e+01  1.98716189e+02]
 [ 3.73151413e+01 -2.82346681e+02  7.77349451e+02]
 [ 2.53094272e-01  7.56136409e-02  1.00000000e+00]]",4,"[[ 1.44913176e-03 -1.74811997e-04 -1.92767198e-01]
 [-5.78016738e-04 -3.22580446e-03  2.55114587e+00]
 [-1.86573177e-04  2.57230733e-04  8.48589711e-01]]","[[ 7.10607041e+02 -2.06794485e+01  2.23592173e+02]
 [-3.04118520e+00 -2.49966104e+02  7.50791278e+02]
 [ 1.57157809e-01  7.12249196e-02  1.00000000e+00]]",6
1127,47.317801741000004,"[[ 1.25289370e-03 -1.56625401e-04 -1.25737537e-01]
 [-5.92961060e-04 -2.85574448e-03  2.34160435e+00]
 [-2.74067387e-04  2.55439156e-04  8.55227958e-01]]","[[ 8.28276086e+02 -2.77409989e+01  1.97729549e+02]
 [ 3.66786212e+01 -2.82511810e+02  7.78906670e+02]
 [ 2.54475201e-01  7.54906042e-02  1.00000000e+00]]",4,"[[ 1.44938145e-03 -1.77898151e-04 -1.89115651e-01]
 [-5.84538231e-04 -3.22419287e-03  2.55507268e+00]
 [-1.85728318e-04  2.57319111e-04  8.47854644e-01]]","[[ 7.09873076e+02 -2.13872991e+01  2.22790798e+02]
 [-4.40732207e+00 -2.49889527e+02  7.52077508e+02]
 [ 1.56840116e-01  7.11550314e-02  1.00000000e+00]]",6
1128,47.354732741,"[[ 1.25002469e-03 -1.55569061e-04 -1.24103879e-01]
 [-5.96960700e-04 -2.84712229e-03  2.33952246e+00]
 [-2.72373536e-04  2.61359664e-04  8.49500401e-01]]","[[ 8.29742504e+02 -2.73068326e+01  1.96420403e+02]
 [ 3.56274064e+01 -2.81527494e+02  7.80530997e+02]
 [ 2.55077375e-01  7.78602020e-02  1.00000000e+00]]",4,"[[ 1.44796182e-03 -1.77210742e-04 -1.87537166e-01]
 [-5.88672761e-04 -3.21735410e-03  2.55455380e+00]
 [-1.82842942e-04  2.63326268e-04  8.42145043e-01]]","[[ 7.10101440e+02 -2.09647821e+01  2.21726741e+02]
 [-6.01851089e+00 -2.48818534e+02  7.53423227e+02]
 [ 1.56056097e-01  7.32500820e-02  1.00000000e+00]]",6
1129,47.389332741000004,"[[ 1.25384251e-03 -1.62021586e-04 -1.20737921e-01]
 [-6.00885479e-04 -2.85938180e-03  2.35098807e+00]
 [-2.74100294e-04  2.52292162e-04  8.57067722e-01]]","[[ 8.26547492e+02 -2.94365661e+01  1.97184700e+02]
 [ 3.51403890e+01 -2.82827862e+02  7.80764097e+02]
 [ 2.53995409e-01  7.38409344e-02  1.00000000e+00]]",4,"[[ 1.45285320e-03 -1.84511431e-04 -1.84058182e-01]
 [-5.92202395e-04 -3.23098893e-03  2.56683979e+00]
 [-1.83677290e-04  2.53116305e-04  8.50081937e-01]]","[[ 7.07061598e+02 -2.29548303e+01  2.22404260e+02]
 [-6.65158928e+00 -2.50079480e+02  7.53679914e+02]
 [ 1.54755416e-01  6.95026094e-02  1.00000000e+00]]",6
1130,47.427078741,"[[ 1.25274314e-03 -1.59812019e-04 -1.21665795e-01]
 [-6.01657893e-04 -2.85469029e-03  2.34899452e+00]
 [-2.72434621e-04  2.57693914e-04  8.52258961e-01]]","[[ 8.27334108e+02 -2.85508759e+01  1.96799471e+02]
 [ 3.46315697e+01 -2.81704294e+02  7.81376730e+02]
 [ 2.53995698e-01  7.60511043e-02  1.00000000e+00]]",4,"[[ 1.45240651e-03 -1.83156645e-04 -1.84629591e-01]
 [-5.93443730e-04 -3.22808128e-03  2.56643446e+00]
 [-1.82191807e-04  2.57315448e-04  8.46425514e-01]]","[[ 7.07230916e+02 -2.24132562e+01  2.22226179e+02]
 [-7.23812426e+00 -2.49253951e+02  7.54180432e+02]
 [ 1.54430789e-01  7.09493978e-02  1.00000000e+00]]",6
1131,47.465120741,"[[ 1.25601731e-03 -1.64010122e-04 -1.19916795e-01]
 [-6.04249897e-04 -2.86385764e-03  2.35747997e+00]
 [-2.73199410e-04  2.51811101e-04  8.57170773e-01]]","[[ 8.24763122e+02 -2.98656896e+01  1.97522734e+02]
 [ 3.41210491e+01 -2.82417626e+02  7.81507728e+02]
 [ 2.52846627e-01  7.34469800e-02  1.00000000e+00]]",4,"[[ 1.45598004e-03 -1.87540469e-04 -1.82901813e-01]
 [-5.95671334e-04 -3.23737606e-03  2.57486830e+00]
 [-1.82390906e-04  2.51205866e-04  8.51133958e-01]]","[[ 7.05093095e+02 -2.35584982e+01  2.22788474e+02]
 [-7.74330941e+00 -2.49908311e+02  7.54363889e+02]
 [ 1.53380948e-01  6.87101921e-02  1.00000000e+00]]",6
1132,47.506911741,"[[ 1.25636229e-03 -1.65295484e-04 -1.18322100e-01]
 [-6.06669185e-04 -2.86418804e-03  2.35944894e+00]
 [-2.72482039e-04  2.51035154e-04  8.57379357e-01]]","[[ 8.24065050e+02 -3.02854498e+01  1.97068052e+02]
 [ 3.31901955e+01 -2.82512192e+02  7.82034488e+02]
 [ 2.52176609e-01  7.30927914e-02  1.00000000e+00]]",4,"[[ 1.45743262e-03 -1.89333721e-04 -1.81307425e-01]
 [-5.98123752e-04 -3.23912480e-03  2.57791444e+00]
 [-1.80927127e-04  2.49885260e-04  8.51637483e-01]]","[[ 7.03911237e+02 -2.39835362e+01  2.22455965e+02]
 [-8.88901497e+00 -2.49976837e+02  7.54789762e+02]
 [ 1.52151443e-01  6.82523442e-02  1.00000000e+00]]",6
1133,47.549537741,"[[ 1.25627882e-03 -1.68197264e-04 -1.15470827e-01]
 [-6.10264622e-04 -2.86644264e-03  2.36251852e+00]
 [-2.74596117e-04  2.47996174e-04  8.59986429e-01]]","[[ 8.23770985e+02 -3.13230461e+01  1.96657514e+02]
 [ 3.34582314e+01 -2.83142809e+02  7.82330460e+02]
 [ 2.53383999e-01  7.16489752e-02  1.00000000e+00]]",4,"[[ 1.45863457e-03 -1.92440795e-04 -1.78667766e-01]
 [-6.01345430e-04 -3.24261775e-03  2.58167996e+00]
 [-1.81730883e-04  2.46968189e-04  8.53904825e-01]]","[[ 7.03016673e+02 -2.48066100e+01  2.22096351e+02]
 [-9.14675923e+00 -2.50347994e+02  7.54983636e+02]
 [ 1.52263807e-01  6.71267592e-02  1.00000000e+00]]",6
1134,47.594572741,"[[ 1.25350357e-03 -1.64193240e-04 -1.16778982e-01]
 [-6.07672829e-04 -2.85732242e-03  2.35460696e+00]
 [-2.72426152e-04  2.55944602e-04  8.53037051e-01]]","[[ 8.25777721e+02 -2.99268706e+01  1.95653283e+02]
 [ 3.34350387e+01 -2.81811315e+02  7.82450649e+02]
 [ 2.53688781e-01  7.49970032e-02  1.00000000e+00]]",4,"[[ 1.45625223e-03 -1.88420461e-04 -1.80017997e-01]
 [-5.98870505e-04 -3.23432689e-03  2.57441455e+00]
 [-1.79480730e-04  2.55158965e-04  8.47077366e-01]]","[[ 7.04276617e+02 -2.35698499e+01  2.21303317e+02]
 [-9.37868392e+00 -2.49075179e+02  7.54989403e+02]
 [ 1.52048847e-01  7.00330730e-02  1.00000000e+00]]",6
1135,47.638943741000006,"[[ 1.36722820e-03 -1.78775965e-04 -1.53818705e-01]
 [-5.56720377e-04 -2.96198236e-03  2.40105396e+00]
 [-2.06821504e-04  2.54571564e-04  8.47948613e-01]]","[[ 7.52632626e+02 -2.70977638e+01  2.13258406e+02]
 [ 5.90936071e+00 -2.71743226e+02  7.70540937e+02]
 [ 1.81799055e-01  7.49735264e-02  1.00000000e+00]]",3,"[[ 1.53469785e-03 -1.95889720e-04 -2.08467502e-01]
 [-5.07829786e-04 -3.28139500e-03  2.55788291e+00]
 [-1.34455801e-04  2.55694226e-04  8.40844649e-01]]","[[ 6.64633795e+02 -2.16941754e+01  2.30774743e+02]
 [-1.61785451e+01 -2.45824241e+02  7.43796045e+02]
 [ 1.11198460e-01  7.12841919e-02  1.00000000e+00]]",6
1136,47.675257741,"[[ 1.25126614e-03 -1.57855521e-04 -1.21310107e-01]
 [-6.01409620e-04 -2.85123154e-03  2.34680123e+00]
 [-2.71095354e-04  2.63243020e-04  8.47210533e-01]]","[[ 8.28205262e+02 -2.77953447e+01  1.95582811e+02]
 [ 3.45893232e+01 -2.80457425e+02  7.81829121e+02]
 [ 2.54266434e-01  7.82488744e-02  1.00000000e+00]]",4,"[[ 1.45251325e-03 -1.81641274e-04 -1.84366821e-01]
 [-5.92907570e-04 -3.22712802e-03  2.56593536e+00]
 [-1.79788626e-04  2.62596728e-04  8.41664412e-01]]","[[ 7.06958113e+02 -2.17859778e+01  2.21277065e+02]
 [-7.86279215e+00 -2.48038845e+02  7.54459848e+02]
 [ 1.53467070e-01  7.27336419e-02  1.00000000e+00]]",6
1137,47.713580741,"[[ 1.25005179e-03 -1.56005962e-04 -1.22280917e-01]
 [-5.99441240e-04 -2.85072809e-03  2.34401428e+00]
 [-2.72643657e-04  2.63267220e-04  8.47591025e-01]]","[[ 8.29448222e+02 -2.73542979e+01  1.95311830e+02]
 [ 3.58208791e+01 -2.80605073e+02  7.81181595e+02]
 [ 2.55681487e-01  7.83587127e-02  1.00000000e+00]]",4,"[[ 1.45084820e-03 -1.79277428e-04 -1.85504252e-01]
 [-5.90890630e-04 -3.22603158e-03  2.56259423e+00]
 [-1.81687331e-04  2.63093826e-04  8.41817327e-01]]","[[ 7.08240234e+02 -2.13340908e+01  2.21012548e+02]
 [-6.65029280e+00 -2.48128352e+02  7.53867381e+02]
 [ 1.54936142e-01  7.29432637e-02  1.00000000e+00]]",6
1138,47.757006741000005,"[[ 1.25145900e-03 -1.57571036e-04 -1.21731365e-01]
 [-5.97385025e-04 -2.85269943e-03  2.34434283e+00]
 [-2.73494760e-04  2.59468469e-04  8.50888646e-01]]","[[ 8.28459137e+02 -2.79708746e+01  1.95587028e+02]
 [ 3.62585407e+01 -2.81526299e+02  7.80840087e+02]
 [ 2.55228797e-01  7.68576598e-02  1.00000000e+00]]",4,"[[ 1.45183878e-03 -1.80024872e-04 -1.85338680e-01]
 [-5.88160550e-04 -3.22631812e-03  2.56139038e+00]
 [-1.82153768e-04  2.60500211e-04  8.43962216e-01]]","[[ 7.07755616e+02 -2.16396484e+01  2.21102409e+02]
 [-6.22515950e+00 -2.48756280e+02  7.53597933e+02]
 [ 1.54677549e-01  7.21114274e-02  1.00000000e+00]]",6
1139,47.796614741000006,"[[ 1.25242654e-03 -1.57885909e-04 -1.22333796e-01]
 [-5.94142912e-04 -2.85472972e-03  2.34552226e+00]
 [-2.73099916e-04  2.58822185e-04  8.51466244e-01]]","[[ 8.27925391e+02 -2.80097384e+01  1.96109620e+02]
 [ 3.67031721e+01 -2.81534056e+02  7.80811263e+02]
 [ 2.54392657e-01  7.65947007e-02  1.00000000e+00]]",4,"[[ 1.45255327e-03 -1.80599118e-04 -1.85755371e-01]
 [-5.84479147e-04 -3.22828182e-03  2.56238955e+00]
 [-1.82040944e-04  2.59413082e-04  8.44839237e-01]]","[[ 7.07452042e+02 -2.17714357e+01  2.21580518e+02]
 [-5.70014587e+00 -2.48885665e+02  7.53614614e+02]
 [ 1.54187832e-01  7.17306941e-02  1.00000000e+00]]",6
1140,47.841035741000006,"[[ 1.25132378e-03 -1.54199082e-04 -1.24751625e-01]
 [-5.92092379e-04 -2.85105568e-03  2.34416429e+00]
 [-2.72322595e-04  2.61194295e-04  8.49250465e-01]]","[[ 8.29087370e+02 -2.68849638e+01  1.95999620e+02]
 [ 3.70423894e+01 -2.81154538e+02  7.81505047e+02]
 [ 2.54464345e-01  7.78505057e-02  1.00000000e+00]]",4,"[[ 1.45228841e-03 -1.79388441e-04 -1.87019610e-01]
 [-5.83283769e-04 -3.22821734e-03  2.56421051e+00]
 [-1.82984599e-04  2.57305299e-04  8.46548449e-01]]","[[ 7.07838920e+02 -2.16443216e+01  2.21936921e+02]
 [-5.12565452e+00 -2.49369185e+02  7.54211397e+02]
 [ 1.54559942e-01  7.11163496e-02  1.00000000e+00]]",6
1141,47.874461741000005,"[[ 1.25080888e-03 -1.55281012e-04 -1.24157053e-01]
 [-5.95224986e-04 -2.85157947e-03  2.34739574e+00]
 [-2.76369042e-04  2.57290079e-04  8.53016941e-01]]","[[ 8.29799009e+02 -2.74684998e+01  1.96367541e+02]
 [ 3.85358011e+01 -2.82205325e+02  7.82202598e+02]
 [ 2.57223353e-01  7.62202767e-02  1.00000000e+00]]",4,"[[ 1.45161798e-03 -1.80766639e-04 -1.86198042e-01]
 [-5.86602012e-04 -3.22860521e-03  2.56761072e+00]
 [-1.87440777e-04  2.52653275e-04  8.50938998e-01]]","[[ 7.08584594e+02 -2.22790825e+01  2.22273366e+02]
 [-3.73222427e+00 -2.50449092e+02  7.54884713e+02]
 [ 1.57191769e-01  6.94535977e-02  1.00000000e+00]]",6
1142,47.920158741,"[[ 1.25315012e-03 -1.59581663e-04 -1.21785311e-01]
 [-5.97168392e-04 -2.85909831e-03  2.35359658e+00]
 [-2.78208725e-04  2.49891924e-04  8.59306342e-01]]","[[ 8.27852081e+02 -2.90079524e+01  1.96778765e+02]
 [ 3.85083523e+01 -2.83553034e+02  7.82095010e+02]
 [ 2.56826623e-01  7.30674786e-02  1.00000000e+00]]",4,"[[ 1.45406612e-03 -1.84543316e-04 -1.84196191e-01]
 [-5.87953130e-04 -3.23519165e-03  2.57284359e+00]
 [-1.88393149e-04  2.46154814e-04  8.56106712e-01]]","[[ 7.07086968e+02 -2.34064733e+01  2.22476846e+02]
 [-3.87403552e+00 -2.51446826e+02  7.54835540e+02]
 [ 1.56714054e-01  6.71472687e-02  1.00000000e+00]]",6
1143,47.952166741000006,"[[ 1.24998715e-03 -1.54402152e-04 -1.23467457e-01]
 [-5.92135308e-04 -2.84926466e-03  2.34390574e+00]
 [-2.75715674e-04  2.58525692e-04  8.51692147e-01]]","[[ 8.30188915e+02 -2.72609843e+01  1.95373988e+02]
 [ 3.88545512e+01 -2.82116194e+02  7.82032616e+02]
 [ 2.56960448e-01  7.68094479e-02  1.00000000e+00]]",4,"[[ 1.45125265e-03 -1.78874483e-04 -1.86159555e-01]
 [-5.82604193e-04 -3.22579623e-03  2.56331565e+00]
 [-1.85597204e-04  2.55665252e-04  8.48129833e-01]]","[[ 7.08626591e+02 -2.17554719e+01  2.21291299e+02]
 [-3.84059573e+00 -2.49976051e+02  7.54663421e+02]
 [ 1.56227284e-01  7.05934787e-02  1.00000000e+00]]",6
1144,47.985939741,"[[ 1.25155708e-03 -1.54712538e-04 -1.24682858e-01]
 [-5.88050103e-04 -2.85276629e-03  2.34339884e+00]
 [-2.74402099e-04  2.57772305e-04  8.52505775e-01]]","[[ 8.29213095e+02 -2.72448047e+01  1.96167706e+02]
 [ 3.87060361e+01 -2.82064906e+02  7.81011193e+02]
 [ 2.55201168e-01  7.65185307e-02  1.00000000e+00]]",4,"[[ 1.45147884e-03 -1.78430893e-04 -1.87505146e-01]
 [-5.78296313e-04 -3.22724418e-03  2.56109559e+00]
 [-1.84860493e-04  2.55913496e-04  8.48095705e-01]]","[[ 7.08607285e+02 -2.15858349e+01  2.21851023e+02]
 [-3.55203309e+00 -2.49888257e+02  7.53832009e+02]
 [ 1.55527854e-01  7.06988715e-02  1.00000000e+00]]",6
1145,48.025365741,"[[ 1.25401877e-03 -1.54976594e-04 -1.26895726e-01]
 [-5.83281554e-04 -2.86101996e-03  2.34498628e+00]
 [-2.76070627e-04  2.52707031e-04  8.57574875e-01]]","[[ 8.28165977e+02 -2.74148975e+01  1.97508447e+02]
 [ 4.00129189e+01 -2.82853552e+02  7.79366546e+02]
 [ 2.54812449e-01  7.45248436e-02  1.00000000e+00]]",4,"[[ 1.45177628e-03 -1.77548885e-04 -1.89886601e-01]
 [-5.73197156e-04 -3.23231586e-03  2.56004698e+00]
 [-1.87734221e-04  2.51959598e-04  8.52231833e-01]]","[[ 7.09104820e+02 -2.15813673e+01  2.22825305e+02]
 [-1.64535435e+00 -2.50627662e+02  7.52502001e+02]
 [ 1.56691875e-01  6.93432016e-02  1.00000000e+00]]",6
1146,48.064407741000004,"[[ 1.25036644e-03 -1.46813047e-04 -1.31043168e-01]
 [-5.75558441e-04 -2.85103738e-03  2.33241196e+00]
 [-2.74087589e-04  2.61815495e-04  8.49960069e-01]]","[[ 8.31363683e+02 -2.47924479e+01  1.96210080e+02]
 [ 4.11261872e+01 -2.81377995e+02  7.78482109e+02]
 [ 2.55422581e-01  7.86787749e-02  1.00000000e+00]]",4,"[[ 1.44752687e-03 -1.68542644e-04 -1.94286264e-01]
 [-5.65416929e-04 -3.22188996e-03  2.54700607e+00]
 [-1.86458644e-04  2.61971142e-04  8.44441749e-01]]","[[ 7.11891416e+02 -1.92111203e+01  2.21734139e+02]
 [-5.35894811e-01 -2.49234825e+02  7.51619039e+02]
 [ 1.57356855e-01  7.30781637e-02  1.00000000e+00]]",6
1147,48.110303741,"[[ 1.25342872e-03 -1.51430499e-04 -1.29863430e-01]
 [-5.76072375e-04 -2.86002037e-03  2.33776833e+00]
 [-2.78497287e-04  2.52352881e-04  8.58786781e-01]]","[[ 8.29530235e+02 -2.64905599e+01  1.97551286e+02]
 [ 4.25751528e+01 -2.83290451e+02  7.77604424e+02]
 [ 2.56499008e-01  7.46537020e-02  1.00000000e+00]]",4,"[[ 1.45006484e-03 -1.73015269e-04 -1.93156728e-01]
 [-5.65514741e-04 -3.22959502e-03  2.55112479e+00]
 [-1.90996389e-04  2.52532919e-04  8.52925183e-01]]","[[ 7.10912126e+02 -2.06633285e+01  2.22800538e+02]
 [ 1.02779620e+00 -2.50975402e+02  7.50907710e+02]
 [ 1.58890954e-01  6.96812931e-02  1.00000000e+00]]",6
1148,48.155013741000005,"[[ 1.25292753e-03 -1.48427637e-04 -1.32273228e-01]
 [-5.71613122e-04 -2.85694806e-03  2.33339533e+00]
 [-2.76417782e-04  2.56100004e-04  8.55590821e-01]]","[[ 8.30140729e+02 -2.54116231e+01  1.97642088e+02]
 [ 4.25514025e+01 -2.82565459e+02  7.77200171e+02]
 [ 2.55458847e-01  7.63692047e-02  1.00000000e+00]]",4,"[[ 1.44825714e-03 -1.69207833e-04 -1.95655752e-01]
 [-5.61090866e-04 -3.22469862e-03  2.54546603e+00]
 [-1.89744525e-04  2.57208854e-04  8.49213030e-01]]","[[ 7.12083363e+02 -1.95942253e+01  2.22794086e+02]
 [ 1.36461435e+00 -2.50308656e+02  7.50599853e+02]
 [ 1.58691546e-01  7.14352034e-02  1.00000000e+00]]",6
1149,48.193809741,"[[ 1.25983859e-03 -1.55444878e-04 -1.30386874e-01]
 [-5.70438029e-04 -2.87407530e-03  2.34542810e+00]
 [-2.79527796e-04  2.42597426e-04  8.67332565e-01]]","[[ 8.25377740e+02 -2.78176841e+01  1.99303944e+02]
 [ 4.33619144e+01 -2.84739221e+02  7.76506293e+02]
 [ 2.53877856e-01  7.06778328e-02  1.00000000e+00]]",3,"[[ 1.42450879e-03 -1.60164372e-04 -1.95557711e-01]
 [-6.20076002e-04 -3.12443193e-03  2.50830194e+00]
 [-2.23108706e-04  2.69040279e-04  8.45556939e-01]]","[[ 7.28934116e+02 -1.82007625e+01  2.22577199e+02]
 [ 7.76125199e+00 -2.55131532e+02  7.58629797e+02]
 [ 1.89867116e-01  7.63755898e-02  1.00000000e+00]]",6
1150,48.231273741,"[[ 1.25048870e-03 -1.42468916e-04 -1.34794103e-01]
 [-5.65206034e-04 -2.85071257e-03  2.32750197e+00]
 [-2.76858362e-04  2.62563673e-04  8.50218151e-01]]","[[ 8.32534567e+02 -2.35199934e+01  1.96377343e+02]
 [ 4.49454335e+01 -2.81421837e+02  7.77527814e+02]
 [ 2.57220007e-01  7.92495955e-02  1.00000000e+00]]",4,"[[ 1.44700225e-03 -1.63900091e-04 -1.98042421e-01]
 [-5.53950662e-04 -3.22108385e-03  2.54126266e+00]
 [-1.90134958e-04  2.62344067e-04  8.45228001e-01]]","[[ 7.13266752e+02 -1.82203303e+01  2.21904290e+02]
 [ 3.15007958e+00 -2.49466507e+02  7.50784130e+02]
 [ 1.59472402e-01  7.33313806e-02  1.00000000e+00]]",6
1151,48.277167741,"[[ 1.25319846e-03 -1.45627262e-04 -1.34702919e-01]
 [-5.65402869e-04 -2.85538915e-03  2.33270220e+00]
 [-2.80570787e-04  2.57705942e-04  8.55080607e-01]]","[[ 8.31188840e+02 -2.45333198e+01  1.97867301e+02]
 [ 4.67185834e+01 -2.82402250e+02  7.77767000e+02]
 [ 2.58651230e-01  7.70610448e-02  1.00000000e+00]]",3,"[[ 1.41878086e-03 -1.52168706e-04 -1.98942481e-01]
 [-6.14835514e-04 -3.11004235e-03  2.49874201e+00]
 [-2.25393988e-04  2.80903729e-04  8.36589060e-01]]","[[ 7.33180949e+02 -1.58496576e+01  2.21691929e+02]
 [ 1.08380974e+01 -2.53459652e+02  7.59616004e+02]
 [ 1.93894618e-01  8.08346023e-02  1.00000000e+00]]",6
1152,48.309734741,"[[ 1.25374134e-03 -1.42184414e-04 -1.37909637e-01]
 [-5.62400325e-04 -2.85626831e-03  2.33374472e+00]
 [-2.78736938e-04  2.59596340e-04  8.53281553e-01]]","[[ 8.31205711e+02 -2.33605087e+01  1.98233211e+02]
 [ 4.66035722e+01 -2.81714759e+02  7.78028554e+02]
 [ 2.57347199e-01  7.80758511e-02  1.00000000e+00]]",4,"[[ 1.44816040e-03 -1.63189607e-04 -2.00843330e-01]
 [-5.50766819e-04 -3.22389236e-03  2.54569434e+00]
 [-1.93485226e-04  2.59269801e-04  8.48384484e-01]]","[[ 7.13471852e+02 -1.81513583e+01  2.23370272e+02]
 [ 5.31506320e+00 -2.50018583e+02  7.51473418e+02]
 [ 1.61092323e-01  7.22670557e-02  1.00000000e+00]]",6
1153,48.348644741,"[[ 1.26705549e-03 -1.50724516e-04 -1.37696077e-01]
 [-5.54565205e-04 -2.88272532e-03  2.35240936e+00]
 [-2.71131978e-04  2.47636505e-04  8.62038421e-01]]","[[ 8.21046962e+02 -2.56498011e+01  2.01143909e+02]
 [ 4.27596543e+01 -2.82353229e+02  7.77341472e+02]
 [ 2.45955668e-01  7.30437113e-02  1.00000000e+00]]",3,"[[ 1.43096451e-03 -1.57592970e-04 -2.01457527e-01]
 [-6.02533603e-04 -3.13654981e-03  2.51723460e+00]
 [-2.17101787e-04  2.69626760e-04  8.43957732e-01]]","[[ 7.25649220e+02 -1.71676266e+01  2.24421714e+02]
 [ 8.28740870e+00 -2.53954651e+02  7.59437317e+02]
 [ 1.84020158e-01  7.67169313e-02  1.00000000e+00]]",6
1154,48.389643741,"[[ 1.25856996e-03 -1.43596737e-04 -1.41640369e-01]
 [-5.58032044e-04 -2.86290298e-03  2.34603481e+00]
 [-2.79808093e-04  2.55261631e-04  8.57248304e-01]]","[[ 8.28896725e+02 -2.36045987e+01  2.01554728e+02]
 [ 4.83446182e+01 -2.82158981e+02  7.80173422e+02]
 [ 2.56158554e-01  7.63134833e-02  1.00000000e+00]]",4,"[[ 1.45067146e-03 -1.66284206e-04 -2.03030878e-01]
 [-5.46351492e-04 -3.22917209e-03  2.55779494e+00]
 [-1.97596209e-04  2.51222705e-04  8.55358397e-01]]","[[ 7.12973680e+02 -1.91037826e+01  2.26360355e+02]
 [ 7.97522832e+00 -2.51444203e+02  7.53791545e+02]
 [ 1.62361576e-01  6.94371599e-02  1.00000000e+00]]",6
1155,48.429881741,"[[ 1.23851092e-03 -1.05373078e-04 -1.59074805e-01]
 [-5.31613775e-04 -2.81137592e-03  2.29673846e+00]
 [-2.69676964e-04  3.06957298e-04  8.13076879e-01]]","[[ 8.45369750e+02 -1.04148929e+01  1.94812222e+02]
 [ 5.28936936e+01 -2.72505031e+02  7.80106845e+02]
 [ 2.60418969e-01  9.94232570e-02  1.00000000e+00]]",6,"[[ 1.41312081e-03 -1.28892582e-04 -2.15237577e-01]
 [-5.47998912e-04 -3.12238875e-03  2.49361953e+00]
 [-2.08830665e-04  2.96317356e-04  8.21157232e-01]]","[[ 7.36764443e+02 -9.38276985e+00  2.21609753e+02]
 [ 1.57822471e+01 -2.48819925e+02  7.59731671e+02]
 [ 1.81673435e-01  8.74013519e-02  1.00000000e+00]]",6
1156,48.468771741000005,"[[ 1.23848435e-03 -1.02113145e-04 -1.62503443e-01]
 [-5.16020804e-04 -2.81198396e-03  2.28948003e+00]
 [-2.73310341e-04  3.02046806e-04  8.18308054e-01]]","[[ 8.46493134e+02 -9.75205901e+00  1.95385090e+02]
 [ 5.75552643e+01 -2.74106982e+02  7.78332057e+02]
 [ 2.61479698e-01  9.79188699e-02  1.00000000e+00]]",5,"[[ 1.42931334e-03 -1.24788088e-04 -2.23213135e-01]
 [-5.05044693e-04 -3.18255602e-03  2.50477536e+00]
 [-1.97126537e-04  2.94344870e-04  8.22425872e-01]]","[[ 7.27398478e+02 -8.00697422e+00  2.21807913e+02]
 [ 1.69986303e+01 -2.45344581e+02  7.51833568e+02]
 [ 1.68265722e-01  8.58892381e-02  1.00000000e+00]]",6
1157,48.511033741000006,"[[ 1.23892122e-03 -9.44899623e-05 -1.68916307e-01]
 [-4.99132608e-04 -2.81717187e-03  2.27835325e+00]
 [-2.72172520e-04  3.03108179e-04  8.18535240e-01]]","[[ 8.47098866e+02 -7.39054789e+00  1.95382047e+02]
 [ 5.98028210e+01 -2.73681699e+02  7.74120928e+02]
 [ 2.59524940e-01  9.88884207e-02  1.00000000e+00]]",6,"[[ 1.40940141e-03 -1.14922491e-04 -2.25856875e-01]
 [-5.13166488e-04 -3.12225764e-03  2.46945866e+00]
 [-2.14233649e-04  2.94583230e-04  8.25255943e-01]]","[[ 7.40919646e+02 -6.34754857e+00  2.21769751e+02]
 [ 2.36680599e+01 -2.49968286e+02  7.54471323e+02]
 [ 1.83891685e-01  8.75808376e-02  1.00000000e+00]]",6
1158,48.557297741000006,"[[ 1.23951790e-03 -9.31360923e-05 -1.71016264e-01]
 [-4.92026121e-04 -2.81970363e-03  2.26966186e+00]
 [-2.71984500e-04  2.96544119e-04  8.24716281e-01]]","[[ 8.46821891e+02 -7.37015878e+00  1.95883225e+02]
 [ 5.97393266e+01 -2.75561928e+02  7.70748447e+02]
 [ 2.57794210e-01  9.66534820e-02  1.00000000e+00]]",5,"[[ 1.40605399e-03 -1.16263908e-04 -2.25385940e-01]
 [-5.21627845e-04 -3.13921861e-03  2.47640148e+00]
 [-2.34403524e-04  2.62344850e-04  8.54892445e-01]]","[[ 7.44959823e+02 -8.99849817e+00  2.22469347e+02]
 [ 3.00681202e+01 -2.56828461e+02  7.51892610e+02]
 [ 1.95033880e-01  7.63468488e-02  1.00000000e+00]]",6
1159,48.584548741000006,"[[ 1.24940325e-03 -1.09668938e-04 -1.64199133e-01]
 [-4.97361373e-04 -2.84663667e-03  2.28458841e+00]
 [-2.79135802e-04  2.64001578e-04  8.52791904e-01]]","[[ 8.39270091e+02 -1.38947594e+01  1.98818993e+02]
 [ 5.91404749e+01 -2.82361387e+02  7.67819634e+02]
 [ 2.56401532e-01  8.28635060e-02  1.00000000e+00]]",4,"[[ 1.43251865e-03 -1.23938459e-04 -2.28111669e-01]
 [-4.83234830e-04 -3.19915980e-03  2.48367415e+00]
 [-2.03195913e-04  2.68664831e-04  8.45902428e-01]]","[[ 7.26607028e+02 -9.38113924e+00  2.23485864e+02]
 [ 2.06565017e+01 -2.51019392e+02  7.42594352e+02]
 [ 1.67979070e-01  7.74721424e-02  1.00000000e+00]]",6
1160,48.624753741000006,"[[ 1.23441942e-03 -9.62171519e-05 -1.64868448e-01]
 [-4.90188983e-04 -2.81342498e-03  2.25151901e+00]
 [-2.74490982e-04  2.88365588e-04  8.32002575e-01]]","[[ 8.49415658e+02 -9.23565500e+00  1.93312015e+02]
 [ 5.97092439e+01 -2.78907463e+02  7.66595735e+02]
 [ 2.59541080e-01  9.36201557e-02  1.00000000e+00]]",4,"[[ 1.46707351e-03 -1.54263429e-04 -2.18519228e-01]
 [-4.94387709e-04 -3.24375903e-03  2.51517737e+00]
 [-1.78425997e-04  2.18431588e-04  8.78657716e-01]]","[[ 7.03097945e+02 -1.81616246e+01  2.26846159e+02]
 [ 2.97314607e+00 -2.58539893e+02  7.40815639e+02]
 [ 1.42036564e-01  6.05841983e-02  1.00000000e+00]]",6
1161,48.668218741000004,"[[ 1.23333824e-03 -9.85445489e-05 -1.63479319e-01]
 [-4.90728788e-04 -2.80739362e-03  2.24673259e+00]
 [-2.74701735e-04  2.86982617e-04  8.33285287e-01]]","[[ 8.49980669e+02 -1.00261347e+01  1.93787539e+02]
 [ 5.93206124e+01 -2.79938386e+02  7.66417453e+02]
 [ 2.59775594e-01  9.31052728e-02  1.00000000e+00]]",5,"[[ 1.42204658e-03 -1.16691707e-04 -2.26770431e-01]
 [-4.77428316e-04 -3.17015606e-03  2.45305107e+00]
 [-1.98710678e-04  2.86044523e-04  8.31912478e-01]]","[[ 7.31618055e+02 -7.05786749e+00  2.20242701e+02]
 [ 1.97792286e+01 -2.49342922e+02  7.40626306e+02]
 [ 1.67953461e-01  8.40481485e-02  1.00000000e+00]]",6
1162,48.703935741,"[[ 1.36436834e-03 -1.22664589e-04 -1.78270113e-01]
 [-5.14408956e-04 -2.89183365e-03  2.31683962e+00]
 [-6.65751256e-04 -3.58780416e-04  1.40752797e+00]]","[[ 8.08032483e+02 -5.90261258e+01  1.99500198e+02]
 [ 2.04158204e+02 -4.49456505e+02  7.65678528e+02]
 [ 4.34234076e-01 -1.42485914e-01  1.00000000e+00]]",1,"[[ 1.56931040e-03 -1.66838776e-04 -2.29612900e-01]
 [-6.45205563e-04 -3.07416218e-03  2.45300944e+00]
 [-6.90665909e-04 -3.83244500e-04  1.44378181e+00]]","[[ 7.09315782e+02 -6.66827532e+01  2.26101669e+02]
 [ 1.54639118e+02 -4.27245153e+02  7.50489807e+02]
 [ 3.80365522e-01 -1.45309256e-01  1.00000000e+00]]",6
1170,49.034152741,"[[ 1.19482949e-03 -6.33246613e-04  1.48963526e-01]
 [-3.10340549e-04 -2.81981160e-03  2.22339962e+00]
 [-6.09009061e-04 -7.90967715e-04  1.76828454e+00]]","[[ 9.05173540e+02 -2.80991197e+02  2.77058284e+02]
 [ 2.25845268e+02 -6.17973656e+02  7.58000004e+02]
 [ 4.12770223e-01 -3.73199778e-01  1.00000000e+00]]",1,"[[ 1.23776847e-03 -6.66486420e-04  1.44343327e-01]
 [-3.06435197e-04 -2.87981423e-03  2.22527006e+00]
 [-6.45286907e-04 -8.13113363e-04  1.78656226e+00]]","[[ 8.85053584e+02 -2.84801056e+02  2.83229807e+02]
 [ 2.35745390e+02 -6.11469606e+02  7.42575147e+02]
 [ 4.26965930e-01 -3.81163599e-01  1.00000000e+00]]",6
1171,49.073974741,"[[ 1.32479694e-03 -3.90163049e-05 -3.21926012e-01]
 [-3.42762510e-04 -2.91107383e-03  2.32068117e+00]
 [-2.19727286e-04  3.15354401e-04  8.16813029e-01]]","[[ 8.03533899e+02  1.79980795e+01  2.65557296e+02]
 [ 5.94177687e+01 -2.61340369e+02  7.65922893e+02]
 [ 1.93215170e-01  1.05739626e-01  1.00000000e+00]]",4,"[[ 1.41208497e-03 -5.41850529e-05 -3.56795490e-01]
 [-4.08370163e-04 -3.12164409e-03  2.46838645e+00]
 [-2.50468504e-04  2.92902702e-04  8.49714718e-01]]","[[ 7.61938250e+02  1.31969504e+01  2.81601522e+02]
 [ 6.12292274e+01 -2.50669228e+02  7.53894014e+02]
 [ 2.03488681e-01  9.02974999e-02  1.00000000e+00]]",6
1172,49.117088741,"[[ 1.41821857e-03 -3.01843583e-05 -3.78409670e-01]
 [-3.44654822e-04 -2.96032010e-03  2.36053179e+00]
 [-1.67071329e-04  3.43601511e-04  7.84636236e-01]]","[[ 7.44599063e+02  2.52658226e+01  2.83090046e+02]
 [ 2.94499594e+01 -2.49374699e+02  7.64432010e+02]
 [ 1.45649792e-01  1.14583948e-01  1.00000000e+00]]",3,"[[ 1.55100336e-03 -3.18955815e-05 -4.43554403e-01]
 [-3.39852051e-04 -3.20162209e-03  2.48678988e+00]
 [-1.60498887e-04  3.51343861e-04  7.86695562e-01]]","[[ 6.81678889e+02  2.62727338e+01  3.01294319e+02]
 [ 2.64774741e+01 -2.30877553e+02  7.44745731e+02]
 [ 1.27248722e-01  1.08471637e-01  1.00000000e+00]]",6
1173,49.156334741,"[[ 1.33477455e-03 -2.53900567e-05 -3.41401985e-01]
 [-3.37369255e-04 -2.91987813e-03  2.32555264e+00]
 [-2.18437298e-04  3.24664104e-04  8.10610679e-01]]","[[ 7.99270851e+02  2.31082419e+01  2.70331033e+02]
 [ 6.00398428e+01 -2.57916488e+02  7.65220726e+02]
 [ 1.91334493e-01  1.09527212e-01  1.00000000e+00]]",5,"[[ 1.41319219e-03 -5.53962980e-05 -3.61660813e-01]
 [-3.69397105e-04 -3.14902698e-03  2.47272283e+00]
 [-2.53364142e-04  2.78330568e-04  8.63069733e-01]]","[[ 7.61873357e+02  1.18216518e+01  2.85386059e+02]
 [ 6.88231642e+01 -2.52324191e+02  7.51756670e+02]
 [ 2.01462052e-01  8.48421806e-02  1.00000000e+00]]",6
1174,49.185011741000004,"[[ 1.33134911e-03 -3.10451769e-05 -3.36200519e-01]
 [-3.30585301e-04 -2.92168888e-03  2.32773342e+00]
 [-2.18801063e-04  3.15629185e-04  8.17353938e-01]]","[[ 8.00695822e+02  2.07022418e+01  2.70390880e+02]
 [ 6.13082629e+01 -2.60156191e+02  7.66113800e+02]
 [ 1.90666996e-01  1.06003721e-01  1.00000000e+00]]",4,"[[ 1.41425080e-03 -4.64084833e-05 -3.69277743e-01]
 [-3.96901288e-04 -3.13104778e-03  2.47524075e+00]
 [-2.54443971e-04  2.90226878e-04  8.53815458e-01]]","[[ 7.62782751e+02  1.51917123e+01  2.85864521e+02]
 [ 6.54288117e+01 -2.50432271e+02  7.54310032e+02]
 [ 2.05075079e-01  8.96535839e-02  1.00000000e+00]]",6
1175,49.226861741,"[[ 1.33066999e-03 -2.75673821e-05 -3.40271161e-01]
 [-3.28541350e-04 -2.91906401e-03  2.33026351e+00]
 [-2.23241900e-04  3.19897369e-04  8.15044947e-01]]","[[ 8.02547719e+02  2.21872670e+01  2.71618965e+02]
 [ 6.48375629e+01 -2.59054140e+02  7.67720559e+02]
 [ 1.94370767e-01  1.07753401e-01  1.00000000e+00]]",5,"[[ 1.41325889e-03 -4.61391230e-05 -3.70696339e-01]
 [-3.75189358e-04 -3.15926944e-03  2.49150956e+00]
 [-2.61808436e-04  2.75437929e-04  8.67287384e-01]]","[[ 7.64416736e+02  1.38521881e+01  2.86933294e+02]
 [ 7.29335900e+01 -2.51808506e+02  7.54559017e+02]
 [ 2.07592174e-01  8.41523059e-02  1.00000000e+00]]",6
1176,49.267520741000006,"[[ 1.33220555e-03 -2.42925074e-05 -3.44954893e-01]
 [-3.21824764e-04 -2.92664998e-03  2.33589654e+00]
 [-2.24976650e-04  3.21451790e-04  8.14487768e-01]]","[[ 8.02361297e+02  2.33189174e+01  2.72941946e+02]
 [ 6.74222952e+01 -2.57878484e+02  7.68133216e+02]
 [ 1.95017710e-01  1.08217355e-01  1.00000000e+00]]",5,"[[ 1.42620801e-03 -4.18877573e-05 -3.79719222e-01]
 [-3.60945580e-04 -3.15166355e-03  2.48450037e+00]
 [-2.44437302e-04  2.87084698e-04  8.53672368e-01]]","[[ 7.54703917e+02  1.62422160e+01  2.88426569e+02]
 [ 6.63352955e+01 -2.49375855e+02  7.55281787e+02]
 [ 1.93790905e-01  8.85142808e-02  1.00000000e+00]]",6
1177,49.305658741,"[[ 1.33351997e-03 -1.93459868e-05 -3.50316119e-01]
 [-3.15606553e-04 -2.92635764e-03  2.33465350e+00]
 [-2.26019265e-04  3.25128412e-04  8.12108812e-01]]","[[ 8.02254939e+02  2.51215632e+01  2.73845928e+02]
 [ 6.94313512e+01 -2.56823556e+02  7.68267657e+02]
 [ 1.95479921e-01  1.09811137e-01  1.00000000e+00]]",6,"[[ 1.41837714e-03 -3.62871039e-05 -3.82320859e-01]
 [-3.49448356e-04 -3.15621244e-03  2.48363534e+00]
 [-2.55246946e-04  2.91957430e-04  8.53326072e-01]]","[[ 7.61440138e+02  1.79661073e+01  2.88861663e+02]
 [ 7.47869284e+01 -2.47863168e+02  7.54921651e+02]
 [ 2.02174381e-01  9.01780575e-02  1.00000000e+00]]",6
1178,49.346250741000006,"[[ 1.33491464e-03 -1.68187148e-05 -3.53134515e-01]
 [-3.10434663e-04 -2.93079812e-03  2.33671487e+00]
 [-2.27124241e-04  3.27777909e-04  8.10465489e-01]]","[[ 8.01828960e+02  2.60667396e+01  2.74216417e+02]
 [ 7.12499945e+01 -2.55692339e+02  7.68251001e+02]
 [ 1.95888193e-01  1.10715003e-01  1.00000000e+00]]",5,"[[ 1.42770146e-03 -3.45900415e-05 -3.87280488e-01]
 [-3.49410506e-04 -3.15670262e-03  2.48595939e+00]
 [-2.48260401e-04  2.91885525e-04  8.51377801e-01]]","[[ 7.55305653e+02  1.84983284e+01  2.89564807e+02]
 [ 7.07437341e+01 -2.47707006e+02  7.55466286e+02]
 [ 1.95992205e-01  9.03177085e-02  1.00000000e+00]]",6
1179,49.395140741000006,"[[ 1.33967475e-03 -1.69475867e-05 -3.54442109e-01]
 [-3.05447893e-04 -2.94121397e-03  2.34332770e+00]
 [-2.22751048e-04  3.24908436e-04  8.11492505e-01]]","[[ 7.97917262e+02  2.57026389e+01  2.74291839e+02]
 [ 6.94750294e+01 -2.55530932e+02  7.68235792e+02]
 [ 1.91208030e-01  1.09365699e-01  1.00000000e+00]]",4,"[[ 1.41954117e-03 -3.37294803e-05 -3.85339367e-01]
 [-3.70733127e-04 -3.15478461e-03  2.49374950e+00]
 [-2.63794916e-04  2.93478418e-04  8.54346589e-01]]","[[ 7.63138415e+02  1.87652889e+01  2.89427438e+02]
 [ 7.59552775e+01 -2.47420706e+02  7.56453911e+02]
 [ 2.09541188e-01  9.07861355e-02  1.00000000e+00]]",6
1180,49.432493741,"[[ 1.33692315e-03 -1.61247654e-05 -3.54095871e-01]
 [-3.11712533e-04 -2.93497211e-03  2.34385900e+00]
 [-2.28833442e-04  3.28995634e-04  8.09576310e-01]]","[[ 8.01047762e+02  2.63287082e+01  2.74139600e+02]
 [ 7.22851803e+01 -2.54860883e+02  7.69481333e+02]
 [ 1.97047525e-01  1.11012397e-01  1.00000000e+00]]",6,"[[ 1.42273003e-03 -3.38486183e-05 -3.85854560e-01]
 [-3.45195806e-04 -3.16839835e-03  2.49530815e+00]
 [-2.57532027e-04  2.93718289e-04  8.52410083e-01]]","[[ 7.59757233e+02  1.86924189e+01  2.89194664e+02]
 [ 7.70829680e+01 -2.46352339e+02  7.56053722e+02]
 [ 2.02978762e-01  9.05339878e-02  1.00000000e+00]]",6
1181,49.481139741,"[[ 1.33832891e-03 -1.91190263e-05 -3.53560184e-01]
 [-3.11784656e-04 -2.94013336e-03  2.34998807e+00]
 [-2.29814740e-04  3.28093283e-04  8.10576866e-01]]","[[ 8.00395398e+02  2.55030972e+01  2.75181761e+02]
 [ 7.29127428e+01 -2.54658537e+02  7.70097932e+02]
 [ 1.97415551e-01  1.10307544e-01  1.00000000e+00]]",5,"[[ 1.43156822e-03 -3.77411385e-05 -3.87286742e-01]
 [-3.50792865e-04 -3.16889730e-03  2.50138079e+00]
 [-2.50963579e-04  2.90701463e-04  8.52785756e-01]]","[[ 7.53790669e+02  1.76713084e+01  2.90495543e+02]
 [ 7.22249826e+01 -2.46965342e+02  7.57196208e+02]
 [ 1.97210254e-01  8.93870948e-02  1.00000000e+00]]",6
1182,49.515474741000006,"[[ 1.41043048e-03 -7.80419276e-05 -3.49745654e-01]
 [-3.07017596e-04 -2.98600208e-03  2.38264281e+00]
 [-1.89278069e-04  3.01119231e-04  8.23698424e-01]]","[[ 7.50092868e+02  9.68765117e+00  2.90469790e+02]
 [ 4.67693824e+01 -2.58663194e+02  7.68071626e+02]
 [ 1.55266740e-01  9.67855706e-02  1.00000000e+00]]",3,"[[ 1.51964685e-03 -1.10916423e-04 -3.81871122e-01]
 [-3.16549246e-04 -3.27070919e-03  2.54995659e+00]
 [-2.01750699e-04  2.78736896e-04  8.52685131e-01]]","[[ 6.99170636e+02  2.37038153e+00  3.06031729e+02]
 [ 4.88546484e+01 -2.43482913e+02  7.50015468e+02]
 [ 1.49457950e-01  8.01537344e-02  1.00000000e+00]]",6
1183,49.556030741,"[[ 1.50539313e-03 -2.15772660e-05 -4.11573615e-01]
 [-3.27825841e-04 -3.04184794e-03  2.42846808e+00]
 [-2.58040248e-04 -3.54653813e-04  1.34565597e+00]]","[[ 7.04718444e+02 -3.81579082e+01  2.84403137e+02]
 [ 4.04473547e+01 -4.18542046e+02  7.67702209e+02]
 [ 1.45795459e-01 -1.17625762e-01  1.00000000e+00]]",1,"[[ 1.59519138e-03 -4.30078359e-05 -4.43616386e-01]
 [-4.52225682e-04 -3.20079293e-03  2.55763732e+00]
 [-2.99897949e-04 -4.29145595e-04  1.41433611e+00]]","[[ 6.69108244e+02 -4.90122048e+01  2.98502472e+02]
 [ 2.48630158e+01 -4.14236462e+02  7.56889587e+02]
 [ 1.49422787e-01 -1.36082513e-01  1.00000000e+00]]",6
1184,49.597963741,"[[ 1.36654586e-03 -1.78553326e-04 -2.84475598e-01]
 [-2.80052945e-04 -2.89424695e-03  2.29705405e+00]
 [-3.92319646e-04 -2.42433139e-05  1.13934423e+00]]","[[ 8.09426648e+02 -5.25152907e+01  3.07977678e+02]
 [ 1.45339445e+02 -3.60877767e+02  7.63861560e+02]
 [ 2.81809025e-01 -2.57618835e-02  1.00000000e+00]]",1,"[[ 1.43002207e-03 -1.97038339e-04 -3.07863100e-01]
 [-3.01442880e-04 -3.03337277e-03  2.36847377e+00]
 [-4.45037435e-04 -4.67917423e-05  1.17680266e+00]]","[[ 7.86606774e+02 -5.60087074e+01  3.18509097e+02]
 [ 1.59038244e+02 -3.51552844e+02  7.49153382e+02]
 [ 3.03798715e-01 -3.51594561e-02  1.00000000e+00]]",6
1185,49.633823741,"[[ 1.50810636e-03 -1.80318019e-06 -4.39292633e-01]
 [-2.54806195e-04 -2.95229286e-03  2.32048882e+00]
 [-1.93103958e-04  3.54821430e-04  7.86484614e-01]]","[[ 7.06357818e+02  3.46863070e+01  2.92197196e+02]
 [ 5.56262786e+01 -2.47319801e+02  7.60776546e+02]
 [ 1.48334872e-01  1.20094439e-01  1.00000000e+00]]",2,"[[ 1.57662186e-03 -1.68855881e-05 -4.68153974e-01]
 [-3.82957325e-04 -3.11341481e-03  2.45449943e+00]
 [-2.76796779e-04  3.57413807e-04  8.16052457e-01]]","[[ 6.95398054e+02  3.12391985e+01  3.04976434e+02]
 [ 7.46436417e+01 -2.35399524e+02  7.50849666e+02]
 [ 2.03179676e-01  1.13696061e-01  1.00000000e+00]]",6
1186,49.676969741,"[[ 1.35763477e-03  3.30613008e-06 -4.00203542e-01]
 [-2.45552915e-04 -2.96809618e-03  2.32702970e+00]
 [-2.31353198e-04  3.32324500e-04  8.15276745e-01]]","[[ 7.92584794e+02  3.36808898e+01  2.92929748e+02]
 [ 8.39391297e+01 -2.51753633e+02  7.59779942e+02]
 [ 1.90698433e-01  1.12177960e-01  1.00000000e+00]]",5,"[[ 1.41974540e-03 -1.25473255e-05 -4.24412806e-01]
 [-2.98736303e-04 -3.18886877e-03  2.47821874e+00]
 [-2.91017796e-04  2.85085553e-04  8.75527898e-01]]","[[ 7.72091697e+02  2.42783639e+01  3.05551093e+02]
 [ 1.01443520e+02 -2.47071923e+02  7.48522349e+02]
 [ 2.23604915e-01  8.85203907e-02  1.00000000e+00]]",6
1187,49.713188741,"[[ 1.36163170e-03  9.21600545e-06 -4.09172973e-01]
 [-2.30111386e-04 -2.97390350e-03  2.32580467e+00]
 [-2.28938885e-04  3.35917616e-04  8.12585766e-01]]","[[ 7.90126101e+02  3.58113639e+01  2.95363295e+02]
 [ 8.53623313e+01 -2.50236406e+02  7.59217039e+02]
 [ 1.87322845e-01  1.13535622e-01  1.00000000e+00]]",4,"[[ 1.42077737e-03 -4.27931429e-06 -4.34051340e-01]
 [-3.01602339e-04 -3.16781803e-03  2.46625517e+00]
 [-2.90556249e-04  3.02743457e-04  8.62595979e-01]]","[[ 7.72800390e+02  2.83681317e+01  3.07759368e+02]
 [ 1.01381459e+02 -2.44208603e+02  7.49233131e+02]
 [ 2.24727930e-01  9.52648707e-02  1.00000000e+00]]",6
1188,49.757856741000005,"[[ 1.36320600e-03  1.13054614e-05 -4.14048665e-01]
 [-2.24040053e-04 -2.97704336e-03  2.32880377e+00]
 [-2.29407064e-04  3.34087772e-04  8.14369016e-01]]","[[ 7.89596194e+02  3.63764879e+01  2.97429719e+02]
 [ 8.67383950e+01 -2.50300661e+02  7.59870559e+02]
 [ 1.86844912e-01  1.12930885e-01  1.00000000e+00]]",4,"[[ 1.42082139e-03 -2.40548869e-06 -4.38148586e-01]
 [-2.95955357e-04 -3.17094042e-03  2.46962279e+00]
 [-2.93083166e-04  2.99388780e-04  8.66231783e-01]]","[[ 7.73658805e+02  2.86488178e+01  3.09646614e+02]
 [ 1.03735807e+02 -2.44636923e+02  7.49929329e+02]
 [ 2.25908399e-01  9.42450253e-02  1.00000000e+00]]",6
1189,49.794548741,"[[ 1.36020808e-03  1.58871503e-05 -4.17942811e-01]
 [-2.20565214e-04 -2.97900035e-03  2.32778121e+00]
 [-2.33183776e-04  3.36779884e-04  8.13862765e-01]]","[[ 7.92491743e+02  3.79603702e+01  2.98395258e+02]
 [ 8.97334706e+01 -2.49364262e+02  7.59303568e+02]
 [ 1.89928568e-01  1.14064205e-01  1.00000000e+00]]",5,"[[ 1.41668770e-03  2.49167961e-07 -4.40002207e-01]
 [-2.76068633e-04 -3.19565618e-03  2.47745424e+00]
 [-2.99507475e-04  2.87552207e-04  8.77768407e-01]]","[[ 7.76961601e+02  2.79958768e+01  3.10453547e+02]
 [ 1.10375987e+02 -2.45570144e+02  7.48437136e+02]
 [ 2.28952132e-01  9.00000622e-02  1.00000000e+00]]",6
1190,49.827192741000005,"[[ 1.53116956e-03 -1.95704473e-05 -4.45750280e-01]
 [-2.18359329e-04 -3.14390839e-03  2.43247508e+00]
 [-3.08092256e-04 -9.29622781e-04  1.79249673e+00]]","[[ 7.00305122e+02 -9.32850622e+01  3.00739624e+02]
 [ 7.43064909e+01 -5.41140256e+02  7.52822754e+02]
 [ 1.58904385e-01 -2.96679322e-01  1.00000000e+00]]",1,"[[ 1.59562212e-03 -2.94369810e-05 -4.76483263e-01]
 [-3.48382642e-04 -3.27602359e-03  2.54628807e+00]
 [-3.56080639e-04 -1.02340639e-03  1.87266914e+00]]","[[ 6.73792155e+02 -1.03628917e+02  3.12345490e+02]
 [ 4.85491139e+01 -5.38115202e+02  7.44033813e+02]
 [ 1.54650818e-01 -3.13782490e-01  1.00000000e+00]]",6
1191,49.867128741,"[[ 1.35893712e-03  2.00532893e-05 -4.20669334e-01]
 [-2.03094167e-04 -2.97866786e-03  2.28930178e+00]
 [-2.31393574e-04  3.29085678e-04  8.22848984e-01]]","[[ 7.92425486e+02  3.83152016e+01  2.98516553e+02]
 [ 8.96726866e+01 -2.52453773e+02  7.48211923e+02]
 [ 1.86974975e-01  1.11739595e-01  1.00000000e+00]]",4,"[[ 1.41167248e-03  1.05565327e-05 -4.45584545e-01]
 [-2.76645723e-04 -3.15829709e-03  2.42048003e+00]
 [-2.95901853e-04  3.02903062e-04  8.67850504e-01]]","[[ 7.79722415e+02  3.23484350e+01  3.10115066e+02]
 [ 1.06863632e+02 -2.45372348e+02  7.39223688e+02]
 [ 2.28555477e-01  9.66710245e-02  1.00000000e+00]]",6
1192,49.903442741000006,"[[ 1.35579489e-03  1.87055302e-05 -4.18484411e-01]
 [-2.03458768e-04 -2.97610104e-03  2.28088802e+00]
 [-2.34266807e-04  3.25202700e-04  8.27296093e-01]]","[[ 7.94772319e+02  3.75987661e+01  2.98371106e+02]
 [ 9.07962441e+01 -2.53922580e+02  7.46003504e+02]
 [ 1.89365804e-01  1.10461602e-01  1.00000000e+00]]",4,"[[ 1.40802373e-03  1.00853501e-05 -4.43772386e-01]
 [-2.77288757e-04 -3.15296162e-03  2.41018985e+00]
 [-2.98322308e-04  3.01181805e-04  8.70426890e-01]]","[[ 7.82195870e+02  3.21041294e+01  3.09893782e+02]
 [ 1.07660960e+02 -2.46400989e+02  7.37167167e+02]
 [ 2.30830363e-01  9.62618155e-02  1.00000000e+00]]",6
1193,49.944624741000005,"[[ 1.35317536e-03  1.74107604e-05 -4.16004459e-01]
 [-2.02963553e-04 -2.97235340e-03  2.27313472e+00]
 [-2.36875963e-04  3.22112699e-04  8.30766123e-01]]","[[ 7.96683097e+02  3.69445248e+01  2.97850180e+02]
 [ 9.20314092e+01 -2.55222087e+02  7.44420900e+02]
 [ 1.91474575e-01  1.09491158e-01  1.00000000e+00]]",4,"[[ 1.40535896e-03  9.47349974e-06 -4.41726244e-01]
 [-2.76753116e-04 -3.14730939e-03  2.40100932e+00]
 [-3.00218450e-04  2.99904397e-04  8.72242615e-01]]","[[ 7.83917694e+02  3.18379246e+01  3.09356434e+02]
 [ 1.08456930e+02 -2.47303504e+02  7.35674088e+02]
 [ 2.32526869e-01  9.59890507e-02  1.00000000e+00]]",6
1194,49.994978741000004,"[[ 1.35401736e-03  1.69526008e-05 -4.16018535e-01]
 [-1.98469271e-04 -2.97228112e-03  2.26856664e+00]
 [-2.35602708e-04  3.19125525e-04  8.32974815e-01]]","[[ 7.95739607e+02  3.65276142e+01  2.97940699e+02]
 [ 9.18045884e+01 -2.56107287e+02  7.43346435e+02]
 [ 1.89899162e-01  1.08450310e-01  1.00000000e+00]]",4,"[[ 1.40588640e-03  9.43502218e-06 -4.41902724e-01]
 [-2.72345640e-04 -3.14591201e-03  2.39550523e+00]
 [-2.98922397e-04  2.97816057e-04  8.73684448e-01]]","[[ 7.83207656e+02  3.16384230e+01  3.09392698e+02]
 [ 1.08167792e+02 -2.47997869e+02  7.34681537e+02]
 [ 2.31095111e-01  9.53607232e-02  1.00000000e+00]]",6
1195,50.034298741,"[[ 1.35158295e-03  1.97158007e-05 -4.18647703e-01]
 [-1.95754428e-04 -2.97188352e-03  2.26401879e+00]
 [-2.43020299e-04  3.17404851e-04  8.37090296e-01]]","[[ 7.99012004e+02  3.72262397e+01  2.98920721e+02]
 [ 9.62744104e+01 -2.56587569e+02  7.42123210e+02]
 [ 1.95460600e-01  1.08099295e-01  1.00000000e+00]]",5,"[[ 1.39991960e-03  1.04046162e-05 -4.41819848e-01]
 [-2.51163528e-04 -3.16696590e-03  2.39755754e+00]
 [-3.13394464e-04  2.81592953e-04  8.90948530e-01]]","[[ 7.89174040e+02  3.01708016e+01  3.10159916e+02]
 [ 1.19074984e+02 -2.50241785e+02  7.32453950e+02]
 [ 2.39960101e-01  8.97040431e-02  1.00000000e+00]]",6
1196,50.073981741000004,"[[ 1.35412972e-03  2.24560216e-05 -4.22951018e-01]
 [-1.85014735e-04 -2.97364628e-03  2.25760301e+00]
 [-2.39405512e-04  3.18119834e-04  8.36257592e-01]]","[[ 7.96739404e+02  3.81171641e+01  3.00061033e+02]
 [ 9.59000657e+01 -2.56341112e+02  7.40534377e+02]
 [ 1.91610926e-01  1.08426700e-01  1.00000000e+00]]",4,"[[ 1.40333946e-03  1.58543923e-05 -4.48316621e-01]
 [-2.59551517e-04 -3.14343678e-03  2.38226438e+00]
 [-3.04956223e-04  2.97870401e-04  8.76811744e-01]]","[[ 7.86397982e+02  3.34547503e+01  3.11192485e+02]
 [ 1.13203219e+02 -2.48173240e+02  7.32158482e+02]
 [ 2.35052817e-01  9.59449934e-02  1.00000000e+00]]",6
1197,50.113483741,"[[ 1.35231838e-03  2.48844840e-05 -4.25275758e-01]
 [-1.81362782e-04 -2.96989866e-03  2.25178137e+00]
 [-2.44504546e-04  3.17955857e-04  8.38330103e-01]]","[[ 7.99086225e+02  3.89059380e+01  3.00865176e+02]
 [ 9.93407738e+01 -2.56673793e+02  7.39828484e+02]
 [ 1.95381549e-01  1.08696580e-01  1.00000000e+00]]",5,"[[ 1.39804649e-03  1.62653393e-05 -4.47835477e-01]
 [-2.37410612e-04 -3.16130486e-03  2.38307396e+00]
 [-3.17457997e-04  2.82922711e-04  8.92344489e-01]]","[[ 7.91522931e+02  3.19800367e+01  3.11831652e+02]
 [ 1.23346873e+02 -2.50322191e+02  7.30407828e+02]
 [ 2.42482198e-01  9.07431516e-02  1.00000000e+00]]",6
1198,50.157083741,"[[ 1.35246516e-03  2.69876623e-05 -4.27672811e-01]
 [-1.76240622e-04 -2.97168481e-03  2.24783265e+00]
 [-2.46506801e-04  3.16831229e-04  8.40325281e-01]]","[[ 7.99474478e+02  3.94033304e+01  3.01480165e+02]
 [ 1.01138966e+02 -2.56850546e+02  7.38537140e+02]
 [ 1.96390513e-01  1.08400241e-01  1.00000000e+00]]",5,"[[ 1.39726775e-03  1.87881136e-05 -4.50118531e-01]
 [-2.32288163e-04 -3.16147481e-03  2.37797653e+00]
 [-3.20125664e-04  2.82541619e-04  8.93950711e-01]]","[[ 7.92664948e+02  3.26242523e+01  3.12336544e+02]
 [ 1.25445117e+02 -2.50391649e+02  7.29224362e+02]
 [ 2.44206894e-01  9.08214753e-02  1.00000000e+00]]",6
1199,50.196150741000004,"[[ 1.35306951e-03  2.76752635e-05 -4.28706434e-01]
 [-1.66815843e-04 -2.97357117e-03  2.24273494e+00]
 [-2.45437818e-04  3.13280596e-04  8.43083245e-01]]","[[ 7.98633414e+02  3.92248210e+01  3.01759533e+02]
 [ 1.01972998e+02 -2.57669271e+02  7.37294166e+02]
 [ 1.94605553e-01  1.07166211e-01  1.00000000e+00]]",4,"[[ 1.39987600e-03  2.21643378e-05 -4.53766622e-01]
 [-2.41641058e-04 -3.13935171e-03  2.36480051e+00]
 [-3.12817260e-04  2.94449038e-04  8.83070585e-01]]","[[ 7.90227372e+02  3.48989973e+01  3.12602008e+02]
 [ 1.19918582e+02 -2.49295217e+02  7.29215215e+02]
 [ 2.39943277e-01  9.54869823e-02  1.00000000e+00]]",6
1200,50.234604741000005,"[[ 1.35048829e-03  3.11821598e-05 -4.31215865e-01]
 [-1.64159294e-04 -2.96723324e-03  2.23512185e+00]
 [-2.49867517e-04  3.16675724e-04  8.42288744e-01]]","[[ 8.01349309e+02  4.06836874e+01  3.02297209e+02]
 [ 1.04998714e+02 -2.57303805e+02  7.36543699e+02]
 [ 1.98246289e-01  1.08807581e-01  1.00000000e+00]]",5,"[[ 1.39371479e-03  2.36043882e-05 -4.53414396e-01]
 [-2.20238869e-04 -3.15446694e-03  2.36349628e+00]
 [-3.24891405e-04  2.83176753e-04  8.95710963e-01]]","[[ 7.95854219e+02  3.40540515e+01  3.13008490e+02]
 [ 1.29942963e+02 -2.50739661e+02  7.27400126e+02]
 [ 2.47590326e-01  9.16227611e-02  1.00000000e+00]]",6
1201,50.272614741000005,"[[ 1.35231461e-03  3.28471026e-05 -4.33395665e-01]
 [-1.55680910e-04 -2.97519101e-03  2.23138992e+00]
 [-2.46726300e-04  3.13312704e-04  8.44649834e-01]]","[[ 7.99376080e+02  4.06971745e+01  3.02651883e+02]
 [ 1.04285082e+02 -2.57648060e+02  7.34162205e+02]
 [ 1.94818320e-01  1.07459292e-01  1.00000000e+00]]",4,"[[ 1.39748161e-03  2.82086420e-05 -4.58319037e-01]
 [-2.30847526e-04 -3.13810536e-03  2.35160703e+00]
 [-3.15083471e-04  2.95830910e-04  8.83846303e-01]]","[[ 7.92266323e+02  3.66566592e+01  3.13299586e+02]
 [ 1.22614074e+02 -2.49090428e+02  7.26324434e+02]
 [ 2.41396031e-01  9.64404726e-02  1.00000000e+00]]",6
1202,50.315348741,"[[ 1.35249547e-03  3.35501907e-05 -4.33402464e-01]
 [-1.52715078e-04 -2.97338254e-03  2.22537963e+00]
 [-2.46906266e-04  3.10315540e-04  8.47198260e-01]]","[[ 7.99134577e+02  4.05628651e+01  3.02265872e+02]
 [ 1.04592201e+02 -2.58647457e+02  7.32909084e+02]
 [ 1.94588158e-01  1.06560123e-01  1.00000000e+00]]",4,"[[ 1.39759523e-03  2.94054075e-05 -4.58628968e-01]
 [-2.27885156e-04 -3.13502515e-03  2.34464552e+00]
 [-3.14925887e-04  2.93997788e-04  8.85349585e-01]]","[[ 7.92017387e+02  3.67720002e+01  3.12898787e+02]
 [ 1.22664382e+02 -2.49823406e+02  7.25142676e+02]
 [ 2.40993755e-01  9.60388812e-02  1.00000000e+00]]",6
1203,50.353814741,"[[ 1.34761069e-03  3.33630929e-05 -4.31469432e-01]
 [-1.54705414e-04 -2.96653972e-03  2.22076361e+00]
 [-2.53978683e-04  3.10323018e-04  8.49288051e-01]]","[[ 8.03641115e+02  4.06328250e+01  3.02030243e+02]
 [ 1.08360319e+02 -2.59212296e+02  7.32853122e+02]
 [ 2.00734027e-01  1.06865289e-01  1.00000000e+00]]",5,"[[ 1.40568721e-03  2.75938022e-05 -4.60147563e-01]
 [-1.96842407e-04 -3.14035591e-03  2.33530322e+00]
 [-3.08815160e-04  2.83564593e-04  8.91395653e-01]]","[[ 7.85113773e+02  3.51737666e+01  3.13134552e+02]
 [ 1.23774477e+02 -2.51971296e+02  7.24015089e+02]
 [ 2.32620583e-01  9.23409599e-02  1.00000000e+00]]",6
1204,50.397948741,"[[ 1.34792004e-03  3.31123987e-05 -4.31848748e-01]
 [-1.55395268e-04 -2.96617603e-03  2.22020615e+00]
 [-2.53320719e-04  3.10387022e-04  8.49189824e-01]]","[[ 8.03393818e+02  4.06105788e+01  3.02383225e+02]
 [ 1.07804082e+02 -2.59263182e+02  7.32666304e+02]
 [ 2.00255946e-01  1.06877668e-01  1.00000000e+00]]",6,"[[ 1.39750511e-03  2.81564399e-05 -4.57934392e-01]
 [-1.92946910e-04 -3.13887364e-03  2.33113811e+00]
 [-3.16831992e-04  2.88669085e-04  8.90372459e-01]]","[[ 7.91501507e+02  3.58948881e+01  3.13104721e+02]
 [ 1.29368618e+02 -2.50895193e+02  7.23420497e+02]
 [ 2.39706739e-01  9.41160454e-02  1.00000000e+00]]",6
1205,50.428224741,"[[ 1.34735518e-03  3.40261224e-05 -4.32520358e-01]
 [-1.53850563e-04 -2.96409020e-03  2.21723967e+00]
 [-2.53279154e-04  3.10348092e-04  8.49344321e-01]]","[[ 8.03733637e+02  4.09010695e+01  3.02520050e+02]
 [ 1.08039157e+02 -2.59454367e+02  7.32331556e+02]
 [ 2.00200585e-01  1.07000840e-01  1.00000000e+00]]",6,"[[ 1.39656629e-03  2.92117522e-05 -4.58553980e-01]
 [-1.91442195e-04 -3.13603163e-03  2.32767474e+00]
 [-3.17217584e-04  2.88857804e-04  8.90481036e-01]]","[[ 7.92153044e+02  3.62291666e+01  3.13218591e+02]
 [ 1.29833756e+02 -2.51059304e+02  7.23114992e+02]
 [ 2.40074041e-01  9.43456003e-02  1.00000000e+00]]",6
1206,50.466187741000006,"[[ 1.34734630e-03  3.51153243e-05 -4.33014105e-01]
 [-1.52157812e-04 -2.96487606e-03  2.21629483e+00]
 [-2.53145441e-04  3.10082879e-04  8.49545697e-01]]","[[ 8.03643533e+02  4.11348815e+01  3.02305056e+02]
 [ 1.08232561e+02 -2.59443536e+02  7.32002522e+02]
 [ 1.99962913e-01  1.06953759e-01  1.00000000e+00]]",6,"[[ 1.39657213e-03  3.03604796e-05 -4.59094300e-01]
 [-1.89594333e-04 -3.13680654e-03  2.32662292e+00]
 [-3.17030392e-04  2.88647349e-04  8.90602011e-01]]","[[ 7.92046535e+02  3.64696486e+01  3.13016281e+02]
 [ 1.30001013e+02 -2.51025823e+02  7.22797781e+02]
 [ 2.39813490e-01  9.43405969e-02  1.00000000e+00]]",6
1207,50.505380741,"[[ 1.34556785e-03  3.50877008e-05 -4.31472994e-01]
 [-1.52079055e-04 -2.96586291e-03  2.21303492e+00]
 [-2.53972599e-04  3.08916581e-04  8.50873766e-01]]","[[ 8.04735041e+02  4.09351604e+01  3.01608192e+02]
 [ 1.08557861e+02 -2.59777518e+02  7.30703577e+02]
 [ 2.00788100e-01  1.06532832e-01  1.00000000e+00]]",6,"[[ 1.39479159e-03  3.08127431e-05 -4.57864999e-01]
 [-1.88972623e-04 -3.13670979e-03  2.32228944e+00]
 [-3.17318479e-04  2.88889120e-04  8.90661761e-01]]","[[ 7.92960935e+02  3.65546822e+01  3.12327886e+02]
 [ 1.30136016e+02 -2.51073436e+02  7.21542053e+02]
 [ 2.40300289e-01  9.44599439e-02  1.00000000e+00]]",6
1208,50.543781741000004,"[[ 1.34526031e-03  3.61569823e-05 -4.30799406e-01]
 [-1.54535854e-04 -2.96226344e-03  2.20988307e+00]
 [-2.52531818e-04  3.09430846e-04  8.49925988e-01]]","[[ 8.04515312e+02  4.12203433e+01  3.00605680e+02]
 [ 1.07231935e+02 -2.59982383e+02  7.30329616e+02]
 [ 1.99999586e-01  1.06898740e-01  1.00000000e+00]]",5,"[[ 1.39792148e-03  3.28457527e-05 -4.59019600e-01]
 [-1.88631022e-04 -3.11869366e-03  2.31157023e+00]
 [-3.12185956e-04  2.88937241e-04  8.88492327e-01]]","[[ 7.89902269e+02  3.71680971e+01  3.11385871e+02]
 [ 1.27263907e+02 -2.52381939e+02  7.22364373e+02]
 [ 2.36158610e-01  9.51340787e-02  1.00000000e+00]]",6
1209,50.593700741000006,"[[ 1.34448731e-03  3.53594438e-05 -4.28077388e-01]
 [-1.56071640e-04 -2.96140510e-03  2.20787625e+00]
 [-2.52927310e-04  3.08491814e-04  8.50544554e-01]]","[[ 8.04797811e+02  4.07774126e+01  2.99201568e+02]
 [ 1.07062537e+02 -2.60377290e+02  7.29781744e+02]
 [ 2.00492059e-01  1.06564651e-01  1.00000000e+00]]",5,"[[ 1.39818954e-03  3.22519784e-05 -4.56849112e-01]
 [-1.89352678e-04 -3.11835021e-03  2.30948960e+00]
 [-3.10985365e-04  2.88855155e-04  8.87943925e-01]]","[[ 7.89177150e+02  3.68864193e+01  3.10093994e+02]
 [ 1.26341475e+02 -2.52516368e+02  7.21783097e+02]
 [ 2.35294315e-01  9.50643266e-02  1.00000000e+00]]",6
1210,50.634185741,"[[ 1.33912396e-03  3.36871440e-05 -4.23031280e-01]
 [-1.58655855e-04 -2.95452671e-03  2.20076013e+00]
 [-2.56422130e-04  3.08466419e-04  8.51461654e-01]]","[[ 8.08509085e+02  4.02857261e+01  2.97565265e+02]
 [ 1.08635736e+02 -2.61124635e+02  7.28898355e+02]
 [ 2.04130326e-01  1.06732150e-01  1.00000000e+00]]",5,"[[ 1.39368038e-03  3.10026626e-05 -4.52410797e-01]
 [-1.91068040e-04 -3.11131072e-03  2.30184988e+00]
 [-3.12962257e-04  2.90189873e-04  8.87380942e-01]]","[[ 7.91846220e+02  3.66713787e+01  3.08579729e+02]
 [ 1.27207924e+02 -2.52904136e+02  7.20882725e+02]
 [ 2.37669662e-01  9.56375921e-02  1.00000000e+00]]",6
1211,50.675838741,"[[ 1.33895263e-03  3.20488261e-05 -4.19917827e-01]
 [-1.60879282e-04 -2.95707855e-03  2.20075977e+00]
 [-2.57348470e-04  3.02335661e-04  8.56086910e-01]]","[[ 8.08471610e+02  3.90449296e+01  2.96188539e+02]
 [ 1.08399179e+02 -2.62552774e+02  7.28120384e+02]
 [ 2.04752570e-01  1.04460445e-01  1.00000000e+00]]",5,"[[ 1.38328168e-03  2.75740534e-05 -4.44690513e-01]
 [-2.13934551e-04 -3.13994698e-03  2.32390389e+00]
 [-3.28381720e-04  2.76493672e-04  9.02009299e-01]]","[[ 8.01102105e+02  3.40807082e+01  3.07138980e+02]
 [ 1.31447235e+02 -2.53993442e+02  7.19182924e+02]
 [ 2.51353238e-01  9.02641038e-02  1.00000000e+00]]",6
1212,50.714346741,"[[ 1.33665482e-03  3.13342407e-05 -4.16498633e-01]
 [-1.64248499e-04 -2.95148913e-03  2.19612608e+00]
 [-2.58206788e-04  3.03082651e-04  8.55503927e-01]]","[[ 8.09806610e+02  3.88428997e+01  2.94539198e+02]
 [ 1.08259409e+02 -2.62938350e+02  7.27683000e+02]
 [ 2.06061024e-01  1.04875676e-01  1.00000000e+00]]",5,"[[ 1.38212298e-03  2.70922936e-05 -4.41890658e-01]
 [-2.16593653e-04 -3.13504511e-03  2.31930441e+00]
 [-3.27670420e-04  2.78086323e-04  9.00290113e-01]]","[[ 8.01316585e+02  3.40350293e+01  3.05631169e+02]
 [ 1.30564076e+02 -2.54097313e+02  7.18683962e+02]
 [ 2.51318608e-01  9.08743289e-02  1.00000000e+00]]",6
1213,50.753557741,"[[ 1.33515580e-03  2.88714478e-05 -4.12730144e-01]
 [-1.70824006e-04 -2.94919365e-03  2.19771993e+00]
 [-2.59525797e-04  3.02135663e-04  8.56123982e-01]]","[[ 8.10863813e+02  3.79937432e+01  2.93378455e+02]
 [ 1.07844070e+02 -2.63418134e+02  7.28200351e+02]
 [ 2.07746239e-01  1.04480625e-01  1.00000000e+00]]",5,"[[ 1.38187536e-03  2.45849994e-05 -4.38597400e-01]
 [-2.22657632e-04 -3.13384920e-03  2.32137900e+00]
 [-3.27432390e-04  2.77547491e-04  9.00150686e-01]]","[[ 8.01187820e+02  3.32619626e+01  3.04599305e+02]
 [ 1.29399856e+02 -2.54394408e+02  7.19102131e+02]
 [ 2.51535927e-01  9.05377008e-02  1.00000000e+00]]",6
1214,50.795882741,"[[ 1.33582136e-03  2.65547685e-05 -4.09737355e-01]
 [-1.77001140e-04 -2.94840021e-03  2.20229465e+00]
 [-2.56884150e-04  3.02491694e-04  8.54431389e-01]]","[[ 8.09739331e+02  3.72744018e+01  2.92230879e+02]
 [ 1.05367709e+02 -2.63384831e+02  7.29402149e+02]
 [ 2.06144514e-01  1.04451835e-01  1.00000000e+00]]",5,"[[ 1.38398204e-03  2.18765222e-05 -4.35950661e-01]
 [-2.28659457e-04 -3.13523770e-03  2.32735367e+00]
 [-3.23632527e-04  2.77044407e-04  8.98737895e-01]]","[[ 7.98903795e+02  3.24031783e+01  3.03613527e+02]
 [ 1.26370207e+02 -2.54434980e+02  7.20178111e+02]
 [ 2.48727795e-01  9.01002520e-02  1.00000000e+00]]",6
1215,50.835588741,"[[ 1.33534348e-03  2.38031364e-05 -4.06265693e-01]
 [-1.81551412e-04 -2.94849710e-03  2.20722074e+00]
 [-2.56606162e-04  3.02211920e-04  8.53913600e-01]]","[[ 8.09779540e+02  3.63860989e+01  2.91216224e+02]
 [ 1.04592940e+02 -2.63421010e+02  7.30660385e+02]
 [ 2.06326713e-01  1.04162606e-01  1.00000000e+00]]",5,"[[ 1.38499837e-03  1.87098758e-05 -4.32809833e-01]
 [-2.32817989e-04 -3.13752366e-03  2.33361881e+00]
 [-3.21978350e-04  2.75976671e-04  8.98415153e-01]]","[[ 7.97681658e+02  3.13870598e+01  3.02754279e+02]
 [ 1.24900689e+02 -2.54531293e+02  7.21311586e+02]
 [ 2.47509792e-01  8.94359944e-02  1.00000000e+00]]",6
1216,50.875264741,"[[ 1.33522771e-03  2.30053545e-05 -4.04202481e-01]
 [-1.83913941e-04 -2.94541892e-03  2.20947467e+00]
 [-2.55527086e-04  3.03410318e-04  8.52026928e-01]]","[[ 8.09442226e+02  3.62066201e+01  2.90109312e+02]
 [ 1.03824186e+02 -2.63292811e+02  7.32024740e+02]
 [ 2.05783501e-01  1.04618205e-01  1.00000000e+00]]",5,"[[ 1.38631078e-03  1.75129453e-05 -4.31057381e-01]
 [-2.34644844e-04 -3.13647960e-03  2.33703627e+00]
 [-3.19566719e-04  2.76476825e-04  8.96684382e-01]]","[[ 7.96166624e+02  3.10497580e+01  3.01810865e+02]
 [ 1.23488356e+02 -2.54448659e+02  7.22535516e+02]
 [ 2.45668032e-01  8.95204918e-02  1.00000000e+00]]",6
1217,50.915640741000004,"[[ 1.33373491e-03  2.15688363e-05 -4.01834369e-01]
 [-1.85915941e-04 -2.94682870e-03  2.21238445e+00]
 [-2.57854056e-04  3.01196810e-04  8.54004229e-01]]","[[ 8.10683060e+02  3.55173772e+01  2.89439108e+02]
 [ 1.04857393e+02 -2.63710453e+02  7.32507157e+02]
 [ 2.07791949e-01  1.03731391e-01  1.00000000e+00]]",5,"[[ 1.38568644e-03  1.59008206e-05 -4.28914356e-01]
 [-2.36249706e-04 -3.13913050e-03  2.34061420e+00]
 [-3.20995221e-04  2.73929412e-04  8.98656961e-01]]","[[ 7.96615200e+02  3.03218568e+01  3.01236110e+02]
 [ 1.24023670e+02 -2.54844305e+02  7.22954096e+02]
 [ 2.46741471e-01  8.85126639e-02  1.00000000e+00]]",6
1218,50.954567741000005,"[[ 1.33270631e-03  2.10072746e-05 -4.00456558e-01]
 [-1.86703411e-04 -2.94425433e-03  2.21105140e+00]
 [-2.58662615e-04  3.01427334e-04  8.53896138e-01]]","[[ 8.11386856e+02  3.53698909e+01  2.88935070e+02]
 [ 1.05229872e+02 -2.63886457e+02  7.32649425e+02]
 [ 2.08639293e-01  1.03866800e-01  1.00000000e+00]]",5,"[[ 1.38516688e-03  1.53409715e-05 -4.27735159e-01]
 [-2.36724932e-04 -3.13698044e-03  2.33942010e+00]
 [-3.21165539e-04  2.74314034e-04  8.98258314e-01]]","[[ 7.96836813e+02  3.01993771e+01  3.00788856e+02]
 [ 1.24078626e+02 -2.54943194e+02  7.23057067e+02]
 [ 2.47011370e-01  8.86532237e-02  1.00000000e+00]]",6
1219,50.991693741000006,"[[ 1.33172645e-03  2.16520770e-05 -3.99963450e-01]
 [-1.85999932e-04 -2.94226899e-03  2.20971843e+00]
 [-2.58434593e-04  3.02756401e-04  8.52680208e-01]]","[[ 8.11855291e+02  3.56525705e+01  2.88420323e+02]
 [ 1.05375768e+02 -2.63694726e+02  7.32792371e+02]
 [ 2.08645987e-01  1.04434374e-01  1.00000000e+00]]",5,"[[ 1.38452591e-03  1.59478268e-05 -4.27347683e-01]
 [-2.35792637e-04 -3.13550268e-03  2.33831746e+00]
 [-3.20584692e-04  2.75507578e-04  8.97042358e-01]]","[[ 7.96994400e+02  3.04428138e+01  3.00330018e+02]
 [ 1.24062752e+02 -2.54754246e+02  7.23170120e+02]
 [ 2.46726338e-01  8.91220180e-02  1.00000000e+00]]",6
1220,51.035892741000005,"[[ 1.33094109e-03  2.36442899e-05 -4.00155181e-01]
 [-1.83089672e-04 -2.93960085e-03  2.20587584e+00]
 [-2.56862327e-04  3.05690151e-04  8.49971471e-01]]","[[ 8.11874330e+02  3.64423202e+01  2.87643168e+02]
 [ 1.05162282e+02 -2.63165079e+02  7.32484257e+02]
 [ 2.07527972e-01  1.05659584e-01  1.00000000e+00]]",4,"[[ 1.38695736e-03  2.05558477e-05 -4.30551342e-01]
 [-2.53820152e-04 -3.10724873e-03  2.32620416e+00]
 [-3.11302937e-04  2.95454243e-04  8.79341075e-01]]","[[ 7.94446417e+02  3.37523668e+01  2.99696082e+02]
 [ 1.16383059e+02 -2.52201391e+02  7.24156788e+02]
 [ 2.42144534e-01  9.66873771e-02  1.00000000e+00]]",6
1221,51.064928741,"[[ 1.33250911e-03  2.06781719e-05 -3.97570614e-01]
 [-1.84894503e-04 -2.94459984e-03  2.20864808e+00]
 [-2.55412503e-04  3.00104575e-04  8.53613593e-01]]","[[ 8.10324180e+02  3.49408221e+01  2.87002344e+02]
 [ 1.03647964e+02 -2.64268967e+02  7.32046134e+02]
 [ 2.06020265e-01  1.03363688e-01  1.00000000e+00]]",4,"[[ 1.38920632e-03  1.77833041e-05 -4.28388993e-01]
 [-2.55583121e-04 -3.11234628e-03  2.32891424e+00]
 [-3.08975216e-04  2.90519190e-04  8.82161480e-01]]","[[ 7.92329378e+02  3.24469163e+01  2.99105215e+02]
 [ 1.14400207e+02 -2.53092329e+02  7.23720241e+02]
 [ 2.39836685e-01  9.47144862e-02  1.00000000e+00]]",6
1222,51.103665741,"[[ 1.33201935e-03  1.99400232e-05 -3.96452125e-01]
 [-1.86412266e-04 -2.94031276e-03  2.20722551e+00]
 [-2.56217183e-04  3.01173043e-04  8.52838923e-01]]","[[ 8.10759675e+02  3.48612378e+01  2.86667009e+02]
 [ 1.03901472e+02 -2.64365792e+02  7.32502777e+02]
 [ 2.06883425e-01  1.03831915e-01  1.00000000e+00]]",4,"[[ 1.38909860e-03  1.69507998e-05 -4.27367852e-01]
 [-2.57024256e-04 -3.10829785e-03  2.32763025e+00]
 [-3.09527902e-04  2.91581072e-04  8.81349822e-01]]","[[ 7.92463056e+02  3.23533073e+01  2.98821978e+02]
 [ 1.14513154e+02 -2.53165891e+02  7.24134515e+02]
 [ 2.40426166e-01  9.51184546e-02  1.00000000e+00]]",6
1223,51.149040741,"[[ 1.33193557e-03  1.97896760e-05 -3.96508939e-01]
 [-1.87563220e-04 -2.93577543e-03  2.21048487e+00]
 [-2.55242694e-04  3.02739107e-04  8.50798314e-01]]","[[ 8.10677316e+02  3.50374931e+01  2.86778840e+02]
 [ 1.03577696e+02 -2.64172230e+02  7.34625575e+02]
 [ 2.06350248e-01  1.04511642e-01  1.00000000e+00]]",4,"[[ 1.38948159e-03  1.60651745e-05 -4.27135836e-01]
 [-2.57816573e-04 -3.10567714e-03  2.33215232e+00]
 [-3.08703220e-04  2.91357460e-04  8.80748292e-01]]","[[ 7.92089872e+02  3.21489464e+01  2.99011344e+02]
 [ 1.14325097e+02 -2.53279990e+02  7.26109682e+02]
 [ 2.39808837e-01  9.50549648e-02  1.00000000e+00]]",6
1224,51.184845741000004,"[[ 1.33259782e-03  2.15148578e-05 -4.00216506e-01]
 [-1.82155446e-04 -2.93227950e-03  2.21357936e+00]
 [-2.55199831e-04  3.07861986e-04  8.46718066e-01]]","[[ 8.10602131e+02  3.62299858e+01  2.88429424e+02]
 [ 1.05202273e+02 -2.62883369e+02  7.36983077e+02]
 [ 2.06063568e-01  1.06502608e-01  1.00000000e+00]]",4,"[[ 1.38921900e-03  1.69230569e-05 -4.29899726e-01]
 [-2.52293944e-04 -3.10335278e-03  2.33624471e+00]
 [-3.10506546e-04  2.94061140e-04  8.79145204e-01]]","[[ 7.92970189e+02  3.28060618e+01  3.00581380e+02]
 [ 1.16930605e+02 -2.52576471e+02  7.28376697e+02]
 [ 2.40958702e-01  9.60699345e-02  1.00000000e+00]]",6
1225,51.230162741,"[[ 1.33546821e-03  2.77050368e-05 -4.08924488e-01]
 [-1.63838697e-04 -2.94499294e-03  2.21448511e+00]
 [-2.53957460e-04  3.06988966e-04  8.48014953e-01]]","[[ 8.08781251e+02  3.79364094e+01  2.90939263e+02]
 [ 1.07791156e+02 -2.61848641e+02  7.35763392e+02]
 [ 2.03186673e-01  1.06152465e-01  1.00000000e+00]]",4,"[[ 1.38946943e-03  2.31549291e-05 -4.37564415e-01]
 [-2.34269364e-04 -3.11496648e-03  2.33662945e+00]
 [-3.12180293e-04  2.91767655e-04  8.82306820e-01]]","[[ 7.93505974e+02  3.42600683e+01  3.02793639e+02]
 [ 1.20931140e+02 -2.52002860e+02  7.27357483e+02]
 [ 2.40770135e-01  9.54561380e-02  1.00000000e+00]]",6
1226,51.271440741000006,"[[ 1.33329089e-03  3.71744834e-05 -4.15909759e-01]
 [-1.46052158e-04 -2.94647962e-03  2.20042145e+00]
 [-2.59676620e-04  3.05495656e-04  8.51973090e-01]]","[[ 8.11234147e+02  4.04605769e+01  2.91523148e+02]
 [ 1.13932146e+02 -2.62019791e+02  7.32346440e+02]
 [ 2.06406479e-01  1.06285721e-01  1.00000000e+00]]",4,"[[ 1.38551671e-03  3.36131780e-05 -4.44419235e-01]
 [-2.16293485e-04 -3.11384787e-03  2.32063519e+00]
 [-3.19001579e-04  2.91274395e-04  8.85776782e-01]]","[[ 7.97330264e+02  3.69679715e+01  3.03191206e+02]
 [ 1.27396391e+02 -2.52027763e+02  7.24202659e+02]
 [ 2.45256266e-01  9.61891044e-02  1.00000000e+00]]",6
1227,51.310082741,"[[ 1.33133560e-03  4.51240059e-05 -4.18009373e-01]
 [-1.37626277e-04 -2.94150638e-03  2.18768157e+00]
 [-2.62262065e-04  3.04978761e-04  8.53159359e-01]]","[[ 8.12489403e+02  4.24514742e+01  2.89228355e+02]
 [ 1.16710449e+02 -2.62463919e+02  7.30195986e+02]
 [ 2.08039610e-01  1.06872568e-01  1.00000000e+00]]",4,"[[ 1.38440858e-03  4.22208830e-05 -4.47264517e-01]
 [-2.06970419e-04 -3.10895260e-03  2.30730097e+00]
 [-3.20233344e-04  2.91727071e-04  8.85748546e-01]]","[[ 7.97810326e+02  3.90835066e+01  3.01050269e+02]
 [ 1.29338599e+02 -2.52136820e+02  7.22105724e+02]
 [ 2.45841665e-01  9.71731518e-02  1.00000000e+00]]",6
1228,51.350307741,"[[ 1.32682833e-03  4.36355500e-05 -4.10598434e-01]
 [-1.45094132e-04 -2.93189303e-03  2.18489256e+00]
 [-2.66878454e-04  3.04545803e-04  8.53520463e-01]]","[[ 8.15654971e+02  4.17864948e+01  2.85415128e+02]
 [ 1.18250533e+02 -2.63375703e+02  7.31090964e+02]
 [ 2.12845552e-01  1.07041230e-01  1.00000000e+00]]",4,"[[ 1.38303966e-03  4.06348450e-05 -4.41055375e-01]
 [-2.13102628e-04 -3.10204881e-03  2.30555996e+00]
 [-3.21717324e-04  2.91747944e-04  8.84892389e-01]]","[[ 7.98211891e+02  3.84516474e+01  2.97666778e+02]
 [ 1.29196107e+02 -2.52696851e+02  7.22788880e+02]
 [ 2.47607390e-01  9.72935794e-02  1.00000000e+00]]",6
1229,51.388983741000004,"[[ 1.35947917e-03  3.99836687e-05 -4.13793359e-01]
 [-1.55615800e-04 -2.89652252e-03  2.17142295e+00]
 [-1.98449673e-04  3.41684733e-04  8.05158217e-01]]","[[ 7.81907603e+02  4.41506522e+01  2.82774776e+02]
 [ 7.77361644e+01 -2.57527250e+02  7.34473394e+02]
 [ 1.59730157e-01  1.20168695e-01  1.00000000e+00]]",3,"[[ 1.41872119e-03  3.62520970e-05 -4.45473913e-01]
 [-2.24351691e-04 -3.03717809e-03  2.27112653e+00]
 [-2.50557973e-04  3.61625154e-04  8.11504408e-01]]","[[ 7.64043540e+02  4.42974296e+01  2.95446821e+02]
 [ 8.99806224e+01 -2.41742777e+02  7.25951020e+02]
 [ 1.95806631e-01  1.21403337e-01  1.00000000e+00]]",6
1230,51.431192741000004,"[[ 1.32417926e-03  3.41802484e-05 -3.96002591e-01]
 [-1.70678592e-04 -2.92550580e-03  2.20490841e+00]
 [-2.65787191e-04  3.08208277e-04  8.47169747e-01]]","[[ 8.16422393e+02  3.90396576e+01  2.80022410e+02]
 [ 1.14125076e+02 -2.62806710e+02  7.37347565e+02]
 [ 2.14620886e-01  1.07859664e-01  1.00000000e+00]]",4,"[[ 1.38685627e-03  2.92034523e-05 -4.27773935e-01]
 [-2.36548438e-04 -3.10463726e-03  2.33066082e+00]
 [-3.15544720e-04  2.92851764e-04  8.79185117e-01]]","[[ 7.93734709e+02  3.51145384e+01  2.93111127e+02]
 [ 1.22699496e+02 -2.52239515e+02  7.28370384e+02]
 [ 2.44005532e-01  9.66224208e-02  1.00000000e+00]]",6
1231,51.472825741,"[[ 1.32422424e-03  3.08852190e-05 -3.91139614e-01]
 [-1.79912659e-04 -2.92620308e-03  2.21482497e+00]
 [-2.61868743e-04  3.09063351e-04  8.44187208e-01]]","[[ 8.15317778e+02  3.79800781e+01  2.78118234e+02]
 [ 1.10641005e+02 -2.62435498e+02  7.39794169e+02]
 [ 2.12406870e-01  1.07861134e-01  1.00000000e+00]]",4,"[[ 1.38927413e-03  2.50450443e-05 -4.23300442e-01]
 [-2.45038336e-04 -3.10902803e-03  2.34273954e+00]
 [-3.09797022e-04  2.92478040e-04  8.76642285e-01]]","[[ 7.90768043e+02  3.37946633e+01  2.91521835e+02]
 [ 1.18466121e+02 -2.51963859e+02  7.30551637e+02]
 [ 2.39925508e-01  9.60065275e-02  1.00000000e+00]]",6
1232,51.517395741,"[[ 1.32274258e-03  2.67751103e-05 -3.86425100e-01]
 [-1.86072061e-04 -2.92539788e-03  2.21968357e+00]
 [-2.62563193e-04  3.08701900e-04  8.43976093e-01]]","[[ 8.16181224e+02  3.67150429e+01  2.77137155e+02]
 [ 1.10171959e+02 -2.62617340e+02  7.41135455e+02]
 [ 2.13618439e-01  1.07479929e-01  1.00000000e+00]]",4,"[[ 1.38915259e-03  2.05247541e-05 -4.18856624e-01]
 [-2.50775035e-04 -3.10991272e-03  2.34857271e+00]
 [-3.09354700e-04  2.91842529e-04  8.76376868e-01]]","[[ 7.90468587e+02  3.24977333e+01  2.90707941e+02]
 [ 1.17443571e+02 -2.52108200e+02  7.31747359e+02]
 [ 2.39919778e-01  9.54260941e-02  1.00000000e+00]]",6
1233,51.556604741,"[[ 1.31867277e-03  2.61479664e-05 -3.83355800e-01]
 [-1.93133742e-04 -2.92020284e-03  2.21750559e+00]
 [-2.65257457e-04  3.10211753e-04  8.43314157e-01]]","[[ 8.19229363e+02  3.66567566e+01  2.76017855e+02]
 [ 1.10599589e+02 -2.62723670e+02  7.41111952e+02]
 [ 2.16997905e-01  1.08172557e-01  1.00000000e+00]]",5,"[[ 1.38483543e-03  1.73739264e-05 -4.13822208e-01]
 [-2.36376244e-04 -3.13325383e-03  2.35681822e+00]
 [-3.14940878e-04  2.76265195e-04  8.89457919e-01]]","[[ 7.93092619e+02  2.99377211e+01  2.89661339e+02]
 [ 1.22726588e+02 -2.54080749e+02  7.30342734e+02]
 [ 2.42700859e-01  8.95177592e-02  1.00000000e+00]]",6
1234,51.597198741,"[[ 1.31912028e-03  2.51465875e-05 -3.80798417e-01]
 [-1.91350438e-04 -2.92282291e-03  2.21386110e+00]
 [-2.61229527e-04  3.07416977e-04  8.44404720e-01]]","[[ 8.17666569e+02  3.59145727e+01  2.74579540e+02]
 [ 1.08225518e+02 -2.63428527e+02  7.39463268e+02]
 [ 2.13556705e-01  1.07015447e-01  1.00000000e+00]]",4,"[[ 1.38708736e-03  1.96334691e-05 -4.14319540e-01]
 [-2.55867741e-04 -3.10689565e-03  2.34209040e+00]
 [-3.05563997e-04  2.92942075e-04  8.74239990e-01]]","[[ 7.90396022e+02  3.21839005e+01  2.88363510e+02]
 [ 1.14291395e+02 -2.52304111e+02  7.30088080e+02]
 [ 2.37961900e-01  9.57914670e-02  1.00000000e+00]]",6
1235,51.636597741,"[[ 1.31498226e-03  2.45727837e-05 -3.76519247e-01]
 [-1.90878641e-04 -2.92060803e-03  2.20530276e+00]
 [-2.64461301e-04  3.03057982e-04  8.48644024e-01]]","[[ 8.20387954e+02  3.51839751e+01  2.72553074e+02]
 [ 1.09813578e+02 -2.64967380e+02  7.37270521e+02]
 [ 2.16440556e-01  1.05586414e-01  1.00000000e+00]]",4,"[[ 1.38398129e-03  1.99795590e-05 -4.11022378e-01]
 [-2.55031838e-04 -3.10372634e-03  2.33247608e+00]
 [-3.06893605e-04  2.90848776e-04  8.76188963e-01]]","[[ 7.91964756e+02  3.19436659e+01  2.86476333e+02]
 [ 1.14759807e+02 -2.53237003e+02  7.27968654e+02]
 [ 2.39299031e-01  9.52499777e-02  1.00000000e+00]]",6
1236,51.675867741000005,"[[ 1.31047769e-03  2.31688744e-05 -3.72105921e-01]
 [-1.94435526e-04 -2.91357700e-03  2.19615783e+00]
 [-2.71213863e-04  2.98866947e-04  8.53610508e-01]]","[[ 8.24249767e+02  3.43467731e+01  2.70940061e+02]
 [ 1.12662061e+02 -2.66860136e+02  7.35685879e+02]
 [ 2.22439855e-01  1.04346179e-01  1.00000000e+00]]",5,"[[ 1.37897351e-03  1.66703500e-05 -4.04975533e-01]
 [-2.35441917e-04 -3.12498630e-03  2.33266738e+00]
 [-3.16682371e-04  2.70480825e-04  8.94131301e-01]]","[[ 7.95543013e+02  2.89044197e+01  2.84914596e+02]
 [ 1.22684298e+02 -2.56595903e+02  7.24990872e+02]
 [ 2.44651649e-01  8.78593463e-02  1.00000000e+00]]",6
1237,51.706289741000006,"[[ 1.31196255e-03  2.30204678e-05 -3.71217170e-01]
 [-1.89358104e-04 -2.91351684e-03  2.19287668e+00]
 [-2.65860849e-04  2.99726209e-04  8.51465347e-01]]","[[ 8.21887665e+02  3.42751148e+01  2.70049409e+02]
 [ 1.10466452e+02 -2.66731526e+02  7.35104944e+02]
 [ 2.17739996e-01  1.04594791e-01  1.00000000e+00]]",4,"[[ 1.38261483e-03  1.94574769e-05 -4.07017796e-01]
 [-2.53046788e-04 -3.09570948e-03  2.31892241e+00]
 [-3.05750517e-04  2.90314710e-04  8.76160091e-01]]","[[ 7.91896205e+02  3.16264810e+01  2.84167808e+02]
 [ 1.13982155e+02 -2.54241503e+02  7.25848040e+02]
 [ 2.38577379e-01  9.52792328e-02  1.00000000e+00]]",6
1238,51.743890741,"[[ 1.31094994e-03  2.33654636e-05 -3.71184172e-01]
 [-1.91338272e-04 -2.91002531e-03  2.19221304e+00]
 [-2.69214812e-04  3.01830026e-04  8.50677310e-01]]","[[ 8.23311505e+02  3.46184312e+01  2.70030975e+02]
 [ 1.12168300e+02 -2.66444455e+02  7.35576346e+02]
 [ 2.20755731e-01  1.05493270e-01  1.00000000e+00]]",5,"[[ 1.38047174e-03  1.67895477e-05 -4.04387376e-01]
 [-2.31837385e-04 -3.12277119e-03  2.32936330e+00]
 [-3.13757353e-04  2.73110367e-04  8.91184341e-01]]","[[ 7.93855149e+02  2.91165133e+01  2.84118617e+02]
 [ 1.21719158e+02 -2.56181570e+02  7.24835041e+02]
 [ 2.42189092e-01  8.87598213e-02  1.00000000e+00]]",6
1239,51.785295741000006,"[[ 1.31030705e-03  2.51388125e-05 -3.72092795e-01]
 [-1.89063487e-04 -2.90887520e-03  2.19130755e+00]
 [-2.70127252e-04  3.02833641e-04  8.50077436e-01]]","[[ 8.23893594e+02  3.52141749e+01  2.69857513e+02]
 [ 1.13275465e+02 -2.66197036e+02  7.35778336e+02]
 [ 2.21453344e-01  1.06020607e-01  1.00000000e+00]]",5,"[[ 1.37996616e-03  1.84548358e-05 -4.05262611e-01]
 [-2.29342293e-04 -3.12206399e-03  2.32868787e+00]
 [-3.14607482e-04  2.73703106e-04  8.90901896e-01]]","[[ 7.94315593e+02  2.95910370e+01  2.83979778e+02]
 [ 1.22743405e+02 -2.56014779e+02  7.25020147e+02]
 [ 2.42790343e-01  8.91025177e-02  1.00000000e+00]]",6
1240,51.826381741000006,"[[ 1.30993475e-03  2.62454737e-05 -3.72968538e-01]
 [-1.87237157e-04 -2.90960573e-03  2.19051748e+00]
 [-2.71384519e-04  3.02371789e-04  8.50880965e-01]]","[[ 8.24404491e+02  3.54939353e+01  2.69987062e+02]
 [ 1.14319805e+02 -2.66225170e+02  7.35483110e+02]
 [ 2.22314918e-01  1.05927256e-01  1.00000000e+00]]",5,"[[ 1.37927587e-03  1.96731350e-05 -4.06082033e-01]
 [-2.27503584e-04 -3.12246161e-03  2.32766328e+00]
 [-3.16148262e-04  2.73224661e-04  8.91788968e-01]]","[[ 7.95059258e+02  2.98670707e+01  2.84079311e+02]
 [ 1.23888720e+02 -2.56060957e+02  7.24759661e+02]
 [ 2.43899798e-01  8.90396646e-02  1.00000000e+00]]",6
1241,51.868354741000005,"[[ 1.31146140e-03  2.79101839e-05 -3.74046566e-01]
 [-1.78790696e-04 -2.91535045e-03  2.18727177e+00]
 [-2.67291159e-04  3.01223727e-04  8.51045467e-01]]","[[ 8.22326314e+02  3.57283859e+01  2.69598574e+02]
 [ 1.13262549e+02 -2.66116540e+02  7.33726558e+02]
 [ 2.18182452e-01  1.05412109e-01  1.00000000e+00]]",4,"[[ 1.38180011e-03  2.46842775e-05 -4.09923106e-01]
 [-2.42014532e-04 -3.09731411e-03  2.31285910e+00]
 [-3.07394101e-04  2.91966934e-04  8.75664282e-01]]","[[ 7.92599183e+02  3.30609739e+01  2.83715289e+02]
 [ 1.16763692e+02 -2.53629313e+02  7.24561926e+02]
 [ 2.39303099e-01  9.61716981e-02  1.00000000e+00]]",6
1242,51.913151741,"[[ 1.30993596e-03  2.90075982e-05 -3.73460394e-01]
 [-1.75987683e-04 -2.91385991e-03  2.17862357e+00]
 [-2.69649370e-04  2.99766261e-04  8.53249355e-01]]","[[ 8.23567208e+02  3.58621158e+01  2.68901092e+02]
 [ 1.14721563e+02 -2.66798189e+02  7.31435402e+02]
 [ 2.19964685e-01  1.05065761e-01  1.00000000e+00]]",4,"[[ 1.38031261e-03  2.66699922e-05 -4.09902680e-01]
 [-2.39298899e-04 -3.09420382e-03  2.30298641e+00]
 [-3.09007335e-04  2.92445833e-04  8.76186927e-01]]","[[ 7.93652502e+02  3.35887736e+01  2.83005590e+02]
 [ 1.17706401e+02 -2.53893066e+02  7.22403439e+02]
 [ 2.40612695e-01  9.65880042e-02  1.00000000e+00]]",6
1243,51.95113374100001,"[[ 1.30739277e-03  2.81029832e-05 -3.71601470e-01]
 [-1.77308008e-04 -2.90901271e-03  2.17283260e+00]
 [-2.75284003e-04  2.96395711e-04  8.57385125e-01]]","[[ 8.26215056e+02  3.53416811e+01  2.68527137e+02]
 [ 1.17455688e+02 -2.68188256e+02  7.30564216e+02]
 [ 2.24671994e-01  1.04059244e-01  1.00000000e+00]]",5,"[[ 1.37636373e-03  2.33225718e-05 -4.05736884e-01]
 [-2.16751190e-04 -3.11912178e-03  2.30728434e+00]
 [-3.19324917e-04  2.70579705e-04  8.95396679e-01]]","[[ 7.96912981e+02  3.04728073e+01  2.82587109e+02]
 [ 1.26561623e+02 -2.57190289e+02  7.20085143e+02]
 [ 2.45957094e-01  8.85877747e-02  1.00000000e+00]]",6
1244,51.996876741,"[[ 1.30835729e-03  2.85927518e-05 -3.72113338e-01]
 [-1.77593229e-04 -2.90914618e-03  2.17287175e+00]
 [-2.75079386e-04  2.96836506e-04  8.56998670e-01]]","[[ 8.25577242e+02  3.55054841e+01  2.68447838e+02]
 [ 1.17206116e+02 -2.68052175e+02  7.30522669e+02]
 [ 2.24397346e-01  1.04241116e-01  1.00000000e+00]]",5,"[[ 1.37746595e-03  2.38426484e-05 -4.06314298e-01]
 [-2.16976273e-04 -3.11935069e-03  2.30735478e+00]
 [-3.18937836e-04  2.71061676e-04  8.94927608e-01]]","[[ 7.96208348e+02  3.06349334e+01  2.82509081e+02]
 [ 1.26228304e+02 -2.57045532e+02  7.20039917e+02]
 [ 2.45523000e-01  8.87734733e-02  1.00000000e+00]]",6
1245,52.032725741,"[[ 1.32288535e-03  9.88840387e-06 -3.67317612e-01]
 [-1.83561155e-04 -2.94166633e-03  2.20080053e+00]
 [-2.79085382e-04  2.65205018e-04  8.82058757e-01]]","[[ 8.17134649e+02  2.72867797e+01  2.72198634e+02]
 [ 1.16282174e+02 -2.73634791e+02  7.31162271e+02]
 [ 2.23581160e-01  9.09062582e-02  1.00000000e+00]]",4,"[[ 1.40496575e-03  8.69666378e-06 -4.07928808e-01]
 [-1.91832554e-04 -3.17747363e-03  2.33027862e+00]
 [-3.00618369e-04  2.61955210e-04  8.98361769e-01]]","[[ 7.76446504e+02  2.56963457e+01  2.85915164e+02]
 [ 1.18359853e+02 -2.55354151e+02  7.16113190e+02]
 [ 2.25309122e-01  8.30580135e-02  1.00000000e+00]]",6
1246,52.079904741,"[[ 1.30957509e-03  2.73175424e-05 -3.69640002e-01]
 [-1.84120537e-04 -2.90976539e-03  2.18206158e+00]
 [-2.72920862e-04  2.97720675e-04  8.54627096e-01]]","[[ 8.24172200e+02  3.50531735e+01  2.66968870e+02]
 [ 1.15141944e+02 -2.67588696e+02  7.33016872e+02]
 [ 2.23084022e-01  1.04412123e-01  1.00000000e+00]]",4,"[[ 1.38215045e-03  2.45401879e-05 -4.06651954e-01]
 [-2.46859331e-04 -3.09242609e-03  2.30771982e+00]
 [-3.10780012e-04  2.89876565e-04  8.77633624e-01]]","[[ 7.92610108e+02  3.26643834e+01  2.81365934e+02]
 [ 1.17273831e+02 -2.54593892e+02  7.23788363e+02]
 [ 2.41937453e-01  9.56575022e-02  1.00000000e+00]]",6
1247,52.118424741000005,"[[ 1.30979777e-03  2.44056300e-05 -3.65964561e-01]
 [-1.91966516e-04 -2.90808237e-03  2.19006623e+00]
 [-2.71348025e-04  3.00586442e-04  8.50998570e-01]]","[[ 8.23559135e+02  3.43749533e+01  2.65699662e+02]
 [ 1.13267946e+02 -2.66889660e+02  7.35557155e+02]
 [ 2.22590663e-01  1.05230481e-01  1.00000000e+00]]",4,"[[ 1.38433680e-03  2.07178547e-05 -4.03149569e-01]
 [-2.54099448e-04 -3.09385154e-03  2.31762623e+00]
 [-3.08004553e-04  2.91401562e-04  8.74769585e-01]]","[[ 7.90563225e+02  3.16999258e+01  2.80355705e+02]
 [ 1.14913299e+02 -2.54064548e+02  7.26081380e+02]
 [ 2.40075971e-01  9.57949718e-02  1.00000000e+00]]",6
1248,52.159097741000004,"[[ 1.31011349e-03  2.08078706e-05 -3.63236238e-01]
 [-2.01011864e-04 -2.90805130e-03  2.20025853e+00]
 [-2.70751185e-04  3.02209094e-04  8.48785205e-01]]","[[ 8.23305436e+02  3.34852689e+01  2.65530218e+02]
 [ 1.11702791e+02 -2.66353034e+02  7.38255137e+02]
 [ 2.22851814e-01  1.05516078e-01  1.00000000e+00]]",4,"[[ 1.38570515e-03  1.61384275e-05 -4.00202677e-01]
 [-2.62955766e-04 -3.09617963e-03  2.32949093e+00]
 [-3.07113942e-04  2.91493776e-04  8.73717902e-01]]","[[ 7.89571288e+02  3.05068821e+01  2.80322788e+02]
 [ 1.13311519e+02 -2.53796061e+02  7.28568335e+02]
 [ 2.39732696e-01  9.53958489e-02  1.00000000e+00]]",6
1249,52.199847741000006,"[[ 1.31155854e-03  1.73161469e-05 -3.61757167e-01]
 [-2.09012775e-04 -2.91126159e-03  2.21056406e+00]
 [-2.68586427e-04  3.03346764e-04  8.46915796e-01]]","[[ 8.22131484e+02  3.26117754e+01  2.66049516e+02]
 [ 1.09239123e+02 -2.65715354e+02  7.40213905e+02]
 [ 2.21599389e-01  1.05515771e-01  1.00000000e+00]]",4,"[[ 1.38758182e-03  1.18559319e-05 -3.98388508e-01]
 [-2.71083841e-04 -3.10103425e-03  2.34111033e+00]
 [-3.04992285e-04  2.91324242e-04  8.72881993e-01]]","[[ 7.88157220e+02  2.93993372e+01  2.80869223e+02]
 [ 1.11029520e+02 -2.53432444e+02  7.30392196e+02]
 [ 2.38332652e-01  9.48554172e-02  1.00000000e+00]]",6
1250,52.241984741,"[[ 1.31168290e-03  1.47493420e-05 -3.59856784e-01]
 [-2.17174937e-04 -2.91232374e-03  2.21805881e+00]
 [-2.68069630e-04  3.04058163e-04  8.45765510e-01]]","[[ 8.22030831e+02  3.19352688e+01  2.66006434e+02]
 [ 1.07658406e+02 -2.65378935e+02  7.41774976e+02]
 [ 2.21842912e-01  1.05527485e-01  1.00000000e+00]]",4,"[[ 1.38822663e-03  8.71707140e-06 -3.96329181e-01]
 [-2.79390526e-04 -3.10339040e-03  2.34963764e+00]
 [-3.04407543e-04  2.91234029e-04  8.72373292e-01]]","[[ 7.87688709e+02  2.85730493e+01  2.80897766e+02]
 [ 1.09507517e+02 -2.53242811e+02  7.31831053e+02]
 [ 2.38299442e-01  9.45131822e-02  1.00000000e+00]]",6
1251,52.281683741,"[[ 1.31049540e-03  1.23801553e-05 -3.56617814e-01]
 [-2.25901444e-04 -2.91023416e-03  2.22259234e+00]
 [-2.67183767e-04  3.06254877e-04  8.43241933e-01]]","[[ 8.22531786e+02  3.13969523e+01  2.65104062e+02]
 [ 1.05837194e+02 -2.64961549e+02  7.43137779e+02]
 [ 2.22182955e-01  1.06178926e-01  1.00000000e+00]]",4,"[[ 1.38815032e-03  5.87691336e-06 -3.93212772e-01]
 [-2.88089748e-04 -3.10278196e-03  2.35520069e+00]
 [-3.02736777e-04  2.93094351e-04  8.69962502e-01]]","[[ 7.87284028e+02  2.79556294e+01  2.80160372e+02]
 [ 1.07394171e+02 -2.52842938e+02  7.33048403e+02]
 [ 2.37784047e-01  9.49121761e-02  1.00000000e+00]]",6
1252,52.320167741000006,"[[ 1.31024770e-03  8.58549054e-06 -3.51822307e-01]
 [-2.35050085e-04 -2.91268412e-03  2.22851671e+00]
 [-2.66088059e-04  3.05100265e-04  8.43208610e-01]]","[[ 8.22144354e+02  3.00395481e+01  2.63641863e+02]
 [ 1.03500877e+02 -2.65105319e+02  7.43832004e+02]
 [ 2.21990914e-01  1.05403179e-01  1.00000000e+00]]",4,"[[ 1.38974654e-03  1.82491558e-06 -3.88952501e-01]
 [-2.97085885e-04 -3.10695038e-03  2.36216026e+00]
 [-2.99908297e-04  2.92147291e-04  8.69324177e-01]]","[[ 7.85449504e+02  2.66872872e+01  2.78909648e+02]
 [ 1.04269854e+02 -2.52815938e+02  7.33613305e+02]
 [ 2.35931166e-01  9.41688182e-02  1.00000000e+00]]",6
1253,52.353893741,"[[ 1.30891728e-03  6.10367012e-06 -3.48446271e-01]
 [-2.44091392e-04 -2.90737730e-03  2.22819729e+00]
 [-2.67441216e-04  3.08474431e-04  8.40658562e-01]]","[[ 8.23194444e+02  2.96049112e+01  2.62738597e+02]
 [ 1.02710711e+02 -2.64762513e+02  7.44335816e+02]
 [ 2.24196247e-01  1.06571256e-01  1.00000000e+00]]",5,"[[ 1.39000319e-03 -3.75928116e-06 -3.83773661e-01]
 [-2.82688931e-04 -3.13588953e-03  2.37569704e+00]
 [-3.01833288e-04  2.75908579e-04  8.81825455e-01]]","[[ 7.84590469e+02  2.35257744e+01  2.78076622e+02]
 [ 1.07290490e+02 -2.54567644e+02  7.32515555e+02]
 [ 2.34982052e-01  8.77024567e-02  1.00000000e+00]]",6
1254,52.388027741,"[[ 1.31088303e-03  1.19591855e-06 -3.46367991e-01]
 [-2.51940996e-04 -2.90822263e-03  2.23658466e+00]
 [-2.67099924e-04  3.06943140e-04  8.41344123e-01]]","[[ 8.21954033e+02  2.81532993e+01  2.63544160e+02]
 [ 1.01106672e+02 -2.65052123e+02  7.46224535e+02]
 [ 2.24057975e-01  1.05635343e-01  1.00000000e+00]]",5,"[[ 1.39249891e-03 -9.30564406e-06 -3.81486001e-01]
 [-2.90937092e-04 -3.13768983e-03  2.38510918e+00]
 [-3.01293734e-04  2.73564464e-04  8.83144352e-01]]","[[ 7.83065755e+02  2.19908900e+01  2.78864887e+02]
 [ 1.05600561e+02 -2.54998687e+02  7.34290883e+02]
 [ 2.34439867e-01  8.64912927e-02  1.00000000e+00]]",6
1255,52.429143741000004,"[[ 1.31370526e-03 -2.06974676e-06 -3.47275744e-01]
 [-2.57574780e-04 -2.90865986e-03  2.24659339e+00]
 [-2.64619414e-04  3.10443422e-04  8.37782996e-01]]","[[ 8.20133166e+02  2.77564237e+01  2.65528137e+02]
 [ 9.90933160e+01 -2.63944301e+02  7.48867225e+02]
 [ 2.22325221e-01  1.06572539e-01  1.00000000e+00]]",5,"[[ 1.39486724e-03 -1.35884517e-05 -3.81564347e-01]
 [-2.97468954e-04 -3.13887303e-03  2.39635190e+00]
 [-2.99830333e-04  2.75387529e-04  8.81254164e-01]]","[[ 7.81787804e+02  2.12450199e+01  2.80726968e+02]
 [ 1.04134286e+02 -2.54390261e+02  7.36839088e+02]
 [ 2.33447309e-01  8.67239098e-02  1.00000000e+00]]",6
1256,52.476055741,"[[ 1.33027550e-03 -2.06917462e-05 -3.47018068e-01]
 [-2.62647720e-04 -2.94679774e-03  2.28374564e+00]
 [-2.70121574e-04  2.78176478e-04  8.64791187e-01]]","[[ 8.11020045e+02  2.00327283e+01  2.72538570e+02]
 [ 9.92879321e+01 -2.69182737e+02  7.50701000e+02]
 [ 2.21388061e-01  9.28450463e-02  1.00000000e+00]]",4,"[[ 1.42172179e-03 -2.99905252e-05 -3.85989142e-01]
 [-2.74737139e-04 -3.20119416e-03  2.43006920e+00]
 [-2.86304298e-04  2.61989544e-04  8.89738921e-01]]","[[ 7.64320705e+02  1.63268443e+01  2.86987706e+02]
 [ 9.89801896e+01 -2.53199754e+02  7.34483102e+02]
 [ 2.16801270e-01  7.98100792e-02  1.00000000e+00]]",6
1257,52.516478741,"[[ 1.32555221e-03  3.10922669e-06 -3.62335393e-01]
 [-2.35795729e-04 -2.93554042e-03  2.25819360e+00]
 [-2.53679171e-04  3.15444546e-04  8.33120391e-01]]","[[ 8.11723564e+02  3.00443943e+01  2.71593542e+02]
 [ 9.67516996e+01 -2.60232132e+02  7.47444317e+02]
 [ 2.10530875e-01  1.07680048e-01  1.00000000e+00]]",4,"[[ 1.40011635e-03 -5.50014183e-06 -3.96475167e-01]
 [-3.00012264e-04 -3.12890620e-03  2.39280728e+00]
 [-2.93857906e-04  2.98315542e-04  8.64111864e-01]]","[[ 7.79817444e+02  2.59035736e+01  2.86069435e+02]
 [ 1.01289884e+02 -2.49481818e+02  7.37312911e+02]
 [ 2.30223867e-01  9.49370992e-02  1.00000000e+00]]",6
1258,52.556029741,"[[ 1.32775979e-03  1.02217459e-05 -3.71686226e-01]
 [-2.15044340e-04 -2.94176524e-03  2.24265030e+00]
 [-2.55088808e-04  3.11868639e-04  8.38449525e-01]]","[[ 8.10996170e+02  3.18891819e+01  2.74220231e+02]
 [ 1.00357404e+02 -2.60888657e+02  7.42302874e+02]
 [ 2.09407619e-01  1.06741743e-01  1.00000000e+00]]",4,"[[ 1.39851001e-03  3.44543788e-06 -4.05530232e-01]
 [-2.80135125e-04 -3.12911409e-03  2.37339482e+00]
 [-2.97643067e-04  2.96985344e-04  8.68173175e-01]]","[[ 7.82028116e+02  2.82112097e+01  2.88167974e+02]
 [ 1.05875364e+02 -2.49922874e+02  7.32689439e+02]
 [ 2.31891311e-01  9.51656928e-02  1.00000000e+00]]",6
1259,52.599238741,"[[ 1.32828468e-03  1.71601146e-05 -3.80178900e-01]
 [-2.00960602e-04 -2.93978807e-03  2.23078162e+00]
 [-2.58964324e-04  3.11200556e-04  8.41383832e-01]]","[[ 8.11936417e+02  3.40260446e+01  2.76659011e+02]
 [ 1.04732924e+02 -2.61223520e+02  7.39911860e+02]
 [ 2.11163579e-01  1.07090763e-01  1.00000000e+00]]",4,"[[ 1.39597133e-03  1.12751448e-05 -4.13383174e-01]
 [-2.66636237e-04 -3.12333196e-03  2.35925125e+00]
 [-3.04056330e-04  2.96929020e-04  8.71312149e-01]]","[[ 7.85372493e+02  3.04262875e+01  2.90224941e+02]
 [ 1.11318219e+02 -2.50313544e+02  7.30587334e+02]
 [ 2.36131067e-01  9.59204582e-02  1.00000000e+00]]",6
1260,52.641751741,"[[ 1.33203267e-03  2.33673056e-05 -3.86499118e-01]
 [-1.92721173e-04 -2.94698461e-03  2.22735508e+00]
 [-2.55910741e-04  3.09946850e-04  8.42301322e-01]]","[[ 8.09137926e+02  3.55718785e+01  2.77216579e+02]
 [ 1.03972773e+02 -2.60920622e+02  7.37679310e+02]
 [ 2.07575422e-01  1.06820147e-01  1.00000000e+00]]",4,"[[ 1.39850345e-03  1.80924615e-05 -4.19624552e-01]
 [-2.58784829e-04 -3.12894788e-03  2.35480182e+00]
 [-3.01878320e-04  2.96106583e-04  8.72005928e-01]]","[[ 7.83712237e+02  3.20350321e+01  2.90627318e+02]
 [ 1.11000616e+02 -2.50008500e+02  7.28549010e+02]
 [ 2.33619651e-01  9.59854076e-02  1.00000000e+00]]",6
1261,52.680094741000005,"[[ 1.33208492e-03  2.51421996e-05 -3.86518378e-01]
 [-1.87494662e-04 -2.95479729e-03  2.22254182e+00]
 [-2.55489188e-04  3.08474410e-04  8.43969915e-01]]","[[ 8.08723720e+02  3.57259250e+01  2.76294468e+02]
 [ 1.04187610e+02 -2.60850436e+02  7.34648733e+02]
 [ 2.06738359e-01  1.06156950e-01  1.00000000e+00]]",4,"[[ 1.39857619e-03  2.08166808e-05 -4.20256220e-01]
 [-2.53587509e-04 -3.13532241e-03  2.34876542e+00]
 [-3.00603665e-04  2.96606275e-04  8.71833759e-01]]","[[ 7.83188779e+02  3.26047543e+01  2.89687149e+02]
 [ 1.10729139e+02 -2.49558937e+02  7.25700289e+02]
 [ 2.32368221e-01  9.61443100e-02  1.00000000e+00]]",6
1262,52.719611741,"[[ 1.33187150e-03  2.52796994e-05 -3.85140402e-01]
 [-1.94564217e-04 -2.95948819e-03  2.21915848e+00]
 [-2.60463893e-04  3.05896981e-04  8.47862010e-01]]","[[ 8.09825371e+02  3.53711453e+01  2.75283347e+02]
 [ 1.04921104e+02 -2.61365552e+02  7.31747537e+02]
 [ 2.10924912e-01  1.05163149e-01  1.00000000e+00]]",5,"[[ 1.39769456e-03  1.91216978e-05 -4.17191401e-01]
 [-2.37542741e-04 -3.16920744e-03  2.35515416e+00]
 [-3.08480876e-04  2.77395758e-04  8.88889925e-01]]","[[ 7.84260694e+02  2.99938884e+01  2.88614573e+02]
 [ 1.16466848e+02 -2.51681476e+02  7.21504007e+02]
 [ 2.35824493e-01  8.89513004e-02  1.00000000e+00]]",6
1263,52.759979741,"[[ 1.33280972e-03  5.60644198e-05 -4.02362039e-01]
 [-2.03762946e-04 -2.89092339e-03  2.17065065e+00]
 [-2.55282241e-04  3.72548613e-04  7.96600165e-01]]","[[ 8.09964890e+02  5.06452993e+01  2.71109501e+02]
 [ 1.01990894e+02 -2.49633963e+02  7.31741487e+02]
 [ 2.11866748e-01  1.32977166e-01  1.00000000e+00]]",3,"[[ 1.39545639e-03  6.69032570e-05 -4.45716595e-01]
 [-2.68545326e-04 -3.02820090e-03  2.26574529e+00]
 [-3.09353802e-04  3.90897447e-04  8.05482103e-01]]","[[ 7.90168412e+02  5.42139013e+01  2.84744107e+02]
 [ 1.15170293e+02 -2.34360330e+02  7.22963456e+02]
 [ 2.47580707e-01  1.34555604e-01  1.00000000e+00]]",6
1264,52.797924741,"[[ 1.33105901e-03  1.39368404e-05 -3.69430144e-01]
 [-2.21651914e-04 -2.94906792e-03  2.22727605e+00]
 [-2.58700576e-04  3.09238772e-04  8.42530675e-01]]","[[ 8.09077560e+02  3.21200629e+01  2.69850581e+02]
 [ 9.92911372e+01 -2.61552596e+02  7.34965491e+02]
 [ 2.11985352e-01  1.05861644e-01  1.00000000e+00]]",5,"[[ 1.42096068e-03  8.44224127e-06 -4.10168169e-01]
 [-2.51166442e-04 -3.14944825e-03  2.35289474e+00]
 [-2.74296623e-04  2.92490533e-04  8.66115189e-01]]","[[ 7.63669004e+02  2.84549064e+01  2.84351690e+02]
 [ 9.56495350e+01 -2.49983782e+02  7.24404709e+02]
 [ 2.09550932e-01  9.34321154e-02  1.00000000e+00]]",6
1265,52.838219741,"[[ 1.33740482e-03  7.95108468e-06 -3.65095342e-01]
 [-2.41202497e-04 -2.96246610e-03  2.25335252e+00]
 [-2.51483002e-04  3.12461113e-04  8.36711924e-01]]","[[ 8.03721336e+02  3.04868329e+01  2.68595831e+02]
 [ 9.21347894e+01 -2.59389320e+02  7.38765090e+02]
 [ 2.07160566e-01  1.06029320e-01  1.00000000e+00]]",4,"[[ 1.41355825e-03  2.13806649e-06 -4.01659623e-01]
 [-3.07011923e-04 -3.15163722e-03  2.38494025e+00]
 [-2.88464067e-04  3.01543706e-04  8.61775261e-01]]","[[ 7.71190876e+02  2.76044792e+01  2.83045028e+02]
 [ 9.50515172e+01 -2.47466209e+02  7.29158176e+02]
 [ 2.24883074e-01  9.58309918e-02  1.00000000e+00]]",6
1266,52.880687741,"[[ 1.54031269e-03 -4.52121565e-05 -3.76138823e-01]
 [-3.13986986e-04 -3.16160103e-03  2.42625848e+00]
 [-4.11137879e-05 -8.02402924e-04  1.60551675e+00]]","[[ 6.40690896e+02 -7.66584595e+01  2.65946747e+02]
 [-8.27916729e+01 -5.03175280e+02  7.41002625e+02]
 [-2.49708082e-02 -2.53439296e-01  1.00000000e+00]]",1,"[[ 1.64937200e-03 -6.00685280e-05 -4.19618350e-01]
 [-4.54415908e-04 -3.29361462e-03  2.53747422e+00]
 [-2.33612937e-05 -8.84140112e-04  1.65344278e+00]]","[[ 5.86538704e+02 -8.61442924e+01  2.81056793e+02]
 [-1.26760272e+02 -4.97709298e+02  7.31645264e+02]
 [-5.94949759e-02 -2.67355607e-01  1.00000000e+00]]",6
1267,52.913630741000006,"[[ 1.49650413e-03 -2.81763390e-05 -3.67797553e-01]
 [-3.49734290e-04 -3.09125429e-03  2.38892364e+00]
 [-4.08249262e-04 -6.26713309e-04  1.57195601e+00]]","[[ 7.25236626e+02 -5.92751928e+01  2.59768188e+02]
 [ 9.17851392e+01 -4.75047302e+02  7.43411438e+02]
 [ 2.24942863e-01 -2.04787868e-01  1.00000000e+00]]",1,"[[ 1.61155497e-03 -4.46945955e-05 -4.11660985e-01]
 [-4.87108678e-04 -3.22994098e-03  2.50373094e+00]
 [-4.34286950e-04 -6.89128924e-04  1.62529640e+00]]","[[ 6.74233598e+02 -6.81709500e+01  2.75788086e+02]
 [ 5.65605072e+01 -4.66898062e+02  7.33571350e+02]
 [ 2.04140201e-01 -2.16181315e-01  1.00000000e+00]]",6
1268,52.957679741,"[[ 1.34702845e-03 -1.51503001e-05 -3.31887457e-01]
 [-3.22125862e-04 -2.99940097e-03  2.31936419e+00]
 [-2.13115653e-04  3.33758296e-04  8.05341455e-01]]","[[ 7.88510214e+02  2.43671593e+01  2.54774334e+02]
 [ 5.80623699e+01 -2.50691631e+02  7.45913873e+02]
 [ 1.84598806e-01  1.10342556e-01  1.00000000e+00]]",2,"[[ 1.43957701e-03 -1.98161811e-05 -3.75932629e-01]
 [-3.82996938e-04 -3.15009515e-03  2.42024931e+00]
 [-2.31768685e-04  3.75158548e-04  7.87005310e-01]]","[[ 7.45668201e+02  2.76151512e+01  2.71263045e+02]
 [ 5.71322900e+01 -2.30236593e+02  7.35329025e+02]
 [ 1.92360673e-01  1.17884278e-01  1.00000000e+00]]",6
1269,53.003502741000005,"[[ 1.32928170e-03 -3.05334432e-05 -3.13931678e-01]
 [-3.37477091e-04 -2.95584156e-03  2.29794788e+00]
 [-2.44856151e-04  3.16155383e-04  8.25394556e-01]]","[[ 8.03727369e+02  1.87967976e+01  2.53359341e+02]
 [ 7.21204455e+01 -2.58999014e+02  7.48499155e+02]
 [ 2.10803817e-01  1.04781941e-01  1.00000000e+00]]",4,"[[ 1.42485427e-03 -3.99390853e-05 -3.55454306e-01]
 [-4.02683608e-04 -3.16234749e-03  2.44060811e+00]
 [-2.65272834e-04  3.07034284e-04  8.45261007e-01]]","[[ 7.56829778e+02  1.66692292e+01  2.70135905e+02]
 [ 6.79028106e+01 -2.45486389e+02  7.37372734e+02]
 [ 2.12854831e-01  9.44023571e-02  1.00000000e+00]]",6
1270,53.044387741,"[[ 1.32739150e-03 -3.75536242e-05 -3.08310770e-01]
 [-3.47011649e-04 -2.96095401e-03  2.30595047e+00]
 [-2.47444858e-04  3.13773623e-04  8.27675432e-01]]","[[ 8.04958681e+02  1.66500894e+01  2.53460645e+02]
 [ 7.18629213e+01 -2.59259890e+02  7.49081773e+02]
 [ 2.13409980e-01  1.03263780e-01  1.00000000e+00]]",5,"[[ 1.44258324e-03 -4.88922254e-05 -3.54196009e-01]
 [-3.75678412e-04 -3.18791796e-03  2.44951489e+00]
 [-2.36952654e-04  2.98362439e-04  8.44349893e-01]]","[[ 7.41262643e+02  1.39471049e+01  2.70490504e+02]
 [ 5.70074403e+01 -2.45628551e+02  7.36498703e+02]
 [ 1.87878595e-01  9.07101876e-02  1.00000000e+00]]",6
1271,53.070225741,"[[ 1.33260102e-03 -3.70107375e-05 -3.12235673e-01]
 [-3.44207135e-04 -2.96369377e-03  2.30509016e+00]
 [-2.40202837e-04  3.16655073e-04  8.24366323e-01]]","[[ 8.00847838e+02  1.72533649e+01  2.55084052e+02]
 [ 6.81285910e+01 -2.58331649e+02  7.48150308e+02]
 [ 2.07180539e-01  1.04257454e-01  1.00000000e+00]]",4,"[[ 1.42727757e-03 -4.63081100e-05 -3.53537824e-01]
 [-4.10444685e-04 -3.16842134e-03  2.44700902e+00]
 [-2.60863920e-04  3.08490449e-04  8.43458766e-01]]","[[ 7.54711052e+02  1.54152419e+01  2.71616914e+02]
 [ 6.43313831e+01 -2.44785240e+02  7.37125859e+02]
 [ 2.09887280e-01  9.42964756e-02  1.00000000e+00]]",6
1272,53.10861074100001,"[[ 1.33103996e-03 -3.77351421e-05 -3.13057915e-01]
 [-3.45605637e-04 -2.96557480e-03  2.30526738e+00]
 [-2.43516280e-04  3.14900290e-04  8.27058435e-01]]","[[ 8.02616186e+02  1.70118879e+01  2.56388655e+02]
 [ 6.95733386e+01 -2.58718473e+02  7.47463194e+02]
 [ 2.09829724e-01  1.03515290e-01  1.00000000e+00]]",5,"[[ 1.44289217e-03 -4.84473503e-05 -3.58247941e-01]
 [-3.75379410e-04 -3.18821763e-03  2.44632794e+00]
 [-2.36075472e-04  3.00169902e-04  8.43767320e-01]]","[[ 7.41468456e+02  1.44327852e+01  2.72968882e+02]
 [ 5.64660626e+01 -2.45297462e+02  7.35163441e+02]
 [ 1.87365757e-01  9.13025899e-02  1.00000000e+00]]",6
1273,53.149023741,"[[ 1.33135807e-03 -3.68037126e-05 -3.15297593e-01]
 [-3.43539140e-04 -2.96387222e-03  2.30156162e+00]
 [-2.43822486e-04  3.15463632e-04  8.27220384e-01]]","[[ 8.02763472e+02  1.74354106e+01  2.57465511e+02]
 [ 6.99713499e+01 -2.58789736e+02  7.46696204e+02]
 [ 2.09929993e-01  1.03829520e-01  1.00000000e+00]]",6,"[[ 1.43087886e-03 -4.62028256e-05 -3.57266576e-01]
 [-3.66335408e-04 -3.19201446e-03  2.44238922e+00]
 [-2.49108012e-04  3.03393045e-04  8.45476160e-01]]","[[ 7.50336413e+02  1.51230568e+01  2.73376993e+02]
 [ 6.51550080e+01 -2.44480755e+02  7.33781620e+02]
 [ 1.97695978e-01  9.21859644e-02  1.00000000e+00]]",6
1274,53.197782741000005,"[[ 1.35191037e-03 -6.40216489e-05 -3.09599177e-01]
 [-3.49267203e-04 -3.01567136e-03  2.33787577e+00]
 [-2.50891074e-04  2.66056144e-04  8.68188762e-01]]","[[ 7.90426549e+02  6.53478172e+00  2.64271909e+02]
 [ 6.91151711e+01 -2.67373354e+02  7.44634940e+02]
 [ 2.07238861e-01  8.38249068e-02  1.00000000e+00]]",4,"[[ 1.45846863e-03 -7.18294707e-05 -3.54884251e-01]
 [-3.56505686e-04 -3.28540582e-03  2.48964322e+00]
 [-2.47071650e-04  2.61317295e-04  8.78863957e-01]]","[[ 7.34443445e+02  6.14644103e+00  2.79155794e+02]
 [ 6.26496600e+01 -2.47881879e+02  7.27496914e+02]
 [ 1.87843309e-01  7.54319627e-02  1.00000000e+00]]",6
1275,53.236612741,"[[ 1.33302414e-03 -3.90833060e-05 -3.17453466e-01]
 [-3.43549658e-04 -2.96420554e-03  2.29546373e+00]
 [-2.43534312e-04  3.11073615e-04  8.31789812e-01]]","[[ 8.01973999e+02  1.67076671e+01  2.59966615e+02]
 [ 6.89225525e+01 -2.60161697e+02  7.44264276e+02]
 [ 2.09029007e-01  1.02187270e-01  1.00000000e+00]]",5,"[[ 1.45540150e-03 -5.97516775e-05 -3.61299336e-01]
 [-3.42751375e-04 -3.25908055e-03  2.46132687e+00]
 [-2.35198556e-04  2.89151112e-04  8.55479874e-01]]","[[ 7.34667588e+02  1.11999453e+01  2.78052345e+02]
 [ 5.99703141e+01 -2.43524417e+02  7.25979003e+02]
 [ 1.81713536e-01  8.53901640e-02  1.00000000e+00]]",6
1276,53.276685741,"[[ 1.33180409e-03 -3.99827371e-05 -3.15466500e-01]
 [-3.45567474e-04 -2.96305982e-03  2.29311007e+00]
 [-2.43192271e-04  3.09323167e-04  8.33000388e-01]]","[[ 8.02403139e+02  1.62310462e+01  2.59197639e+02]
 [ 6.81329874e+01 -2.60774239e+02  7.43670371e+02]
 [ 2.08959243e-01  1.01573516e-01  1.00000000e+00]]",5,"[[ 1.45439562e-03 -6.01326608e-05 -3.59694572e-01]
 [-3.44542673e-04 -3.25743046e-03  2.45835695e+00]
 [-2.34245797e-04  2.88543553e-04  8.55659478e-01]]","[[ 7.34839398e+02  1.09985392e+01  2.77305883e+02]
 [ 5.90647790e+01 -2.43828218e+02  7.25361069e+02]
 [ 1.81252336e-01  8.52341658e-02  1.00000000e+00]]",6
1277,53.316929741,"[[ 1.33070605e-03 -4.13965930e-05 -3.13314061e-01]
 [-3.46963798e-04 -2.96363192e-03  2.29131292e+00]
 [-2.42729359e-04  3.08011065e-04  8.33946832e-01]]","[[ 8.02726655e+02  1.56594978e+01  2.58559335e+02]
 [ 6.74112568e+01 -2.61158439e+02  7.42873020e+02]
 [ 2.08744618e-01  1.01014484e-01  1.00000000e+00]]",6,"[[ 1.42783058e-03 -4.88981828e-05 -3.55715861e-01]
 [-3.70273407e-04 -3.18533863e-03  2.42770142e+00]
 [-2.49253928e-04  2.99914747e-04  8.49308173e-01]]","[[ 7.51919612e+02  1.42688415e+01  2.74139886e+02]
 [ 6.36494243e+01 -2.46155955e+02  7.30281764e+02]
 [ 1.98196039e-01  9.11122348e-02  1.00000000e+00]]",6
1278,53.353491741000006,"[[ 1.34885322e-03 -6.68301238e-05 -3.06955575e-01]
 [-3.57952145e-04 -3.00689653e-03  2.32729362e+00]
 [-2.51709183e-04  2.61961134e-04  8.72030780e-01]]","[[ 7.92141631e+02  5.42492080e+00  2.64356387e+02]
 [ 6.70760714e+01 -2.69371608e+02  7.42515301e+02]
 [ 2.08499520e-01  8.24860724e-02  1.00000000e+00]]",4,"[[ 1.45355035e-03 -7.26592243e-05 -3.52795707e-01]
 [-3.65957332e-04 -3.27168123e-03  2.47552305e+00]
 [-2.48198737e-04  2.61646734e-04  8.79430862e-01]]","[[ 7.37102497e+02  5.94065814e+00  2.78976291e+02]
 [ 6.11833412e+01 -2.48995784e+02  7.25446478e+02]
 [ 1.89826733e-01  7.57574021e-02  1.00000000e+00]]",6
1279,53.397626741,"[[ 1.35132492e-03 -6.91688971e-05 -3.06835608e-01]
 [-3.59473695e-04 -3.01259036e-03  2.33222628e+00]
 [-2.52192534e-04  2.57539541e-04  8.75617667e-01]]","[[ 7.90682176e+02  4.50621503e+00  2.65069952e+02]
 [ 6.67525295e+01 -2.69995620e+02  7.42530623e+02]
 [ 2.08096219e-01  8.07098630e-02  1.00000000e+00]]",4,"[[ 1.45561484e-03 -7.47971045e-05 -3.52662571e-01]
 [-3.67572750e-04 -3.27655647e-03  2.47993025e+00]
 [-2.48819263e-04  2.57532633e-04  8.82717044e-01]]","[[ 7.36087258e+02  5.16947486e+00  2.79557860e+02]
 [ 6.09960248e+01 -2.49566884e+02  7.25509363e+02]
 [ 1.89691842e-01  7.42682859e-02  1.00000000e+00]]",6
1280,53.435338741,"[[ 1.33129996e-03 -4.32117153e-05 -3.13451309e-01]
 [-3.51311077e-04 -2.95958026e-03  2.29259348e+00]
 [-2.43383938e-04  3.07517253e-04  8.34442573e-01]]","[[ 8.02628379e+02  1.52540770e+01  2.59590684e+02]
 [ 6.69566229e+01 -2.61576174e+02  7.43820476e+02]
 [ 2.09429078e-01  1.00847903e-01  1.00000000e+00]]",5,"[[ 1.45394603e-03 -6.35954695e-05 -3.57610577e-01]
 [-3.50695654e-04 -3.25366781e-03  2.45777704e+00]
 [-2.34425969e-04  2.86985841e-04  8.56902191e-01]]","[[ 7.34999295e+02  1.01271786e+01  2.77690007e+02]
 [ 5.79964667e+01 -2.44491079e+02  7.25455853e+02]
 [ 1.81652887e-01  8.46532457e-02  1.00000000e+00]]",6
1281,53.473466741,"[[ 1.33030364e-03 -4.20222834e-05 -3.13461830e-01]
 [-3.51485335e-04 -2.95993552e-03  2.29268765e+00]
 [-2.43069970e-04  3.10085262e-04  8.32343820e-01]]","[[ 8.03214799e+02  1.57431359e+01  2.59127398e+02]
 [ 6.69790498e+01 -2.60874718e+02  7.43802746e+02]
 [ 2.09610712e-01  1.01784968e-01  1.00000000e+00]]",5,"[[ 1.45307729e-03 -6.23124858e-05 -3.57683179e-01]
 [-3.50858368e-04 -3.25441768e-03  2.45813603e+00]
 [-2.33927650e-04  2.89658148e-04  8.54732805e-01]]","[[ 7.35389612e+02  1.05972675e+01  2.77264389e+02]
 [ 5.79137821e+01 -2.43816814e+02  7.25431008e+02]
 [ 1.81638945e-01  8.55267520e-02  1.00000000e+00]]",6
1282,53.520496741,"[[ 1.33316738e-03 -4.45779481e-05 -3.13061073e-01]
 [-3.49704481e-04 -2.96551602e-03  2.29563753e+00]
 [-2.42646670e-04  3.06119714e-04  8.35415612e-01]]","[[ 8.01230404e+02  1.47622337e+01  2.59685490e+02]
 [ 6.67352787e+01 -2.61465023e+02  7.43487586e+02]
 [ 2.08263890e-01  1.00095813e-01  1.00000000e+00]]",5,"[[ 1.45608974e-03 -6.49905949e-05 -3.57307642e-01]
 [-3.48810989e-04 -3.26004364e-03  2.46094226e+00]
 [-2.33338378e-04  2.85526201e-04  8.57758303e-01]]","[[ 7.33605252e+02  9.70199004e+00  2.77755079e+02]
 [ 5.76647074e+01 -2.44381712e+02  7.25161531e+02]
 [ 1.80369545e-01  8.39877950e-02  1.00000000e+00]]",6
1283,53.558214741,"[[ 1.33309802e-03 -4.46870396e-05 -3.13487061e-01]
 [-3.49312551e-04 -2.96548244e-03  2.29655128e+00]
 [-2.43476765e-04  3.06072536e-04  8.35671809e-01]]","[[ 8.01504332e+02  1.47663711e+01  2.60089556e+02]
 [ 6.73352812e+01 -2.61460007e+02  7.43790859e+02]
 [ 2.08859746e-01  1.00064397e-01  1.00000000e+00]]",5,"[[ 1.45571114e-03 -6.52333997e-05 -3.57541037e-01]
 [-3.48602323e-04 -3.25982456e-03  2.46190594e+00]
 [-2.34575858e-04  2.85090555e-04  8.58412231e-01]]","[[ 7.34073713e+02  9.63368876e+00  2.78123066e+02]
 [ 5.83584654e+01 -2.44484996e+02  7.25484316e+02]
 [ 1.81216575e-01  8.38294137e-02  1.00000000e+00]]",6
1284,53.589532741000006,"[[ 1.33486640e-03 -4.30872001e-05 -3.15919940e-01]
 [-3.47170054e-04 -2.96647354e-03  2.29692029e+00]
 [-2.42293119e-04  3.07717562e-04  8.34283988e-01]]","[[ 8.00463050e+02  1.54138785e+01  2.60675971e+02]
 [ 6.71453318e+01 -2.60921626e+02  7.43785970e+02]
 [ 2.07704922e-01  1.00714918e-01  1.00000000e+00]]",5,"[[ 1.45694216e-03 -6.36027595e-05 -3.59810183e-01]
 [-3.46593280e-04 -3.26023553e-03  2.46198913e+00]
 [-2.34004938e-04  2.86504553e-04  8.57332995e-01]]","[[ 7.33542486e+02  1.01756746e+01  2.78635789e+02]
 [ 5.84599030e+01 -2.44107841e+02  7.25535262e+02]
 [ 1.80680712e-01  8.43536482e-02  1.00000000e+00]]",6
1285,53.628867741,"[[ 1.33066658e-03 -3.91611688e-05 -3.17028821e-01]
 [-3.47521951e-04 -2.95742056e-03  2.29155549e+00]
 [-2.44481735e-04  3.13490243e-04  8.30278128e-01]]","[[ 8.03722972e+02  1.69338124e+01  2.60152071e+02]
 [ 6.88040064e+01 -2.60149048e+02  7.44279309e+02]
 [ 2.10683861e-01  1.03211434e-01  1.00000000e+00]]",5,"[[ 1.45277893e-03 -5.99308962e-05 -3.60738495e-01]
 [-3.47147302e-04 -3.25183040e-03  2.45727084e+00]
 [-2.36513284e-04  2.91779563e-04  8.53993272e-01]]","[[ 7.36359532e+02  1.13963307e+01  2.78256710e+02]
 [ 6.00033726e+01 -2.43486843e+02  7.25952612e+02]
 [ 1.83433592e-01  8.63471303e-02  1.00000000e+00]]",6
1286,53.669295741000006,"[[ 1.34234856e-03 -4.65281068e-05 -3.16478410e-01]
 [-3.48066340e-04 -2.98406155e-03  2.30915722e+00]
 [-2.42729228e-04  2.95926184e-04  8.43511552e-01]]","[[ 7.95761645e+02  1.35279317e+01  2.61529624e+02]
 [ 6.63630573e+01 -2.62433734e+02  7.43325002e+02]
 [ 2.05706778e-01  9.59615048e-02  1.00000000e+00]]",5,"[[ 1.43262519e-03 -5.70637231e-05 -3.54914476e-01]
 [-3.90749899e-04 -3.22023361e-03  2.46302195e+00]
 [-2.67134965e-04  2.67847862e-04  8.78093000e-01]]","[[ 7.52289993e+02  9.69777356e+00  2.76864500e+02]
 [ 6.79175790e+01 -2.50916095e+02  7.31262840e+02]
 [ 2.08145814e-01  7.94881110e-02  1.00000000e+00]]",6
1287,53.710745741000004,"[[ 1.33455548e-03 -4.18614431e-05 -3.15815014e-01]
 [-3.48870410e-04 -2.96613231e-03  2.29752363e+00]
 [-2.41846070e-04  3.09706368e-04  8.32451840e-01]]","[[ 8.00569360e+02  1.58472537e+01  2.59981867e+02]
 [ 6.67567114e+01 -2.60396604e+02  7.44007151e+02]
 [ 2.07747243e-01  1.01482246e-01  1.00000000e+00]]",5,"[[ 1.45720876e-03 -6.23938660e-05 -3.59855744e-01]
 [-3.48173198e-04 -3.26082496e-03  2.46316829e+00]
 [-2.32942336e-04  2.88550356e-04  8.55362936e-01]]","[[ 7.33212683e+02  1.05725105e+01  2.78021074e+02]
 [ 5.78120821e+01 -2.43560199e+02  7.25696360e+02]
 [ 1.80174487e-01  8.50424589e-02  1.00000000e+00]]",6
1288,53.751287741000006,"[[ 1.34108297e-03 -4.10255352e-05 -3.19679356e-01]
 [-3.51607633e-04 -2.97120144e-03  2.30342939e+00]
 [-2.37951620e-04  3.12291083e-04  8.29686435e-01]]","[[ 7.96315114e+02  1.64525675e+01  2.61144652e+02]
 [ 6.41103532e+01 -2.59213931e+02  7.44348368e+02]
 [ 2.04249910e-01  1.02285768e-01  1.00000000e+00]]",4,"[[ 1.42455582e-03 -4.61655103e-05 -3.55696307e-01]
 [-3.28531537e-04 -3.19960484e-03  2.40814862e+00]
 [-2.52576782e-04  3.06401405e-04  8.46981111e-01]]","[[ 7.53931197e+02  1.52813784e+01  2.73171041e+02]
 [ 7.21559703e+01 -2.44191269e+02  7.24590513e+02]
 [ 1.98725595e-01  9.28949514e-02  1.00000000e+00]]",6
1289,53.801195741,"[[ 1.33565141e-03 -4.49676074e-05 -3.14237291e-01]
 [-3.53098558e-04 -2.96997176e-03  2.30385873e+00]
 [-2.40937226e-04  3.08104443e-04  8.33260837e-01]]","[[ 7.99600850e+02  1.49013954e+01  2.60343083e+02]
 [ 6.54984049e+01 -2.60433387e+02  7.44765319e+02]
 [ 2.06985920e-01  1.00605934e-01  1.00000000e+00]]",5,"[[ 1.45806136e-03 -6.55428004e-05 -3.58141049e-01]
 [-3.52924277e-04 -3.26441944e-03  2.46969174e+00]
 [-2.32112096e-04  2.86900711e-04  8.56170506e-01]]","[[ 7.32502994e+02  9.75047418e+00  2.78284201e+02]
 [ 5.66778510e+01 -2.43624392e+02  7.26462555e+02]
 [ 1.79592603e-01  8.42813595e-02  1.00000000e+00]]",6
1290,53.840778741,"[[ 1.33497151e-03 -4.46789178e-05 -3.13837871e-01]
 [-3.53794941e-04 -2.96841803e-03  2.30376208e+00]
 [-2.40594120e-04  3.09673082e-04  8.31823695e-01]]","[[ 7.99940941e+02  1.50864002e+01  2.60026597e+02]
 [ 6.53443838e+01 -2.60132614e+02  7.45099229e+02]
 [ 2.07045905e-01  1.01206263e-01  1.00000000e+00]]",5,"[[ 1.45764575e-03 -6.53731043e-05 -3.57737342e-01]
 [-3.53653699e-04 -3.26336914e-03  2.46999939e+00]
 [-2.31563322e-04  2.88309099e-04  8.54847310e-01]]","[[ 7.32602126e+02  9.88605597e+00  2.78015246e+02]
 [ 5.64108485e+01 -2.43354918e+02  7.26757583e+02]
 [ 1.79423880e-01  8.47527788e-02  1.00000000e+00]]",6
1291,53.87905674100001,"[[ 1.33508612e-03 -4.64574152e-05 -3.13078634e-01]
 [-3.55497011e-04 -2.96780098e-03  2.30460384e+00]
 [-2.40970025e-04  3.07894327e-04  8.33271576e-01]]","[[ 7.99881964e+02  1.44977642e+01  2.60436520e+02]
 [ 6.51241191e+01 -2.60644054e+02  7.45339548e+02]
 [ 2.07250835e-01  1.00500671e-01  1.00000000e+00]]",5,"[[ 1.45748815e-03 -6.71757805e-05 -3.56885632e-01]
 [-3.55628647e-04 -3.26219946e-03  2.47063042e+00]
 [-2.32191700e-04  2.86556848e-04  8.56307368e-01]]","[[ 7.32743874e+02  9.36378434e+00  2.78371201e+02]
 [ 5.63214543e+01 -2.43840186e+02  7.27004487e+02]
 [ 1.79839334e-01  8.41383256e-02  1.00000000e+00]]",6
1292,53.922661741000006,"[[ 1.36078138e-03 -7.70077186e-05 -3.07077151e-01]
 [-3.63761497e-04 -3.02991515e-03  2.35168444e+00]
 [-2.49972357e-04  2.50940039e-04  8.80232780e-01]]","[[ 7.84657136e+02  2.23394122e+00  2.67766389e+02]
 [ 6.44801606e+01 -2.70061706e+02  7.44008075e+02]
 [ 2.04448123e-01  7.76246015e-02  1.00000000e+00]]",4,"[[ 1.46485672e-03 -8.37444041e-05 -3.52221289e-01]
 [-3.72545985e-04 -3.29442913e-03  2.50034792e+00]
 [-2.47231467e-04  2.48921474e-04  8.88738961e-01]]","[[ 7.30951220e+02  2.72768163e+00  2.82013548e+02]
 [ 5.91032929e+01 -2.50108858e+02  7.27071311e+02]
 [ 1.86783826e-01  7.08102571e-02  1.00000000e+00]]",6
1293,53.952492741,"[[ 1.33664329e-03 -4.27041256e-05 -3.17542985e-01]
 [-3.49969113e-04 -2.97149492e-03  2.30216527e+00]
 [-2.37658103e-04  3.10489906e-04  8.31113287e-01]]","[[ 7.98753099e+02  1.58278165e+01  2.61336448e+02]
 [ 6.42786022e+01 -2.59717598e+02  7.43970845e+02]
 [ 2.04391257e-01  1.01552102e-01  1.00000000e+00]]",6,"[[ 1.43193574e-03 -5.08397000e-05 -3.58924531e-01]
 [-3.74522978e-04 -3.19220238e-03  2.43855105e+00]
 [-2.46406734e-04  3.01087035e-04  8.47931431e-01]]","[[ 7.49658578e+02  1.41520615e+01  2.76626530e+02]
 [ 6.17214199e+01 -2.45255970e+02  7.31453643e+02]
 [ 1.95932591e-01  9.11990677e-02  1.00000000e+00]]",6
1294,53.992011741000006,"[[ 1.33743858e-03 -4.09572492e-05 -3.19895742e-01]
 [-3.49102218e-04 -2.96797324e-03  2.30017041e+00]
 [-2.36999687e-04  3.11848313e-04  8.30015861e-01]]","[[ 7.98429878e+02  1.65078840e+01  2.61974960e+02]
 [ 6.41047643e+01 -2.59622770e+02  7.44182711e+02]
 [ 2.03895704e-01  1.02257427e-01  1.00000000e+00]]",6,"[[ 1.43202968e-03 -4.91482317e-05 -3.60998056e-01]
 [-3.73910607e-04 -3.18783511e-03  2.43614013e+00]
 [-2.46561266e-04  3.02262013e-04  8.47186201e-01]]","[[ 7.49880850e+02  1.47221575e+01  2.77200325e+02]
 [ 6.19371420e+01 -2.45270979e+02  7.31685270e+02]
 [ 1.96143807e-01  9.17932960e-02  1.00000000e+00]]",6
1295,54.037345741,"[[ 1.33834539e-03 -4.23431069e-05 -3.20776949e-01]
 [-3.47251539e-04 -2.97231798e-03  2.30511680e+00]
 [-2.36728149e-04  3.09985636e-04  8.31448372e-01]]","[[ 7.97928368e+02  1.60869265e+01  2.63245188e+02]
 [ 6.43586634e+01 -2.59681493e+02  7.44773781e+02]
 [ 2.03189820e-01  1.01396267e-01  1.00000000e+00]]",6,"[[ 1.43194464e-03 -5.07864556e-05 -3.61382762e-01]
 [-3.72534237e-04 -3.19177270e-03  2.44108893e+00]
 [-2.47575015e-04  2.99543962e-04  8.49549527e-01]]","[[ 7.50165884e+02  1.41859418e+01  2.78345013e+02]
 [ 6.27247042e+01 -2.45576329e+02  7.32319030e+02]
 [ 1.96496517e-01  9.07221873e-02  1.00000000e+00]]",6
1296,54.073850741,"[[ 1.33954675e-03 -4.09787503e-05 -3.25022039e-01]
 [-3.42458693e-04 -2.97064180e-03  2.30354698e+00]
 [-2.35981564e-04  3.13328111e-04  8.29255481e-01]]","[[ 7.97623384e+02  1.69924343e+01  2.65421589e+02]
 [ 6.50103450e+01 -2.58962532e+02  7.44839398e+02]
 [ 2.02416323e-01  1.02682640e-01  1.00000000e+00]]",6,"[[ 1.43107681e-03 -4.94747595e-05 -3.64849827e-01]
 [-3.68512047e-04 -3.18824413e-03  2.43870196e+00]
 [-2.49229861e-04  3.02078129e-04  8.48577082e-01]]","[[ 7.51420850e+02  1.48946030e+01  2.80271851e+02]
 [ 6.44173454e+01 -2.45248472e+02  7.32509278e+02]
 [ 1.97763346e-01  9.16786242e-02  1.00000000e+00]]",6
1297,54.121734741000004,"[[ 1.36966182e-03 -7.73675252e-05 -3.20523995e-01]
 [-3.53103803e-04 -3.04040096e-03  2.36280023e+00]
 [-2.46315598e-04  2.46342771e-04  8.84466292e-01]]","[[ 7.80408385e+02  2.51209584e+00  2.76103267e+02]
 [ 6.43390526e+01 -2.70173413e+02  7.45068542e+02]
 [ 1.99416642e-01  7.59486667e-02  1.00000000e+00]]",4,"[[ 1.46486622e-03 -8.41023219e-05 -3.62618598e-01]
 [-3.66424812e-04 -3.29448508e-03  2.50714234e+00]
 [-2.53105806e-04  2.42500049e-04  8.96505620e-01]]","[[ 7.33303546e+02  2.58129449e+00  2.89387847e+02]
 [ 6.30189760e+01 -2.51499065e+02  7.28825109e+02]
 [ 1.89983506e-01  6.87579360e-02  1.00000000e+00]]",6
1298,54.157975741,"[[ 1.34752333e-03 -3.61593239e-05 -3.38047150e-01]
 [-3.34215982e-04 -2.98027487e-03  2.31172651e+00]
 [-2.29335253e-04  3.15522428e-04  8.26959962e-01]]","[[ 7.92927046e+02  1.90560369e+01  2.70864846e+02]
 [ 6.30020921e+01 -2.57398814e+02  7.45300096e+02]
 [ 1.95859000e-01  1.03493910e-01  1.00000000e+00]]",5,"[[ 1.42780465e-03 -4.74543645e-05 -3.72385133e-01]
 [-3.80926500e-04 -3.20779471e-03  2.46208705e+00]
 [-2.64570935e-04  2.85027387e-04  8.66339099e-01]]","[[ 7.56995071e+02  1.41421994e+01  2.85193620e+02]
 [ 6.98939784e+01 -2.47585024e+02  7.33665791e+02]
 [ 2.08183142e-01  8.57748746e-02  1.00000000e+00]]",6
1299,54.198400741,"[[ 1.36460980e-03 -6.34623482e-05 -3.30123000e-01]
 [-3.43205808e-04 -3.02760530e-03  2.34760660e+00]
 [-2.43325038e-04  2.63733707e-04  8.71052098e-01]]","[[ 7.84041661e+02  7.65311922e+00  2.76520397e+02]
 [ 6.55581359e+01 -2.66853885e+02  7.44054450e+02]
 [ 1.99169576e-01  8.29348322e-02  1.00000000e+00]]",3,"[[ 1.43879781e-03 -6.07715171e-05 -3.70359476e-01]
 [-4.06936208e-04 -3.20475046e-03  2.46896257e+00]
 [-2.68897040e-04  2.73100527e-04  8.77153200e-01]]","[[ 7.51842983e+02  1.03197469e+01  2.88402419e+02]
 [ 6.62144087e+01 -2.50761051e+02  7.33786050e+02]
 [ 2.09866604e-01  8.12377182e-02  1.00000000e+00]]",6
1300,54.229319741000005,"[[ 1.34105743e-03 -3.68718575e-05 -3.33360036e-01]
 [-3.37627342e-04 -2.97366199e-03  2.30306242e+00]
 [-2.35464880e-04  3.08491492e-04  8.33848675e-01]]","[[ 7.97454921e+02  1.80219427e+01  2.69034357e+02]
 [ 6.51851546e+01 -2.59916571e+02  7.43940995e+02]
 [ 2.01071929e-01  1.01248090e-01  1.00000000e+00]]",5,"[[ 1.45368644e-03 -5.80709591e-05 -3.73842318e-01]
 [-3.42004983e-04 -3.25650132e-03  2.46363129e+00]
 [-2.38224833e-04  2.84286228e-04  8.61651693e-01]]","[[ 7.37589287e+02  1.18308243e+01  2.86189074e+02]
 [ 6.14686040e+01 -2.44754665e+02  7.26470827e+02]
 [ 1.83644283e-01  8.40232513e-02  1.00000000e+00]]",6
1301,54.270425741000004,"[[ 1.33902706e-03 -3.83157516e-05 -3.29219508e-01]
 [-3.40278348e-04 -2.97156363e-03  2.30062354e+00]
 [-2.34850523e-04  3.08698989e-04  8.33183313e-01]]","[[ 7.98102147e+02  1.74611595e+01  2.67143182e+02]
 [ 6.43250728e+01 -2.60101871e+02  7.43622139e+02]
 [ 2.01129354e-01  1.01290972e-01  1.00000000e+00]]",6,"[[ 1.42750201e-03 -4.61079147e-05 -3.68446838e-01]
 [-3.67196840e-04 -3.18477717e-03  2.43311870e+00]
 [-2.51126973e-04  2.98339562e-04  8.52515188e-01]]","[[ 7.54067666e+02  1.54747699e+01  2.81733274e+02]
 [ 6.53007595e+01 -2.46414491e+02  7.31500826e+02]
 [ 1.99274960e-01  9.07917238e-02  1.00000000e+00]]",6
1302,54.308402741,"[[ 1.34022723e-03 -4.02997555e-05 -3.28172425e-01]
 [-3.41605362e-04 -2.97119759e-03  2.30094589e+00]
 [-2.33398243e-04  3.08625502e-04  8.32847232e-01]]","[[ 7.96998644e+02  1.69473074e+01  2.67225647e+02]
 [ 6.31985354e+01 -2.60172573e+02  7.43693448e+02]
 [ 1.99932709e-01  1.01160645e-01  1.00000000e+00]]",6,"[[ 1.42893321e-03 -4.81151718e-05 -3.67482394e-01]
 [-3.68556691e-04 -3.18441277e-03  2.43345399e+00]
 [-2.49391101e-04  2.98474684e-04  8.51927368e-01]]","[[ 7.52884833e+02  1.50378422e+01  2.81805742e+02]
 [ 6.41189290e+01 -2.46429303e+02  7.31561128e+02]
 [ 1.97933423e-01  9.07392050e-02  1.00000000e+00]]",6
1303,54.350134741000005,"[[ 1.34263878e-03 -4.44194765e-05 -3.29245225e-01]
 [-3.43002647e-04 -2.97320405e-03  2.30573393e+00]
 [-2.33880461e-04  3.06046510e-04  8.35299461e-01]]","[[ 7.95866796e+02  1.58866998e+01  2.69849138e+02]
 [ 6.30759045e+01 -2.60657798e+02  7.44373723e+02]
 [ 1.99729008e-01  9.99509778e-02  1.00000000e+00]]",5,"[[ 1.45583433e-03 -6.62824623e-05 -3.69594833e-01]
 [-3.47777859e-04 -3.25663802e-03  2.46687901e+00]
 [-2.36254002e-04  2.81551596e-04  8.63151319e-01]]","[[ 7.35809172e+02  9.83343413e+00  2.86964024e+02]
 [ 5.93229685e+01 -2.45433170e+02  7.26847523e+02]
 [ 1.82048479e-01  8.27494407e-02  1.00000000e+00]]",6
1304,54.396623741000006,"[[ 1.34451879e-03 -3.95906592e-05 -3.35505419e-01]
 [-3.35883871e-04 -2.97682635e-03  2.30577964e+00]
 [-2.30717648e-04  3.11977201e-04  8.30531364e-01]]","[[ 7.94805601e+02  1.78770361e+01  2.71441983e+02]
 [ 6.30082340e+01 -2.58798920e+02  7.43948889e+02]
 [ 1.97125061e-01  1.02180260e-01  1.00000000e+00]]",5,"[[ 1.44037305e-03 -4.88887681e-05 -3.76198142e-01]
 [-3.71270230e-04 -3.18253028e-03  2.43802593e+00]
 [-2.39987591e-04  2.96239884e-04  8.51594961e-01]]","[[ 7.45834785e+02  1.51692106e+01  2.86049991e+02]
 [ 5.84340481e+01 -2.46911486e+02  7.32695019e+02]
 [ 1.89856217e-01  9.01666352e-02  1.00000000e+00]]",6
1305,54.439877741000004,"[[ 1.34472109e-03 -3.60086977e-05 -3.38645216e-01]
 [-3.31857855e-04 -2.98131506e-03  2.30396809e+00]
 [-2.30565064e-04  3.10014464e-04  8.32445035e-01]]","[[ 7.94840756e+02  1.86545377e+01  2.71717111e+02]
 [ 6.34075976e+01 -2.58972893e+02  7.42557090e+02]
 [ 1.96535783e-01  1.01612027e-01  1.00000000e+00]]",6,"[[ 1.42859357e-03 -4.35809770e-05 -3.76368713e-01]
 [-3.60407853e-04 -3.18978850e-03  2.43402765e+00]
 [-2.51924601e-04  2.98931378e-04  8.53532947e-01]]","[[ 7.54534187e+02  1.64699115e+01  2.85747424e+02]
 [ 6.68263671e+01 -2.45928061e+02  7.30782631e+02]
 [ 1.99300129e-01  9.09921409e-02  1.00000000e+00]]",6
1306,54.477903741000006,"[[ 1.36268944e-03 -6.02761489e-05 -3.31065840e-01]
 [-3.38148510e-04 -3.02460143e-03  2.33364504e+00]
 [-2.38557176e-04  2.62575691e-04  8.71276203e-01]]","[[ 7.84172271e+02  8.30827566e+00  2.75715192e+02]
 [ 6.32758626e+01 -2.67577865e+02  7.40729783e+02]
 [ 1.95638557e-01  8.29145123e-02  1.00000000e+00]]",4,"[[ 1.45343471e-03 -6.52736817e-05 -3.72647996e-01]
 [-3.53358913e-04 -3.27284297e-03  2.47448561e+00]
 [-2.50089823e-04  2.60878369e-04  8.83159449e-01]]","[[ 7.39756227e+02  8.27810114e+00  2.88945143e+02]
 [ 6.41790769e+01 -2.49045378e+02  7.24869568e+02]
 [ 1.90523434e-01  7.59102117e-02  1.00000000e+00]]",6
1307,54.517184741,"[[ 1.33903952e-03 -3.82535581e-05 -3.32592215e-01]
 [-3.34444396e-04 -2.97031934e-03  2.29280001e+00]
 [-2.35750930e-04  3.05765034e-04  8.36809809e-01]]","[[ 7.98625496e+02  1.74639527e+01  2.69565759e+02]
 [ 6.53264073e+01 -2.61170032e+02  7.41551665e+02]
 [ 2.01123565e-01  1.00349931e-01  1.00000000e+00]]",5,"[[ 1.45108005e-03 -5.93540466e-05 -3.73109130e-01]
 [-3.38621868e-04 -3.25153764e-03  2.45178737e+00]
 [-2.39260280e-04  2.82498101e-04  8.64028394e-01]]","[[ 7.39087135e+02  1.14215187e+01  2.86746389e+02]
 [ 6.20547331e+01 -2.45762055e+02  7.24176999e+02]
 [ 1.84373397e-01  8.35158080e-02  1.00000000e+00]]",6
1308,54.556710741,"[[ 1.33958615e-03 -3.95033715e-05 -3.31957899e-01]
 [-3.34663383e-04 -2.97098572e-03  2.29353955e+00]
 [-2.35434892e-04  3.05096361e-04  8.37230965e-01]]","[[ 7.98162456e+02  1.70808399e+01  2.69675584e+02]
 [ 6.50592098e+01 -2.61297110e+02  7.41602018e+02]
 [ 2.00740262e-01  1.00022845e-01  1.00000000e+00]]",5,"[[ 1.45181061e-03 -6.07591164e-05 -3.72461556e-01]
 [-3.38825207e-04 -3.25244232e-03  2.45267914e+00]
 [-2.38808072e-04  2.81718017e-04  8.64478321e-01]]","[[ 7.38559250e+02  1.10498691e+01  2.86858719e+02]
 [ 6.17420098e+01 -2.45884617e+02  7.24220122e+02]
 [ 1.83902904e-01  8.31818715e-02  1.00000000e+00]]",6
1309,54.598991741000006,"[[ 1.34091618e-03 -3.94527932e-05 -3.32981017e-01]
 [-3.34239102e-04 -2.97232397e-03  2.29504941e+00]
 [-2.35588627e-04  3.04626794e-04  8.37683330e-01]]","[[ 7.97484409e+02  1.71015260e+01  2.70147816e+02]
 [ 6.51944211e+01 -2.61280966e+02  7.41761485e+02]
 [ 2.00574947e-01  9.98254412e-02  1.00000000e+00]]",5,"[[ 1.45288144e-03 -6.07128751e-05 -3.73388075e-01]
 [-3.38495876e-04 -3.25351037e-03  2.45409926e+00]
 [-2.39254339e-04  2.81039906e-04  8.65143764e-01]]","[[ 7.38165836e+02  1.10397912e+01  2.87269686e+02]
 [ 6.19916412e+01 -2.45942642e+02  7.24405147e+02]
 [ 1.84000927e-01  8.29469252e-02  1.00000000e+00]]",6
1310,54.633185741000005,"[[ 1.34143550e-03 -3.88541799e-05 -3.33173517e-01]
 [-3.34230109e-04 -2.97208851e-03  2.29702281e+00]
 [-2.36083117e-04  3.03882106e-04  8.38076381e-01]]","[[ 7.97244974e+02  1.71713134e+01  2.69877565e+02]
 [ 6.55469236e+01 -2.61401912e+02  7.42515439e+02]
 [ 2.00814085e-01  9.96200615e-02  1.00000000e+00]]",5,"[[ 1.45361722e-03 -6.00746997e-05 -3.73628267e-01]
 [-3.38379828e-04 -3.25357089e-03  2.45634435e+00]
 [-2.39444246e-04  2.80096195e-04  8.65617419e-01]]","[[ 7.37795060e+02  1.10847676e+01  2.87001021e+02]
 [ 6.21608522e+01 -2.46077617e+02  7.25119898e+02]
 [ 1.83972457e-01  8.26919449e-02  1.00000000e+00]]",6
1311,54.67365774100001,"[[ 1.34084403e-03 -3.84806631e-05 -3.32434437e-01]
 [-3.34594160e-04 -2.97026301e-03  2.29979112e+00]
 [-2.36641800e-04  3.06079656e-04  8.36018445e-01]]","[[ 7.97668915e+02  1.74146583e+01  2.69279394e+02]
 [ 6.61988523e+01 -2.60866818e+02  7.43938094e+02]
 [ 2.01550202e-01  1.00436853e-01  1.00000000e+00]]",5,"[[ 1.45367218e-03 -5.99167101e-05 -3.72887450e-01]
 [-3.38766391e-04 -3.25311724e-03  2.46030517e+00]
 [-2.39424054e-04  2.81478154e-04  8.64101770e-01]]","[[ 7.37703077e+02  1.11986906e+01  2.86457026e+02]
 [ 6.23944286e+01 -2.45689128e+02  7.26461110e+02]
 [ 1.84076921e-01  8.31352978e-02  1.00000000e+00]]",6
1312,54.710900741,"[[ 1.35883352e-03 -5.87027960e-05 -3.28073925e-01]
 [-3.40022716e-04 -3.00881000e-03  2.33671933e+00]
 [-2.40534773e-04  2.72097669e-04  8.62919649e-01]]","[[ 7.86717907e+02  9.39831860e+00  2.73652824e+02]
 [ 6.53899010e+01 -2.66196669e+02  7.45700512e+02]
 [ 1.98675014e-01  8.65574399e-02  1.00000000e+00]]",4,"[[ 1.45405372e-03 -6.66322019e-05 -3.69433850e-01]
 [-3.54227204e-04 -3.26502142e-03  2.48329331e+00]
 [-2.49505718e-04  2.64975488e-04  8.78462953e-01]]","[[ 7.39074387e+02  8.24900614e+00  2.87495783e+02]
 [ 6.46431943e+01 -2.48402177e+02  7.29384028e+02]
 [ 1.90417164e-01  7.72698064e-02  1.00000000e+00]]",6
1313,54.758396741000006,"[[ 1.36455392e-03 -6.13672238e-05 -3.30373861e-01]
 [-3.40611025e-04 -3.01757023e-03  2.35181410e+00]
 [-2.40152140e-04  2.68898450e-04  8.65022409e-01]]","[[ 7.83528806e+02  8.63903660e+00  2.75761676e+02]
 [ 6.52783452e+01 -2.66043055e+02  7.48246590e+02]
 [ 1.97235207e-01  8.50998166e-02  1.00000000e+00]]",4,"[[ 1.45951460e-03 -7.06480882e-05 -3.70830362e-01]
 [-3.55690209e-04 -3.27490026e-03  2.50007701e+00]
 [-2.50383107e-04  2.58644779e-04  8.83169991e-01]]","[[ 7.36525262e+02  6.97602667e+00  2.89508621e+02]
 [ 6.49009445e+01 -2.48944086e+02  7.31961721e+02]
 [ 1.89801731e-01  7.48833950e-02  1.00000000e+00]]",6
1314,54.797521741000004,"[[ 1.35039043e-03 -3.25488777e-05 -3.44541921e-01]
 [-3.24579960e-04 -2.97879495e-03  2.31921571e+00]
 [-2.28291932e-04  3.20839250e-04  8.22120579e-01]]","[[ 7.91704479e+02  2.07739581e+01  2.73191181e+02]
 [ 6.51147529e+01 -2.55765389e+02  7.48807273e+02]
 [ 1.94434224e-01  1.05583177e-01  1.00000000e+00]]",5,"[[ 1.42984110e-03 -4.52711542e-05 -3.77598815e-01]
 [-3.71309829e-04 -3.20785426e-03  2.47112063e+00]
 [-2.65271393e-04  2.86959839e-04  8.64736454e-01]]","[[ 7.56606291e+02  1.50336926e+01  2.87421178e+02]
 [ 7.26469379e+01 -2.46825630e+02  7.37065380e+02]
 [ 2.07993141e-01  8.65200619e-02  1.00000000e+00]]",6
1315,54.830676741000005,"[[ 1.35276237e-03 -2.92749592e-05 -3.50856766e-01]
 [-3.20554709e-04 -2.98796531e-03  2.32345800e+00]
 [-2.29106217e-04  3.18286007e-04  8.25038718e-01]]","[[ 7.91014994e+02  2.16024123e+01  2.75551511e+02]
 [ 6.61127519e+01 -2.55640050e+02  7.48043713e+02]
 [ 1.94152935e-01  1.04620421e-01  1.00000000e+00]]",6,"[[ 1.43528786e-03 -3.94234792e-05 -3.86382773e-01]
 [-3.50633056e-04 -3.20072737e-03  2.45764509e+00]
 [-2.54036066e-04  3.00336017e-04  8.52436050e-01]]","[[ 7.52320744e+02  1.78911579e+01  2.89421897e+02]
 [ 7.06278608e+01 -2.44224751e+02  7.36133989e+02]
 [ 1.99316431e-01  9.13786888e-02  1.00000000e+00]]",6
1316,54.869767741000004,"[[ 1.35114452e-03 -2.50457121e-05 -3.51996111e-01]
 [-3.19660288e-04 -2.98556419e-03  2.32029217e+00]
 [-2.30516386e-04  3.18971637e-04  8.24723978e-01]]","[[ 7.92287334e+02  2.26676036e+01  2.74378584e+02]
 [ 6.71049569e+01 -2.55615308e+02  7.47793077e+02]
 [ 1.95496481e-01  1.05197969e-01  1.00000000e+00]]",6,"[[ 1.43413361e-03 -3.50326570e-05 -3.87778267e-01]
 [-3.49203694e-04 -3.19862036e-03  2.45438997e+00]
 [-2.54797965e-04  3.01392125e-04  8.51697234e-01]]","[[ 7.53126014e+02  1.89230199e+01  2.88367063e+02]
 [ 7.13031841e+01 -2.44080180e+02  7.35845725e+02]
 [ 2.00076683e-01  9.20343378e-02  1.00000000e+00]]",6
1317,54.91242574100001,"[[ 1.46008540e-03  1.31484032e-06 -4.01020111e-01]
 [-3.32321261e-04 -3.01766934e-03  2.34793620e+00]
 [-1.00233141e-03 -7.93521988e-04  1.86808807e+00]]","[[ 8.56663718e+02 -7.16725866e+01  2.73981750e+02]
 [ 3.93271684e+02 -5.27874425e+02  7.47890503e+02]
 [ 6.26699937e-01 -2.62685499e-01  1.00000000e+00]]",1,"[[ 1.55363349e-03 -1.23802678e-05 -4.38928946e-01]
 [-4.63412010e-04 -3.15431403e-03  2.46255459e+00]
 [-1.10184252e-03 -8.57446810e-04  1.95084623e+00]]","[[ 8.23839138e+02 -8.16304095e+01  2.88401093e+02]
 [ 3.68764732e+02 -5.19174385e+02  7.38324097e+02]
 [ 6.27387806e-01 -2.74295467e-01  1.00000000e+00]]",6
